customer_id,full_name,email,phone,date_of_birth
C000001,Daniel Floyd,steven73@example.net,2148951343,1950-09-28
C000002,John Atkinson,gibsonolivia@example.net,6763201632,1953-11-09
C000003,Ryan Bryant,jcontreras@example.net,7986872774,1988-08-23
C000004,Denise Jones,jimmy55@example.net,2236231665,1983-09-09
C000005,Jason Stein,gateskathy@example.com,0546688937,1954-12-13
C000006,George Shelton,dramsey@example.org,6990162720,1983-10-05
C000007,George Hobbs,karen64@example.org,0805310033,1965-02-11
C000008,Michael Elliott,stevenscott@example.com,9912419049,1966-12-12
C000009,Sandra Sanchez,melissa91@example.net,5865185067,1955-11-19
C000010,Julia Hernandez,jessicasheppard@example.com,7694531473,1993-12-18
C000011,Allen Rosales,tonykelly@example.com,4948083136,1996-03-07
C000012,Michael West,davisjeffrey@example.net,4957885685,1997-09-16
C000013,Bryan Lee,newtonstephanie@example.net,3374989413,1971-07-31
C000014,Michael Martinez,mccannangela@example.net,7109477752,1962-12-04
C000015,Jennifer Jones,hernandezlisa@example.com,3186999386,1958-06-23
C000016,Elizabeth Oliver DDS,mezajared@example.org,1232812067,1990-10-05
C000017,Michael Warner,ojones@example.com,6183242102,1952-12-07
C000018,John Torres,gbender@example.net,7190659401,1970-05-09
C000019,Miss Debra Williams PhD,cstone@example.com,9671756551,1952-02-15
C000020,Matthew Morales DDS,gibsonleonard@example.com,6808760385,1997-12-01
C000021,Derek Anderson,samuel71@example.org,2480861317,2002-06-06
C000022,Michael Perry,pbaird@example.com,6398214658,1999-06-24
C000023,Kevin Duarte,cgrimes@example.net,5588675339,2000-02-14
C000024,John Mcintyre,qhughes@example.net,7028951718,1953-09-06
C000025,Tracy Jones,matthew61@example.com,5780913431,1978-08-12
C000026,Elijah Johnson,laura45@example.com,2386922219,1980-11-26
C000027,Briana Murray,steve07@example.com,1759464743,1984-07-30
C000028,Ian Phillips,andrew64@example.org,9743953394,1966-11-08
C000029,Amanda Diaz,christopherphillips@example.net,2328588424,1971-09-26
C000030,Victor Taylor,michelleramsey@example.com,1604817549,2005-06-10
C000031,Alexander Henson,rose31@example.net,4612004711,1996-08-20
C000032,Michael Paul,umatthews@example.org,1796405377,1977-02-27
C000033,Steven Newman,sandersjames@example.org,1390053293,1997-05-16
C000034,Sergio Murphy,kristinacarlson@example.com,2842102053,1990-08-13
C000035,Cameron Fisher,reesethomas@example.com,7839084700,1962-07-27
C000036,Micheal Wallace,morriseddie@example.org,9985698478,1997-05-27
C000037,Sarah Curtis,russellbeasley@example.com,7661565452,2004-09-06
C000038,Brent Rodgers,angelawillis@example.net,1656049451,1956-07-09
C000039,Courtney Rodriguez,danny49@example.org,8998094024,1961-03-29
C000040,Charles Sandoval,thomascynthia@example.org,8366752545,1951-02-16
C000041,Paul Williams,nelsonebony@example.com,6438156149,1954-04-17
C000042,William Brown,kevinclark@example.org,4510762268,1953-10-20
C000043,Andrea Hensley,grahamsteve@example.org,9696641605,1996-03-04
C000044,Anita Richard,ryanmorales@example.org,4535218188,1997-08-22
C000045,Maria Hernandez,thomasjames@example.net,1277997995,2000-03-18
C000046,Mark Hogan,bellcharles@example.com,0054119986,1955-05-12
C000047,Amanda Stout,marcalvarez@example.org,7151820377,2004-08-05
C000048,Thomas Hughes,erika05@example.org,1864492519,1961-07-07
C000049,Jenna Larson,collinsnicholas@example.com,8168505423,1995-05-11
C000050,Mrs. Elizabeth French DDS,stanleynancy@example.net,9622292706,1966-02-16
C000051,Paul Cole,kylestokes@example.com,5977468862,1992-04-06
C000052,John Watson,dawsonzachary@example.org,1247826137,1967-09-22
C000053,James Hughes,brooksanthony@example.org,2204727790,1954-05-03
C000054,Kimberly Acosta,srodriguez@example.org,1036971179,1965-05-22
C000055,Charles Patterson,john62@example.net,8518888806,1989-11-04
C000056,Alan Kramer,john19@example.net,2058527722,1976-02-12
C000057,Rick Blackwell,sarah86@example.net,4034505415,1970-09-06
C000058,Cody Holt,sandra84@example.org,1692845115,1977-01-09
C000059,Carol Wallace,wwilliams@example.net,4016582029,1991-09-21
C000060,Matthew Cox,jacobserika@example.com,7192856543,1955-04-16
C000061,Susan Wilson,jane39@example.com,3121727155,1984-09-02
C000062,Sarah Joseph,laurahicks@example.org,2370589578,1970-06-21
C000063,Zachary Higgins,khammond@example.org,5177852892,1955-03-10
C000064,Kelly Torres,marcusfletcher@example.com,1438424981,1954-06-26
C000065,Matthew Le,megan90@example.org,0943969078,1990-03-24
C000066,Melinda Evans,barkereric@example.com,7359255562,1967-05-18
C000067,John Adams,donaldwilliams@example.com,3259532787,1957-12-09
C000068,James Bryant,jasongomez@example.org,7974801624,1952-04-16
C000069,Kelly Lee,charles87@example.net,9912165585,1953-10-16
C000070,Andrew Williams,linda87@example.org,5952694958,1985-05-11
C000071,Karen Smith,emily69@example.com,9749930972,1998-12-10
C000072,Dana Armstrong,leescott@example.com,6368970283,1960-10-07
C000073,Tyler Stevens,amy49@example.com,3484344375,1986-06-21
C000074,Donna Berry,zhuang@example.com,4041574733,2004-11-02
C000075,Brian Yang,johnsantiago@example.net,3016571208,1998-02-01
C000076,Nicole Mitchell,debbie19@example.org,2620672400,1983-03-16
C000077,Frances Gibson,ismall@example.net,4315274205,1958-01-05
C000078,Margaret Sullivan,frobertson@example.com,2275304637,1962-08-27
C000079,Alexandra Valdez,bryanwilson@example.com,6841459332,1990-05-08
C000080,Jacqueline Miles DVM,kathleenbecker@example.net,8785191088,2001-08-06
C000081,Scott Ramos,jenniferburns@example.net,0728679087,1960-11-28
C000082,Nichole Lane,hendersonisabella@example.net,1704622656,1968-01-11
C000083,Mary Ryan,david86@example.net,3004786863,1956-03-04
C000084,Timothy Hardy,johnsondonna@example.net,3311907903,1961-04-08
C000085,Nicole Parsons,williamroberts@example.net,9953428364,1966-08-29
C000086,Susan Garrett,dpeters@example.com,8566246287,1990-12-22
C000087,Joel Brown,jfaulkner@example.net,6343517518,1998-11-11
C000088,Lindsey Russo,lindamatthews@example.net,7354033173,1976-05-18
C000089,Patricia James,kyle58@example.com,1753556093,1966-12-31
C000090,Lauren Butler,jameshall@example.net,7854777252,1988-05-13
C000091,Kimberly May,warrenmary@example.org,0623120387,1963-03-28
C000092,Lisa Webb,ismith@example.net,0084840862,1994-02-09
C000093,Manuel King,joseph61@example.com,7933410166,1960-11-04
C000094,Michele Miller,vnewman@example.net,8033974014,1954-07-13
C000095,Emily Ali,karenmarquez@example.com,4293968562,1962-12-01
C000096,David Jones,unovak@example.org,7735866296,1954-05-14
C000097,Benjamin Adams,odawson@example.org,5511047541,2005-01-07
C000098,Justin Russell,davisangela@example.net,6046618398,1980-01-16
C000099,Derrick Thomas,ryanfisher@example.com,5437993712,1960-02-28
C000100,Jamie Atkins,pcook@example.net,4593752654,1973-04-27
C000101,Robert Long,frederickjames@example.net,8073741672,1972-11-20
C000102,Jay Bennett,eewing@example.net,8868058911,1995-07-15
C000103,Kristine Newman,vrasmussen@example.com,0143888993,1994-09-28
C000104,Leah Mason,whitney71@example.com,1125457387,1982-03-23
C000105,Jodi Jones,patrickdarin@example.com,2382825867,1980-07-12
C000106,Jessica Johnson,shannonjordan@example.org,3419182553,1963-05-25
C000107,Kelsey Fowler,lcarr@example.org,5792499125,1996-05-09
C000108,Michael Dixon,kcarlson@example.com,2782827422,1958-09-02
C000109,Tiffany Washington,lisamaynard@example.net,6767721903,1954-05-12
C000110,Carol Ellis,hdunn@example.net,4858078361,1966-01-05
C000111,Scott Miller,rowejoel@example.net,9629233095,1981-04-26
C000112,William Carter,stephanie81@example.org,0422325367,1987-05-18
C000113,Jesse Schultz,powellkara@example.net,7759017518,1993-06-08
C000114,Frank Campbell MD,ashleewashington@example.com,0170127706,1965-02-16
C000115,Sherri Davis,john52@example.org,4361103712,1961-07-13
C000116,Adam Cooper,mcneilrobert@example.org,1361115542,1996-12-26
C000117,Alejandra Santos,nbell@example.net,6973112196,1955-05-15
C000118,Donald Miller,kimberly04@example.org,6403761379,2004-07-18
C000119,Bonnie Valencia,rdiaz@example.org,1091043006,1975-04-15
C000120,Michael Miller,joshuacollins@example.net,2856914630,2002-11-30
C000121,Lee Parker,davidzimmerman@example.net,2758842524,1958-08-09
C000122,Joseph Baker,crawfordwilliam@example.org,9252419138,2005-08-20
C000123,Jack Mora,sarahmathews@example.net,3536541951,1967-05-10
C000124,Vicki Finley,wileymichelle@example.com,1870534949,1965-11-25
C000125,Yolanda Parsons,edwardrandolph@example.org,8505064138,1990-12-23
C000126,Brenda Ramirez,morsephyllis@example.net,5719182619,1954-10-15
C000127,Cynthia Green,sara65@example.com,4313291212,1995-10-17
C000128,Hunter Townsend,qparker@example.org,2490352135,1978-05-17
C000129,Robert Thompson,jbond@example.net,1712100323,1996-10-17
C000130,Sylvia Jones,gonzalezdebbie@example.org,5107029667,1990-05-04
C000131,Terry Hill,cstephenson@example.net,4768701462,1962-06-22
C000132,Rebekah Norton,wcasey@example.com,5985642059,1967-09-01
C000133,Kaitlyn Howard,terrigarcia@example.net,4803965223,1954-09-13
C000134,Michael Meza,annalopez@example.com,2701039308,1990-12-20
C000135,Carlos Love,brian29@example.net,1851569154,1992-07-03
C000136,Rebecca Yu,grant89@example.com,9264422096,2000-07-19
C000137,Robert Carr,zunigadonald@example.net,3552157043,1991-09-15
C000138,Michelle Williams,koconnor@example.com,6586179327,1968-03-06
C000139,Trevor Jones,pamelamartin@example.org,5997062962,1952-01-30
C000140,Jennifer Spencer,donna43@example.org,6987205061,1964-09-12
C000141,Daniel Little,wellsdarrell@example.com,7418625652,1964-04-19
C000142,Darrell Adams,hernandezheather@example.org,5869380686,1980-08-20
C000143,Blake Orr,shawrachel@example.net,1722332061,1966-09-30
C000144,Thomas Sloan,millerangela@example.net,4870998616,1991-03-16
C000145,Traci Garcia,hartcraig@example.com,6467997024,1990-09-21
C000146,Jennifer Foster,hannah07@example.com,0544471324,1992-02-18
C000147,Matthew Lopez,robinrussell@example.com,0821486289,2000-04-22
C000148,Danielle Bryant,janet45@example.com,1035797279,1964-05-16
C000149,Deanna Rivas,mitchellpaul@example.org,3334680072,1961-11-03
C000150,Robert Torres,rodney65@example.com,3748969108,1965-12-09
C000151,Michael Olson,vanessa54@example.com,3283096520,1992-02-28
C000152,Norman Aguilar,matthewreeves@example.net,5842824172,1979-03-13
C000153,Martha Walker,julieparker@example.com,4947170999,1996-12-19
C000154,Michael Moreno,jbrown@example.org,5697252175,1984-10-08
C000155,Daniel Ayala,tracygallagher@example.org,9666676008,1951-01-13
C000156,Kiara Smith,simsjohn@example.net,4216894210,1972-08-21
C000157,Kelly Hamilton,matthewvalenzuela@example.com,2603323098,2000-03-29
C000158,Amanda Mcdowell,kelsey90@example.net,1001676184,1999-02-07
C000159,Alexandra Fisher,batesjoseph@example.net,6189141173,1998-01-08
C000160,Heather Ortiz,benjamincrawford@example.org,5300119721,1986-04-24
C000161,Joyce Madden,steven12@example.org,5561100225,1968-02-16
C000162,Anna Briggs,danielross@example.com,6762120216,1968-12-20
C000163,Logan Maxwell,huffmannichole@example.net,7716701450,1996-11-16
C000164,Mckenzie Morgan,reynoldsjessica@example.com,6289002877,1965-12-15
C000165,Wayne Williams,andreagray@example.org,7797177517,1972-07-13
C000166,Joshua Petersen,pamela83@example.net,5503758997,1978-10-09
C000167,Courtney Peterson,amy51@example.org,7261493316,1957-05-05
C000168,Peter Williams,bartonshannon@example.net,7080869782,1999-06-28
C000169,Kyle Andrade,mbarnes@example.net,4654722698,1957-10-04
C000170,Kristen Robinson,claudiaroberts@example.com,2885158799,1999-02-26
C000171,Kelly Johnson,brianbrown@example.com,4420438057,1979-06-16
C000172,Kristina Young,heather06@example.com,5800439735,1965-12-23
C000173,Tracey Phillips,tonyajones@example.org,6064842294,1964-01-31
C000174,Amanda Mcfarland,ayalacolleen@example.net,7985158328,1999-01-03
C000175,Jennifer Bailey,elizabethrivera@example.com,9878015739,1979-01-07
C000176,Jane Hogan,cruzamber@example.com,8588770435,1997-02-27
C000177,Patricia Ferguson,clarkcrystal@example.org,1386120750,1962-02-07
C000178,Kristin Andrews,rhondarussell@example.com,6506180919,1962-10-29
C000179,Richard Turner,campbellsara@example.com,0728326842,1984-12-06
C000180,Brenda Williams,fmedina@example.com,5368222394,1988-05-18
C000181,Sarah York,enewman@example.com,4139755231,1996-05-16
C000182,Jerry Jensen,heather29@example.net,5620533645,1963-11-18
C000183,Raymond Tucker,thompsoncatherine@example.com,8341108099,1982-03-18
C000184,Kimberly Lutz,jvaldez@example.com,3942788165,1953-03-17
C000185,Miss Nicole Taylor,haroldfry@example.net,7503731453,2005-08-06
C000186,John Gibson,williamsdeborah@example.org,4989266591,2004-07-27
C000187,Heather Parrish,msparks@example.org,7231843222,1965-11-18
C000188,Robert Cortez,eleonard@example.org,6030299228,1995-09-13
C000189,Thomas Black,kgreene@example.net,4137977236,1954-07-08
C000190,Matthew Baker,sandra99@example.org,6621038862,2002-12-10
C000191,Linda Rich,davisdonna@example.net,6865086376,1983-02-04
C000192,David Cannon,campbellnancy@example.com,3009818063,1957-05-12
C000193,Matthew King,ncunningham@example.com,3688725887,1957-12-19
C000194,Jennifer Taylor,adkinssean@example.net,1386589026,1974-02-23
C000195,Jessica Brown,nathanlynch@example.net,6984902770,1982-10-23
C000196,Kyle Black,christinacraig@example.com,0214656693,1963-12-19
C000197,Molly Hansen,michael43@example.net,7690426818,1956-11-06
C000198,Regina Frye,heather69@example.com,5779071416,1973-11-05
C000199,Kelli Smith,john16@example.net,1827553942,1978-10-11
C000200,Shelley Clark,maryhuff@example.com,1117908075,1966-09-11
C000201,Katherine Joyce,raymond92@example.org,7808562718,1989-10-22
C000202,Jamie Garcia,chloe42@example.net,3479552763,1951-07-08
C000203,Christopher Anderson,lisale@example.org,6322702672,1977-12-21
C000204,Mr. Scott Williams,vaughnbrian@example.com,1754558845,2004-02-26
C000205,Tracey Gonzalez,tiffanymitchell@example.com,7169472256,1974-08-09
C000206,Greg Edwards,jennifer96@example.com,5987622023,1955-07-27
C000207,Brendan Zuniga,bkelley@example.com,1492164334,1962-01-26
C000208,Alyssa Alvarado,michelle78@example.com,2829979688,1986-07-23
C000209,Brandon Parker,tgreen@example.org,8254780774,1987-06-09
C000210,Adam Brooks,bkhan@example.com,2663416389,1991-05-04
C000211,Scott White,daniel79@example.com,9735020802,1969-01-02
C000212,Monica Hall,alexisrobinson@example.com,7570512046,1959-03-22
C000213,Ryan Roth,martinezkayla@example.org,7303718376,1963-01-26
C000214,Natasha Dunn,kingdanielle@example.org,0313650249,1993-07-11
C000215,Lauren Vazquez,nathandavis@example.org,1950052812,1951-04-27
C000216,Nicole Trujillo,bquinn@example.net,5240778487,1988-09-15
C000217,Nicholas Hill,caseymoore@example.com,8570862095,1987-09-15
C000218,Walter Fuentes,alexandriajimenez@example.net,9456511810,1999-10-11
C000219,Corey Johnson,hbarrett@example.net,0539103717,1964-06-18
C000220,Jennifer Wood,colonjoseph@example.org,4138113863,2001-04-22
C000221,Cassidy Curry,xreese@example.net,7612286852,1989-07-03
C000222,Krista Shea,robert65@example.net,9836845776,1974-09-09
C000223,Chad Zamora,evansjeffrey@example.com,4888992107,1991-04-03
C000224,Kevin Hall,christopher69@example.org,5727919409,1968-09-29
C000225,Shawn Hamilton,kanejeremy@example.net,6048058925,2003-03-04
C000226,Yolanda Maddox,walkerkeith@example.com,2517908641,1954-02-24
C000227,Pamela Castillo,tonypearson@example.org,3146591166,2003-05-16
C000228,Matthew Carrillo,vanessajensen@example.com,7033521103,1972-07-15
C000229,Robert Torres,njohnson@example.net,3884879206,1951-08-25
C000230,Duane Mccormick,brian01@example.com,5104636815,1968-02-05
C000231,Jonathan Ellis,williamssandra@example.com,7620555438,1956-09-13
C000232,Robin Johnson,jeremiah56@example.net,1689363926,1977-01-22
C000233,Christine Taylor,michelleparker@example.net,6292518812,1981-04-12
C000234,William Ali,scott42@example.org,2209949993,2002-10-19
C000235,Bobby Chan,waynejacobs@example.net,2677223306,1997-06-27
C000236,Virginia Todd,thompsonstephanie@example.com,5736609656,1965-11-09
C000237,Sheri Buchanan,hayesmargaret@example.org,8860868034,1987-03-14
C000238,Julia Henderson,vaughnrebecca@example.com,1812982665,2003-05-12
C000239,Michelle Harris,udavis@example.net,1117518689,1981-08-02
C000240,Christopher Rogers,fernandothomas@example.net,6447421230,1976-08-12
C000241,Mr. Robert Franklin MD,briannaalvarez@example.com,1990384983,1981-12-03
C000242,Amanda Nash,mark10@example.org,2249998279,1954-06-17
C000243,Jacob Gray,changmegan@example.org,7214586833,2003-01-04
C000244,Lori Benitez,mramsey@example.net,6954899529,1989-08-05
C000245,Katherine White,jeanettekrause@example.org,0713966055,2000-05-01
C000246,Douglas Tyler,kevin85@example.org,5569902355,1994-04-22
C000247,Christopher Murray,steven60@example.net,9588039551,1994-08-25
C000248,Miss Sarah Duncan,hlopez@example.com,0461735743,1973-10-16
C000249,Andrew Harris,wallaceangel@example.com,3578452182,1958-05-08
C000250,Kelly Smith,mcdanielbrooke@example.org,7018409435,1977-02-01
C000251,Patricia Lambert,edward41@example.org,3858542493,1969-07-16
C000252,Kimberly Williams,ruizemma@example.org,0166299795,1992-06-11
C000253,Rhonda Miller,fbradley@example.net,1747733294,1999-03-24
C000254,Erin Valencia,shawn01@example.com,5772459928,1998-04-28
C000255,Andrea Turner,amorales@example.org,8276153966,1972-11-20
C000256,Matthew Miller,mwilson@example.com,8172461919,1997-12-12
C000257,Ann Montoya,shermandonna@example.com,6997335494,1994-08-09
C000258,William Powell,melissabrown@example.net,0851403696,1990-05-14
C000259,Daniel Thompson,jacobcruz@example.com,2422010276,1976-09-04
C000260,Shannon English,dhanson@example.net,8765326909,1994-06-02
C000261,Joshua Richardson,carrolljanet@example.org,1284781891,1969-01-13
C000262,Rebecca Edwards,bergeramanda@example.org,7879565442,1997-04-06
C000263,Debbie Soto,ashleydouglas@example.com,4712814429,2000-03-07
C000264,Lindsey Kent,donnawood@example.org,3728051292,1951-09-06
C000265,Molly Jackson,brian41@example.org,7674783667,1966-11-27
C000266,Timothy Cole,suzanne01@example.net,6945441496,1980-04-18
C000267,George Vaughn,lawrencesmith@example.org,0618175344,2003-02-22
C000268,Todd Douglas,stephanielittle@example.net,1926921244,1992-11-11
C000269,Melissa Contreras,jonathan14@example.org,6504427173,1969-07-09
C000270,Charles Mack II,gainesjennifer@example.org,1194707200,1994-08-21
C000271,James Smith,zmendoza@example.net,8306719855,1998-05-08
C000272,Maria Diaz DVM,christopher74@example.net,2806346157,1993-09-27
C000273,Alexander Davies,tracybrown@example.net,7870050506,1960-03-27
C000274,Sheila Herrera,sandyjohnson@example.org,0790320204,1981-11-26
C000275,Amy Roth,crawfordlauren@example.org,3656519825,1962-04-30
C000276,Bryan Thomas,xjackson@example.net,7390219620,1962-07-08
C000277,Brandon Pearson,robert72@example.org,4876329092,1951-03-16
C000278,Elizabeth Barnes,jamesdowns@example.org,8837340312,1993-05-23
C000279,Amanda Newman,jason45@example.net,0108220781,1961-08-01
C000280,Jennifer Burgess,jerry15@example.org,3636317970,1991-01-17
C000281,James Taylor,crystalcantrell@example.org,2090421776,1992-03-08
C000282,Rachel Little,belindatran@example.org,6873977406,1970-10-19
C000283,Stephanie Vargas,robinvillanueva@example.com,0780686717,1980-04-06
C000284,Melissa Russell,davidphillips@example.net,0742799077,1988-09-19
C000285,Lori Padilla,daltonchad@example.net,8046498931,2004-06-18
C000286,Megan Barron,reyessteven@example.org,5281832538,1985-09-27
C000287,Patrick Perez,rachael86@example.com,1557788178,1998-07-17
C000288,Michael Steele,lopeznicole@example.org,6241124127,1992-12-19
C000289,Jason Fleming,thomasfisher@example.net,4310385695,1993-05-26
C000290,Sarah Wallace,ashley42@example.com,7540254729,1996-01-09
C000291,Sara Schwartz,evanwilson@example.com,7452380552,1963-02-12
C000292,Barbara Johnson,dmack@example.com,0885474929,1961-10-11
C000293,Andrew Gregory,parkerrichard@example.org,5150939834,2000-07-02
C000294,Megan Rosario,ulee@example.net,5626565045,1987-05-09
C000295,Nicholas Wallace,slara@example.org,6299123478,1988-11-21
C000296,Aaron Fowler,robert87@example.net,3264870494,2002-03-02
C000297,Aaron Baker,qmartinez@example.com,2730147195,1965-12-28
C000298,Lori Alvarez,brooksjessica@example.org,2902572520,1980-05-21
C000299,Heather Roberts,palmerkatie@example.org,9285544518,1994-01-04
C000300,Douglas Maxwell,kpeterson@example.org,2833898881,1951-08-04
C000301,Tammy Mendoza,hannah27@example.net,2401322342,1958-08-24
C000302,Rachel Jones,ctodd@example.org,0890714014,1979-08-15
C000303,Steven Lopez,anthony24@example.net,5289389119,1991-08-31
C000304,Douglas Winters,beltrancorey@example.org,5927125663,1999-06-04
C000305,Emily Owens,tylerward@example.com,1571647947,1958-05-23
C000306,Mrs. Shannon Jacobson,xcrosby@example.org,7167811266,1970-06-27
C000307,Curtis Gonzalez,bmartinez@example.net,4994657967,1955-02-12
C000308,Bryan Burns,courtneytaylor@example.org,1702695249,2002-12-22
C000309,Patricia Sparks,kellyjimenez@example.net,8588006167,1995-09-13
C000310,Christopher Hopkins,nicole27@example.com,4671978897,1981-12-28
C000311,Dennis Garza,wjensen@example.com,0090255905,1985-03-11
C000312,Jennifer Brown MD,deborahwatkins@example.net,4152085076,1974-03-14
C000313,John Johnson,nicholas65@example.net,7135785294,1968-11-08
C000314,Valerie Jones,karlwilliams@example.net,3919195419,1984-07-12
C000315,Billy Colon,ryan85@example.org,6498782082,1964-12-26
C000316,Natalie Mcdonald,umichael@example.net,8357232466,1995-09-06
C000317,Dustin Martin,richardwilson@example.org,3477866032,1978-10-12
C000318,Diana Pierce,stuarttodd@example.org,1594165162,1968-04-18
C000319,Barbara Beck,tyler13@example.net,5596363212,2000-09-10
C000320,Kevin Henry,holly15@example.net,7342575409,1978-07-03
C000321,Ellen Mullen,rebecca18@example.org,6064413432,1967-12-05
C000322,Sean Morrow,aruiz@example.com,1248156985,2004-06-04
C000323,Lorraine Gibbs,aarongonzalez@example.com,9112382965,1994-05-11
C000324,Kevin Murphy,james65@example.org,6930089317,1968-06-14
C000325,Jeffrey Green,rubiogeorge@example.net,0867713334,1954-02-06
C000326,Daniel Lewis,jessica36@example.org,2044397359,1959-07-29
C000327,Frank Steele,jennifererickson@example.net,1180053759,1982-08-15
C000328,Jane Madden,david80@example.net,4287572158,1967-12-22
C000329,William Porter,julie64@example.com,8562572870,1958-08-31
C000330,John Martin,fgraham@example.org,5877712151,1966-05-10
C000331,Samantha Elliott,brandybonilla@example.net,6137150416,1962-03-01
C000332,Brad Rivas,rgibson@example.net,5097592304,1972-09-23
C000333,Jane Ross,johnwise@example.com,0326642147,1987-12-12
C000334,Brendan Richardson,tracymcclure@example.com,9961659266,1959-08-25
C000335,Megan Holland,sarahrose@example.net,4761742243,1973-12-20
C000336,Billy Williams,dixonrobert@example.com,5491801722,1989-05-27
C000337,Elizabeth Matthews,ctodd@example.net,5232194168,1979-01-14
C000338,Matthew Stevens,vmelton@example.net,4995641220,1958-08-27
C000339,Shannon Clark,debragraham@example.net,1472760122,1998-01-28
C000340,Lauren Harris,awilliams@example.org,6799840767,1952-01-18
C000341,Sharon Hall,ricerobert@example.com,4671795760,1996-11-23
C000342,David Robinson,sandra72@example.com,6572934172,1982-08-24
C000343,Ricky Hahn MD,jasonwilliams@example.org,4522801561,1991-12-07
C000344,David Peterson,kayla84@example.org,0771199180,1988-12-15
C000345,Daniel Ward,jean87@example.net,2552137603,1993-07-30
C000346,Derek Espinoza,qward@example.org,8632666785,1985-01-29
C000347,Robert Acevedo,morganrichard@example.org,0602908466,2003-02-14
C000348,Douglas Rose,isabellagriffin@example.org,5634108562,1974-02-18
C000349,Juan Boyd,andrewzamora@example.net,3468105485,1965-04-04
C000350,Norman Chavez,lindazhang@example.net,5449268315,1981-04-01
C000351,Brent Dawson,dmiller@example.com,7371586988,2003-09-10
C000352,Whitney Barker,adennis@example.org,8277288137,1984-08-28
C000353,Trevor Guzman,xrodriguez@example.net,0821545447,1988-10-02
C000354,Amber Shannon,jason70@example.org,1067949756,2004-01-19
C000355,Mark Gill,uhernandez@example.com,9966365807,2002-07-25
C000356,Mark Ingram,ann18@example.org,9890983780,1998-11-02
C000357,Daniel Gallegos,imiller@example.net,6907056260,1952-01-02
C000358,William Weaver,douglas41@example.org,6209520046,1968-03-19
C000359,Deanna David,williamsjohn@example.net,7886140578,1978-10-21
C000360,David Mercado,angela91@example.org,4967183258,1952-09-05
C000361,Kristen Williams,nwoodward@example.com,0074946539,1979-07-20
C000362,Kristine Turner,ihale@example.net,6398554743,1961-09-12
C000363,Erin Sloan,deborahsmith@example.com,0268768118,1982-01-01
C000364,Jamie Burke,xthompson@example.net,1753703045,1974-09-25
C000365,Mitchell Young,ccoffey@example.com,9303614987,1993-04-05
C000366,Megan Morrison,cameronanderson@example.org,4938430894,1995-08-13
C000367,Terri Williams,ryan64@example.org,7580304687,1979-10-11
C000368,Spencer Aguirre,tiffanycoleman@example.org,3254110760,1963-12-16
C000369,David Peterson,underwoodapril@example.org,9971791100,1967-07-14
C000370,Thomas Ramos,cheryl61@example.org,8046619639,2003-12-21
C000371,Jeffrey Oliver,morgansharon@example.org,8593110919,1976-11-02
C000372,Heather Olson,ilopez@example.org,2496854982,1994-01-31
C000373,Jacob Smith,brianhunter@example.net,6533315377,1991-10-08
C000374,Lisa Barnes,danielwalter@example.org,3033793375,1989-03-27
C000375,Adriana Smith,anthony12@example.com,3950033423,1963-04-02
C000376,Craig Thompson,renee02@example.com,5347355289,1988-06-12
C000377,Bianca Lopez,ubenson@example.net,3099384253,1960-07-16
C000378,Stacey Clark,muellerkrystal@example.net,2868578725,1985-04-20
C000379,Kara Perkins,clarkpatricia@example.com,6346692548,1999-05-31
C000380,Gregory Silva,vhunt@example.com,7665754602,1970-10-16
C000381,Steven Phillips,hartmansara@example.org,1508353544,1994-08-18
C000382,Dr. Nancy Gaines MD,juan56@example.com,7826333738,1960-02-04
C000383,Gina Miller,roymcmahon@example.com,7780529240,1999-11-18
C000384,Michael Powell,mark09@example.org,2599996636,1966-01-21
C000385,Gary Hayden,christopher18@example.org,9702316433,1963-07-13
C000386,Joseph Jackson,hmyers@example.org,7163234672,1981-08-26
C000387,Mitchell Stevens,adrianthomas@example.org,9385977790,1990-09-10
C000388,Michelle Evans,robertwhite@example.net,7629160324,1974-04-24
C000389,Stephanie Kerr,jriddle@example.org,1185672438,1998-03-19
C000390,Megan Murray,julie36@example.org,4125777118,1955-09-11
C000391,Sarah Jackson,lawsongregory@example.org,2104275230,1982-10-01
C000392,Mark Mills,myerskyle@example.org,0633533106,1998-02-15
C000393,Amy Benjamin,roblesmaria@example.org,0681558393,1963-10-15
C000394,Brian Morris,moralesleslie@example.com,7314950136,1958-12-07
C000395,Raven Nielsen,johnathandavis@example.com,2525715099,1957-08-22
C000396,Kathy Bush,hallchristina@example.org,3639102574,1994-04-21
C000397,Cynthia Swanson,vstevenson@example.org,5086403553,1964-08-15
C000398,Rebecca Horton MD,lboyd@example.com,1713023212,1995-12-19
C000399,Jessica Mcdonald,jennifersanchez@example.org,4497347156,1966-10-17
C000400,Leon Hamilton,lorileon@example.org,6149828246,1980-09-30
C000401,Larry Jones,jennifergonzalez@example.org,0857666567,1969-12-26
C000402,Wendy Martinez,jamesgraham@example.com,8750663370,1978-07-13
C000403,Terry Hernandez,carrielynn@example.org,1166918362,1968-06-30
C000404,Mary Reyes,jessica11@example.net,2436402701,1984-10-12
C000405,Morgan Jackson,jacob23@example.com,8179323023,1979-01-29
C000406,Ashley Fields,carternicholas@example.com,5093771004,1993-05-15
C000407,Ricky Bennett,sarah75@example.net,5555356690,1957-04-21
C000408,Michael Hardy,anthonymartinez@example.net,3579786305,1950-12-03
C000409,Megan Hall,nross@example.org,6716493289,2005-08-31
C000410,Elizabeth Nunez,cjackson@example.org,8333211602,1984-08-05
C000411,Mary Lynn,wadesandra@example.net,1539915668,1965-09-16
C000412,Brandon Davis,juliewilson@example.com,5690409836,1968-05-05
C000413,Rebecca Meyer,danielsmith@example.com,2437729420,2004-12-25
C000414,Becky Shea DDS,nwelch@example.com,6052330276,1984-11-24
C000415,Jay Kennedy,katherine61@example.net,4386125904,1988-01-01
C000416,John Merritt,jefferygoodman@example.net,5912662015,1960-01-28
C000417,Miss Leslie Booker,hsanchez@example.org,7492617647,1958-09-12
C000418,John Barnett,andrewberry@example.net,4192676492,1958-08-25
C000419,Rebecca Lopez,longlisa@example.net,1898131292,1999-04-14
C000420,Andrew Andrews,christopherscott@example.org,1845826034,2005-03-09
C000421,Brenda Henry,alexandra59@example.net,1030324329,1995-07-27
C000422,Nicholas Henderson,jorge26@example.com,4628314359,1975-02-23
C000423,Emily French,mjohnson@example.org,4181861515,1979-04-10
C000424,Adam Bennett,nicholasgarcia@example.org,8497185948,2005-01-08
C000425,Travis Price,linda88@example.net,7924082226,1953-12-23
C000426,Jacqueline Waters,lmann@example.com,7844683414,2000-01-29
C000427,Nicholas Duffy,barbaramiller@example.com,0682778816,1993-11-25
C000428,Jeffery Ferguson,john89@example.org,2832152850,2001-06-21
C000429,Brian Sloan,marierosales@example.org,4744309634,1962-04-25
C000430,Amy Smith,wmurphy@example.org,5265016731,1992-10-01
C000431,John Moore,jeremy65@example.com,6284177225,1978-08-30
C000432,Colton Williams,vfisher@example.org,3741678725,1998-12-22
C000433,Brian Smith,mauricesmith@example.net,0569067447,1959-08-28
C000434,Jorge Wright,linvirginia@example.org,3718923923,1992-09-27
C000435,Corey Thomas,jensenchristopher@example.org,6843356708,1953-04-28
C000436,Douglas Bell,dwright@example.org,0053474916,1958-03-15
C000437,Brian Caldwell,markfigueroa@example.com,3439611291,1975-06-15
C000438,Tammy Jones,kevin73@example.net,0236848557,1963-11-04
C000439,Timothy Gordon,jacksonjoshua@example.org,0903678812,1983-07-27
C000440,Jennifer Nelson,adamarmstrong@example.net,8788443448,1988-12-27
C000441,Dorothy Bowman,sara40@example.net,3810595518,1953-10-25
C000442,William Garrett,hollowayjeffrey@example.com,4089164983,1992-04-28
C000443,Mark Garrison,omoore@example.net,5271727223,1969-01-01
C000444,Eric Mcclure,mmcdaniel@example.org,1637618209,1994-10-12
C000445,Adam Rivas,andersonkayla@example.com,9001851327,1952-02-14
C000446,Christopher Brown,courtney10@example.org,8418620303,1971-08-19
C000447,Courtney Koch,tmcdaniel@example.org,2131451951,1974-10-03
C000448,Jeffrey Rogers,erinhernandez@example.net,9451475410,1991-11-07
C000449,Nathan Floyd,hbriggs@example.net,4215226557,1960-10-08
C000450,Felicia Pham,patrickdunn@example.net,8836196893,1991-08-30
C000451,Samuel Cox,hrosario@example.org,5247286333,1950-11-28
C000452,Jamie Johnson,swatson@example.org,7920252131,1998-01-22
C000453,Julie Taylor,theodore57@example.net,4120092820,1960-11-25
C000454,Deanna Armstrong,jenna62@example.com,8623690362,1988-06-03
C000455,Erik May,zmartin@example.com,3411159503,1997-10-31
C000456,Kyle Avila,jacob30@example.org,1990970051,1957-12-16
C000457,James Lee,iswanson@example.net,5681820967,2001-11-12
C000458,Joel Mcclure,cisnerosjesse@example.org,2889857254,1961-09-07
C000459,Patricia Hughes,wendylawson@example.org,1024817175,1953-06-08
C000460,Jack Davis,jennifermurray@example.com,7219705466,1955-05-09
C000461,Lori Edwards,flemingwilliam@example.com,9038021462,1975-09-02
C000462,Joel Davis,imcdonald@example.com,1216636515,1965-11-21
C000463,Karen Ramirez,gardnerstacy@example.org,5909605673,1965-03-08
C000464,Debra Reid,thomasjoshua@example.org,7683420165,2002-05-03
C000465,Karen Nichols,tammykim@example.net,0893199255,1974-06-25
C000466,Mr. Ricky Craig III,mcneilsherry@example.org,9103368296,1960-09-30
C000467,Laura Smith,allen48@example.org,7665586851,1963-09-21
C000468,Kurt Daniels,qmitchell@example.net,4911110961,1976-02-07
C000469,Kathy Shaffer,melissa33@example.com,1371576605,1957-07-01
C000470,Deborah Roberson,anunez@example.com,0025895529,1968-12-03
C000471,Matthew Poole,oanderson@example.com,6582631281,1977-05-06
C000472,Frank Davis,kimcristina@example.net,0981960275,1988-05-03
C000473,Ryan Barber,qtownsend@example.org,1209117911,1970-12-02
C000474,Johnny Ward,peterhenry@example.org,1713665722,1963-01-02
C000475,Lisa Johnson,victoria79@example.net,2841390808,1995-08-09
C000476,Daniel Murphy,christopherholt@example.org,4731584776,1975-07-18
C000477,Michael Clay,suzanne19@example.net,2376769459,1967-09-25
C000478,Harry Hurst,colepamela@example.net,9649856012,1979-12-05
C000479,Daniel Watson,kimberlymartinez@example.com,5379538164,1975-01-21
C000480,Donald Franklin,berrydebbie@example.net,5533077046,1965-07-06
C000481,Leslie Young,mitchelldawn@example.net,7426088050,1962-05-11
C000482,Eric Stewart,richard85@example.com,6477159103,2005-04-28
C000483,Shannon Ramsey MD,leerachel@example.com,0401041459,1957-11-13
C000484,Barbara Flores,karenbarron@example.com,1883977457,1960-02-02
C000485,Bradley Hansen,donnamoss@example.org,1703037637,2002-11-08
C000486,Kayla Edwards,jeanette28@example.org,3567983631,1990-11-24
C000487,Sergio Wong,stevenrodriguez@example.org,0724078754,1997-05-31
C000488,Chris Shaw,brian45@example.org,6634362948,1974-10-31
C000489,Anthony Wright,robinsonbrian@example.org,3181439666,1980-03-20
C000490,Richard Bailey,janice40@example.org,8974325122,1984-05-29
C000491,Jessica Smith,nicole20@example.net,7907371009,1951-07-31
C000492,Charles Davis,linda57@example.com,8474570545,1984-12-13
C000493,Joseph Bowman,tiffanychase@example.net,5703965313,1958-05-21
C000494,Stephanie Cole,josephshelton@example.com,9644309859,1993-05-16
C000495,Rebecca Roberts,portergina@example.com,8498247414,1989-04-10
C000496,Kevin Brown,adam50@example.org,2548821423,1965-07-02
C000497,John Gomez,ghenderson@example.com,9429659234,1970-07-02
C000498,Bradley Knight,ygardner@example.com,2875857567,1964-04-16
C000499,Allison Wang,camposchristina@example.com,9852989406,1952-08-05
C000500,Shelly Stevens,millerjoseph@example.net,5914975019,1982-03-17
C000501,Patrick Simpson,pattybowman@example.org,4079311029,1985-11-04
C000502,John Wall,hmyers@example.com,7238497916,1967-07-15
C000503,Mary Jackson,thomasroberts@example.net,9754661766,1960-05-09
C000504,James Carpenter,brewerpatricia@example.net,0527740258,1981-10-25
C000505,Kayla Thompson,michaelball@example.com,2446176792,1998-10-09
C000506,Fred Moses,breanna61@example.org,2311775331,1968-05-09
C000507,David Johnson,alexandernicholas@example.net,2517629833,1955-02-03
C000508,Curtis Martin,christopherjohnson@example.net,3020569815,1996-11-27
C000509,Laura Wells,michael82@example.org,6619128411,1963-08-26
C000510,Alison Nicholson,sandra46@example.net,1241893898,1991-08-24
C000511,Stephanie Aguilar,denise05@example.com,3502385037,1954-07-26
C000512,Rhonda Reed,dodsoncarly@example.net,8724010783,1998-07-23
C000513,Sherri Perez,johnsonkimberly@example.org,0870662668,1971-05-12
C000514,Vickie Richardson,matthewhull@example.org,1903689003,1958-09-28
C000515,Douglas Edwards,whitneyanderson@example.com,1114837537,1959-05-03
C000516,Dana Orozco,heidi81@example.org,6974132834,1970-08-18
C000517,Rachel Johnson,hollysantos@example.com,0704496410,1976-01-20
C000518,James Wallace,jamielopez@example.com,4085095493,1984-06-03
C000519,Rachel Mcfarland,aguirreangela@example.net,8769984267,1980-04-02
C000520,Tiffany Miller,kelseyphillips@example.net,0945449014,1969-10-24
C000521,Alan Smith,churchtimothy@example.net,6091498517,1962-11-17
C000522,Bethany Mccoy,monicadouglas@example.org,0287950830,1968-05-16
C000523,Sarah Fernandez,burkemichael@example.org,1813359561,1996-11-16
C000524,Richard Rogers,xmerritt@example.com,9025042901,1952-05-23
C000525,Natalie Logan,shelby69@example.org,6113989868,1985-06-21
C000526,Joseph Alexander,james94@example.org,3537513765,1992-01-10
C000527,Jack Washington,shanebarnes@example.net,8369294455,1985-02-13
C000528,Brittany Snyder,rachelwalter@example.org,1648712060,1979-05-13
C000529,Tamara Strong,david83@example.net,1559991015,1985-10-01
C000530,Donna Woods,jessicacummings@example.net,2099576572,2001-02-12
C000531,Edward Peterson,ymitchell@example.com,2036849951,2003-04-26
C000532,John Walker,keithhardin@example.net,3421388209,1958-10-12
C000533,John Carson,james96@example.net,8274117674,2005-01-31
C000534,Tracy Lara,jessicamurphy@example.net,4781506185,2000-07-01
C000535,Danielle Willis,emilybaker@example.org,2742318306,1993-11-21
C000536,Christopher Barnes,christina93@example.net,7824347769,1992-04-21
C000537,Brian Ibarra,robert75@example.org,1275156277,1970-10-25
C000538,Jordan Wu,xbrown@example.com,5667664047,1952-09-06
C000539,Daniel Hutchinson,kimberlyrodriguez@example.net,2980061558,1971-09-16
C000540,Craig Moore,oheath@example.com,5563830008,1965-01-13
C000541,Mr. Eric Hall,arthurbrady@example.com,2411186008,2004-07-24
C000542,Jeanne Decker,kristen68@example.net,4473149764,2000-10-15
C000543,Karen Velez,patrickkaiser@example.net,5817390637,1978-05-13
C000544,Evelyn Pacheco,davisgary@example.com,1269789307,1958-02-15
C000545,Chris Morris,rsavage@example.net,8787535778,2001-02-07
C000546,Jaime Sherman,aprilmartinez@example.org,1067287286,1979-09-06
C000547,Edward Weeks,alexandra95@example.net,2483958947,1958-09-18
C000548,Sarah Taylor,asmith@example.org,7104331875,2001-07-12
C000549,Andrea Fields,michaelsmith@example.org,4694596488,1982-08-10
C000550,Daniel White,martinezalexa@example.net,5999497320,1961-01-31
C000551,Briana Alvarez,morrispaula@example.org,8767548138,2005-05-19
C000552,Eric Boyd,waremegan@example.org,2687741865,1998-10-09
C000553,Hannah Coleman,patrickwhite@example.net,3758309451,1982-06-06
C000554,Amanda Hill,ssanders@example.net,4090797727,1951-08-06
C000555,Steven Hernandez,monicaanderson@example.com,0705184390,1975-11-10
C000556,Holly Smith,qbutler@example.net,1382412704,1990-08-25
C000557,Paul Massey,collinsann@example.org,7919711121,1978-07-25
C000558,Pamela Kramer,danastevens@example.net,4324064242,1993-05-09
C000559,Denise Gonzalez,jordan74@example.org,5955872096,1966-02-02
C000560,Jessica Brewer DDS,jared88@example.net,1834374018,1965-01-18
C000561,Jacqueline Gray,morrisdaniel@example.com,2675512542,1982-07-05
C000562,Robert Bryant,esimon@example.org,5957640381,2001-11-21
C000563,Allen Hunt,olivia83@example.net,2501425762,1990-01-04
C000564,Elizabeth Miller,michaelakim@example.net,2850725178,1964-05-08
C000565,John Sanchez,hugheslucas@example.org,5469681579,1996-03-14
C000566,Jackie Morgan,bishopkaren@example.org,2730346156,1962-11-02
C000567,Michael Castillo,susan62@example.org,8171516025,1970-02-07
C000568,Alexandra Valdez,dhenderson@example.com,4197857585,1976-11-04
C000569,Sheila Miller,rogerssarah@example.net,3897607401,1986-11-23
C000570,Melissa King,emily08@example.com,4560754091,1954-02-13
C000571,Christopher Nichols,jessicaschultz@example.com,5793897015,2000-12-23
C000572,Margaret Macias,uhunt@example.org,4660241613,1992-03-06
C000573,Sarah Sanchez,brooksthomas@example.com,2480962440,1992-08-08
C000574,Carlos Adams,colton30@example.net,3194979695,2003-12-06
C000575,Gilbert Reed,vhernandez@example.com,8264609178,1988-08-29
C000576,Mrs. Dorothy Stewart,claudiacunningham@example.com,4873682691,2001-08-12
C000577,Laura White MD,wpierce@example.org,9455158886,1965-02-03
C000578,Ronald Cole,ricardosmith@example.com,2169666309,2002-03-20
C000579,Angela Duncan,udougherty@example.net,2971509688,1992-11-24
C000580,Cynthia Kennedy,marcuscarter@example.org,9773973278,1975-10-30
C000581,Nathan Jones,flemingrichard@example.net,6164819807,1961-07-20
C000582,Molly Williams,gmoran@example.net,6112491256,1977-10-28
C000583,Mr. Gary Benson,fnolan@example.org,5475749490,2004-11-06
C000584,Spencer Elliott,kristopher29@example.net,7742229464,1970-05-04
C000585,Kevin Green,kwoods@example.com,9858567287,1990-05-27
C000586,Amy Walker,jeffreyramirez@example.net,3577908335,1951-09-06
C000587,Denise Nixon,wallerbrian@example.net,3423372094,1973-02-19
C000588,Ronald Brown,alexandrabrown@example.org,9977180513,2001-04-13
C000589,Brett Lawrence,aevans@example.net,1739970469,1956-05-21
C000590,Kayla Bean,joseph83@example.com,8847127058,1973-01-28
C000591,Jeffrey Torres,rpeterson@example.net,3133484587,1962-11-17
C000592,Brittney Moore,kfloyd@example.net,5879643474,1965-01-08
C000593,Sandra Stewart,ronald66@example.org,0652740334,1973-06-03
C000594,James Grant,laurenwilliamson@example.com,1132579706,1972-08-12
C000595,Amy Brown,joshua57@example.com,7215622949,1991-12-31
C000596,Kenneth Farmer,angela40@example.org,5573257375,1980-07-15
C000597,Tasha Taylor,zsimmons@example.com,8085096085,1968-02-02
C000598,Austin Jones,mccannkimberly@example.net,8197931647,1989-10-30
C000599,Kenneth Gibson,zpreston@example.net,0960035624,1955-09-07
C000600,Maurice Carrillo,patricia92@example.org,3421089028,1986-12-09
C000601,Mary Harris,rogernelson@example.org,0271607360,1972-03-03
C000602,James Olsen,costawilliam@example.net,2317955633,1964-03-25
C000603,Brian Bryant,jamesrobert@example.org,5416431670,1983-03-29
C000604,Cassandra Smith,donaldharrison@example.org,9345962622,1960-04-16
C000605,Ashley Martin,zharris@example.net,4950050702,1975-07-22
C000606,Miranda Jackson,smithphyllis@example.org,1177687290,1976-05-15
C000607,Matthew Diaz,woodskaitlyn@example.net,2382231164,1968-03-11
C000608,Nicholas Turner,hbarnett@example.net,2565290603,1966-02-08
C000609,Robert Martin,alexander77@example.com,9673794871,1993-11-24
C000610,Charlotte Peterson DVM,qalvarado@example.com,1560821371,1973-08-30
C000611,Elizabeth Graham,burchteresa@example.org,8323035892,1959-04-23
C000612,Heidi Hall,meganpotter@example.org,3406468677,1953-11-29
C000613,Michael Barnett,sandraaustin@example.org,6227236266,1950-09-26
C000614,Victor Hill,vmartinez@example.net,3724501848,1974-07-23
C000615,Elizabeth Martinez,whernandez@example.net,4064176927,1966-07-06
C000616,Nicholas Moyer,john76@example.com,1444856451,1957-09-22
C000617,Connie Hamilton,dalton78@example.net,9860919191,1967-03-26
C000618,Stephanie Fisher,chiggins@example.com,7980660392,1990-03-11
C000619,Rebecca Daniel,michael55@example.org,7057423885,1970-08-08
C000620,Felicia Jensen,leslietorres@example.net,6597263475,1984-09-22
C000621,Christopher Smith,bonniestout@example.net,8826913119,2002-01-27
C000622,Hector Anderson,vgarcia@example.com,5370382407,1999-06-06
C000623,Robert Thomas,john09@example.com,6889362896,1966-01-30
C000624,Helen Solis,pwood@example.com,1253892187,1998-10-22
C000625,Crystal Bailey,stevenandrews@example.org,9779612087,2005-08-24
C000626,Brittany Fleming,blevinsjoshua@example.com,9762637484,1983-02-23
C000627,Theresa Thomas,michelle90@example.net,9119186233,2005-01-16
C000628,Kathleen Wilson,davisrichard@example.net,6672521452,1952-09-19
C000629,James Perez,morgankaren@example.net,0908051208,1956-11-20
C000630,Robert Carroll,michele23@example.net,2835129592,1976-11-23
C000631,Jill Howell,aguirrelarry@example.com,5298217392,1960-11-03
C000632,Jasmine West,barnettcameron@example.org,2373605079,1995-07-10
C000633,Susan Hart,psherman@example.org,5273466661,1995-11-12
C000634,John Price,xgay@example.com,8031499825,1957-10-23
C000635,Janice Bell,colongabrielle@example.com,8503172351,1953-12-04
C000636,Alexis Weeks,rachelwilson@example.com,3526356022,1989-07-30
C000637,Thomas Becker,jamie46@example.net,6664374906,1996-03-16
C000638,Andrea Wilson,rachelfreeman@example.org,2464844941,1995-10-30
C000639,Kathleen Martinez,harrisondaniel@example.org,6211369572,1956-08-07
C000640,Pamela Lopez,jennywilliams@example.org,5425730662,1995-10-27
C000641,Cory Barrett,cjohnson@example.org,9848228501,1966-01-15
C000642,Nathan Ramsey,mitchell21@example.net,0609069130,1987-01-26
C000643,Susan Pineda,ncampbell@example.com,3794577278,1952-01-22
C000644,Carrie Coffey,nicole50@example.com,2076836253,1970-03-27
C000645,Jill Price,matthew62@example.net,3339395786,1982-01-20
C000646,Brian Pearson,rebecca96@example.org,3582686270,1977-06-11
C000647,William Becker,danielleandrews@example.org,6573275998,1996-02-07
C000648,Thomas Booth,melissa55@example.org,3415959775,1956-07-19
C000649,Caitlin Gilmore,robertpatel@example.net,2887431271,1957-08-14
C000650,Christopher Smith,sarah99@example.org,0795515122,1982-11-20
C000651,Timothy Horne,suzanneflores@example.net,5970996254,1960-11-19
C000652,Allison Flores,brettallen@example.com,7650471580,1986-02-16
C000653,Elizabeth Gonzalez,cjames@example.net,6558665254,2000-09-14
C000654,Thomas Sellers,trujillorobin@example.net,0213125129,1969-11-17
C000655,Nancy Peterson,mooreconnie@example.com,1910231211,1951-05-15
C000656,Bobby Flores,thomasgonzalez@example.com,7490728012,1965-01-07
C000657,Chelsey Martinez,lopezmelinda@example.org,6949684364,1987-08-06
C000658,Tracy King,calvinbrown@example.com,9617015959,1951-03-10
C000659,Joanne Harmon,twood@example.com,8339205677,2000-03-12
C000660,Charles Christensen,iherring@example.com,2650622923,1982-04-25
C000661,George Smith,jmoore@example.com,3797662705,1982-11-07
C000662,Dylan Young,alara@example.com,4254969192,1998-10-04
C000663,Michael Anderson,cbrown@example.com,3353574859,2000-01-12
C000664,Laura Pruitt,lisawright@example.net,0581629518,1972-08-12
C000665,Jerry Waters,jennifer50@example.com,3055978245,2000-03-29
C000666,Robert Lopez,phillipsbruce@example.org,3660443240,1987-03-18
C000667,Theodore Hernandez,mpeters@example.com,1474397429,1975-10-19
C000668,Gabriel Woods,lesliele@example.net,6562590459,1959-02-22
C000669,Michelle Crawford,taylorcurtis@example.org,1555165176,1954-07-07
C000670,Jennifer Moore,olsenshane@example.org,3308003700,1979-01-17
C000671,Erica Avila,wsmith@example.com,0681039033,1960-01-30
C000672,Lauren Richardson,randyhernandez@example.org,4858623945,1974-06-27
C000673,Dustin Johnson,hharris@example.org,1339439457,1977-06-06
C000674,Alexander Smith,michelleclark@example.net,5769277894,1967-11-19
C000675,Sarah Harvey,arroyosarah@example.com,6921053365,1958-01-05
C000676,Randy Roach,donald73@example.org,7201137984,1995-03-11
C000677,Michael Lewis,bgregory@example.org,6762090144,1983-05-11
C000678,Tracey Lopez,ppatrick@example.org,8730451957,1952-05-16
C000679,Jacqueline Arnold,malikfowler@example.com,9657542786,1976-02-11
C000680,Chad Middleton,ihayes@example.net,0582958292,1991-09-09
C000681,Wanda Stephens,johnstonjonathan@example.net,3571558686,1979-03-23
C000682,Paul Rodriguez,smoore@example.org,8172143643,2001-09-27
C000683,Edward Clark,jonesshaun@example.org,5609456534,1952-04-24
C000684,Leslie Shelton,portermichael@example.com,6816995706,1983-04-09
C000685,Brandon Sanchez,gibsonkaitlyn@example.org,0548739610,1983-01-11
C000686,Jonathan Ford,isolis@example.net,4918727420,1985-03-02
C000687,Christopher Monroe,timothywright@example.com,6042359737,1979-10-02
C000688,William Jacobs,kimmichael@example.net,0858167046,1960-03-08
C000689,Shawn Ortega,pmorales@example.org,0219237858,1955-02-23
C000690,Lauren Wilson,halldylan@example.org,0508018498,2004-06-21
C000691,Shannon Solis,elizabethmendoza@example.org,2688122821,1972-06-15
C000692,Mark Gutierrez,sharon46@example.org,0560356793,1989-03-28
C000693,Jennifer Wiggins,johnboyd@example.com,6906181205,2004-07-03
C000694,Victoria Peterson,samantha78@example.com,9899927517,1982-04-28
C000695,Darlene Adams,nancy98@example.org,5393543586,1992-08-27
C000696,Chelsea Austin,leahbarker@example.org,8853798214,1979-07-22
C000697,Gail Clay,zbrooks@example.com,9785249141,2004-06-20
C000698,Robert Scott,jgibson@example.net,8963406791,1950-12-08
C000699,Christopher Ward,williamschad@example.org,2163090015,1972-01-09
C000700,Daniel Munoz,sarah53@example.org,8953263890,1979-12-17
C000701,Valerie Pacheco,davismegan@example.org,7922341034,2001-02-06
C000702,David Boone,cmarquez@example.org,9608437685,1977-01-10
C000703,Sara Obrien,drew19@example.net,2633556434,1985-04-02
C000704,Melissa Elliott,chavezlauren@example.com,5607676164,1982-09-04
C000705,Debbie Moore,melissanewman@example.net,0650312198,1975-08-29
C000706,Jody Carter,lramirez@example.org,4281319092,1986-06-16
C000707,Cynthia Morton,carriejones@example.org,2817852282,1979-07-08
C000708,Kayla Smith,longgary@example.com,2395947372,1962-05-27
C000709,Amanda Mcgrath,aaronmurray@example.com,8868785996,1994-04-10
C000710,Kathryn Ballard,charlesvang@example.com,9666450573,1962-01-26
C000711,Bridget Grimes,deborahturner@example.org,0374767753,2003-06-16
C000712,Charles Bowman,phillipsbrian@example.com,6194588707,1954-03-17
C000713,Jonathon Smith,thomasjennifer@example.com,0838507659,1963-11-17
C000714,Anthony Black,stephensonkatherine@example.com,8981265742,1972-12-07
C000715,James Williams,alexander23@example.com,6268943012,1992-09-09
C000716,John Zavala,qwilson@example.com,9574988558,2004-04-08
C000717,Kirk Mosley,lisahamilton@example.com,8476094412,1997-03-01
C000718,Christian Garcia,robert66@example.net,4132971506,1967-08-22
C000719,Andre Pace,parkertommy@example.com,9366343925,1978-11-25
C000720,Bradley Miller,hernandezroy@example.org,0072024559,1991-02-05
C000721,Andrew Aguilar,mendezlori@example.org,6714949819,1971-10-17
C000722,Debbie Schneider,crawfordjeffrey@example.com,6527758446,1982-03-05
C000723,David Hernandez,benjaminbrown@example.org,1722145593,1996-01-19
C000724,Mary Powers,sharon37@example.net,5263510046,1959-01-21
C000725,Rachel Huffman,uanderson@example.net,5920246175,1995-07-06
C000726,Kathleen Ramirez,jenniferbutler@example.org,5955017833,1967-01-17
C000727,Stacy Chaney,ryandodson@example.org,9848704506,1969-04-27
C000728,Suzanne Lynch,sandradavenport@example.org,4403946408,1979-02-08
C000729,Aaron Williams,langjoshua@example.net,0849079388,1981-04-14
C000730,Erin Gardner,alexisjordan@example.com,7012424462,1977-03-09
C000731,Timothy Collins,joneseric@example.org,3142175188,1975-04-23
C000732,Diana Miller,gomezpaul@example.org,0911225288,1983-06-18
C000733,James Sherman,aguirrekimberly@example.com,2397913787,1952-09-27
C000734,Amanda Lopez,andre55@example.com,5712198819,1964-04-05
C000735,Molly Peterson DDS,hartmandanielle@example.org,8640104246,1988-05-20
C000736,Dr. Helen Jimenez,richard04@example.com,1289915114,1978-10-02
C000737,Lauren Miller,hillmckenzie@example.net,8984841604,1963-02-21
C000738,Breanna Davis,rodriguezthomas@example.com,6814298315,1969-01-08
C000739,Lynn Smith,jessicamartinez@example.net,6084937830,1998-05-24
C000740,Roger Carter,richardgarza@example.net,4391649701,1996-02-04
C000741,Carl Lopez,coffeyjohn@example.net,3301623419,2001-07-13
C000742,Brian Clark,dylanwong@example.org,5668473236,1998-02-02
C000743,Donald Williams Jr.,ymoore@example.org,8436142442,1984-01-19
C000744,Ana Gibson,dawn73@example.net,7642737203,2004-03-06
C000745,Taylor Rodriguez,alexa14@example.net,6019134438,1988-04-04
C000746,Vanessa Smith,murphyhannah@example.net,9507321464,1963-03-01
C000747,Ryan Guzman,cody79@example.org,5055738573,1993-07-04
C000748,Keith Taylor,ndelacruz@example.com,8118723335,1997-08-25
C000749,Jennifer Esparza,forozco@example.com,9114983074,1951-07-05
C000750,Cindy Jenkins,craig89@example.org,0655782019,1984-01-10
C000751,Cynthia Williams,jamesclark@example.org,7073920135,1962-06-03
C000752,Steven Wells,jacksonaustin@example.org,1123126163,1997-07-11
C000753,Megan Dodson,olivia29@example.net,7629745493,1999-04-13
C000754,Joseph Ho,hogandavid@example.org,8187692082,1970-10-28
C000755,Katie Lawson,allenandrea@example.com,4458220673,1967-01-29
C000756,Jeremy Henderson,rojasmarc@example.org,5000000152,1985-12-16
C000757,Troy Garcia,brian90@example.net,5561844421,1997-07-12
C000758,Karen Henry,hernandezmadison@example.com,5670867009,1996-03-06
C000759,Mark Davis,alyssa66@example.net,3624835505,1967-06-05
C000760,Kristen Williams,nbrown@example.org,9987950982,1976-04-02
C000761,Tanya Grimes,mary18@example.net,4428773836,1968-12-08
C000762,Christopher Jones,smontgomery@example.net,8946420362,1977-11-29
C000763,Tyler King,ymarks@example.com,2554026355,1965-04-07
C000764,Susan Johnson,harrisonkyle@example.com,8988031538,1963-10-04
C000765,William Owens,nunezmatthew@example.com,4333353849,1969-06-15
C000766,Charles Garcia,dawsonshawn@example.com,8093391373,2000-04-13
C000767,Jason Johnson,hubersamantha@example.net,5617868800,1966-01-27
C000768,Felicia Perry,marywarren@example.org,6577449160,1952-09-17
C000769,Haley Blackwell,collinschad@example.org,1843368750,1975-10-01
C000770,Nathan David,charleshayes@example.com,6114042886,1963-12-18
C000771,Cynthia Walls,ygraham@example.net,8112600308,2003-08-28
C000772,Anita Pitts,hughesgail@example.org,3123455068,1977-10-14
C000773,Mark Washington,christineriggs@example.com,0134808735,1989-08-22
C000774,Nancy Rice,owilliams@example.net,9101570908,1996-02-10
C000775,Dylan Andrews,espinozashawn@example.com,6999699648,1998-11-11
C000776,Elizabeth Nichols,beth93@example.org,9140849932,1956-10-24
C000777,Courtney Deleon,jpowell@example.org,9087261760,2003-10-25
C000778,Wendy Perez,markbates@example.com,8280405612,1971-10-10
C000779,Robert Bowers,wgarza@example.net,6418696561,1973-12-10
C000780,Annette Rivas,katieaguirre@example.com,1434682394,1983-07-05
C000781,Carly Goodwin,smithmelissa@example.com,6101683113,1952-09-19
C000782,Jaime Brown,christopher91@example.net,0762839762,1953-12-21
C000783,Alan Simpson,zgeorge@example.org,7266292508,1994-02-04
C000784,Vicki Cunningham,hammondjoseph@example.com,1333731255,1976-11-16
C000785,Joshua Miller,harriswendy@example.org,1920613638,1978-01-08
C000786,Vanessa Bennett,jefferyjones@example.net,4490295026,1984-06-12
C000787,Dustin Brown,qharris@example.org,7812778221,1957-02-22
C000788,Leah Wilcox,fullerjose@example.com,9857973638,1984-03-01
C000789,Whitney Ortiz,jeremy70@example.com,6177067368,1962-10-09
C000790,Joshua Miller,henrysoto@example.com,1650587146,2002-09-27
C000791,Teresa Jones,marksanders@example.com,8984369984,1986-04-17
C000792,Amanda Rivera,beanheather@example.org,9484249598,1959-05-07
C000793,Mark Romero,dominguezscott@example.com,3867673820,1970-01-04
C000794,Tracey Brown,isimpson@example.com,8299687225,1976-08-08
C000795,Amanda Schneider MD,rossjacob@example.net,5040566957,1984-04-28
C000796,Douglas Weaver,melissa44@example.org,7963259423,1996-07-05
C000797,Sandra Walker,amyvalenzuela@example.net,5624152857,1969-01-13
C000798,Carolyn Shah,mirandawalker@example.net,1381865507,1962-02-14
C000799,Leonard Avila,mallory30@example.org,9189117972,1988-09-24
C000800,David Leon,robersonjason@example.com,5471553132,1998-09-01
C000801,Ryan Warren,laurenwest@example.com,0942141052,1979-04-05
C000802,Barbara Vargas,mhoffman@example.net,7045238885,1986-09-22
C000803,Susan Parsons,ubrown@example.net,7874422758,1973-03-25
C000804,Kevin Oconnell,kristin94@example.org,4911650200,1993-09-24
C000805,Laurie Johns,mullendavid@example.org,5130557083,1976-01-23
C000806,Eric Rosales,ncruz@example.net,2736774620,1997-02-14
C000807,Tamara Roberts,foxlinda@example.org,2312392049,2000-12-25
C000808,Brandon Sanchez,tracy38@example.com,0827681722,2000-12-14
C000809,William Hart,timothy62@example.net,5291876831,1972-07-18
C000810,Toni Brewer,bryanmcdaniel@example.org,3992052229,1963-01-27
C000811,Christopher Garcia,qlloyd@example.net,4388232553,2001-02-19
C000812,Elizabeth Butler,dhardy@example.net,3264309544,1972-07-02
C000813,Catherine Griffin,ksmith@example.org,1205397871,1999-05-27
C000814,Kristin Herman,davidjohnson@example.net,2560832004,1960-02-14
C000815,Kelly Hunter,nbailey@example.net,8523860030,1997-05-24
C000816,Robin Wyatt,daniel15@example.org,9102929501,1977-02-08
C000817,Nancy Lee,rhondaray@example.com,3971912602,1969-07-29
C000818,Michael Graves,wortiz@example.net,0191116612,1961-06-04
C000819,Jill Sharp,mrandolph@example.net,0493665380,1992-09-25
C000820,Brittany Glover,craigmitchell@example.net,8250952294,2003-07-25
C000821,Ryan Vang,jennifer10@example.org,2970137124,1990-12-16
C000822,Jacob Parker,jasonjohnson@example.org,0270615927,1988-02-13
C000823,Kyle Brown,reynoldsmichelle@example.org,3224815542,1969-08-17
C000824,Caleb Jensen,kfrye@example.net,5649157955,1952-11-30
C000825,Ryan Taylor,steven01@example.org,1810306831,1967-06-17
C000826,Katherine Coleman,stephenszachary@example.net,7129015071,2002-08-31
C000827,David Murray,martinnovak@example.com,8474362130,1978-07-08
C000828,Scott Rhodes,bsimmons@example.net,7031805339,1963-01-29
C000829,Stacy Kim,christianrichards@example.net,2700046661,1968-01-05
C000830,Rebecca Williams,hestrada@example.com,0493881949,1952-05-29
C000831,Andrea Mueller MD,mortonkenneth@example.net,6987313797,1996-02-25
C000832,Eileen Jenkins,jmoses@example.org,4077943325,1991-09-30
C000833,Kaylee Garza,brandi19@example.com,1426203708,2000-11-11
C000834,Anthony Moore,mccoydonna@example.com,8135998989,1957-11-26
C000835,Tonya Simon,sarah80@example.org,4482217588,1956-05-24
C000836,Timothy Ryan,cainjordan@example.org,7571236914,1985-03-15
C000837,Angela Moore,lcraig@example.com,9688276970,2002-09-29
C000838,Bruce Conway,tylerrodney@example.com,0783274883,1974-11-05
C000839,Julia Yates,owhite@example.org,4966834960,1957-12-29
C000840,Jeremy Hernandez,curtis22@example.com,6488208934,1971-12-21
C000841,Lisa Beard,tracifoster@example.org,9916091141,1998-02-14
C000842,Danielle Guerrero DVM,yolandamarks@example.net,1337605230,2002-03-16
C000843,Gary Greer,kentmichael@example.com,7241916503,1985-06-28
C000844,Jennifer Brown,vmosley@example.org,4989808806,2004-04-25
C000845,Jeremy Gutierrez,cobbmary@example.net,6648698939,1957-04-22
C000846,Jonathon Bradley,murphybrianna@example.com,1192920753,1980-09-04
C000847,Blake Vega,perezcaitlin@example.net,3653621894,1958-06-06
C000848,Adam Johnson,lindsay48@example.net,2046648966,1954-07-06
C000849,Deborah Smith,leroy57@example.com,8097453389,1972-12-15
C000850,Jaclyn Lindsey,ologan@example.org,5401659953,1967-03-20
C000851,Bailey Hernandez,sylviayates@example.com,7462591601,1961-08-14
C000852,Mrs. Susan Christian,amanda86@example.org,8017986778,1998-12-20
C000853,Sonya Howard,galvanjoshua@example.org,4261212038,1962-06-24
C000854,Gregory Chapman,idelacruz@example.org,8525482421,1973-12-30
C000855,Heidi Goodwin,brandon64@example.com,4752311232,1972-10-12
C000856,Monica Henry,hayesrachel@example.com,3427203886,1992-07-19
C000857,Mary Brown,lawsonpaul@example.org,4530693588,1974-10-11
C000858,David Torres,hodgemichelle@example.net,8167784816,1966-04-29
C000859,Michael Ward,ronald83@example.net,1799378105,1968-01-02
C000860,Toni Hunt,morgan69@example.net,9882904579,1960-09-20
C000861,Melanie King,benjamindavis@example.net,4242383972,1969-05-17
C000862,Brittany Rodriguez,kjohnson@example.net,2880983221,1989-05-14
C000863,Stephen Smith,ymurray@example.org,0898761081,1963-04-24
C000864,Donna Lowery,rachaelroberts@example.com,1980746823,1976-10-28
C000865,Michael Davis,gonzalezkendra@example.org,6205459671,1990-10-10
C000866,Steven Price,christopher06@example.com,1134078516,1980-05-17
C000867,Amanda Gilbert,kendra36@example.com,4826899962,2003-04-11
C000868,David Hamilton,kennedywanda@example.net,9150596257,2004-02-16
C000869,Kurt Martinez,andersonnicole@example.com,8982604180,1976-05-15
C000870,Heather Dixon,murraystephen@example.net,2746921188,1955-09-02
C000871,Jennifer Taylor,gregory29@example.com,8917045421,1992-02-15
C000872,Dr. Francis Chan,aaronlane@example.org,7090016356,1976-02-01
C000873,Chad Abbott,gbraun@example.org,4001788224,1962-05-25
C000874,Andrea David DDS,adam10@example.com,1195092711,1959-12-26
C000875,Amanda Cox,kbrown@example.org,0071695007,1956-03-20
C000876,Kristina Murphy,jeremy29@example.net,6989365294,1989-10-09
C000877,Anita Weber,tiffanyharris@example.com,3104502589,1978-11-05
C000878,Edward Arellano,samuel83@example.com,6806486067,1955-05-23
C000879,Whitney Macdonald DVM,amyponce@example.com,6462805507,1965-08-14
C000880,Manuel Gomez,susan23@example.net,0908551074,1977-06-27
C000881,Bradley Garcia,rdavis@example.org,5476022069,1966-08-10
C000882,Angela Thompson,orozcoelizabeth@example.org,5950026015,1968-12-14
C000883,Susan Reed,scott95@example.org,4071732798,1999-09-03
C000884,Alfred Hall,williamstoni@example.com,4039104520,1996-08-01
C000885,Valerie Mitchell,danielscourtney@example.org,5992855359,1985-03-06
C000886,Andrew Russell,khudson@example.org,6968018677,1975-04-21
C000887,Melissa Martinez,eileenhudson@example.com,9530067762,1983-04-23
C000888,Gregory Smith,ylewis@example.com,2624178429,1965-07-18
C000889,Colleen Walker,melissa10@example.net,9060530886,1998-07-07
C000890,Steven Davis,ywallace@example.org,4575988759,1951-08-30
C000891,Patricia Collins,pwilliams@example.com,0275582147,1991-02-04
C000892,Jeremy Davis,meagan38@example.org,3621921581,1959-04-17
C000893,Jacob Davis,mejiawesley@example.org,5881959772,1999-11-25
C000894,Anthony Riddle,sally78@example.net,1869289728,1985-11-17
C000895,Whitney Taylor,dmartin@example.org,9482322041,1954-05-07
C000896,Monique Middleton,jonesterri@example.com,0202030423,1969-09-06
C000897,Timothy Dominguez,sanchezjennifer@example.org,8165064630,1984-08-08
C000898,Jessica Stevens,gleach@example.net,2102916174,1966-06-02
C000899,Tina Robinson,bakermegan@example.net,1966229131,1961-07-16
C000900,Jared Dyer,zskinner@example.com,6362198655,1984-10-23
C000901,Rachel Turner,alexanderryan@example.org,9339650496,1970-03-28
C000902,Janice Hamilton,davistanya@example.com,6258542188,1959-07-11
C000903,Lisa Singh,phernandez@example.net,1996433853,1991-02-21
C000904,Mary Diaz,jeffreygreen@example.org,3115876054,1963-06-01
C000905,Debra Rivera,tmorales@example.net,5353659746,1997-08-27
C000906,Amy Clark,david25@example.com,0809594815,1976-09-23
C000907,Todd Johnston,cturner@example.org,3074235914,1960-06-01
C000908,Michael Baker,johnmerritt@example.com,4543079637,1970-03-03
C000909,Melissa Martinez,samantha21@example.org,8718452354,1952-10-02
C000910,Derek Frazier,fwilliams@example.org,0865237772,2004-12-25
C000911,Cole Mcdonald,ramirezbryan@example.org,2781055800,1997-02-13
C000912,Carl Parker,steven31@example.com,9439136817,1997-02-24
C000913,Marcus Bell,aprilmyers@example.net,9297352595,1958-12-27
C000914,Michael Briggs,hollylee@example.net,0457353236,1962-03-18
C000915,Julie Davis,arnoldstephen@example.net,6971823601,1974-07-13
C000916,Hector Bruce,patriciagrant@example.net,1764846735,1961-04-29
C000917,Wayne Robinson,donaldmartin@example.net,1944258922,1960-08-03
C000918,Roberto Williamson,jason06@example.org,3118046741,1954-08-08
C000919,Scott Dodson,delgadomario@example.org,3626084639,1996-03-28
C000920,Donald Alvarez,lucas91@example.org,5164119556,1955-01-07
C000921,Nathan Vargas,brittanyhayes@example.com,2070204262,1996-05-04
C000922,Chad Stanley Jr.,everettashley@example.net,9678976098,1995-01-31
C000923,Steven Hall,davidpearson@example.net,7598897865,1961-12-09
C000924,Christina Morrison,mmurphy@example.org,2312021915,1998-03-25
C000925,Willie Hart,smarsh@example.com,0026876448,2005-08-31
C000926,Leslie Mclean,barnesjames@example.com,0450063553,1970-12-22
C000927,Vanessa Cunningham,sydneyalexander@example.org,2963530597,1990-10-14
C000928,Joseph Ford,ronaldyoung@example.org,9489895965,1974-07-07
C000929,Gary Green,julie44@example.org,9169993934,1967-08-04
C000930,Stanley Wiley,andre82@example.org,0958629739,1970-02-10
C000931,Christopher Coffey,sanderson@example.org,7075485346,1969-01-22
C000932,Shannon Martinez,alejandroturner@example.net,4612939002,2005-03-05
C000933,Nicholas Murray,hlin@example.net,3595708619,2003-09-16
C000934,Kristen Lopez,randy31@example.org,8850342362,1968-06-24
C000935,Edward Baker,dianasmith@example.org,9686800852,1963-12-23
C000936,Amber Mercado,lucasteresa@example.com,1743043502,2001-12-21
C000937,Robert Lynch,robert52@example.com,2332829302,1953-11-27
C000938,Ashley Harris,halljeffrey@example.com,7711675076,1978-01-07
C000939,Robert Wright,thompsondarlene@example.org,1239847230,1992-03-21
C000940,Edward Jones,davisjennifer@example.org,4050764871,1953-11-20
C000941,Marcus Collier,sarawilliams@example.com,8727258122,1968-06-08
C000942,Rachael Cooper,schang@example.net,8237337912,2005-05-02
C000943,Barbara Ellis,youngmichael@example.net,9017074039,1956-07-24
C000944,Lisa Benson,carlymoss@example.org,1222764338,1990-09-16
C000945,Dylan Thomas,rthompson@example.com,9633083344,1952-03-04
C000946,Kelly Romero,alexander70@example.org,5968519537,1971-06-14
C000947,Jennifer Walters,ernestrich@example.net,6342777522,1998-06-26
C000948,Stephen Bailey,thomascassandra@example.org,9229411563,1951-11-27
C000949,Maurice Perkins,ryanford@example.net,6294206615,1972-05-02
C000950,Kristen Davis,jenniferwalker@example.net,0498321122,1952-07-21
C000951,Kayla Buck,dawsonamanda@example.com,8764019185,1976-01-13
C000952,William Brady,williamspaul@example.net,7873585664,1954-09-10
C000953,Carl Phillips,danielthomas@example.com,2132041042,1991-04-04
C000954,Ashley Oconnor,davismichelle@example.com,6999949812,1965-06-23
C000955,Amy Golden,vortiz@example.net,0005328538,2000-10-02
C000956,Anthony Pacheco,john83@example.net,5826929900,1950-12-22
C000957,Rodney Avila,michaelathompson@example.net,8963376185,1998-03-06
C000958,Brian Hamilton,tammy10@example.org,2823392188,1962-10-05
C000959,Monica Brown,wnguyen@example.net,6776106592,1982-02-02
C000960,Robin Wright,howellstuart@example.com,1781596983,1957-07-19
C000961,Nicholas Smith DDS,jacquelinebennett@example.net,8629591257,1995-09-04
C000962,Stephanie Martin,jeffrey46@example.net,7429907472,1985-03-25
C000963,Elizabeth Duran DDS,jwashington@example.org,4748599464,1990-11-18
C000964,Kathy Turner,smurray@example.com,3698816498,2005-05-03
C000965,Larry Bates,uliu@example.org,0262706648,1972-03-21
C000966,Joseph King,carrilloaaron@example.net,0574883997,1987-10-04
C000967,Sean Smith,akramer@example.org,3056619953,1974-05-15
C000968,Dean Cunningham,qirwin@example.com,7908701872,1970-08-21
C000969,Christina Watson,williamsjoseph@example.com,4299067456,1958-05-27
C000970,Andrew Thomas,darrylkent@example.net,7256222190,1961-12-05
C000971,Elizabeth Mcguire,victor76@example.com,5593965213,1993-12-09
C000972,Brad Taylor MD,jeffery29@example.org,3622117327,1951-02-16
C000973,Marvin Dennis,angela58@example.com,2942525161,2003-04-11
C000974,Joan Brown,ricedana@example.com,9147744735,1975-10-09
C000975,Joseph Paul,daniel71@example.com,9734493053,1970-12-17
C000976,Calvin Robinson,russocasey@example.org,8926087882,1952-10-09
C000977,Joshua Gonzalez,margaret62@example.com,5217465353,2004-10-09
C000978,Sharon Kelly,rlopez@example.com,1776296914,1957-08-15
C000979,Laura Oneal,vgreen@example.org,0108985739,1960-01-03
C000980,Carla Padilla,salvarado@example.com,4648849979,1997-03-29
C000981,Jacqueline Rowe,tmurphy@example.net,8281902217,1988-11-21
C000982,Mary Welch,wilkinskevin@example.net,9717059844,1992-03-02
C000983,Jessica Hodges,alexandramyers@example.net,1230388568,2004-10-18
C000984,Victoria Flowers,hillsabrina@example.net,0992177905,1967-06-09
C000985,Lauren Walker,christopher58@example.net,7053260119,1979-08-26
C000986,Scott Martinez,pparker@example.com,1360908581,1951-06-04
C000987,Shawn Evans,eclark@example.com,3662713589,1969-12-31
C000988,Robert Brown,simsamy@example.com,5473156639,1964-12-07
C000989,Shawn Garcia,john90@example.net,8377270289,1975-01-04
C000990,David Thompson,grayjonathan@example.org,1019753584,1951-01-12
C000991,Amanda Caldwell,taylortina@example.org,2763628144,1976-02-12
C000992,Crystal Stewart,sarajohnston@example.net,6764909228,1986-09-14
C000993,Derrick Flores,daniel35@example.net,2717430688,1985-05-11
C000994,Pamela Johnson,stacey98@example.net,8738775833,1969-02-25
C000995,Adrian King,jenniferjacobs@example.net,5386028262,2002-07-01
C000996,Andrea Boone,patriciacarr@example.net,7720441007,1953-05-27
C000997,Devin Cuevas,maryday@example.org,9412248709,1989-02-28
C000998,David Mahoney,lharris@example.com,7422404326,2001-05-15
C000999,Corey Reyes,ygarcia@example.org,7028672020,1993-01-11
C001000,Jeanne Lang,chadward@example.com,0577950017,2003-10-02
C001001,Alexandria Lindsey,christinadavis@example.org,2211386908,2005-01-04
C001002,Bryan Brock,leslie46@example.org,1928170744,1984-06-09
C001003,Olivia Carter,isaiahthomas@example.net,0252394120,1960-07-23
C001004,Rebecca Wells,nicholasjohnson@example.net,6551327617,2001-03-14
C001005,Megan Nelson,margaret59@example.net,1602119158,1952-05-09
C001006,Stanley Holder,jessica86@example.com,8686237600,2005-07-09
C001007,Alexander Curry,jnicholson@example.org,9074992164,1971-12-10
C001008,Pamela Mahoney,philliphayden@example.net,3534848647,1989-08-03
C001009,Vincent Ortiz,ryan20@example.org,2372055033,1958-09-10
C001010,Jamie Mcguire,lchavez@example.org,0889911416,1951-12-13
C001011,Paul Burton,dominicsimpson@example.com,9060854818,1956-12-30
C001012,Anthony Morse,gabrielle36@example.org,3711815198,1977-02-24
C001013,Kenneth Ballard,teresalopez@example.com,1535346607,1984-10-27
C001014,Diane Zamora,michelle67@example.org,1082402818,1992-01-13
C001015,Thomas Roberts,hernandezpamela@example.org,8581745273,1985-08-24
C001016,Timothy Cooper,ssmith@example.org,9182851816,1971-12-01
C001017,Donna Cline,cwilson@example.org,9230466001,1974-04-03
C001018,Brandon Davis,jamesstrong@example.net,1512048507,1986-04-05
C001019,Patricia Cross,larry04@example.net,2763460191,1965-12-25
C001020,Dr. Mario Harris DDS,qbruce@example.org,8617682251,1975-08-13
C001021,Aaron Myers,ypadilla@example.com,2241976878,1977-07-16
C001022,Bobby Moore,fowlermichael@example.org,1848974223,1982-12-03
C001023,Nicholas Koch,hkelley@example.org,5649525492,1971-08-24
C001024,Robert Miranda,lambertcheyenne@example.org,8273063435,2005-03-22
C001025,Misty Rice,brenda68@example.org,6405110212,1984-12-02
C001026,Angela Barber,michellewilson@example.com,4986037218,1995-05-22
C001027,Zachary Harris,lpierce@example.net,1140034713,1964-07-02
C001028,Pamela Peters,normandaniel@example.net,2590841947,1990-11-03
C001029,Angela Mullen,jeffrey82@example.net,0728878072,1951-05-10
C001030,Brian Perry,sjohnson@example.net,9722399647,1999-05-16
C001031,Dr. Andrew Johns,yoderadam@example.com,8557800244,1964-03-08
C001032,Carla Holloway,yrichards@example.com,8574670675,1977-08-11
C001033,Kenneth Haas,heidi21@example.com,1642610703,1997-09-03
C001034,Deanna Casey,melinda19@example.net,9248481300,1994-11-11
C001035,Angela Smith,brandongarcia@example.org,7586463395,1991-08-04
C001036,Gabriel Wilkins,rhonda64@example.org,8961573855,1956-11-19
C001037,Jerry Vasquez,andersonbrittany@example.net,8155426097,2003-02-21
C001038,Richard Graham,kelsey67@example.com,0517107308,1951-12-30
C001039,Nicole Castillo,timothysharp@example.org,7543802741,1976-11-11
C001040,Christopher Williams,martintownsend@example.com,2728840766,1998-09-25
C001041,Jamie Clark,tdougherty@example.org,3867625923,1981-01-06
C001042,Jennifer Powers,salinaszachary@example.net,9320553405,1983-01-18
C001043,Curtis Barnes,kruegermark@example.com,4053567078,2003-04-01
C001044,David Graham,willismichelle@example.org,2273627320,1999-01-28
C001045,Philip Huff,denise76@example.net,7162042985,1983-07-10
C001046,Juan Johnson,shelbyhouston@example.net,3922026980,1988-04-23
C001047,Jon Jones,epayne@example.com,0316370500,1996-11-21
C001048,Russell White,nicholas31@example.com,9476380839,1964-11-29
C001049,Stanley Gilbert,daniel93@example.net,2727281291,1968-05-31
C001050,William Hart,bbrown@example.net,7652728453,1995-02-04
C001051,Laurie Johnson,wagneramy@example.com,6756020801,1993-02-19
C001052,Raymond Strong,nicole39@example.org,4890932253,1953-11-15
C001053,Dana Jones,lisabullock@example.com,0193545036,1951-02-28
C001054,Richard Hanson,jamesmartin@example.org,2962080598,1988-11-02
C001055,Devin Martin,wallacemathew@example.net,5999201237,2004-05-19
C001056,Kevin Ramirez,escobarpatrick@example.net,1937591922,1983-06-15
C001057,John Hall,banderson@example.com,5286461209,1998-07-20
C001058,Aaron Watkins,leslie24@example.org,2115355051,2002-11-14
C001059,Ashley Young,holmesscott@example.net,2479254221,1957-07-17
C001060,Lori Leonard,garzajill@example.org,8770676933,1998-11-27
C001061,Mrs. Anna Salas,martintanner@example.net,6408585883,1990-10-31
C001062,Riley Taylor,andrewromero@example.com,2925435519,1998-04-24
C001063,Sean Smith,fergusonmichael@example.net,2472863942,1961-07-14
C001064,Thomas Miller,brookefrench@example.net,6270266045,2004-09-02
C001065,Austin Huff,smithjesse@example.org,1933538922,1979-12-30
C001066,Kevin Reyes,nealrobert@example.org,7705646160,1957-01-31
C001067,Michael Reeves,alex95@example.org,2346176231,1977-04-25
C001068,Timothy Williamson,jennifer64@example.org,1654413727,1958-07-08
C001069,Jason Sellers,hendersonheather@example.com,2904617551,1975-05-07
C001070,Dr. Kathleen Gilbert MD,heidi02@example.com,7444172345,1952-01-22
C001071,Laura West,martinmorgan@example.net,3626890472,1984-10-21
C001072,Amy Smith,larsonjeremy@example.com,7421643599,2000-08-28
C001073,Joseph Green,fwilliams@example.net,1437884437,2003-11-11
C001074,Jocelyn Pearson,natalie46@example.com,6368154185,1956-04-25
C001075,Brittany Alvarez,barbararodriguez@example.net,5078604356,1952-12-30
C001076,David Adams,pvargas@example.org,6773067182,1953-03-13
C001077,Karen Andrews,kimberly90@example.net,8865385906,1978-08-20
C001078,Michael Jackson,barcher@example.net,5049221704,1978-12-07
C001079,Melanie Ramos,lmyers@example.org,6290739928,1987-10-21
C001080,Katherine Hoffman,xpark@example.org,7170864942,1987-03-22
C001081,Mitchell Garza,teresamiller@example.org,4901459967,1961-06-12
C001082,Gerald Ryan,aarongreen@example.net,4388430217,1962-12-08
C001083,Tammy Hughes,rfinley@example.net,1589016492,1982-10-18
C001084,Jerry Williams,mbrown@example.org,4070308808,1950-10-24
C001085,Christopher Bautista,denisetownsend@example.com,0072889592,1978-01-28
C001086,Aaron Giles,ballnicole@example.com,2766208082,1955-11-01
C001087,Mark Brock,qlee@example.com,3596245870,1958-11-18
C001088,Rita Arias,kennethsandoval@example.com,6909123753,2000-10-13
C001089,Jennifer Velasquez,wrightnicholas@example.com,2436524055,1968-10-30
C001090,Melissa Ochoa,kimberly40@example.org,4882159773,1984-10-27
C001091,Christian Gonzalez,jerryjohnson@example.com,9986491259,1999-03-09
C001092,Brandy Williams,jacob86@example.org,6992066617,1996-01-27
C001093,Gregory Bishop,briannamclaughlin@example.net,3587688777,1962-10-02
C001094,Eric Wright,brandonmeza@example.com,1539839122,2003-11-10
C001095,Donna Williams,jspears@example.net,4304913410,1951-01-05
C001096,Steven Bridges,landerson@example.net,5642240592,1984-06-11
C001097,David Hudson,bholder@example.net,9489629805,1966-08-09
C001098,Matthew Sanchez,westricky@example.org,9572404347,1951-01-03
C001099,Benjamin Lee,melissa10@example.org,7732175036,1972-05-08
C001100,Gavin Howell,garzazachary@example.org,7034244474,1953-10-10
C001101,Jeffrey Wallace,xcline@example.org,1076519170,2003-10-10
C001102,Tonya Jackson,christian56@example.org,0918580558,1983-08-09
C001103,Nathan Harvey,john16@example.org,7004093045,1981-06-18
C001104,Dr. Danielle Leblanc,gregorybrock@example.org,9662038588,1969-07-07
C001105,Joshua Hernandez,eric51@example.com,6933356230,1995-08-19
C001106,Alex Velez,gillmary@example.com,8987092019,1971-02-16
C001107,Lori Werner,christiangonzalez@example.org,6115848580,1999-11-27
C001108,Bryan Wheeler,djohnson@example.net,2053970774,1967-02-10
C001109,Tina Brown,samanthawoodard@example.org,1461995394,1983-05-24
C001110,Jason Wright,xlivingston@example.org,2618402578,1978-06-28
C001111,Amber Reilly,longbob@example.com,6050281640,1977-02-18
C001112,Daniel Williams,mcneilbrian@example.net,0252094523,1958-12-04
C001113,Holly Mathews,tanyawilliams@example.net,0275745449,1982-07-11
C001114,Tonya Campbell,sara38@example.org,8081896558,1970-03-01
C001115,William Moore,carlajennings@example.org,7970566036,2002-07-28
C001116,Amanda Smith,jshields@example.com,0235158501,1971-10-13
C001117,Michael Walters,hendersonlisa@example.com,0587905224,1955-05-01
C001118,Elizabeth Bradley,mckinneytanya@example.net,3157905719,1967-05-28
C001119,Vincent Zuniga,bcarpenter@example.com,1833597487,1986-11-18
C001120,Amber Lopez,victoriabenson@example.com,8430192209,1976-03-07
C001121,Samuel Thomas,rlewis@example.org,9644028253,1967-03-05
C001122,Linda Lopez,scottsellers@example.net,3852023209,1976-04-21
C001123,Colin Juarez,zacharycarter@example.org,7199829075,1955-02-26
C001124,Beth Price,kmorris@example.net,3831006433,1968-12-31
C001125,Brittany Anderson,nmcdonald@example.org,6806647070,1993-04-09
C001126,Robert Rogers,gavin84@example.org,1074027406,1954-04-11
C001127,Jason Watson,wilkinsonrussell@example.org,0363856461,1962-01-28
C001128,John Willis,millsjeff@example.net,9849149860,1968-11-24
C001129,Douglas Park,douglasbutler@example.com,3223946121,1972-01-20
C001130,Kimberly Curtis,riverakeith@example.com,4001276223,1998-08-12
C001131,Ronald Hickman,matthewespinoza@example.net,1888223788,1984-07-31
C001132,Sarah Jones,cruzchase@example.net,4956479984,1995-06-10
C001133,Jeremy Adams,rlee@example.net,0972361080,1985-10-12
C001134,Casey Garcia,michael57@example.net,4578655575,1956-05-28
C001135,Aaron Williams,ymorgan@example.com,4051665451,1982-09-18
C001136,Randy Chapman,afitzpatrick@example.org,3868608357,1971-04-20
C001137,Jennifer Williams,lisa42@example.org,0205089830,1952-01-25
C001138,Kenneth Silva,mlittle@example.com,9724528413,1965-03-06
C001139,Elizabeth Rocha,wharris@example.com,4809573940,1969-02-08
C001140,William Smith,joseph03@example.org,8925849073,1953-10-14
C001141,Patrick Ortega,bmitchell@example.com,9514186482,1966-03-09
C001142,Betty Obrien,zhorton@example.com,9623326058,1986-03-26
C001143,Ryan Carter,coreyhendrix@example.org,6629315181,1961-12-28
C001144,Charles James,lorraine94@example.com,6232723717,1960-11-21
C001145,Dr. Crystal Shelton,johnsonlisa@example.com,4870847795,1952-07-19
C001146,Erik Watkins Jr.,cameronkaitlyn@example.com,5915790894,1979-05-06
C001147,Jeanette Sullivan,williampierce@example.com,3802076123,2002-07-29
C001148,Mark Contreras,chenmatthew@example.org,2988618207,1962-12-28
C001149,Tracie Johnson,williamsbrenda@example.org,2982689334,1999-05-22
C001150,Tammy Sanchez,bradley75@example.com,8335570773,1992-01-19
C001151,Gerald Williams,scott05@example.org,8799384440,1957-07-12
C001152,Wesley Collins,pam01@example.org,5036871568,1987-04-14
C001153,Sherry Cole,jmedina@example.org,4568446794,1990-05-16
C001154,Tiffany Olsen,reynoldssharon@example.net,7378315975,2000-02-03
C001155,Mary Hall,xnixon@example.net,0291585423,1998-07-28
C001156,Willie Watson,courtney48@example.org,6073446746,1956-11-13
C001157,Heather Campbell,dorseytony@example.net,6170502218,2001-04-10
C001158,Roy Mitchell,perezkathryn@example.com,6094837740,1988-04-06
C001159,Matthew Shea,kellijohnson@example.org,5099621836,1987-03-10
C001160,Jamie Perry,acisneros@example.org,6342022234,1959-02-03
C001161,William Hardy,aspencer@example.com,9017791524,1953-05-29
C001162,Luis Lewis,bryan46@example.com,4260186372,1969-05-19
C001163,Nicole Moss,oenglish@example.com,9227764149,1989-05-04
C001164,Kimberly Smith,juliacook@example.org,4448672288,2004-08-30
C001165,David Hall,sara46@example.net,5749325114,1971-03-05
C001166,Rodney Lewis,nancysmith@example.org,4377661830,1985-11-24
C001167,Nathan Herrera,christopherharris@example.org,1143678621,1954-03-23
C001168,Anne Gilbert,umccoy@example.com,2570680269,1955-12-30
C001169,Cassidy Paul,powellbrian@example.org,2865505224,1976-01-18
C001170,Jamie Castillo,edwardsjonathan@example.net,0166338222,2004-05-09
C001171,Crystal Madden MD,brandongray@example.net,1901134843,1952-11-09
C001172,Christopher White,hmoses@example.org,3945645234,1963-10-23
C001173,Elizabeth Ramos,thompsonbrandy@example.com,3420953677,1971-01-07
C001174,Heather Howell,michaeldavenport@example.org,2665591476,1988-02-24
C001175,Lisa Butler,daniel75@example.org,6952474665,1994-03-27
C001176,Melissa Howe,kathleengilmore@example.net,3243679241,1988-11-25
C001177,Sharon Wolfe,vtapia@example.net,5434685863,1961-05-16
C001178,Nicholas Thomas,plawrence@example.net,6153811683,2004-02-13
C001179,Robert Wells,sbrown@example.org,1489678082,1967-05-17
C001180,William Werner,lbowers@example.com,6254292645,1964-11-13
C001181,Charles Galvan,alexander69@example.com,1266497196,1991-05-25
C001182,Courtney Murphy,johnsonstephanie@example.org,5901639949,1997-02-12
C001183,William Lewis,qwhitaker@example.org,8140984101,1966-02-13
C001184,Xavier Kerr,garciaalex@example.com,0042028866,1965-06-12
C001185,Andrea Oliver,wrightdrew@example.org,8548420353,1952-12-15
C001186,William Davis,harrisamy@example.org,5711713219,1998-01-12
C001187,Maureen Smith,robertsdavid@example.net,4527193678,1971-05-13
C001188,Chelsea Jones,johnsondana@example.com,6194232154,1970-10-04
C001189,Claudia Williams,lchurch@example.com,6845525274,1956-04-27
C001190,John Stokes,msilva@example.net,8856694899,1993-10-15
C001191,William Haynes,ryan56@example.org,5842271726,1975-11-03
C001192,David Sawyer,michele41@example.org,6862408710,1978-04-12
C001193,Megan Mcneil,tuckeramanda@example.org,6238115223,1987-07-24
C001194,Christopher Smith,thomas28@example.org,9994004108,1963-01-11
C001195,Jake Casey,boylemichael@example.org,3572289206,2005-04-29
C001196,Amanda Malone,anthonyhouse@example.org,0419453419,1984-01-06
C001197,Tara Baker,zpeters@example.com,2802188930,2002-06-30
C001198,Ms. Michelle Johnson,stevenrichards@example.org,1397436990,1984-07-31
C001199,Suzanne Mueller,heidi08@example.com,9069690452,1972-09-14
C001200,Austin Williams,robert33@example.com,5701652761,1979-12-01
C001201,Steven Brown,jeffrey08@example.com,7699296444,1955-06-01
C001202,Robin Schmidt,johntaylor@example.com,3480041724,1972-09-12
C001203,Jennifer Rodriguez,leslie49@example.org,2796024257,1967-06-30
C001204,Lisa Morgan,michael31@example.com,8630402966,1965-10-17
C001205,Brett Phillips,carolinecalderon@example.org,1678215392,1956-11-18
C001206,William Smith,valerieweiss@example.org,1392804850,1964-12-30
C001207,Kevin Rodriguez,dawnlewis@example.net,7971900002,1979-02-27
C001208,Clinton Peterson,holly18@example.net,5940799230,1957-06-24
C001209,Angela Cruz,yowens@example.net,4564743701,1960-01-07
C001210,Melissa Garcia,santiagoterri@example.com,6505276120,1964-01-14
C001211,Maria Woods,russellcharles@example.net,2231167870,1956-08-07
C001212,Chad Gonzalez,wmartinez@example.net,1268485637,1964-08-17
C001213,Cheryl Williams,shawnrogers@example.org,3132465986,1961-01-26
C001214,Nicole Nichols,dakota83@example.net,6591538201,1959-05-05
C001215,Carla Patterson,jack73@example.com,2724553375,1977-02-07
C001216,Jason Rice,brianna22@example.com,5104625069,1992-06-19
C001217,Timothy Trevino,lorettabrown@example.com,7672935097,1972-12-18
C001218,Sharon Jones,turnermisty@example.net,0223477804,1997-04-25
C001219,Breanna Wilson,helen07@example.org,3982147823,1982-04-06
C001220,Keith Warner,caleb67@example.com,0636328630,1997-11-24
C001221,Alyssa Avery,vancejennifer@example.net,8426483336,2004-09-23
C001222,Katrina Mays,vjimenez@example.net,3605494692,1952-04-10
C001223,Mike Williams,dustinhowell@example.org,5001154617,1979-03-31
C001224,Claire Warren,mitchelldanielle@example.org,0431566851,1987-07-09
C001225,Ashley Robertson,thomasellis@example.com,3090168564,1986-04-07
C001226,Amanda Hayden,mooresteven@example.net,6988371611,1981-05-22
C001227,Ms. Jenny Miller,yserrano@example.com,9833261705,1979-08-02
C001228,David Schneider,chapmanrobert@example.com,8535339982,1964-10-28
C001229,Anna Whitehead,crogers@example.org,8466879303,1977-12-11
C001230,Steven Murray,bmolina@example.net,4515025285,1973-11-30
C001231,Joshua Meyers,nicholsanne@example.com,0738277771,1966-12-12
C001232,Michael Castillo,xgonzalez@example.net,0712102423,1960-04-02
C001233,Tracey Bailey,sallison@example.net,7196199716,1965-06-14
C001234,Jennifer Gibson,billy96@example.net,3440095224,1974-07-09
C001235,Lori Krueger,daviddavis@example.org,3907054736,1964-01-26
C001236,Laurie Miller,benjamin10@example.org,2600802658,1984-04-01
C001237,Linda Boyer,jeffreyroberts@example.net,5719214967,1982-08-11
C001238,Steven Wagner,ymercer@example.com,2031726652,1976-11-14
C001239,Deborah Small,vanessajimenez@example.org,0002086014,1977-06-12
C001240,Kristin Morgan,madisonsimpson@example.org,3033563693,1956-07-25
C001241,Leah Fox,cameronramos@example.org,4802835415,1954-08-01
C001242,Lisa Hall,jasmin76@example.com,3662808122,1993-03-30
C001243,Sharon Armstrong,qshannon@example.com,5311058330,1974-06-13
C001244,Lisa Roberts,codyrichards@example.org,2693765016,1964-07-06
C001245,Katrina Mendoza,dominiquedaniels@example.org,3688501627,1997-09-03
C001246,Jeffrey Wallace,hudsongwendolyn@example.com,1652289890,1961-07-11
C001247,Evan Nichols,marcusdean@example.com,2659764083,1990-06-08
C001248,Thomas Sellers,david71@example.com,7893912956,1952-05-22
C001249,Matthew Skinner,alicia00@example.net,0092449287,1986-12-22
C001250,Anthony Hall,schroederbrittany@example.org,1250186074,1994-03-24
C001251,Lindsay Hernandez,fernandorosales@example.com,1806200730,1978-01-13
C001252,Jessica Green,ecox@example.net,0571446956,1976-11-26
C001253,Steven Mccormick,debbie45@example.org,5146688658,1999-09-25
C001254,Kristina Chase,diana62@example.com,3664853207,1964-03-16
C001255,Jordan Lynch,erikstephenson@example.com,4436958050,1982-10-06
C001256,Amanda Thompson MD,amartin@example.org,3429390773,1975-04-17
C001257,Richard Reed,allensara@example.org,2585150204,1972-02-17
C001258,Daniel Perez,taylorsteven@example.com,3795311123,1988-12-23
C001259,Carol Howard DVM,edward66@example.org,1085738385,1969-05-30
C001260,Peter Davila,richardsmario@example.org,4555370627,1956-03-04
C001261,David Wright,cuevasdonald@example.org,7562641260,1979-01-02
C001262,Rachel Ramos,alexishowell@example.org,9319630399,1958-10-12
C001263,Anthony Rogers DDS,samanthamartinez@example.net,7312343888,2001-05-23
C001264,Ann Carter,brianwood@example.org,4502823134,1974-02-18
C001265,James Lopez,rodriguezmark@example.net,4431834369,2002-11-30
C001266,Savannah Beck,rwebb@example.net,5062917926,1953-04-22
C001267,Katrina Wilkinson,ginamiller@example.org,3922198369,1965-04-01
C001268,Jessica Webb,howardannette@example.net,7074599153,1965-07-15
C001269,Robert Thompson,kimberlybennett@example.net,8789034502,1972-05-03
C001270,James Young,nelsoncassandra@example.net,4675418236,1977-12-01
C001271,David Dunn,seanjones@example.com,3346018422,1953-10-01
C001272,Caroline Flynn,anthonypierce@example.org,6816360389,1987-02-23
C001273,Adam Curry,deborah67@example.org,0052141070,2000-12-14
C001274,Jacob Bauer,dalton37@example.org,1191944545,1967-02-22
C001275,Hailey Price,greeneshawn@example.com,3771886263,1960-05-11
C001276,James Calderon,bstephens@example.com,7371388740,1957-12-18
C001277,Michelle Moses,tali@example.com,6276330411,1997-06-28
C001278,Mark Garcia,kennethperez@example.net,8636470465,1997-04-09
C001279,Stephanie Mcintosh,nicholashansen@example.org,0483793631,1977-01-30
C001280,Penny Mann,stanleygary@example.org,5934104062,2001-07-14
C001281,Carl Moore,mmartinez@example.org,8179607578,1987-09-05
C001282,Dustin Mendez,stewartsarah@example.org,7114865658,1989-12-12
C001283,Wendy Vance,reynoldstravis@example.net,6316312975,1987-02-01
C001284,Jennifer Barnes,chelsea37@example.net,1938999068,2001-05-26
C001285,Rodney Porter,writter@example.org,1633613179,2002-09-04
C001286,Ryan Collins,sanchezemily@example.net,4585835639,1990-01-27
C001287,Mr. Nicholas Munoz,dustinmorris@example.com,7419258147,1961-02-18
C001288,Michelle Sullivan MD,mhall@example.com,4138453156,1998-07-26
C001289,Raymond Ruiz,vboyd@example.com,9645987240,1967-03-16
C001290,Julia Fields,markbautista@example.org,6811339736,1962-09-05
C001291,John Perez,theresa24@example.org,2419830632,1997-10-30
C001292,Anna Stephens,kelly24@example.net,2024350947,1971-09-16
C001293,Kayla Sandoval,robert40@example.net,1475398913,1958-09-29
C001294,Brandi Roberson,cohencindy@example.net,6110356594,1971-11-18
C001295,Tyler Allen,bdawson@example.net,9229533861,1962-08-26
C001296,Kimberly Webster,houstonlaura@example.com,4240662834,1955-03-02
C001297,Joseph Munoz,jonathankennedy@example.org,6940865424,2005-07-23
C001298,Theresa Spencer,andrew43@example.com,9528895947,1976-10-28
C001299,Lisa Choi,mark59@example.org,6504718830,1979-10-07
C001300,Joshua Herring,sarahodom@example.net,6866798994,1973-11-12
C001301,Michael Wyatt,brennanmichelle@example.com,1497110384,1998-05-27
C001302,Mr. Jeffrey Nguyen,chase86@example.org,6744923435,1977-05-26
C001303,Stephen Gay,mario05@example.com,9375402428,1985-11-26
C001304,Carol Rivera,cmartinez@example.org,0385762648,1998-07-21
C001305,Laura Blake,dvillarreal@example.net,3585301012,1985-11-30
C001306,Angela Drake,aaroncarter@example.net,2775867036,1976-05-23
C001307,Nicole Lewis,erin39@example.com,8963318123,1954-03-23
C001308,John Kirby,westjeffrey@example.org,4457762626,1996-12-17
C001309,Andrew Mendez,qcervantes@example.com,9443485295,1987-05-03
C001310,Roger Johnson,thomasowens@example.net,4042076751,2004-04-13
C001311,Brandon Stewart,pmiranda@example.org,9900094065,1974-07-31
C001312,Dylan Baker,aliciabenjamin@example.com,5352326600,1960-12-02
C001313,Laura Miller,fitzgeraldlisa@example.net,6119989965,1952-09-05
C001314,Emily Lewis,rcobb@example.com,1447761868,1957-08-22
C001315,Kevin Ross,jkelley@example.net,5256599508,1999-09-30
C001316,David Hall,audreylopez@example.com,0547398622,1999-08-06
C001317,Shawn Patel,fjohnson@example.com,3389147852,1974-11-03
C001318,April Murphy,julian02@example.net,8735186647,1971-04-18
C001319,Dalton Richardson,alankelly@example.com,4658153988,1964-07-31
C001320,Erin Mcdowell,lambalexandra@example.net,2865581675,1983-12-27
C001321,Scott Matthews,amanda91@example.net,0381463429,1987-04-29
C001322,Sherri Andrews,tiffanyboone@example.net,2185273411,1957-09-16
C001323,Gary Davidson,james01@example.com,0304407781,1964-02-04
C001324,Louis Turner,luis66@example.org,5418299126,2001-02-04
C001325,Jason Cohen,johnsonteresa@example.net,6910082242,1973-12-07
C001326,Jonathan Martinez,chenvictor@example.net,2699620834,1960-05-02
C001327,Gregory Hall,travis28@example.net,0322007485,2001-06-17
C001328,Kristie Crosby,chelseadavis@example.com,0580286060,1968-01-02
C001329,Sandra Baker,tlogan@example.com,7695090418,1962-07-09
C001330,Michael Harris,lestermark@example.com,2388788876,1980-05-11
C001331,Angela Price,butlerdavid@example.org,1138604794,1993-02-19
C001332,Jordan Clark,wolfjessica@example.net,3829441914,1992-08-03
C001333,Jeremiah Castro,nicole67@example.org,9532670848,1975-04-29
C001334,Sandra Rivera,brittanyjackson@example.net,2828018323,2001-08-17
C001335,Kayla Simmons,erin67@example.com,8096458374,1980-06-08
C001336,Charles Hall,christopherwoods@example.com,9289748741,1989-10-30
C001337,Vickie Moore,hmorris@example.net,9976453496,1976-12-18
C001338,Martin Collins,carrscott@example.net,3009358201,2002-12-10
C001339,Erin Alvarez,geraldcampbell@example.org,8349276680,1956-07-22
C001340,Amber Miller,hilllaura@example.org,8015373586,1980-05-17
C001341,Dominic Gilmore,john26@example.org,7462720536,1974-04-02
C001342,Michael Page,riley28@example.com,2155383077,1954-12-31
C001343,Christopher White,jeff95@example.com,8446078907,1960-02-26
C001344,Ariel Wagner,xwebb@example.org,9441492531,1998-02-21
C001345,Peter Wolf,elizabeth74@example.com,6565907055,1987-07-24
C001346,Christine Conley,traceyreynolds@example.com,1569220949,1994-11-08
C001347,Sean Reed,brittney71@example.org,1154773494,1997-12-07
C001348,Brandi Gomez,taylor85@example.com,1354741685,1997-12-15
C001349,Brittany Valencia,tammy58@example.org,7947581660,1992-11-15
C001350,Paula Jenkins,jasonfitzgerald@example.net,7040714697,1993-06-14
C001351,Michelle Roman,terrimartinez@example.com,9508374560,1996-04-08
C001352,Jasmine Smith,rbailey@example.org,1706794907,1963-09-16
C001353,Emily Frazier,jmckee@example.org,9389676353,1962-10-31
C001354,Rebecca Warner,dwilliams@example.com,2883413351,1975-10-04
C001355,Anthony Mcdonald,frederick49@example.org,6357967148,1955-10-11
C001356,Jesus Le,kim65@example.net,6082526379,1995-11-29
C001357,Kelly Patterson,davisdavid@example.org,2142526119,1985-03-09
C001358,Sarah Patrick,phillip57@example.com,6532554411,2005-07-24
C001359,Susan Cooper,patrickcole@example.net,5203881937,1996-01-06
C001360,Richard Ramirez,qcrosby@example.com,2014833354,2003-10-25
C001361,Joshua Pruitt,gonzalezwilliam@example.com,7709067618,1963-04-10
C001362,Jacqueline Webb,ebarker@example.net,2172048886,1960-07-15
C001363,Robin Walker,olivialambert@example.com,5649674199,1957-09-20
C001364,Melinda Hall,hughesrhonda@example.net,9703425197,1972-09-07
C001365,Jacqueline Berry,randygardner@example.net,7074215319,1955-06-02
C001366,Tiffany Morales,taylordaniel@example.net,8875480293,2003-11-09
C001367,Samantha Lee,smithmichael@example.org,1745469351,1966-06-02
C001368,Robert Davis,jaimeduncan@example.com,9903597177,1971-06-02
C001369,Jason Hayes,barrykevin@example.org,6051648389,1963-10-18
C001370,David Avila,zgallagher@example.com,6006434597,1981-03-19
C001371,Darren Thompson,ugoodman@example.net,5745104848,2002-06-14
C001372,Jessica Pham,weavervicki@example.com,5427079959,1998-05-30
C001373,Anthony Ashley,cmyers@example.com,5657289722,1958-09-13
C001374,Debra Zhang,changbethany@example.net,6856066992,1970-11-10
C001375,Jason Kelley,webermichelle@example.com,7957039962,1986-01-21
C001376,Sherry Morton,yjones@example.org,7351289622,1982-08-04
C001377,Donna Martin,gabrielleparsons@example.org,3993446060,1995-02-28
C001378,Thomas Ross,destiny35@example.com,5294128537,1998-11-15
C001379,Stephen Peters,amanda53@example.org,9804255428,1968-09-27
C001380,Willie Arellano,mason07@example.net,8878602039,1980-12-06
C001381,Sylvia Johnson,howelljennifer@example.com,6399287987,1967-08-31
C001382,Melissa King,lindabradley@example.com,9179644160,1964-07-11
C001383,Adriana Smith,christian02@example.net,4512022017,1987-08-04
C001384,Donald Jimenez,donnahorton@example.org,6627501526,1969-03-12
C001385,Anthony Parrish,ibrown@example.com,8330958723,1969-06-24
C001386,Alexandra Williams,linmatthew@example.net,3267148581,1987-02-11
C001387,Nathan Cunningham,elynch@example.net,0925192018,1957-03-22
C001388,Michael Montes,rwilkinson@example.net,7958291585,1959-04-23
C001389,Rebekah Brewer,campbellfrederick@example.org,5741424873,1979-12-06
C001390,Kyle Holmes,heatherthompson@example.net,7367724434,1976-12-11
C001391,Kelly Martin,hcox@example.com,4380299034,1993-01-30
C001392,Kevin Barnes,simsjennifer@example.net,0916573762,1959-03-30
C001393,Tracy Whitaker,michaelwheeler@example.org,6930914015,1976-09-14
C001394,Ashley Stevens,randypruitt@example.com,5690018429,1958-02-10
C001395,Nancy West,frank98@example.net,5966771539,1992-04-11
C001396,Carla Turner,richardsmith@example.net,2990900647,1980-01-23
C001397,Jonathan Wright,louis04@example.org,1697920675,1971-03-16
C001398,Tyler Sutton,rmatthews@example.com,9252878357,1993-01-14
C001399,Danielle Villa,joshuawright@example.net,0236412247,1957-06-03
C001400,Miguel Ellis,allenmichael@example.com,6023251071,1987-05-17
C001401,Amy Matthews,cynthia04@example.org,4564119925,1987-01-27
C001402,Robert Johnson,etownsend@example.net,3505349419,1972-07-16
C001403,Peter Howard DVM,oreynolds@example.org,4630616218,1997-10-20
C001404,Shane Smith,uayers@example.org,2059868569,1972-03-18
C001405,Daniel Brandt,durhamwilliam@example.net,1014610392,1971-07-17
C001406,Kimberly Clark,lauren61@example.com,8816878518,1984-10-17
C001407,Lori Guerrero MD,iblake@example.org,7280072720,1953-10-29
C001408,Corey Clark,dcampbell@example.net,0830697899,1981-02-27
C001409,William Lawson,robertsnow@example.com,7490668867,1994-05-15
C001410,Stephanie Miller,michael05@example.net,6343180739,1973-09-08
C001411,Ruben Reed,katherine33@example.com,7303167871,1959-11-18
C001412,Joshua Nunez,christiandouglas@example.net,2545500549,1958-01-16
C001413,Tamara Cameron,dmorales@example.org,2461630343,1996-01-08
C001414,Bobby Walker,christinamontgomery@example.org,7417996546,1952-08-01
C001415,Cory Garcia DDS,vmoore@example.org,5600223023,1992-11-06
C001416,Jocelyn Charles,lopezchristian@example.com,4182805166,1976-09-21
C001417,Christopher Riley,srose@example.com,9098636152,2005-03-22
C001418,Rita Foley,kevin20@example.org,4824886313,1972-09-09
C001419,Andrew Hahn,gentryanthony@example.org,6914193960,1955-12-10
C001420,Richard Davis,rivaslisa@example.net,5692476883,1968-08-28
C001421,Douglas Gonzalez,blackdaniel@example.net,4051325179,1965-09-18
C001422,Isaac Smith,laura67@example.org,8783103145,1981-05-13
C001423,Phillip Ellis,ygreene@example.org,4033744999,1982-12-15
C001424,Danielle Rodriguez,phillipbooker@example.net,1264106032,1991-11-01
C001425,Michele Hawkins,tracy63@example.org,1089654612,1966-08-14
C001426,Dylan Brown,hroberts@example.com,9486989484,1953-04-05
C001427,Danielle Morton,mcneilsandra@example.com,0177375949,1951-07-16
C001428,Ashley Dyer,trodriguez@example.com,0490214441,1980-12-08
C001429,Darren Hall,elizabeth65@example.com,3917033530,1979-06-28
C001430,Lauren Cruz,nwhitney@example.net,1977317394,1997-12-27
C001431,Nathan Hickman Jr.,megan65@example.net,9276871413,1985-03-08
C001432,Phillip Lowery,calexander@example.com,5581735792,2004-07-17
C001433,James Cain,sarahwatson@example.com,4639897014,1959-12-26
C001434,Crystal Love,doris71@example.net,6925529050,1951-01-17
C001435,Michael Bowers,contreraskara@example.org,6161973844,1954-05-12
C001436,Savannah Smith,dianalee@example.com,9908672331,1960-03-11
C001437,Michael Raymond,pfry@example.net,5561922188,1986-09-22
C001438,Brad Acosta,hshort@example.com,1302364169,1978-08-29
C001439,Mario Garza,babbott@example.com,3239193252,1963-08-05
C001440,Brian James,stevengreen@example.net,2252964448,2005-06-30
C001441,Kimberly Hunter,joneskrista@example.org,0640980587,2002-11-21
C001442,Linda Keller,wiserenee@example.net,7879025912,1972-04-20
C001443,Brian White,bfoster@example.org,3584180295,1966-09-24
C001444,Julie Perez,ycordova@example.net,9579551924,1989-05-08
C001445,Michael Huerta,tsmith@example.net,2567611258,1955-09-18
C001446,Adrian Williams,chuber@example.net,9248287321,1964-11-12
C001447,Christopher Alexander,wjarvis@example.com,2207201970,1986-06-04
C001448,Ronald Jones,tracywolfe@example.org,5129555100,1987-10-14
C001449,Eric Medina,jennifer26@example.org,0036072235,1985-08-22
C001450,Tanner Caldwell,nataliebowman@example.org,5391692809,1966-06-05
C001451,Ryan Mueller,ehuff@example.net,0330454410,1965-10-04
C001452,John Johnson,kelly58@example.org,5176429628,1977-04-26
C001453,Ian Stewart,penatamara@example.com,1315255232,1970-11-02
C001454,Kimberly Riggs,pfields@example.com,0476253950,1972-10-14
C001455,Ruth Flores,ddavenport@example.com,6031748903,1973-02-21
C001456,Stephanie Romero,iwilson@example.com,4229355459,2005-04-24
C001457,Kristy Ramos,mcrawford@example.org,3798304576,2000-10-29
C001458,Melanie Miller,ksmith@example.com,0152213368,1972-11-02
C001459,Christina Ellis,andersonwilliam@example.net,0746113997,1951-03-29
C001460,Terrence Murphy,ydonovan@example.org,8788528589,1982-06-17
C001461,Raymond Scott,tanyamcdonald@example.net,0900737949,1995-01-29
C001462,Joel Lester,molly44@example.org,7692626543,2003-12-01
C001463,James Zuniga,john98@example.org,9079965857,1989-05-14
C001464,William Arnold,twoods@example.org,0730717761,1973-02-27
C001465,Katherine Nichols,jsilva@example.org,8540336999,1994-05-24
C001466,Amanda Lopez,hubbardsuzanne@example.net,5327355149,1973-05-17
C001467,Chelsea Schmitt,josephfreeman@example.com,9509355557,1991-02-24
C001468,John Jones,qmccann@example.com,7612189391,1953-07-01
C001469,Jeffrey Sullivan,garyhernandez@example.net,0564468530,1979-03-11
C001470,Gina Cook,taralewis@example.com,0777894332,1972-10-01
C001471,Amy Gregory,hjohnson@example.org,6962690222,1989-12-12
C001472,Megan Morales,cmejia@example.com,0151200393,1976-03-13
C001473,Kyle Shannon,reyesjessica@example.net,3391929692,1952-12-20
C001474,Bradley Thompson,dwilliams@example.net,2837742705,1965-12-23
C001475,Joshua Small DDS,bryanlee@example.org,1269804466,1972-10-08
C001476,Stanley Henry,kirkrobert@example.net,6472452573,1972-10-06
C001477,Johnny Escobar,alexis09@example.com,5777061298,1997-12-31
C001478,Brittney Boyd,williamzhang@example.com,6417005371,1961-02-18
C001479,Mitchell Daniels,nortoncharles@example.net,6479512798,1973-06-27
C001480,Deborah Hawkins,john54@example.org,0199198480,2002-06-30
C001481,Aaron Robertson,gtucker@example.com,0771074043,1998-07-07
C001482,Jeremy Gray,deborahcarter@example.org,5110900701,1990-02-10
C001483,Alexandra Williams,elizabeth97@example.org,9201029759,1952-08-15
C001484,Michael Alvarado,danielle96@example.com,4425269420,1994-11-02
C001485,Richard Clark,benjamin51@example.org,7937669976,1970-01-20
C001486,Sara Flores,zwang@example.com,9058496881,2002-11-30
C001487,Anthony Blanchard,wesley24@example.net,5744509998,1992-05-18
C001488,David Thomas,gdoyle@example.org,1085184668,1968-04-19
C001489,Christopher Sanchez,qwilson@example.org,7348002264,1991-04-20
C001490,Brandy Rogers,kenneth29@example.net,8192147498,1984-06-02
C001491,Christopher Wright,emullen@example.net,7214617275,1977-01-07
C001492,Lisa Prince,bgriffin@example.net,9887754458,1974-02-17
C001493,Aaron Hull,jenniferperkins@example.net,6059627519,1955-06-05
C001494,Alyssa Hernandez,mckenzie84@example.com,9365611568,1967-09-02
C001495,Shawna Brown,ajohnson@example.com,8053160227,1998-06-07
C001496,Jeremiah Leonard,ajones@example.net,4475631121,1954-04-23
C001497,Charlene Strong,escobarrobert@example.com,5985866356,1984-02-29
C001498,Carmen Bond,matthewjones@example.org,6905946998,1986-04-18
C001499,Wendy Pittman,shane05@example.org,3132988712,1984-11-02
C001500,Theresa Mills,david77@example.net,2685272876,1964-11-12
C001501,Susan Cole,mariahkim@example.org,6283345573,1951-02-21
C001502,Betty Brock,tporter@example.org,4535859730,1963-11-03
C001503,Samantha Jackson,lisa70@example.com,4025554689,2001-06-10
C001504,Elaine Garcia,imaddox@example.org,9646738656,1981-11-21
C001505,Tammy Baker,oporter@example.org,2912489558,1969-09-01
C001506,Jenny Martin,shelby99@example.net,2640760895,1951-06-07
C001507,Amber Villarreal,barbarajohnson@example.org,8716283356,1959-06-23
C001508,Kimberly Bolton,fernandezandre@example.org,3374356702,1972-07-09
C001509,Andrea Flores,bdiaz@example.net,7945759599,1985-07-09
C001510,Matthew Barker,tanderson@example.net,7148541839,1974-01-10
C001511,Mary Richardson,dunlappatricia@example.net,1651192145,1959-08-17
C001512,Robert Williams,thomascruz@example.net,7308824035,1972-06-19
C001513,Willie Humphrey,alec29@example.org,3409412180,2004-03-08
C001514,Lauren Brown,campbelllisa@example.net,1232546018,1983-04-03
C001515,Natalie Blair,joseshaw@example.com,1339962768,1964-08-04
C001516,Robert Wilson,hernandezkerri@example.net,3813014948,1984-04-19
C001517,Amber Gardner,laneerica@example.com,2319199082,1986-06-25
C001518,Justin Velasquez,clintonhaley@example.org,6704171038,1972-07-20
C001519,Rebecca Mendoza,morrismichelle@example.org,3203449560,1958-07-20
C001520,James Brown,wchavez@example.net,5723163160,1986-01-17
C001521,Matthew Farrell,stewartpamela@example.com,3996306670,2000-04-04
C001522,Thomas Huffman,msanders@example.org,3370071580,1992-01-21
C001523,Anthony Fisher,ianevans@example.org,5874488839,1955-03-09
C001524,Abigail Lane,douglasrosales@example.com,5854551391,1973-07-06
C001525,Kelly Martin,rossdaniels@example.org,3693238004,1965-04-30
C001526,Eric Fisher,zachary74@example.org,3712063175,1980-08-01
C001527,Mr. David Palmer,huntdaniel@example.com,1572814361,1980-10-22
C001528,Eric Lowery,nataliejones@example.net,6055546542,1976-08-27
C001529,Dawn Sweeney,vincentdavis@example.com,3445459566,1976-07-22
C001530,Anna Moses,edwinrowe@example.org,9742173683,1951-03-09
C001531,Michael Hayes,jonathannorman@example.net,6508113640,1990-03-31
C001532,Dillon Savage,chess@example.org,2795951429,1993-06-22
C001533,Jessica Murphy,marypollard@example.net,5627528001,1992-06-06
C001534,Joel Bates,heidi59@example.org,5163832648,1964-08-22
C001535,Sarah Brown,jsmith@example.org,9457613049,1997-06-14
C001536,Sarah Thompson,lawrencebell@example.org,3728756798,1956-10-29
C001537,Gabriel Hill,esampson@example.org,5882187089,1960-02-20
C001538,Barbara Zhang,jonessarah@example.com,6119830975,1983-11-24
C001539,Nicholas Hammond,tara23@example.com,4877007881,1984-01-08
C001540,Brandon Miller,piercefrank@example.org,7990966602,1962-06-16
C001541,Kirsten Lewis,stephen64@example.com,1003709070,1999-08-20
C001542,Mark Walton,tellison@example.com,2070983484,2003-07-27
C001543,Kimberly Grimes,christinabailey@example.com,4565726765,1984-03-04
C001544,Brian Cuevas,tyrone95@example.org,3452202626,1985-05-28
C001545,Patrick Alvarado,michael57@example.org,0907406351,1965-06-17
C001546,Denise Ross,irichardson@example.com,7990053669,1960-09-09
C001547,Daniel Scott,amandakelly@example.com,8372372259,1984-03-25
C001548,Michelle Summers,smithheather@example.com,3403704333,1966-07-29
C001549,Douglas Ross,andersondebbie@example.net,4737198517,1985-09-25
C001550,William Burton,mike54@example.com,1578379264,1987-06-26
C001551,Rodney Gonzalez,xboyd@example.net,4288390397,1999-04-02
C001552,Shannon Byrd,steeleandrew@example.org,9859655102,1996-10-11
C001553,Thomas Banks,xlittle@example.org,7347671499,1980-05-17
C001554,Heather Gilbert,hallmatthew@example.com,7622155963,1960-05-25
C001555,Jennifer Carlson,christina94@example.org,8955465653,1989-09-09
C001556,Andre Hernandez PhD,batesjill@example.com,6632567322,1985-08-29
C001557,Daniel Petty,acontreras@example.org,0904886607,1981-06-21
C001558,Pedro Ayala,elizabethpalmer@example.net,4176090937,1971-10-11
C001559,Mary Little,smithmichael@example.com,4669447338,2003-03-11
C001560,Stephanie Dawson,walterarmstrong@example.net,6651837847,2001-05-10
C001561,Kimberly Young,qhill@example.com,9685938062,1986-09-09
C001562,Scott Newman,zramirez@example.net,4343548695,1967-01-10
C001563,Jasmine Carson,hbrown@example.net,3546946604,1957-08-30
C001564,Jeremy Stevens,sandovalnicole@example.com,2215039655,1983-03-03
C001565,Andrea Hart,williamsmaria@example.org,8933352866,1999-02-03
C001566,Paul Miranda,jacksonmatthew@example.com,8010124571,1985-10-19
C001567,Paul Valdez,harpercathy@example.net,3650551919,1988-09-30
C001568,Jonathan Norton,maychelsey@example.org,2850719612,1986-12-07
C001569,Cory Ray,suzannewilliams@example.com,0371775885,1960-04-10
C001570,Jasmine Rodriguez,rebeccamccormick@example.net,0306951657,1968-01-22
C001571,Amber Day,nolanelizabeth@example.org,9933025598,1958-09-25
C001572,Chris Wilson,lisa59@example.com,0961968045,1954-10-07
C001573,Paul Kirby,hsmith@example.com,1804460819,1956-10-09
C001574,Kristen Young,qelliott@example.com,0609580627,1953-04-23
C001575,Connie Montgomery,ashley07@example.com,9414290495,1980-02-15
C001576,Connor Juarez,shawn69@example.org,3016472861,1962-11-26
C001577,Terry Taylor,zanderson@example.com,1166286603,1986-01-05
C001578,Todd Walter,cwebb@example.org,5627740215,1959-05-22
C001579,Brittany Hernandez,susanpeterson@example.com,0085894961,1956-08-12
C001580,Amy Mejia,garrettrebekah@example.org,3131845605,1975-05-06
C001581,Dana Martinez,smithchristopher@example.org,4314140878,1970-04-28
C001582,Julie Davenport,hannahtorres@example.org,1682313799,1997-01-18
C001583,Toni Brock,thernandez@example.org,5789635587,1958-02-18
C001584,Randall Turner,jamestodd@example.com,5442253511,1959-05-22
C001585,Alexander Williams,johnathandiaz@example.net,8720476766,2002-03-29
C001586,Tracy Evans,qmiller@example.org,7531368593,1959-06-16
C001587,Matthew Johnson,jennifer14@example.com,0106144529,1977-09-01
C001588,Emily Huynh,cesarflynn@example.com,1533349729,1974-09-14
C001589,Paul Francis,jeremy49@example.net,5858618881,1952-08-26
C001590,Whitney Lamb,darrellarmstrong@example.org,9437638274,1954-05-14
C001591,Christopher Perez,joseph07@example.org,7314836874,1965-04-20
C001592,Albert Powell,wheath@example.com,0076228212,1968-02-14
C001593,Christy Gates,igrimes@example.org,8472643933,1990-04-02
C001594,Sara Hudson,mcculloughrichard@example.com,4853123443,1994-07-11
C001595,Kristina Rodriguez,tina65@example.org,4210637817,1990-01-24
C001596,Courtney Bennett,millerrobert@example.com,5859421937,1999-01-19
C001597,Jennifer Browning,frogers@example.org,6768777593,1964-11-27
C001598,Reginald Davis,yesenia19@example.com,8088426723,1955-08-10
C001599,Katherine Sullivan,michelle01@example.org,3915480442,1951-08-06
C001600,Norma Green,millermichelle@example.net,1647904991,1984-09-11
C001601,Alyssa Gibson,omurray@example.com,2096102372,1986-10-20
C001602,Jack Lindsey,rpollard@example.com,1557932770,1996-08-14
C001603,Anne Hanna,zharris@example.org,0968568888,1971-09-09
C001604,Megan Wells,vincent79@example.com,3644702632,2002-03-04
C001605,Robert Baxter,zstokes@example.com,8766949471,1995-06-25
C001606,Susan Boyer,lovedavid@example.org,3772908489,1969-06-07
C001607,Faith Johnson,wballard@example.com,7805383385,1994-05-19
C001608,Barbara Russell,vturner@example.net,4073730415,1963-05-29
C001609,Michelle Roberson,dale26@example.com,8796334674,1962-09-26
C001610,Danielle Rosales,rebeccagonzalez@example.net,4159209410,1980-02-07
C001611,Andrew Brock Jr.,danny48@example.com,7973833061,1993-06-20
C001612,Matthew Adams,nrice@example.com,5260270687,1972-08-02
C001613,Mr. Thomas Weaver,pughcarol@example.org,1391237745,1954-10-29
C001614,Ashley Doyle,reginawright@example.com,0580791065,1970-12-18
C001615,Andrew Gibson,kathleenbecker@example.com,8483034857,1968-11-26
C001616,Michael Parrish,christine72@example.net,9031788364,1995-08-15
C001617,Erika Weber,stacy40@example.net,9303207560,1984-03-22
C001618,Amy Paul,jamiebarr@example.org,9996633092,1992-11-09
C001619,Aaron Sanchez,lharper@example.org,4027320129,1974-09-16
C001620,Erin Johnson,jamesbeck@example.net,0682048109,1988-09-17
C001621,Michelle Robinson,scott79@example.com,9824553815,1970-12-11
C001622,Michael Duran,samuelhill@example.org,1852557688,1983-10-15
C001623,Anthony Palmer,nluna@example.com,4876150488,1990-12-24
C001624,Nancy Dixon,destinyroberts@example.net,0350769555,1999-03-26
C001625,Angela Brown,elizabethgriffin@example.com,7777459254,1973-05-07
C001626,Samuel Doyle,timothyharrison@example.org,7045594849,1985-09-17
C001627,Ashley Simmons,ericapeterson@example.com,1255935027,1999-09-07
C001628,Alisha Turner,rhondaodom@example.com,7653145134,1993-03-07
C001629,Tyler Rogers,kristygomez@example.net,5621683357,1954-07-07
C001630,Rachel Kelly,turnerlinda@example.net,0860431715,1954-05-21
C001631,Anna Robbins,oaguilar@example.com,0931608988,1972-07-23
C001632,Jacob Farmer,carladavis@example.com,2026400933,1956-09-13
C001633,Mr. Theodore Wade PhD,pstone@example.org,8447816766,1967-04-01
C001634,David Hunt,lopezjacob@example.com,4742644047,2001-01-04
C001635,Robert Russell MD,april87@example.com,4992468714,2002-07-17
C001636,Ms. Michele Wright,mark66@example.com,3940269089,1965-06-30
C001637,Michael Morton,benjamindavid@example.net,2923246872,1977-02-26
C001638,John Grant,brian61@example.org,7485783045,1982-07-17
C001639,Stacy Lowe,pbates@example.net,7868005512,1997-06-05
C001640,Teresa Baker,ksexton@example.com,5614653442,1968-06-25
C001641,Michael Reynolds,stephen15@example.org,3519198505,1960-12-25
C001642,Shawn Kelley,danielsconnie@example.org,2987663279,1966-09-25
C001643,Brendan Morales,doyletravis@example.org,2291845749,1964-10-24
C001644,Ryan Kennedy,michaeloliver@example.org,4358304077,1991-06-13
C001645,Adam Potter,danielpierce@example.com,5371473204,1953-06-11
C001646,David Miller,wcoleman@example.com,2336165580,1959-04-22
C001647,George Fisher,patriciacraig@example.com,0275100568,1981-08-02
C001648,Joel Jones,matachristopher@example.net,6793235393,1990-02-12
C001649,Morgan Haynes,pittsrobert@example.com,7943218302,1969-04-07
C001650,Paul Mueller,jocelyn90@example.org,4115488051,1997-03-21
C001651,Raymond Cummings,tinaharris@example.org,5754370098,1963-09-01
C001652,Cynthia Hickman MD,codyford@example.net,7012592833,2003-03-09
C001653,Sarah Brooks,gibsoncassie@example.com,5917393010,1981-04-09
C001654,Lisa Kelley,jenniferjones@example.net,6470894406,1956-06-04
C001655,Felicia Harris,stuart76@example.com,9462078562,1960-11-13
C001656,Caitlin Johnson,tiffanygreer@example.net,1186801093,1990-04-01
C001657,Donald Armstrong,valdezbrandon@example.org,7628058777,1994-11-25
C001658,Julie Wolfe,nicolegarcia@example.net,6964607735,1969-08-07
C001659,Melissa Mooney,edwardgomez@example.org,5639748925,1998-01-12
C001660,John Baker,mfowler@example.com,8217748747,1975-01-01
C001661,Lisa Dean,diamond43@example.net,5699971252,1976-02-25
C001662,James King,hernandezlisa@example.org,9699335303,1964-05-01
C001663,Amanda Davidson,zacharyrojas@example.com,3355262029,1983-04-08
C001664,Caleb Lopez,richardbond@example.net,4517392229,1967-12-20
C001665,Jeffrey Bullock,mcguireashley@example.com,5055777917,1994-08-04
C001666,Christine Davidson,michaelshaw@example.net,1575092720,1959-04-04
C001667,Chelsea Vargas,shannon56@example.org,3391686708,1953-01-25
C001668,Peter Perez,joseph10@example.net,0427974935,1951-11-03
C001669,April Rosales,wagnernatalie@example.net,9913293575,1958-07-09
C001670,Madison Garcia,jennifer03@example.com,5601642624,2004-12-01
C001671,April Thompson MD,matthewking@example.com,2394071734,1979-01-14
C001672,Tamara Solis,marissa47@example.net,0603981079,1976-10-11
C001673,Benjamin Chen,singhaaron@example.org,4175616809,1963-08-20
C001674,Kendra Best,joseph33@example.net,6650285915,1995-12-06
C001675,Lonnie Estrada,kdunn@example.org,2492219114,1958-08-24
C001676,Brian Rodriguez,potterjavier@example.net,6993914265,1992-01-23
C001677,Amanda Cole,hernandezchristine@example.net,4698886659,1961-10-03
C001678,Julie Ayers,wrightpaul@example.net,9164491532,1997-09-26
C001679,Antonio Edwards,jeffhoward@example.net,3428402246,1957-03-08
C001680,Yvonne Moore,lawrencepineda@example.com,3867077604,1956-04-08
C001681,Taylor Guerrero PhD,bbowman@example.net,7408772107,1995-01-25
C001682,David Robinson,khanmitchell@example.org,9724725426,1997-07-17
C001683,Mary Schmidt,brittneywashington@example.com,9852381828,1980-06-10
C001684,Michael Jackson,bdunn@example.net,7042357318,1994-10-25
C001685,Robert Swanson,emilycurtis@example.com,4705070775,1990-02-06
C001686,Lacey Hopkins,wgonzalez@example.com,8662138059,2003-05-28
C001687,Kristen Singh,kaitlin25@example.net,5133059154,2003-11-14
C001688,Heather Mccall,johnsonrobert@example.com,1363659050,1964-11-17
C001689,Thomas Thomas II,robertpark@example.net,0323812817,1966-11-12
C001690,Nicole Gomez,emily52@example.org,2759637311,1995-03-17
C001691,Ashley Smith DDS,pmartin@example.org,5940038180,1966-12-13
C001692,Michelle Byrd,andersonvincent@example.com,4081702846,1987-12-12
C001693,Margaret Chen,katherinecampbell@example.net,0320434743,1982-09-26
C001694,Jason Jones,ballardkelly@example.com,1041313555,1959-07-16
C001695,John Daugherty,gabrielleanderson@example.org,6721761898,1959-10-10
C001696,Sarah Gibson,calvarez@example.com,3877123981,1999-05-23
C001697,Mark Martin,william30@example.com,1945586817,1992-07-18
C001698,Melissa Jimenez,umaxwell@example.net,3157585939,1987-05-12
C001699,Michelle Johnson,margaret93@example.org,7195406385,1966-12-09
C001700,Nancy Stuart,saundersjames@example.net,2055553544,1960-04-04
C001701,Jennifer Mcdonald,dawnmerritt@example.org,0072040947,1998-11-27
C001702,Michael Richardson,amedina@example.com,0486671864,1970-10-16
C001703,Elizabeth Valentine,qbrown@example.net,7110187703,1959-04-17
C001704,Melissa Keller,kristijohnson@example.org,4668997490,1982-03-27
C001705,Kayla Garcia,mramos@example.net,4692470481,2005-01-08
C001706,Patricia Roberts,johncervantes@example.com,5181275917,1957-01-21
C001707,Peter Nelson,michaeljames@example.net,4053625123,1969-03-03
C001708,Austin Vargas,bowmananthony@example.org,1369300522,1968-04-04
C001709,Jessica Pennington,kaitlindiaz@example.org,2561161599,1961-11-14
C001710,Ricky Miller,uhines@example.net,6829508149,2000-09-12
C001711,Brandi Reed,brittany58@example.org,5288050750,1963-03-01
C001712,Stephanie Nicholson,michaelkramer@example.com,5247777444,1990-08-01
C001713,Amanda Simmons,williamsalan@example.net,6486275537,2004-10-07
C001714,Yolanda Bell,denise60@example.net,2104072545,2004-02-22
C001715,Jeffrey Berry,donaldchen@example.com,0792625174,1953-09-03
C001716,Carlos Brown,karagood@example.net,3988442789,2003-05-17
C001717,Samuel Vargas,ashley45@example.com,9578127317,1979-10-18
C001718,Darryl Horn,rachel23@example.net,6276176404,2000-05-06
C001719,Annette Martin,fhall@example.org,5022892074,1973-08-08
C001720,Tara Madden,scottvelazquez@example.com,7423935433,1962-04-06
C001721,Victor Franklin,christophermullen@example.org,0260772143,1999-05-26
C001722,Janet Tyler,jay71@example.com,7310520898,1989-06-13
C001723,Maurice Carroll,brett93@example.org,7312973414,1981-07-20
C001724,Michael Santiago,catherine08@example.org,8009072208,2002-12-02
C001725,Kevin Goodwin,michael39@example.net,9602331599,2001-12-19
C001726,Jeremy Oliver,garysmith@example.net,6094175024,1958-07-16
C001727,Mario Henderson,zachary75@example.com,0959145049,1953-12-01
C001728,Eddie Long,bthompson@example.com,8142043845,1977-04-23
C001729,Shawn Green,sarahjacobs@example.org,1667407886,1960-08-30
C001730,Devin Jones,browndebbie@example.com,2641879397,1986-12-23
C001731,Anthony Rasmussen,bailey16@example.net,5982437804,1965-06-15
C001732,Mr. James Jones,ybrooks@example.net,6920327357,1953-05-21
C001733,Wanda Zhang,melissasmith@example.net,7895915324,1977-03-18
C001734,Kevin Mueller,hutchinsonmatthew@example.com,6903034136,1976-08-13
C001735,Jessica Mayer,christina97@example.net,0706007461,1990-09-30
C001736,Anthony Ramirez,blairdonna@example.com,3687163876,1981-01-02
C001737,Rebecca Wall,jonathan58@example.com,1824874142,1983-03-29
C001738,Danielle Swanson,nthompson@example.net,9212233998,1966-08-17
C001739,Alexis Hale,lewistara@example.net,4484567715,1989-01-14
C001740,Jeanette Phillips,okelley@example.net,1645767765,1994-12-09
C001741,Karen Long,david85@example.net,9645521750,1977-12-28
C001742,Kendra Watkins,dferrell@example.com,4220618506,1987-04-11
C001743,Michael Brewer,rglover@example.org,6724663903,1987-03-15
C001744,Brandon Horton,johnsmith@example.org,1840654885,1967-07-14
C001745,Michael Kelly,egarcia@example.com,6974578351,1972-06-22
C001746,Joy Schaefer,marknovak@example.com,3389586417,1964-04-21
C001747,Angel Martinez,hamptonsabrina@example.com,4694762936,1997-02-27
C001748,Heidi Wilson,elee@example.net,1027190952,1980-01-31
C001749,Brian Anderson,dana90@example.net,5624462201,1995-08-27
C001750,Ricky Guzman,benjamin24@example.org,6253814030,1978-06-24
C001751,Sara Jones,patricia02@example.com,3507450933,1991-03-23
C001752,Sonia Franklin,qjohnson@example.com,4310907718,1990-06-21
C001753,Teresa Anderson,pwells@example.org,6554761727,1998-07-11
C001754,Justin Rodriguez,lpace@example.com,6153939294,1973-09-06
C001755,Haley Peck,clarkjonathan@example.org,9062798958,1960-02-28
C001756,Michael Collier,guerracarrie@example.net,3719127593,1982-11-29
C001757,Anita Roberts,christopherstevenson@example.com,2065910044,1982-02-24
C001758,Dylan Clark,kaitlynelliott@example.com,4220072276,1965-05-20
C001759,Anthony Burton,udorsey@example.net,1093385300,1961-05-30
C001760,Christine Cantrell,wyatt67@example.com,4658617284,1954-10-18
C001761,Jason Robinson,jenniferwilkins@example.com,8415463517,1970-05-26
C001762,Nicole Roth,daniel76@example.net,5959656003,1972-01-20
C001763,Ryan Doyle,dana10@example.net,2251455795,1961-02-25
C001764,Mr. Don Mitchell,dparker@example.org,0813722982,1966-05-10
C001765,Mark Hernandez,catherinemartin@example.net,0149628407,2003-09-26
C001766,Tammy Mcdonald,donnadouglas@example.com,7900782446,1964-03-12
C001767,Justin Reynolds,frazierannette@example.com,8682508559,1992-01-22
C001768,Rebecca Bennett,jasongentry@example.org,7273468927,1961-12-14
C001769,Michael Allen,nancy66@example.com,0514961806,1962-09-30
C001770,Jasmin Rodgers,nbender@example.org,4940395186,1984-11-19
C001771,Michael Nelson,heatheryoung@example.org,8016934769,2005-02-25
C001772,Lindsey Glover,davisemily@example.org,0163185200,1984-04-29
C001773,Daniel Hebert,lisafoster@example.net,1409821270,1957-06-23
C001774,Jessica Lopez,whitemichael@example.org,1775690001,1988-02-03
C001775,Sarah Stephenson,sheilahorn@example.net,4387151547,1976-04-24
C001776,William Brown,esmith@example.org,0400938083,1958-07-23
C001777,Carol James,johnsonmichelle@example.net,2418325276,1962-11-16
C001778,Stacey Davis,garciatanner@example.com,2832670116,1995-04-28
C001779,Victoria Mcdonald,mdoyle@example.org,5153864267,1958-05-26
C001780,Kenneth Miller,jason04@example.net,5319841050,1962-05-11
C001781,Kathryn Martin,robert77@example.org,7846797008,1950-11-22
C001782,Edward Williams,marcrobbins@example.org,7272797328,1977-06-08
C001783,Kimberly Young,wardchristopher@example.org,3406368019,1958-09-24
C001784,Andrew Edwards,craigdanielle@example.com,1170648579,1952-09-19
C001785,Lydia Davis,maria79@example.org,4813881901,1978-04-23
C001786,Robert Morales,ebutler@example.net,2496017092,1998-04-05
C001787,Timothy Webb,cchang@example.org,3804534782,1971-07-26
C001788,Monica Brown,daisy28@example.com,3587272993,1972-08-31
C001789,Carla Santana,shannoncheryl@example.net,6398464844,1997-04-16
C001790,Emma Blake,david39@example.org,7622735334,1990-07-23
C001791,Jennifer Lee,kimberly14@example.net,1563452636,1954-07-23
C001792,Daniel Diaz,campbelljoseph@example.com,4344211175,1979-04-07
C001793,Evelyn May MD,welchamanda@example.com,4638151291,1970-08-27
C001794,Leroy Barrera DDS,gregory98@example.com,4735399875,2001-11-30
C001795,Amy Stewart,greentina@example.net,8347923057,1967-01-13
C001796,Yolanda Johnson,taylorrichard@example.com,7862430146,1972-10-12
C001797,Jean Swanson,mlamb@example.net,3749121879,2000-10-27
C001798,Samuel Adams,bellalbert@example.org,5023160040,1951-04-28
C001799,Lisa Perry,daniellerodriguez@example.org,8614984250,1988-09-05
C001800,Larry Fields,qwagner@example.org,0141442460,2002-08-16
C001801,Ryan Lowery,higginsmichael@example.com,8599475763,1962-04-02
C001802,Alyssa Edwards,qandrews@example.net,6760741059,1962-04-24
C001803,Ashley Smith,lisa39@example.org,5602858696,2000-05-16
C001804,Eric Mcdonald,fsmith@example.com,2101842622,1979-03-27
C001805,Sherri Anderson,michael40@example.net,9356535243,1957-10-10
C001806,Jermaine Kline,kiara57@example.org,4852512258,1973-03-24
C001807,Margaret Miller,xtrujillo@example.org,7929496523,2004-09-06
C001808,Lauren Walls,thomaslori@example.net,4070084159,1968-01-19
C001809,Patrick Harrison,jeffrey85@example.org,9763529461,1960-06-23
C001810,Devin Dixon,andrewgibbs@example.org,6118978737,2001-08-08
C001811,Gregory Morrison,donnaholt@example.org,1917160333,1994-12-29
C001812,Joseph Turner,bdelgado@example.org,0931378802,1970-07-29
C001813,Karla Bray,djimenez@example.com,3657645545,1967-01-24
C001814,Kathy Austin,james11@example.org,6939553308,1967-09-27
C001815,Matthew Koch,michaelmcgee@example.org,8550702640,1997-09-29
C001816,Douglas Rodriguez,franciskenneth@example.net,6216483427,1951-09-06
C001817,Douglas Kim,mandy25@example.org,2358937712,1954-06-04
C001818,William Hansen,vargaspamela@example.net,9516599194,1987-04-04
C001819,Randall Thomas,johnsoncharles@example.com,4286785547,1971-01-10
C001820,John Watts,martinezgail@example.com,0936725028,1990-09-20
C001821,John Dawson,sallen@example.com,3161340799,1996-01-14
C001822,Franklin Thompson,keith28@example.net,2867851506,1968-12-18
C001823,Patrick Rodriguez,michael66@example.org,6894093636,1955-06-29
C001824,Jacqueline Wilson,ewilson@example.org,9563224518,1973-12-17
C001825,Kevin Miller,daniellejordan@example.net,4869784879,1992-01-07
C001826,Kenneth Spears,baileytroy@example.org,3692259164,2001-01-14
C001827,Douglas Willis,rodriguezpeter@example.org,9863708553,1958-11-30
C001828,Corey Gutierrez,robert35@example.com,5694298410,2004-05-05
C001829,Caitlin Harris,karenparker@example.net,7463523561,1965-06-26
C001830,Alexandria Sanchez,mcdanielruben@example.net,8621853111,1997-09-13
C001831,Mr. Robert Clark,zcoleman@example.org,9472813265,1982-06-20
C001832,Curtis Sutton,loveelizabeth@example.net,0375353132,1973-08-06
C001833,Michael Perry,perkinsmatthew@example.net,0568780712,1997-08-13
C001834,Lisa Pope,masonernest@example.net,8820151497,1970-01-15
C001835,Danielle Swanson,cvincent@example.com,2822619549,1968-12-19
C001836,Deborah Osborne,emilygarner@example.com,7766138865,1971-06-18
C001837,Sarah Terry,jennifer78@example.org,3959360194,1998-10-29
C001838,Brian Hampton,robertthornton@example.com,7202033881,1952-10-19
C001839,Lisa Foster,opatterson@example.com,0373448365,2002-04-26
C001840,Lauren Horton,richard57@example.com,9677054673,1982-01-06
C001841,Kyle Garza,joseph68@example.net,3058868102,1977-06-02
C001842,Rebecca Henderson,randerson@example.com,0958040146,1960-01-04
C001843,Nicholas Williams,hendricksemily@example.org,3885467347,2004-04-19
C001844,Samantha Fields,spencerjoshua@example.org,9859671832,2001-12-20
C001845,Timothy Weaver,diana25@example.net,1190359409,1974-07-17
C001846,Christopher Cunningham,chandlerjeremy@example.org,8876766062,1969-12-13
C001847,Priscilla Decker,hollandanne@example.com,8744308183,1955-07-19
C001848,Mary Schultz,lthornton@example.com,3820715481,1997-09-15
C001849,Sean Jones,dhicks@example.com,7677192889,1965-11-07
C001850,Kerry Haas,cflores@example.com,5892303606,1954-09-25
C001851,Shane Jackson,lbates@example.com,5713649674,1983-07-11
C001852,Herbert Thompson,zball@example.com,5269901851,1972-03-29
C001853,Steven Cobb,charles76@example.com,7050680983,2000-10-13
C001854,Jeffrey Park,katherineflores@example.com,3456333892,1990-05-18
C001855,Randy Hayes,chris57@example.net,6388032427,1975-03-08
C001856,Megan Mejia,dcarpenter@example.net,7623703854,1995-12-21
C001857,Cathy Rose,samanthahogan@example.org,9412328062,2001-11-22
C001858,Anna Shaw,matthew41@example.net,5883140035,1967-10-10
C001859,Brooke Hernandez,parkersean@example.net,5716896213,1964-07-12
C001860,Samuel Russell,paul34@example.com,0882309258,1986-05-28
C001861,Margaret Foster,phillipmiller@example.org,0846017262,1991-05-28
C001862,Jennifer Franklin,krista74@example.net,1634303101,1964-10-31
C001863,Christopher Walton,alexandriacox@example.com,1408579622,2003-01-06
C001864,Madeline Dixon,ymiller@example.net,0026046901,2002-09-09
C001865,Jorge Walters,stoutjennifer@example.org,4106678845,1995-08-20
C001866,Anthony Thompson,eric38@example.net,5440711072,1955-11-23
C001867,Matthew Johnson,danielle06@example.com,1485333171,1952-05-05
C001868,David Patrick,annamarsh@example.net,4922028815,2002-06-15
C001869,Melanie Taylor,jsalas@example.org,2696250507,1990-08-16
C001870,Amy Clay,john32@example.com,2749623838,2001-09-27
C001871,Tiffany Montes,timothylong@example.com,9994285803,2002-05-05
C001872,Samantha Roberts,irios@example.net,8505048715,1978-09-03
C001873,Susan Owens,danielmendez@example.com,4479391171,1958-09-26
C001874,David Foster,rose86@example.com,3744966607,1952-09-21
C001875,Patricia York,jbaker@example.org,8036893825,1976-06-19
C001876,Eric Carpenter,daryl02@example.com,7752668480,1993-04-03
C001877,Joseph Stevens,joseholland@example.org,5376429839,1964-01-27
C001878,Heather Greene,joykhan@example.com,8853298734,1993-03-08
C001879,Lindsey Houston,spencer54@example.net,3770499096,1967-12-30
C001880,Rodney Price,bailey73@example.net,1034057368,1991-10-04
C001881,Alicia Patrick,uburch@example.com,3072188771,1986-01-09
C001882,Jonathan White,wwright@example.org,0485786712,1957-07-30
C001883,Ronnie Tran,marymatthews@example.org,7898852499,1997-12-15
C001884,Ebony Ball,erica85@example.com,7304376318,1952-06-21
C001885,Alison Underwood,qpotter@example.com,4400040756,1978-03-05
C001886,Barbara Barber,tanya07@example.net,2968228854,2003-05-26
C001887,Zachary Dawson,paulabrooks@example.net,3665475878,2001-04-01
C001888,Erica Dickson,michaelklein@example.org,7718536017,1954-10-14
C001889,Tim Bell,williamsdavid@example.org,6775270712,1968-03-19
C001890,Daniel Bernard,jenkinslaura@example.com,7299043881,1957-09-10
C001891,Sean Charles,vjohnson@example.com,3163915846,1977-10-09
C001892,Ronald Cruz,gzhang@example.org,3690615502,1973-07-16
C001893,Marcus Ewing,claytontaylor@example.net,6676654053,1968-03-23
C001894,Ashley Huffman,jeffrey32@example.net,1780581380,1993-05-24
C001895,James Drake,vphillips@example.com,6151070557,1963-06-04
C001896,Amanda Ross,rpreston@example.com,2359989625,1993-02-06
C001897,Danielle Jordan,reyesjacob@example.net,1517975193,1960-12-13
C001898,Austin Krause,rlang@example.com,8019762134,1990-09-21
C001899,Angela Hernandez,pcarrillo@example.org,2470810148,1969-07-30
C001900,Luis Nichols,schroederangela@example.net,3748126817,1999-09-30
C001901,Samuel Morris,riveradestiny@example.net,8140334050,2000-03-29
C001902,Travis Walker,lpatrick@example.net,2131166946,1973-10-15
C001903,Sheryl Bullock,xgallegos@example.com,8125983620,1961-08-26
C001904,Rachel Baker,carol26@example.org,0331465657,1985-05-14
C001905,Scott Hunt Jr.,mitchellautumn@example.com,4389641645,1974-10-31
C001906,Michelle Elliott,james22@example.org,7248764126,1960-07-10
C001907,Tara Cox,luke61@example.net,5839340835,1975-06-28
C001908,Kayla Gomez,lawrencealexis@example.net,5693259627,1996-09-01
C001909,David Drake,qpeterson@example.org,9955780228,1967-01-17
C001910,William Fisher,michael02@example.net,9447353414,1984-07-17
C001911,Charlotte Allen,wilcoxryan@example.net,7906674772,1952-10-18
C001912,Elizabeth Arnold,john78@example.org,0187779533,1995-10-02
C001913,Darrell Gilbert,josephward@example.com,7277457502,1972-10-17
C001914,Brett Frost,ryan03@example.net,3839687884,1974-02-21
C001915,Michael Holt,miguelshaw@example.net,7706939285,1982-02-28
C001916,Taylor Collins MD,tmarquez@example.net,9467781898,1960-12-07
C001917,Shelley Kane,christine45@example.net,1185723501,2001-07-01
C001918,Kenneth Taylor DDS,wware@example.com,7917822008,1965-04-05
C001919,Cassandra Montoya,zcarlson@example.org,1575951490,1957-05-05
C001920,Rachel Ritter,beckalan@example.net,5872422749,1957-05-23
C001921,Lisa Cabrera,melissadodson@example.com,7197251234,1998-08-09
C001922,Julie Lowe,njimenez@example.com,6587503104,1966-07-02
C001923,John Woods,michellejohnson@example.com,9907466697,1956-12-25
C001924,Sydney Davis,christensengeorge@example.org,6683032536,2004-09-20
C001925,Jeremy Fitzgerald,uburns@example.net,7810728394,1975-05-17
C001926,Michael Ayers,erindavis@example.net,6319627564,2000-02-13
C001927,Fernando Soto,phillip63@example.org,6362105164,2002-07-27
C001928,Traci Pacheco,pittsmary@example.net,1353739652,1982-03-05
C001929,Kimberly Alexander,vterry@example.com,8990712996,1972-04-11
C001930,Joshua Dickson,qsmith@example.org,3132689374,1972-11-15
C001931,Peter Richard,charles77@example.org,9184251956,1955-02-03
C001932,Holly Grant MD,heatherward@example.org,8706302282,1996-01-24
C001933,Kimberly Gonzales,ugarcia@example.org,9647268474,1974-12-29
C001934,Michael Prince,curtissmith@example.org,0880875645,1972-07-21
C001935,Erica Smith,hoffmandarlene@example.net,7974476193,1958-04-10
C001936,Ronald Floyd,paul53@example.org,4774963379,1979-10-03
C001937,Lisa Jones,whitetodd@example.org,3450521940,1962-04-20
C001938,Jason Weber,emartin@example.com,9773660985,1982-12-01
C001939,Paul Washington,pauldiaz@example.net,8858748955,1988-08-04
C001940,Lisa King,joseph96@example.org,3952574777,1958-06-02
C001941,Charles Romero,reillykatelyn@example.net,5579832290,1994-04-12
C001942,Dustin Stevenson,uhall@example.net,4059193442,1990-10-22
C001943,Julie Hooper,chelseawright@example.org,5335359759,1995-06-21
C001944,Mrs. Charlene Padilla DDS,foxann@example.net,7882737630,1977-08-28
C001945,Robin Hardy,abruce@example.org,9785500445,1965-08-25
C001946,Tony Kline,parksandre@example.com,2265278254,1991-08-02
C001947,Megan Rojas,eporter@example.com,5398724581,1973-05-05
C001948,Jonathan Mason,simpsonjennifer@example.org,5365972683,1996-05-06
C001949,Michael Johnson,salinasmelissa@example.com,7212815683,2003-01-27
C001950,Dr. Timothy Walker,danielgood@example.net,4137173063,1963-03-06
C001951,Amanda Hansen,tiffanycoleman@example.net,6723866560,1976-01-10
C001952,Hannah Kelly PhD,kelly05@example.net,7250402589,1975-12-27
C001953,Susan Shaffer,katelyn72@example.org,2410415074,1952-06-20
C001954,Joseph Wilson,millercynthia@example.net,6134047500,1978-05-06
C001955,Travis Spencer,davidwoods@example.com,6494935658,1988-04-10
C001956,Jennifer Freeman,kevinnguyen@example.net,7083351424,1965-01-30
C001957,Megan Johnson,blairjordan@example.org,4886725140,1978-01-10
C001958,Justin Shaw,fclark@example.org,6688130384,2000-12-25
C001959,Brendan Brown,qking@example.com,2573125361,1996-12-10
C001960,Jennifer Townsend,kristinraymond@example.net,7947450809,1991-02-06
C001961,David Robinson,kim16@example.org,2614471650,1958-11-10
C001962,Dean Schmitt,carolmoody@example.net,5419137804,1975-11-21
C001963,Larry Cochran,seanwheeler@example.com,4276074146,1979-11-17
C001964,Michael Lee,justinnguyen@example.com,1832621384,2004-12-06
C001965,Laura Bell,monicafuller@example.org,5056880848,1955-08-22
C001966,Christian Lopez,antonio29@example.org,8132672733,1961-05-09
C001967,Nathan Gonzales,vmacias@example.net,9468774929,1981-04-03
C001968,Benjamin Butler,dana72@example.net,6849053667,1992-04-05
C001969,James Winters,nancywebb@example.net,5340388333,1952-11-15
C001970,James Ramirez,moorerodney@example.net,1938895311,1985-07-24
C001971,Dr. Ian Sanchez,daltonbethany@example.org,6608623650,1989-01-18
C001972,William Thompson,larrycrane@example.net,2518261350,1960-04-26
C001973,Amanda Morris,lrichard@example.com,6298109975,1954-10-26
C001974,James Hooper,robertdavis@example.com,1407373087,1977-08-21
C001975,Manuel Morrison,anthonywilliams@example.net,2607024748,1990-01-31
C001976,Sarah Jensen,hallsteven@example.net,5229322972,1986-05-02
C001977,Michael Lowe,tracy54@example.org,8864594780,1958-05-06
C001978,Debra Patterson,mjenkins@example.net,7555045838,1962-07-14
C001979,Kathryn Marshall,williamsonbrian@example.org,7211359804,1951-08-22
C001980,Jade Fisher,hbaker@example.org,4601933520,1958-03-13
C001981,Keith Jones,ipaul@example.com,3316140823,1976-10-15
C001982,Jerry Guzman,leslie40@example.com,9950819005,1983-01-23
C001983,Robert Cuevas,carly17@example.com,5241302286,1994-02-08
C001984,Patrick Smith,bianca35@example.com,7414905717,1977-09-19
C001985,Sharon Hanson,rbenson@example.com,6158789891,1959-06-17
C001986,Brian Glenn,davisjonathan@example.net,1248454673,1957-06-04
C001987,Julie Skinner,kyle50@example.net,7034011761,1955-10-10
C001988,Shawn Wilson,shannonpatel@example.org,7203579656,1957-10-22
C001989,Mary Christian,kelly26@example.net,7824116434,1955-01-17
C001990,Zachary Stewart,donna62@example.com,2306421168,1959-01-08
C001991,Tiffany Harper,corey59@example.org,4665217464,1965-12-23
C001992,Nicole Nelson,albert05@example.net,1137134631,1957-06-02
C001993,Amber Webb,rray@example.net,7601883041,1991-06-13
C001994,Jonathan Young,nathanpena@example.net,3697016852,1983-12-14
C001995,Michaela Robles,brandon09@example.org,0118596897,1996-01-07
C001996,Alex Ramsey,antonio57@example.net,8184726680,1975-02-08
C001997,Carolyn Jones,davismichael@example.com,6278908806,1991-12-04
C001998,Tyler Underwood,vzuniga@example.net,8223312567,2002-07-30
C001999,Michelle Lewis,sherri61@example.com,7141342773,1950-11-14
C002000,Michael Roy Jr.,lowekyle@example.org,9420793741,1994-12-25
C002001,Lisa Thomas,maddenelaine@example.net,5309558779,1955-03-04
C002002,Catherine Clark,shawn38@example.net,6129213511,1970-10-24
C002003,John Lopez,thompsonjorge@example.net,8412322232,1954-03-01
C002004,Paul Tanner,xbrown@example.net,3913708587,2004-02-27
C002005,Danny Archer,vcabrera@example.net,2608099371,1992-10-06
C002006,Jerry Stephens,jennifer88@example.org,3747381133,1966-06-29
C002007,Christopher Kirby,kyle77@example.org,5355882348,1989-10-31
C002008,Roberta Cunningham,zacharymorris@example.org,7798258753,1952-07-30
C002009,Ariel Henson,javierjohnson@example.org,6670633119,1979-09-18
C002010,Leslie Rogers MD,tracybarber@example.org,0377917037,1957-10-24
C002011,Joshua Taylor,kempjustin@example.com,0721624742,1978-11-24
C002012,Dana Ward,bruce65@example.org,5367912072,1969-02-01
C002013,Mary Jacobs,leehester@example.com,8199684456,1983-02-25
C002014,Nicholas Baker,arthuredwards@example.org,1556740920,2003-10-11
C002015,Noah Frazier,middletonandrew@example.org,1405806709,2005-01-28
C002016,Joseph Smith,smithpamela@example.org,4645497683,1980-03-16
C002017,Jared Campbell,michelefoster@example.org,7601380795,1974-08-07
C002018,Steven Sparks,rgomez@example.net,0815959043,1958-05-05
C002019,Tara Jones,oscott@example.com,7763103231,1980-08-07
C002020,Jack Richmond,gutierrezjonathan@example.com,6964589244,1982-10-26
C002021,Patricia Delacruz,michellechen@example.com,7929759144,1963-04-26
C002022,Laura Collins,melissa84@example.com,9248878073,1952-01-28
C002023,Sarah Harrison,shawnwilliams@example.org,2519187162,1979-02-28
C002024,Robert Reynolds,smolina@example.net,9193526425,1971-07-30
C002025,Sean Crawford,schmidtmichael@example.com,9105639670,1958-06-02
C002026,Sydney Gamble,austin77@example.org,5015544940,1983-03-16
C002027,Franklin Wood,tracydodson@example.com,5557663354,1972-07-15
C002028,Dr. Tiffany Deleon DDS,thomasgross@example.org,7695887089,1952-07-04
C002029,Jason Henderson,frenchjacob@example.com,4482943500,1978-02-21
C002030,Henry Mendoza,qbecker@example.org,7164919163,2005-04-15
C002031,Melissa Lang,catherine50@example.org,9156978079,1952-03-10
C002032,Angel Warren,jasonhorn@example.com,2374326924,1954-05-09
C002033,Michael Chambers,rebecca91@example.org,9464031182,1988-04-16
C002034,Thomas Lawrence,maddendesiree@example.org,3905966694,1957-02-20
C002035,Kristin Clark,rhoward@example.net,2884637734,1970-06-15
C002036,Robert Simon,iwells@example.net,7931625055,2000-09-26
C002037,Brianna Atkins,emma83@example.net,2687793889,1980-11-22
C002038,Joseph Graham,williamcastillo@example.com,9104076296,2005-03-30
C002039,Diane Manning,qrobinson@example.net,2040410719,1963-02-21
C002040,Danielle Barker,lbrown@example.com,7814963550,2003-06-29
C002041,Arthur Miller,ballwilliam@example.com,7313700174,1975-11-23
C002042,Trevor Pham,adamacevedo@example.net,3733970101,1981-05-27
C002043,Ronald Petty,samanthamoore@example.net,0061386549,1978-11-13
C002044,Emily Miller,john80@example.com,1180045015,1962-05-09
C002045,Lisa Pruitt,jbrown@example.com,9347796605,1989-08-25
C002046,John Smith,gary46@example.com,6948617541,1976-04-20
C002047,Dr. Eric Grant DDS,bradleyemily@example.com,7082678650,2003-08-07
C002048,Susan Ramirez,claudiaglass@example.org,7088050151,1956-12-06
C002049,Randy Thompson,natalie70@example.com,4169814207,1995-06-26
C002050,Amanda Nichols,jeffrey59@example.com,3976610541,1980-08-05
C002051,Johnny Smith,hbailey@example.net,0778428455,1953-04-13
C002052,Tammy Olson,hamiltontony@example.net,9228349143,1986-09-29
C002053,Jesse Thompson,cindy83@example.org,7408912059,1958-04-01
C002054,Shawn Myers,karina20@example.net,6108802570,1997-07-15
C002055,Matthew Higgins,nicole91@example.com,6761662965,1999-07-21
C002056,Amy Norman,tinabennett@example.com,2092254508,1976-12-18
C002057,Jeffrey Owen,pweiss@example.net,1834100066,1968-12-18
C002058,Tyler Rivers,stephanieavila@example.com,0356089706,1985-10-11
C002059,Robert Mitchell,dstephenson@example.net,8304702789,1982-09-19
C002060,Brian Lopez,florescrystal@example.org,9857547388,1979-08-31
C002061,Mr. Christopher Martin,kristen72@example.com,3205285155,1962-12-16
C002062,John Davis,etran@example.net,0513918418,1973-02-18
C002063,Alex Reeves,vasquezcrystal@example.org,5156993327,1970-05-31
C002064,Kristina Barry,shane87@example.net,0925239060,2004-02-08
C002065,Jessica Hernandez,harrisjamie@example.com,2581936694,1978-09-18
C002066,Hannah Steele,barrettrachel@example.com,5681508951,1964-11-01
C002067,Veronica Ferguson,xrich@example.org,0230423338,2004-06-15
C002068,April Thomas,bishopjennifer@example.org,0400438666,1995-09-21
C002069,Marissa Price,stevenwoods@example.net,6368053738,1953-06-10
C002070,Stephen Williams,mjohnson@example.net,4770751862,1960-09-24
C002071,Sherri Douglas,zfranco@example.com,8168960066,1985-03-19
C002072,Mr. Nicholas Martin,amyadams@example.com,6817922419,1961-07-29
C002073,Caleb Grant,josephhardy@example.net,4487890483,1980-11-06
C002074,James Holt,paulwhite@example.org,8066640599,2004-11-15
C002075,Jonathan Peters,seanthompson@example.net,3712688704,1994-04-15
C002076,Mallory Young,egonzalez@example.com,1756247994,1983-10-29
C002077,Joshua Cole DDS,bellmichelle@example.com,6208407846,1958-04-13
C002078,Edward Waller,darrylmendez@example.com,6525542458,1973-04-23
C002079,Laura Brown,tmartin@example.com,9406015413,1962-08-03
C002080,Cynthia Russell,veronicajensen@example.org,2254686296,1999-07-10
C002081,Jake Adams,hansenlarry@example.com,4926273506,1966-02-19
C002082,Jennifer Mitchell,cfields@example.net,1490910091,1960-10-29
C002083,Erica Morgan,selena30@example.org,7846274205,1996-01-13
C002084,Laura Peck,mparks@example.org,3216656910,1995-12-24
C002085,Nicole Jones,cervanteschristopher@example.net,0250064227,1996-11-25
C002086,Maria Farmer,bmorgan@example.net,0534774116,1971-10-25
C002087,Sherry Lee,mcooper@example.net,5920415528,1976-03-01
C002088,Jennifer Pugh,andrewhopkins@example.net,9774443329,2005-07-19
C002089,Thomas Porter,natalie04@example.com,2464972834,1986-06-17
C002090,Steven Hopkins,johnsoncandace@example.com,4298299316,1978-08-14
C002091,Jessica Hunter,dmontes@example.org,8910557999,1959-06-21
C002092,Dennis Travis,hbell@example.net,3434407080,2001-04-19
C002093,Gary Wong,marcuscole@example.net,5907312821,2000-08-23
C002094,Christian Stanton,floresjose@example.com,7707050709,1977-06-27
C002095,Daniel Wallace,sarahreeves@example.org,6572079804,1959-07-27
C002096,Raven Abbott,scottmiddleton@example.com,5239996369,1985-08-26
C002097,Brian Shelton,tinarocha@example.com,8262901651,1975-05-06
C002098,Timothy Griffin,xrosario@example.net,3331793134,1972-01-21
C002099,Jenny Davis,ogray@example.org,1000278649,1955-01-15
C002100,Sheena Marshall,belldana@example.com,8063190537,1996-04-30
C002101,Julie Johnston,jennaschaefer@example.com,6226897531,1962-04-28
C002102,Ricky Ryan,michelejohnson@example.com,9314449419,1996-03-11
C002103,Laura Stanton,qthompson@example.net,8409277157,1972-03-09
C002104,Jeremy Flores,huangeric@example.org,0318672075,1973-04-07
C002105,Jacqueline Jordan,harveylinda@example.net,6015043401,1969-08-14
C002106,Jesse Benson,julie32@example.net,7410506859,1995-03-22
C002107,Richard Vance,lhodges@example.org,7061653730,1967-04-18
C002108,April Henry,reidmarilyn@example.org,0961507106,1961-12-07
C002109,Jeffrey Berg,riverabrian@example.org,7977963199,1991-10-23
C002110,Lisa Nunez,anelson@example.org,2983087884,1952-11-28
C002111,Kathy Scott,spencerhowell@example.net,8627482300,1987-05-27
C002112,Robert Garza,allen33@example.com,2115678140,1972-10-16
C002113,Nicole Sullivan,davidsonshannon@example.com,0942315963,1963-02-18
C002114,Stephen Gallegos,diazwilliam@example.org,6900479046,2004-11-25
C002115,Gregory Trujillo,murphycassidy@example.org,2789119268,1968-07-10
C002116,Wendy Bernard,davidsonmargaret@example.net,4416661177,1993-02-24
C002117,Jennifer Grimes,hawkinsanthony@example.net,8240497795,1961-10-26
C002118,Anthony Miller,francisapril@example.com,7598962249,1951-03-05
C002119,Ashlee Nelson,michelle32@example.com,9901026334,1968-09-03
C002120,Katelyn Wolf,schmidtbarbara@example.net,6823955434,1980-11-11
C002121,Mark Wilson,deborah57@example.com,1513985532,1956-12-06
C002122,Cindy Simpson,fordphyllis@example.com,3243421395,1951-08-30
C002123,Carol Smith,oliviabrooks@example.org,4558048294,1972-11-21
C002124,Chelsea Navarro,kgoodman@example.org,0625873608,1961-07-19
C002125,Michael Barnes,sharonbeck@example.com,5011532703,1987-05-11
C002126,George James,flewis@example.org,7998708053,1980-11-30
C002127,Whitney Yates,dianafrank@example.net,5753764451,1990-05-29
C002128,Brittany Weaver,kristeningram@example.com,2996138071,1961-03-28
C002129,Kevin Pearson,matthew06@example.net,8292162986,2000-04-24
C002130,Meredith Norton,christensenjohn@example.net,0569562509,1983-09-13
C002131,Francis Payne,byrdsherry@example.net,0811071492,1955-09-14
C002132,Jennifer Johnson,tina84@example.com,3721326776,1967-05-08
C002133,Michelle Jones,owenjesse@example.com,0979756842,2003-07-04
C002134,Amanda Cochran,kramirez@example.net,3112659746,1988-07-22
C002135,Ashley Jones,westkaren@example.com,3275888118,1959-08-21
C002136,Alexander Green,dcooper@example.org,1891095310,1952-05-10
C002137,Catherine Nguyen,randywalsh@example.org,8013702098,1991-09-04
C002138,Thomas Ramirez,tmiller@example.org,0772720450,1951-01-17
C002139,Stephanie Vaughn,jeremy35@example.org,6262510494,1980-03-28
C002140,Steven Wade,craig32@example.org,7309240741,1967-05-02
C002141,Jennifer Allen,walkerpatrick@example.net,7433919580,1993-09-14
C002142,Charles Bennett,bradley46@example.net,1465003945,1971-01-08
C002143,Donna Martin,shawkathryn@example.net,2320165198,1977-02-24
C002144,Sarah Rodriguez,ccannon@example.com,1926775046,1978-05-04
C002145,Mark Robertson,victoria96@example.com,8872020487,1995-10-03
C002146,Gina Mitchell,fgoodwin@example.com,2719745314,1976-10-21
C002147,Justin Williams,courtneyhurst@example.com,4735642729,1974-11-17
C002148,Troy Bishop,josebrown@example.net,4647023607,1993-07-12
C002149,Alexandria Thompson,matthewodonnell@example.org,3417622809,1954-09-29
C002150,Michael Davis,tiffanycole@example.org,8482817393,1984-03-06
C002151,Ashley Hodges,lauriehenderson@example.net,6120646467,1992-10-18
C002152,Janet Rivera,peterssandra@example.org,4399925709,1988-06-24
C002153,Charles Cooper,kathy14@example.org,5520328659,1980-02-08
C002154,Kendra Maxwell,alyssaharris@example.net,5306730830,1989-01-04
C002155,Oscar Walsh,lconner@example.org,9105071970,1970-05-31
C002156,Olivia Bailey,angel69@example.org,3876738431,1970-09-01
C002157,Ernest Melendez,annawhite@example.com,2732437039,1984-06-02
C002158,Phillip Vega,bradshawjoseph@example.net,4307683298,1972-12-05
C002159,Nicole Johnson,lisa19@example.org,0242363743,1956-07-21
C002160,Wayne Fox,james13@example.com,1682611147,1953-10-16
C002161,Joel Olson,jessicacollins@example.com,5647311688,1981-01-04
C002162,John Barber,gardnerdeborah@example.net,3830148578,1978-03-29
C002163,Joseph Williams,penny89@example.org,4462882617,1980-03-20
C002164,Robin Ellis,fdavenport@example.com,1813722938,1953-01-09
C002165,April Villanueva,joshuarodriguez@example.org,4764927386,1951-03-04
C002166,Karen Anderson,cynthiapacheco@example.net,8155392588,1966-08-17
C002167,John Russell,johncollins@example.net,8760287490,1956-09-22
C002168,Kiara Jones,heather39@example.org,7812883793,1997-09-23
C002169,Teresa Cowan,tammymcguire@example.com,4695395369,1993-11-14
C002170,Jeffrey Chen,rgarcia@example.org,6230678019,2003-07-16
C002171,Destiny Terrell DVM,scottsamuel@example.org,8362487485,1953-04-04
C002172,Vanessa Simmons,castillojeffrey@example.org,7606395136,1981-03-30
C002173,Raymond Carter,qwheeler@example.net,6633756184,1954-01-23
C002174,Miguel Small,anna94@example.com,6188374489,1983-07-03
C002175,Carlos Adams,whitemarissa@example.com,0217829598,1976-05-22
C002176,Aaron Young,kclark@example.net,0380437412,2002-05-13
C002177,Jaime Flores,smithrobert@example.org,0783931329,1951-05-14
C002178,Jacob Carter,rachel16@example.com,5557486328,1996-09-24
C002179,April Peterson,savagematthew@example.com,3841096006,1996-04-12
C002180,Andrea Cooper,alexanderrichard@example.net,4456979181,2005-06-06
C002181,Sherry Hughes,vmurphy@example.com,6068342605,2002-05-16
C002182,Mark Franklin,ychapman@example.net,8187588041,1987-11-27
C002183,Dr. Kelsey Green,taylorjulia@example.org,7902293094,1979-03-25
C002184,Richard Hill,mark79@example.net,0725668723,1997-06-06
C002185,Scott Hester,pwolfe@example.net,1041367776,1979-03-26
C002186,Melissa Harris,jenniferanderson@example.net,7371967557,2005-06-18
C002187,Elizabeth Baker,livingstonamanda@example.net,4388269769,1952-10-05
C002188,John Miranda,mrandall@example.net,9087863914,1996-08-26
C002189,Nichole Nolan,chelsea44@example.com,4270725445,1972-09-23
C002190,Kyle King,andrearamirez@example.org,5193914603,1978-09-30
C002191,Amanda Edwards,loweandrew@example.net,8777075013,1988-09-28
C002192,Carrie Morris,emonroe@example.net,6317718626,2005-05-02
C002193,Steven Pope,iclark@example.org,0326249864,1978-09-10
C002194,Robert Hill,xchavez@example.com,6443495412,1978-02-04
C002195,Joshua Johnson,haynesmichelle@example.net,4828009205,1962-04-22
C002196,Henry Warren,cgeorge@example.org,3315240415,1952-06-22
C002197,Robert Murray,fcherry@example.net,7793333569,1997-08-19
C002198,Dawn Flores,fmccarty@example.com,9506410318,1957-02-01
C002199,Margaret Richardson,jasonwalters@example.com,5461203846,1967-06-08
C002200,Anthony Salas,janicedixon@example.net,4353542562,1968-06-05
C002201,Kayla Houston,kimberlyduarte@example.com,5134074918,1984-07-01
C002202,Stacey Taylor,brett55@example.com,5120690611,1998-04-07
C002203,Jeffrey Murphy,hallleslie@example.com,4394428054,1981-08-18
C002204,Monique Clark,sarah07@example.net,3053900343,1961-12-07
C002205,Steven Maldonado,jasmine62@example.net,9756578339,1977-02-20
C002206,Benjamin Lane,christopher88@example.net,7878280957,2003-04-23
C002207,Craig Fleming,hoffmananna@example.com,6074562567,1991-10-25
C002208,Joseph Fowler,ckelly@example.com,9802075204,1981-03-01
C002209,Mrs. Alisha Ross,samantha47@example.com,9202444073,1982-03-14
C002210,Marissa Curry,martinezhenry@example.org,7291694261,1956-03-15
C002211,Dr. John Berry,ian56@example.com,0831300161,1969-05-25
C002212,William Donovan,combstravis@example.org,6430860428,1956-11-16
C002213,Carlos Esparza,qcopeland@example.com,1060606737,1984-02-09
C002214,David Daniels,browneugene@example.net,8479801170,1992-10-21
C002215,Megan Singh,shawn57@example.net,3367594791,1982-05-09
C002216,Sara Robinson,imoreno@example.net,5230804533,1999-06-12
C002217,Kimberly Johnson,aallison@example.org,6755475396,1968-08-29
C002218,Gloria Garcia,loriwalters@example.org,5821726330,1965-01-21
C002219,Sarah Walsh,nicholsheather@example.net,1125804430,1988-05-15
C002220,Brett Wallace,ablack@example.net,7663521526,1983-08-18
C002221,Jesse Smith,hferguson@example.net,4641473594,1958-07-05
C002222,John Rowland,gerald77@example.com,7395166032,1973-07-22
C002223,Nathaniel Macias,jennifer07@example.net,5199632304,1957-07-04
C002224,Jennifer Miles,danielle95@example.net,3841629062,1973-08-18
C002225,Monica Sanders,anthonyconrad@example.net,5183434936,1972-07-20
C002226,Zachary Boyd,wgilbert@example.org,7244167621,1986-08-09
C002227,Jason Porter,carrieharris@example.com,4870929516,1967-02-21
C002228,Hannah Fox,nicholaskim@example.org,1258128766,1953-06-20
C002229,Lisa Villegas,jose76@example.com,2469685169,1968-02-21
C002230,Brian Watson,cristinaphillips@example.com,0500574580,1975-12-09
C002231,Kelly Wilson,davidbryant@example.org,8335948224,1971-12-21
C002232,Kimberly Hughes,alvaradonichole@example.org,1765461411,2005-05-22
C002233,Michael Ford,ashleyguerrero@example.org,9835844801,1995-03-24
C002234,Jeremy Burns,rochapaul@example.net,3909174479,1955-09-18
C002235,Alyssa Pham,garrettreid@example.com,1996584029,1950-11-06
C002236,Roberto Bowman,hburch@example.org,3865626008,1967-11-07
C002237,Sean Roy,smithjohn@example.org,3782868722,1987-09-18
C002238,William Daniels,kduncan@example.org,9766215415,1981-08-17
C002239,Ryan Shelton,shawnanderson@example.net,9428635834,1954-10-06
C002240,Patricia Walsh,rnewman@example.net,5910923355,1964-05-03
C002241,Brittany Robertson,josepena@example.net,6190558753,1981-09-17
C002242,Nathan Guzman,hoopernancy@example.net,1679520279,1978-07-28
C002243,Dennis Weaver,hartchristina@example.org,2845848749,1969-06-01
C002244,Jennifer Tran,ireed@example.org,2008057019,1989-12-06
C002245,Wendy Griffin,dianejensen@example.com,5680846900,2002-08-12
C002246,Daniel Vincent,jane49@example.net,7002519067,1958-04-13
C002247,Marc Ward,knorris@example.com,7476308357,2003-11-13
C002248,Anna Mueller,johnsonhannah@example.com,4741804202,1952-09-23
C002249,Kristy Hutchinson,xwright@example.com,8765755525,1972-03-21
C002250,Sherri Ward,rgill@example.net,8264871300,1972-09-29
C002251,Martin Peterson,johnwallace@example.net,2948447041,1974-09-09
C002252,Janice Hubbard,mwilliams@example.com,1819613875,1973-02-04
C002253,Christopher Warren,ortegajohn@example.net,4199771180,1989-01-30
C002254,Elizabeth Meyers,qwilliams@example.net,9859271436,1998-02-25
C002255,Mrs. Madison Rowe MD,jenniferbutler@example.com,8776458084,1967-12-03
C002256,Carla Jones,vhood@example.org,5312605574,1978-11-26
C002257,Tammy Howell,uhenderson@example.com,2681307837,2001-12-02
C002258,Hannah Sellers,jacksonjoel@example.net,5923258024,1998-01-01
C002259,Pamela Chaney,nnelson@example.com,4928632702,1955-12-28
C002260,Tina Anderson,williamsomar@example.net,6344334602,1968-02-29
C002261,Donald Page,brittanykelley@example.com,2521514351,2000-01-08
C002262,Jordan Williams,amanda26@example.org,3547224055,1996-03-16
C002263,Wendy Salazar,adamsdiana@example.net,7523408705,1955-12-11
C002264,Travis Morales,brittany18@example.org,3997486980,1965-08-11
C002265,Christine Boyer,rebeccasmith@example.net,6609404475,1983-12-11
C002266,Gary Shelton,ureed@example.net,6586972232,2005-08-25
C002267,Antonio Allen,andrewsmichelle@example.com,1363591142,1967-11-12
C002268,Robert Robinson,wshelton@example.org,0245422492,1977-10-15
C002269,Michael Schroeder,smithcolin@example.org,8928243509,1952-03-26
C002270,Gabriela Blake,teresa17@example.com,9484676408,1999-04-24
C002271,Cindy Jones,adam30@example.net,0906336027,1990-03-08
C002272,Nathaniel Fisher,xreese@example.org,2924598977,1979-07-03
C002273,Melissa Lee,calebreynolds@example.net,2228338138,2000-02-19
C002274,Zachary Cruz,xmaldonado@example.net,0144124522,1965-07-06
C002275,Michael Boyd,barbaraperez@example.net,0462933741,1975-11-14
C002276,Monica Hickman,jaredboyd@example.net,9190530945,1988-05-01
C002277,Jordan Esparza,lindsey72@example.org,3007086186,1989-07-11
C002278,Jesus Owens,gary91@example.com,5650869227,1970-12-28
C002279,Jackie Pham,patricia11@example.net,5562412667,1959-07-28
C002280,Laura Baker,stevensonashley@example.com,0336424532,2004-03-12
C002281,Morgan Taylor,swalters@example.org,0371524310,1969-02-17
C002282,Jennifer Wright,harveypatricia@example.com,1225264974,1996-09-13
C002283,Matthew Contreras,juan86@example.net,0707810101,1954-11-30
C002284,Jacqueline Obrien,sherri11@example.net,4900449100,1986-05-08
C002285,Ryan Carter,yvettecampbell@example.net,0640412107,1997-07-06
C002286,Gregory Floyd,christopherluna@example.net,8506606751,1955-10-27
C002287,Timothy Cook,knightdavid@example.net,7702153861,1986-04-05
C002288,Michael Thompson,qmathis@example.org,9341061650,1958-09-16
C002289,Bryan Hale,egonzalez@example.org,0725084524,1972-04-28
C002290,Amanda Lynch,louislandry@example.org,0109993191,1980-06-12
C002291,Kathy Martin,hdavid@example.net,2887415949,1991-03-17
C002292,Michael Hoover,richardgreen@example.org,3869664811,1993-12-26
C002293,Martin Taylor,rhernandez@example.org,6777983677,2002-11-01
C002294,Michael Taylor,gordonlaura@example.net,1331579208,1984-04-09
C002295,Michael Day,millermargaret@example.org,1266086961,1976-12-07
C002296,David Johnson,dominiquepowers@example.com,7360863339,1969-02-22
C002297,Jared Osborn,tsmith@example.com,0800509083,1977-04-30
C002298,Michael Garza,belltheresa@example.com,4419941243,1963-06-05
C002299,Michael Carlson,alexanderchristopher@example.org,4983678490,1953-12-28
C002300,Justin Sosa,dicksonkatie@example.com,5500437531,1981-04-30
C002301,Shannon Barry,brian83@example.net,0390367486,1994-07-31
C002302,Sarah Ingram,sherri53@example.com,4392708120,1982-10-31
C002303,Allison Vasquez,chasedarrell@example.org,0823416099,2002-08-09
C002304,Joseph Roman MD,kross@example.org,6444904394,1974-05-12
C002305,Michael Galloway,ganderson@example.org,4026028465,1994-09-24
C002306,Laurie Reyes,nleach@example.net,3974539180,1956-11-27
C002307,Jennifer Glover,kevin33@example.net,3609085753,1970-09-21
C002308,Daniel Rice,desireewhite@example.net,0249278523,1980-11-04
C002309,William Moyer,camposronald@example.com,8960106658,1972-04-22
C002310,Eric Moss,iward@example.net,8540445039,1996-10-29
C002311,Christina King,bmorrison@example.net,4498602965,1986-07-29
C002312,Sharon Cooper,andrewsmith@example.net,9048786015,1999-01-03
C002313,Destiny Flores,catherinehernandez@example.net,5418337881,1966-12-17
C002314,Allison Lang,jeffrey20@example.org,0078677550,1960-07-23
C002315,Robert Jefferson,pmarquez@example.org,7336142474,2001-09-28
C002316,Brittany Stewart,pfletcher@example.com,4364851782,1980-04-13
C002317,Phillip Jones,fjohnson@example.net,1964000925,1982-12-22
C002318,Kyle Mccall,seanwright@example.net,7765402347,1996-10-09
C002319,Jocelyn Hopkins,chanamanda@example.org,5652936756,1958-07-03
C002320,Michael Green,kimberlysilva@example.net,9759553642,2002-07-17
C002321,Gary Mcclure,wglenn@example.net,9018769270,1968-07-17
C002322,Nathan Cline,wbrown@example.net,4430299738,1987-06-22
C002323,Amy Gilbert,lori80@example.com,8869890876,1962-09-27
C002324,Jeffrey Marshall,bellandrea@example.org,8156162173,1983-11-24
C002325,Miranda Gonzalez,andrew31@example.net,6661624698,1966-09-03
C002326,Jennifer Walls,shawhenry@example.com,2476867071,1983-05-06
C002327,Max Howard,matthewherrera@example.net,3529800934,1994-02-13
C002328,Derrick Forbes,wcollier@example.org,5582218195,1966-12-27
C002329,April Carson,pbryant@example.com,1316453833,2003-12-10
C002330,Adam Walker,john21@example.org,2546759149,1974-06-12
C002331,Nicole Ruiz,codyballard@example.org,6825832014,1989-07-23
C002332,Thomas Lee,ngolden@example.net,6863644498,1975-12-14
C002333,Rachel Villarreal,anneschultz@example.com,4294299211,1963-11-30
C002334,Daniel Juarez,brendan97@example.net,0993872112,1981-02-14
C002335,Lisa Lee,garciapamela@example.net,9547616806,1960-12-27
C002336,Walter Johnson,evelyn46@example.net,1314336057,1953-04-22
C002337,Ashley Kent,joseph59@example.net,9179196909,1957-09-05
C002338,Mason Stewart,andrewrandall@example.com,8360901680,1970-08-21
C002339,Patrick Smith,mcarter@example.com,3497320096,1995-09-27
C002340,Robert Rollins,howardharold@example.com,2488880497,1964-01-30
C002341,Meredith Morris,vegaashley@example.org,4057411935,1969-07-06
C002342,Jose Parsons,steelelisa@example.com,7095218586,1993-05-13
C002343,Lisa Thomas MD,markbuck@example.net,7839803703,1998-01-04
C002344,Anthony Coffey,sbradley@example.com,3074878134,2001-11-08
C002345,Tammy Smith,manningangela@example.org,1700048541,1997-10-04
C002346,Alejandra Hardy,erika25@example.com,9625561441,1985-03-03
C002347,Thomas Brown,donnamartinez@example.org,1761114832,1981-01-09
C002348,Tanya Taylor,ili@example.org,6948100112,1978-05-10
C002349,Kevin James,connie67@example.org,3836841434,1959-01-20
C002350,Alison Tucker,edwardsjames@example.net,5950942816,1962-08-21
C002351,Jeremy White,gravestracy@example.com,1059157981,1961-01-31
C002352,Leslie Robbins,gary64@example.org,2217328424,1956-11-28
C002353,Mary Johnson,christinaschneider@example.com,6513420457,1989-04-07
C002354,Tyler Boyer,jenniferperez@example.org,2413001131,1957-12-21
C002355,Douglas Marshall,rshaw@example.org,5922770260,1971-08-20
C002356,Marie Salazar,wdominguez@example.com,4113507649,1977-11-24
C002357,Michelle Lee,chunter@example.com,1947505220,1962-02-19
C002358,Robin Dudley,douglas59@example.net,3238143316,2004-05-09
C002359,Sheryl Ruiz,rhonda69@example.com,7119895111,2000-12-23
C002360,Kevin Mcintyre,pwilson@example.com,0264236245,1981-08-01
C002361,Kevin Clark,burnettsteven@example.net,5080571178,1999-02-11
C002362,Nicholas Bryan,george43@example.com,6660448671,1954-01-19
C002363,Joseph Singh,snewman@example.com,4967845273,1955-11-20
C002364,Ashley Perry,melissa13@example.com,5579707907,2005-05-15
C002365,Gail Clark,jonesjames@example.com,2725921298,1993-08-24
C002366,Anthony Diaz,markmassey@example.com,4856526424,1997-09-17
C002367,Brandy Moore,davidhill@example.org,4960726520,1961-03-22
C002368,Marcus Hayes,scottbrooks@example.org,2195693205,1982-02-08
C002369,Keith Lozano,nunezkayla@example.com,4523649411,1953-07-19
C002370,Jaime Powell,evansstacey@example.com,3215175196,1952-12-20
C002371,George Jordan,christophernelson@example.org,2207043107,1989-12-12
C002372,Dawn Velazquez,rita93@example.net,7428601767,1960-06-21
C002373,Kelli Wilson,drakeantonio@example.com,9238352237,1984-12-01
C002374,Joseph Johnson,crystalbaker@example.net,8460412616,1969-01-25
C002375,David Hopkins,hbrown@example.com,1690476102,1959-07-19
C002376,Kevin Williams,james70@example.org,7050356237,1968-08-24
C002377,Gabriel Ewing,ismith@example.com,1990656322,1996-02-20
C002378,Angela Henry,daniel59@example.net,7291694222,1955-07-25
C002379,Andrea Ramos,ylevy@example.org,6572245883,1967-07-04
C002380,Cindy Osborn,brandon33@example.com,6159266866,1984-09-17
C002381,Mr. George Williams,lopezdouglas@example.com,9360470928,1952-03-21
C002382,Deborah Fleming,lindaroberts@example.org,9392268949,1981-07-06
C002383,Natalie Martinez,jessicahodges@example.com,2407281959,1984-08-26
C002384,Allison Lloyd,greeneanna@example.org,0933627244,1955-11-02
C002385,David Price,lauranorris@example.net,2221553250,1983-08-23
C002386,Shane Knight,gking@example.org,5160862495,1990-01-28
C002387,Robert Smith,maria52@example.net,6471181320,1990-04-03
C002388,Lauren Miller,teresa55@example.org,3698516765,2000-11-07
C002389,Teresa Harper,zrichards@example.org,2364499514,2001-11-25
C002390,Stephen King,kennethgarcia@example.com,6317774422,2000-12-05
C002391,Walter Rodriguez,glee@example.org,3473175102,1996-12-19
C002392,Erin Hunter,joewells@example.org,5351356343,1966-10-20
C002393,Mackenzie Brown,zhall@example.org,4715433825,1991-11-30
C002394,Kenneth Taylor,antonioleblanc@example.org,5802845718,2005-03-17
C002395,Maria Bonilla,xmanning@example.com,1453651338,2002-03-12
C002396,Earl Cruz,agarcia@example.com,3370736712,1978-11-26
C002397,Paul Dickerson,lindathompson@example.com,0697296720,1950-12-27
C002398,Craig Gilbert,newmanpamela@example.net,5864740192,1979-12-23
C002399,George Lloyd,peter16@example.org,3840397267,1958-12-04
C002400,Kevin Brown,christopher25@example.net,9563603855,1980-08-27
C002401,Todd Hernandez,ntucker@example.com,5859919776,1963-05-17
C002402,Michele Sandoval,donaldmarquez@example.net,3763662871,1985-07-17
C002403,Scott Sanford,candice55@example.org,5069895829,2005-09-02
C002404,Amy Berry,hpadilla@example.com,4179394314,1966-09-26
C002405,Heather Collins,rileysteven@example.com,4285740405,1961-07-11
C002406,Jacob Mccall,zjames@example.org,7799751090,2004-06-28
C002407,Allison Jackson,juanballard@example.org,0411708292,1993-01-01
C002408,Anita Graves,smithbrenda@example.com,1147472990,1960-06-24
C002409,Jonathan Benson,kingsusan@example.com,7456844263,1959-04-29
C002410,Madison Stephens,nicole65@example.org,3483082413,2003-07-30
C002411,Matthew Clarke,linda03@example.com,4177334307,2004-10-15
C002412,Kim Davis,blambert@example.net,9231867811,1957-07-05
C002413,Cynthia Weaver,paigeosborn@example.net,0257953564,1961-03-17
C002414,Chelsea Carter,hbenson@example.com,9962402384,1991-12-07
C002415,Mark Dean,manuel90@example.net,3957286939,1966-01-21
C002416,Sherry Davis,ehorn@example.org,3827653480,1994-03-17
C002417,Luis Bush,sydneycox@example.com,2010154448,1977-03-13
C002418,Devin Richardson,msmith@example.net,2177599025,1960-04-27
C002419,Allison Mercer,adamhill@example.net,3728102972,1967-02-13
C002420,Stacey Wilson MD,dbrown@example.com,3302251766,1972-12-11
C002421,Terrance Burns,nmartin@example.org,5958295656,1992-04-20
C002422,Molly Kirk,silvajessica@example.com,1475376378,1962-05-10
C002423,Heather Patterson,wanda66@example.net,5770518650,1970-08-04
C002424,Jennifer Ramirez,carl59@example.net,5925687042,2000-05-14
C002425,Mr. Ryan Gardner DDS,haley60@example.net,3828504162,1992-03-31
C002426,Carla Fowler,henrythompson@example.org,8029446276,2005-01-21
C002427,Deborah Farrell,edwardsconnor@example.net,4589385335,1970-09-11
C002428,Lindsey Mendez,hamiltonmichael@example.com,2287512090,1992-02-29
C002429,Nicole Ellis,martinezjustin@example.net,3360989105,1984-07-02
C002430,Madison Garcia,ryoder@example.org,5975834459,1991-11-23
C002431,Carla Lowe,lisa82@example.net,5490787255,1951-11-01
C002432,Stephen Obrien,stephenconley@example.com,7960616941,1958-11-03
C002433,Deborah Atkins,noahburke@example.com,8277069922,1962-05-28
C002434,Michael Vance,grahamandrew@example.net,7610023512,1976-03-15
C002435,Michelle Reyes MD,qharris@example.net,3856337598,1975-08-01
C002436,Nancy Zamora,hharrell@example.net,1133795233,1967-03-26
C002437,Mark Ramos,wjohns@example.org,7879633879,1962-01-14
C002438,Carolyn Doyle,herbertbrown@example.com,3519788164,1963-10-11
C002439,Amanda Carter,elizabethpeterson@example.net,0284224170,1958-04-18
C002440,Cynthia Vasquez,jason03@example.org,7925173335,1993-05-14
C002441,Olivia Williams,melissa97@example.net,8546211670,1978-07-06
C002442,Theresa Colon,alejandro66@example.com,3629213501,1953-09-04
C002443,Jamie Ellison,anthony29@example.org,8994549497,1968-02-26
C002444,Mary Gallagher,tracy42@example.net,7563949046,1982-06-09
C002445,Jason Owen,ecollins@example.com,2528886465,1971-03-14
C002446,Danielle Zavala,shebert@example.org,3913699754,1966-04-27
C002447,John Kidd DDS,xrojas@example.com,2412503834,1965-04-27
C002448,David Hancock,cmcintyre@example.com,1975370063,1983-01-09
C002449,Lori Orr,xclark@example.org,0858375582,1991-10-28
C002450,Diana Huerta,natasha08@example.net,8998181199,1956-09-03
C002451,Stephen Castro IV,jenkinsjake@example.net,5343349719,1958-11-20
C002452,Timothy Cunningham,jacobhernandez@example.org,0917316332,1969-02-10
C002453,Rebecca Jimenez,kevincastillo@example.org,7121257989,1995-06-20
C002454,Samuel Carroll,thomasmartin@example.com,9520769915,1954-02-08
C002455,Raymond Ford,daniel65@example.org,8005440277,1956-07-07
C002456,Courtney Price,megan51@example.org,0366857439,1995-12-28
C002457,Joanne Fowler,mcgeeamy@example.com,6302129182,1969-02-04
C002458,Erin Wilson,caitlinboyd@example.org,1026237050,1983-01-03
C002459,Carrie Bell,barbaranguyen@example.com,4763169145,1988-08-13
C002460,Darin Duarte,eric37@example.org,6676226761,1964-10-01
C002461,Robert Carney,sheila24@example.net,0596425497,1990-09-23
C002462,Bradley Wilkinson,pwilliams@example.org,8973116015,1969-03-17
C002463,Cathy Davis,joshua24@example.org,5043790868,1989-03-28
C002464,Nathan Wood,valerie36@example.com,4875979974,1967-02-10
C002465,Maria Brown,jason82@example.com,6849785078,1961-09-27
C002466,Anthony Hunt,alyssa86@example.com,5119324671,2002-08-19
C002467,Christopher Gonzales,smithalan@example.org,9635187570,1961-03-19
C002468,Danielle Jones,brownlarry@example.com,1972941036,1953-07-16
C002469,Richard Walker,bill17@example.org,0370971846,1951-09-06
C002470,Robert Young,tashagarcia@example.com,7592746010,1988-04-08
C002471,Julie Williams,gbrown@example.org,5661806108,1995-01-25
C002472,Antonio Smith,calhounkaren@example.org,2683905101,1953-07-03
C002473,Craig Adams,smithpatrick@example.com,9871014941,2000-08-28
C002474,Natasha Cox,iscott@example.net,8616721170,1962-12-04
C002475,Linda Stewart,stantonjanice@example.net,1825480575,1971-03-23
C002476,Warren Curtis,robertsanchez@example.com,3175487713,1962-04-29
C002477,Michael Gilbert,alexisrodriguez@example.net,7674482287,1951-11-05
C002478,Amanda Flowers,cheryl30@example.net,6676296029,1964-01-02
C002479,William Williams,amartinez@example.com,4584465771,1991-06-03
C002480,Christopher Shaw,cynthiathompson@example.com,2276654842,1974-02-28
C002481,Veronica Barker,courtney03@example.net,0214366594,2003-02-21
C002482,William Taylor,kevinhuber@example.net,3566822896,1988-05-09
C002483,Madison Beck,maureenmendez@example.org,3376191577,1971-05-08
C002484,Bob Goodman,fieldsmary@example.org,5394281158,1956-10-11
C002485,Amy Harris,xgilmore@example.org,7921510981,1953-05-15
C002486,Adrian Taylor,wperez@example.org,5694276380,1968-09-24
C002487,Shelby Pacheco,sdoyle@example.net,1431075398,1964-03-01
C002488,William Lopez,dennis30@example.com,6143838167,1958-02-11
C002489,Emily Collins,kellyjustin@example.com,3894752897,2000-02-19
C002490,Justin Bender,jacobsalinas@example.com,4042100149,1992-01-11
C002491,Sara Griffin,lauren53@example.net,5798662692,1958-03-02
C002492,Tammy Simon,johnsonemily@example.org,5395256377,1973-09-28
C002493,Jack Ball,hroman@example.org,1175173358,1975-02-16
C002494,Lynn Martinez,morganbeth@example.com,8787171359,1970-09-20
C002495,Susan Sloan,amanda25@example.com,7396433161,1997-01-16
C002496,Joshua Guerrero,jgrant@example.net,7515367209,1992-08-28
C002497,Kevin Sutton,wendypayne@example.net,8594416493,1976-10-31
C002498,Peter Zimmerman,larry02@example.com,1806036323,1956-08-23
C002499,Brianna Hopkins,zfuentes@example.org,0739871484,1972-11-07
C002500,John Carter,lisa77@example.com,1465183163,1964-03-29
C002501,Tiffany Allen,vgonzalez@example.com,7866070250,1965-10-19
C002502,James Davidson,andrew52@example.com,0689655326,1979-10-03
C002503,Debbie White,alexis43@example.net,8483596000,1958-01-05
C002504,Katherine Hughes,amandaarnold@example.net,9271918993,1951-03-29
C002505,Larry Davis,aaron81@example.com,7601808675,1987-01-26
C002506,Richard Cook,garyrodriguez@example.com,5177313197,1959-08-22
C002507,Chad Mata,brhodes@example.org,5937651182,1958-08-03
C002508,Ashley Lewis,bryanttaylor@example.com,8362813413,1993-04-25
C002509,Adam Kennedy,gsingleton@example.com,7446544821,1964-06-08
C002510,Miss Ashley Martinez,rebecca88@example.com,4050315134,1992-07-19
C002511,Jennifer Steele,onorris@example.net,4477134125,1987-10-31
C002512,Anita Coleman,iwilcox@example.net,6656206703,1968-08-26
C002513,Michael Gibson,melanie08@example.com,9711820034,1976-04-15
C002514,Kayla Woods,calhountodd@example.net,0310666465,1973-07-13
C002515,Katie Moran,gfox@example.com,8795797114,1983-01-11
C002516,Jennifer Holland,galvanbrianna@example.org,9510832786,1991-08-27
C002517,Vickie Duncan,dustin03@example.org,5030524114,1987-08-06
C002518,Brandon Drake,matthewcombs@example.com,7603961084,1978-05-30
C002519,Raymond Harris,zdaniels@example.org,9767621354,1983-03-26
C002520,Victoria Martinez,sarahhendricks@example.net,4899531200,1969-10-25
C002521,William Johnson,joshuarowland@example.com,3642373313,1953-08-10
C002522,Mark Martinez,zpitts@example.org,7794292101,1954-12-22
C002523,Brandi Erickson,leachkatie@example.org,9631324049,1968-12-02
C002524,Valerie Flores,emyers@example.org,5706586862,1979-04-11
C002525,Joan Davis,emartinez@example.net,9176707002,1976-01-11
C002526,Nancy Torres,scottmooney@example.com,0039878064,1979-07-23
C002527,Anita Farmer,udaniels@example.com,4932039226,1971-08-22
C002528,Michael Ruiz,tara78@example.com,5765309246,1982-10-02
C002529,Carl Thompson,qwood@example.org,2664350945,1985-02-04
C002530,Kelly Keller,jhenderson@example.net,7760382807,1957-05-20
C002531,Joseph Bruce,onelson@example.com,9969793393,1960-07-18
C002532,Jeremy Jordan,andreahogan@example.net,5817386816,2000-01-05
C002533,John Clayton,timothyproctor@example.org,2199806849,1967-09-09
C002534,Cassandra Kerr,brian67@example.org,6628107677,1964-11-28
C002535,Crystal Guzman,patelcarlos@example.net,5974689933,1980-11-13
C002536,Mr. Jeff Villegas,paulbrown@example.org,2487736518,1997-10-24
C002537,Samantha Webster,lewisbetty@example.org,3572476398,1958-04-08
C002538,Michael Morris,marshallangela@example.net,3858009998,2005-09-11
C002539,Vanessa Newman,hannah51@example.com,4873597543,1961-09-02
C002540,Lisa Myers,freemanjennifer@example.net,7222264615,1976-09-08
C002541,Adam Stevens,judy76@example.net,6938051453,1951-06-05
C002542,Timothy Black,mooresue@example.org,5000699155,1996-10-25
C002543,Stephanie Moore,michellescott@example.com,5232214894,1965-08-14
C002544,Laura Brooks,kentrichard@example.net,3038156959,1993-01-12
C002545,Megan Graham,jeanette06@example.org,1128740811,1974-06-24
C002546,Robert Perez,chadedwards@example.net,8999962893,1997-06-14
C002547,Charles Shaw,floresmichelle@example.net,1912604858,1970-03-27
C002548,Kristen Kelley,joseph09@example.org,5471927054,1968-08-21
C002549,George James,anthonyhartman@example.net,5609446150,1986-09-29
C002550,James Brooks,dreynolds@example.com,5908557657,1973-06-23
C002551,Michael Wright,mcintoshkyle@example.com,7299035219,2005-06-15
C002552,Jesus Knox,tyler42@example.com,2111902662,1959-03-15
C002553,Tara Rodriguez MD,adrianescobar@example.net,1452378034,1963-10-15
C002554,Kayla Baker,lindabutler@example.com,6805800058,2000-12-02
C002555,John Watson,durhammelissa@example.com,8578180779,1987-10-07
C002556,Joseph Stone,baileykatherine@example.net,4466199541,2005-02-02
C002557,Jennifer Cox,reneemyers@example.net,4553637766,1950-12-19
C002558,Amber Bates,juan23@example.net,6226648491,1974-09-05
C002559,Christopher Black,vrobinson@example.net,5331513135,1971-12-13
C002560,Carla Hunter,tlopez@example.com,7223917619,1980-12-11
C002561,Joshua Wade,doris13@example.net,7408747407,1962-04-17
C002562,Jennifer Reese,richard77@example.net,6183442511,1961-01-08
C002563,Erik Richards,keithwood@example.org,3484016170,1972-03-26
C002564,Gabriel Kidd,wnorris@example.org,1569146164,1958-09-11
C002565,Jeffery Bonilla,adrian91@example.org,1781090719,1966-03-22
C002566,Stephanie Garcia,corey95@example.com,8736807296,1995-06-03
C002567,Daisy Meyer,reyesamber@example.net,7230990704,1954-02-02
C002568,Alex Smith,greenjennifer@example.org,8187330027,1973-11-16
C002569,Mrs. Christine Crawford DVM,brian32@example.net,0590473535,2005-09-06
C002570,Susan Green,brianleon@example.com,9734513599,2002-04-08
C002571,James Brown,bishopcindy@example.com,7405143164,1979-05-08
C002572,Meredith Hamilton,dcollins@example.net,5426006289,1992-07-23
C002573,Ian Ford,amandacarlson@example.net,5892251747,1986-02-21
C002574,Judy Sanders,curtis88@example.net,6383676657,1969-02-20
C002575,Christopher Burton,jeffreywolf@example.net,5342144835,2000-09-28
C002576,Kelsey Fuller,mblackwell@example.net,5254309353,1970-05-07
C002577,Craig Mercer,bfisher@example.com,4715756108,1974-08-31
C002578,Alejandro White,baldwinjason@example.com,1216983232,2005-03-17
C002579,Cameron Martin,courtneygutierrez@example.net,1445371504,1957-06-06
C002580,Scott Snyder MD,cannonsusan@example.net,5913268423,1977-06-10
C002581,Derrick Bishop,clarkjennifer@example.net,1057197323,1973-09-10
C002582,Chad Rasmussen,xkim@example.org,0235640930,1970-09-02
C002583,Lawrence Miller,alexander86@example.com,9999381919,1987-01-21
C002584,Christopher Richmond,georgeeileen@example.org,4155175863,1969-04-13
C002585,Shawn Johnson,bortiz@example.net,8584311621,1964-08-14
C002586,Michael King,nclark@example.com,4310557710,2002-01-21
C002587,Jason Grant,amy97@example.net,5843423149,1982-01-29
C002588,Gregory Kane,iwilliams@example.net,9818040999,2001-03-11
C002589,Natasha Carter,kristin85@example.org,3474296364,2005-01-10
C002590,Jesse Flores,hannah92@example.com,3960424081,2005-05-29
C002591,David Duncan,vrice@example.net,7682091881,1960-02-13
C002592,Janet Martinez,nicole80@example.net,0209790963,2004-01-08
C002593,John Banks,davidbrown@example.net,3379708604,1993-02-02
C002594,Catherine Richardson,imiller@example.org,5333003256,1974-03-25
C002595,Sydney Jones,chadgarcia@example.org,8394842266,1980-12-30
C002596,Alicia Gilmore,sheadawn@example.net,9131565366,1971-04-22
C002597,Stephen Mccarthy,christopher45@example.org,8232534852,1977-12-30
C002598,David Allison,teresa75@example.net,3521970640,1989-05-16
C002599,Michael Buchanan,morrisblake@example.com,7830750163,1960-06-27
C002600,Laura King,lowedavid@example.net,3642721264,1963-08-12
C002601,Mr. Tony Castillo,tmendoza@example.com,2698630133,1977-01-30
C002602,Nancy Raymond,lisagallegos@example.org,6719961494,1992-07-26
C002603,Nicholas Gomez,villegasjoanne@example.org,9526068228,1974-08-27
C002604,Eric Miller,cunninghamomar@example.org,9293257890,1999-01-28
C002605,Jessica Smith,cervantesnatalie@example.org,7112027302,2004-12-08
C002606,Erin Brennan,bensondonald@example.net,0722303358,1994-02-27
C002607,Megan Jones,bernardcourtney@example.net,7387927876,1989-12-07
C002608,Mark Klein,davidtownsend@example.com,1444865743,1967-06-11
C002609,Austin Lowe,lisa91@example.net,2029811300,1952-04-17
C002610,Bryan Roberts,rileyandrea@example.org,9633050749,1994-09-25
C002611,Shane Alexander,ashleyeaton@example.org,8441616936,1969-12-17
C002612,Pamela Holden,blackburndiana@example.com,2381370574,1986-01-27
C002613,Christopher Perry,carolyn15@example.org,8385163578,1983-02-03
C002614,Diana Hamilton,linda13@example.org,1029158511,1969-12-17
C002615,Samantha Brown,patrick23@example.net,3596828901,1956-03-28
C002616,Melissa Rogers,lisaross@example.com,0271689278,1958-06-13
C002617,Melissa Stevens,gardnermelissa@example.org,4770510473,1982-08-06
C002618,Mrs. Anna Wilson MD,mary24@example.net,4304446978,1963-04-15
C002619,Jason Evans,hodgessarah@example.net,6893345004,2004-11-27
C002620,Christina Williams,ramospaul@example.com,7061668464,1956-10-15
C002621,Beth Collins,huntamanda@example.net,9234440557,1991-07-01
C002622,Bradley Walker,pcastaneda@example.com,0916049417,2002-02-28
C002623,Jeffrey Hale,hhenderson@example.com,7218589358,1993-03-07
C002624,Sean Diaz,zdavis@example.org,5656416566,1983-06-22
C002625,Ricky Rodriguez,shortdonald@example.com,1805893596,1973-07-09
C002626,Jennifer Ward,derrick76@example.org,0335984808,2005-06-04
C002627,Maureen Reid,karenfuentes@example.org,2299785321,1980-01-19
C002628,Kimberly Mckenzie,cunninghamjuan@example.org,7658490140,1965-08-13
C002629,Roy Cole,vjohnson@example.net,9590279904,2000-10-12
C002630,Paula Farmer,blackjames@example.net,4883626961,1991-11-10
C002631,Karen Jones,mflores@example.com,2691548978,1980-12-31
C002632,Deanna Collier,egoodwin@example.org,0875505624,1957-04-07
C002633,Rebecca Reese,lramos@example.net,0139193870,1987-09-12
C002634,Alison Allen,jason28@example.net,4046247863,1971-01-17
C002635,Christopher Sexton,brandonguerrero@example.org,4544684321,1965-05-22
C002636,Jasmine Barnes,tstevens@example.net,0790991998,1970-11-07
C002637,Alec Andrews,davisbernard@example.net,6257621090,1979-04-02
C002638,Thomas Garza,nathaniel00@example.com,4156630572,1974-04-16
C002639,Susan Lopez,danielflores@example.net,8390537013,1961-03-30
C002640,Aaron Bass,patriciaramirez@example.net,2377567794,1995-12-20
C002641,Cody Wilson,william26@example.net,7757465857,1972-11-03
C002642,Reginald Perkins,devin93@example.com,8298516522,1971-01-30
C002643,Juan Castillo,oallen@example.org,4877747639,1972-11-29
C002644,Joshua Phelps,tylerrusso@example.com,6888674205,1963-11-12
C002645,Jennifer Thomas,sullivanjose@example.com,1865153121,1987-02-13
C002646,Lori Shaw,ihanson@example.net,8651466017,1999-03-09
C002647,Julie Rodriguez,mike22@example.com,1246552957,1966-11-01
C002648,Joshua Taylor,erikstephenson@example.net,1318002149,1972-04-18
C002649,Kim Ramos,lisa55@example.com,3432823913,1999-09-12
C002650,Daisy Myers,cindy35@example.net,8469873297,2004-08-10
C002651,Charles Rodriguez,stevengarrett@example.com,6984598909,2002-03-23
C002652,Julie Gonzalez,velasquezdylan@example.com,6588998724,1952-08-16
C002653,Nicholas Sutton,gracewilliams@example.org,4939098112,1967-03-20
C002654,Matthew Huerta,christian68@example.com,5416523700,2001-11-17
C002655,Lucas Potter,gregorymaynard@example.com,7347843267,1983-02-10
C002656,Mark Jones,montoyaveronica@example.org,3854376730,1979-06-12
C002657,Marc Mcclure,kathleen99@example.com,2431212558,1987-04-30
C002658,Caroline Harris,rstephens@example.org,5706707792,1964-01-05
C002659,Tiffany Nguyen,ojones@example.org,6873102426,1971-02-27
C002660,Stacey Armstrong,tammy84@example.com,1090358587,2000-01-24
C002661,Robert Bell,travisjones@example.org,4210238728,1997-01-26
C002662,Jason Mclaughlin,ashley70@example.com,9901964335,1967-09-08
C002663,Alexander Jones,atkinsnicole@example.net,0000822205,1990-04-05
C002664,Cynthia Higgins,dodom@example.net,4661710147,1953-08-09
C002665,Stephanie Austin,mackrebecca@example.org,6650688857,1982-05-30
C002666,Christina Coleman,mariabailey@example.org,5063270524,1982-05-06
C002667,Madison Edwards,patrick66@example.com,4691428400,1968-03-18
C002668,Tracey Baker,fdixon@example.net,0738232258,1965-02-13
C002669,Stephanie May,monicaclark@example.org,5015417765,1979-10-21
C002670,Michael Williams,eatoncarmen@example.org,2479393348,1980-06-15
C002671,Wesley May,ostuart@example.org,5580087575,1954-07-13
C002672,Jordan Farmer,sharonhenry@example.net,4468501381,1997-08-22
C002673,Megan Farrell DDS,gregory32@example.com,5701773370,1999-05-13
C002674,Andrew Phillips,emiller@example.net,1082627756,1975-04-21
C002675,Michael Turner,yjensen@example.org,6611828921,2001-09-19
C002676,Daniel Hart,andrewsnyder@example.org,6314928969,1984-12-01
C002677,Emma Foster,urobinson@example.net,9642206992,1958-11-19
C002678,Adam Marsh,amanda87@example.com,3449108853,2003-05-15
C002679,Stephanie Bass,scotthinton@example.com,8340793281,1967-01-17
C002680,Steven Henry,wilsonjeremy@example.org,0736174574,1995-10-09
C002681,Margaret Smith,johnsonalexis@example.org,3021489040,1955-03-25
C002682,Laura Rodriguez,carpentersteven@example.com,4437645618,2004-04-13
C002683,Jacqueline Barker,jamiesanders@example.com,4709148719,1989-09-25
C002684,Courtney Boyd,meganbennett@example.com,9789681266,1985-06-24
C002685,Ryan Anthony,jessicaspence@example.com,8665748659,1958-10-03
C002686,Julie Hamilton,heathersparks@example.net,0750682337,1991-07-29
C002687,Raymond Vazquez,ryanhart@example.com,7073854605,1966-12-18
C002688,David Smith,willie78@example.net,8802295576,1965-01-04
C002689,Cindy Olsen,gonzalesjessica@example.net,9062315434,1985-07-23
C002690,Emily Horn,littleteresa@example.com,7117249859,1989-01-08
C002691,Ronald Dickson,bookerjohn@example.com,6724089628,1964-06-17
C002692,Ryan Watson,dcoleman@example.org,8717104599,1999-04-04
C002693,Susan Delacruz,hernandezchristian@example.org,0503461173,1983-02-16
C002694,Brandon Russell,michael51@example.org,3559164915,1998-10-22
C002695,Janet Hall,gespinoza@example.com,0074435250,1952-04-24
C002696,James Murray,ncurtis@example.com,7813414524,1978-10-31
C002697,Amy Hoover,michaeljohnson@example.org,3518406392,1969-05-28
C002698,Tanner Thomas,cmiller@example.com,2643847098,1975-06-26
C002699,Anthony Obrien,ptrevino@example.net,3625932865,1994-10-01
C002700,Lisa Erickson,taylorkayla@example.org,0623818392,1997-12-18
C002701,Brandon Cole Jr.,nsmith@example.org,7292335913,1978-11-30
C002702,Danielle Reynolds,tball@example.com,0409414771,1956-04-25
C002703,Kimberly Jones,kellyhughes@example.org,6362970386,1986-11-27
C002704,Carla Escobar,johnnychase@example.org,8368125414,1960-05-05
C002705,Dr. Douglas Reed,ramirezsteven@example.net,7643441057,2003-08-24
C002706,Catherine Bailey,bethchen@example.com,4834519955,1977-01-10
C002707,Dr. Dennis Taylor,manningelizabeth@example.org,6250162204,1981-04-22
C002708,Sean Kelley,hmartin@example.com,6152830568,1959-03-19
C002709,Alison Wells,wheelerwyatt@example.org,0925210942,1953-11-30
C002710,Christine Blair,lgrimes@example.org,2510022798,1984-02-18
C002711,Laura Hunt,masonsalazar@example.net,3260322408,1989-08-25
C002712,David Barton,henrykristin@example.org,8524608889,1994-05-22
C002713,Gabriel Shah,normandonald@example.net,6009997494,1996-08-15
C002714,Kevin Brown,gphillips@example.net,3725901259,1958-03-13
C002715,Christina Wolf,valerievelazquez@example.net,8671542959,1969-09-19
C002716,Elizabeth Powers,dwilliams@example.org,0353363592,1956-04-10
C002717,Tyler Mullins,watsonamanda@example.net,6314387061,1964-06-16
C002718,Yvette Rodriguez,cheryl91@example.net,6595173366,1960-08-19
C002719,Brandon Mccormick,andrew01@example.net,1106382244,1958-11-17
C002720,Traci Carroll,christopher89@example.net,9785517915,1974-05-07
C002721,Rachel Stafford,josephmorrison@example.com,0494080910,1990-02-13
C002722,Joshua Morrison,jacobmata@example.org,6792664030,1972-11-20
C002723,Laura Johnson,hramirez@example.org,6710917965,1973-08-18
C002724,Ryan Fernandez,jason74@example.net,5583931856,1991-11-27
C002725,Dawn Ford,mcguirekayla@example.com,0786320197,1989-02-20
C002726,Kelly Marshall,tanderson@example.org,5881191277,1984-02-04
C002727,Joanna Shaw,larry46@example.com,0042597657,1957-03-15
C002728,Gregory Turner,zcarroll@example.com,9614990140,1968-03-05
C002729,Elizabeth Chase,vjackson@example.com,1653897390,1971-05-15
C002730,Howard Hernandez,dawn20@example.org,5799706581,2001-04-11
C002731,Rebecca Kim,ryanmurphy@example.net,8019227166,1975-10-22
C002732,Christopher Barnes,murraycrystal@example.com,6558132613,1994-09-06
C002733,Sonia Miller,jasonlucas@example.org,0253046740,1981-07-01
C002734,Rebecca Robinson MD,petersonkenneth@example.net,5628753184,2003-03-08
C002735,Chris Cooper,hking@example.com,6639303221,1976-06-25
C002736,Brendan Moore,deckermadison@example.com,7412512188,1953-11-12
C002737,Angela Andrews,watkinskevin@example.net,5766962536,1951-10-01
C002738,Chad Perez,hannah74@example.org,5659230022,1983-10-02
C002739,Joanna Powell,ncollins@example.net,5199972111,1966-06-06
C002740,Ryan Roberson,jessicafisher@example.com,4201173101,1961-09-18
C002741,Pamela Long,hooverjacob@example.org,9566865103,1952-10-24
C002742,Mark Taylor,margaretbullock@example.net,2532448880,1965-01-15
C002743,Heather Kennedy,nedwards@example.net,9289146312,2000-01-21
C002744,Kevin Becker,averyrichard@example.net,7818222344,1968-05-07
C002745,Mary Turner,alicia69@example.net,4514215729,1981-08-12
C002746,Anthony Brown,kristinamiller@example.org,7646123955,1959-09-24
C002747,Paula Huff,athompson@example.com,7309780399,1973-07-06
C002748,Anthony Mendoza,annamontoya@example.org,8289183507,1988-10-09
C002749,Teresa Morgan,benjamin81@example.com,1462785662,1971-05-11
C002750,Sheri Thompson,lisaclayton@example.com,5651499753,1961-09-27
C002751,Daniel Stephens,mark50@example.org,2219884813,1968-05-18
C002752,Danielle Spencer,andrewknight@example.org,2024176697,1975-01-25
C002753,Caitlin Martin,dwest@example.net,0977354962,1964-05-30
C002754,Brian Davis,martin30@example.org,5343646693,1990-12-11
C002755,Suzanne Evans,clarkchristopher@example.net,2119457205,1983-01-28
C002756,Robert Giles,natasha55@example.org,6945058360,1961-10-14
C002757,Rachael Ray,lauramckenzie@example.net,6898010652,1988-11-09
C002758,Amanda Thompson,juliecoleman@example.com,6370727420,1971-12-02
C002759,Elizabeth Buchanan,ohudson@example.net,7881048591,1963-03-07
C002760,Derek Macias,angela78@example.com,4147140887,2001-02-23
C002761,Michael Morales,denniswilson@example.net,7901688404,2004-03-11
C002762,Marcus Levine,thomas91@example.com,5928427677,1966-05-07
C002763,Jeremy Lowery,chines@example.net,6371643611,1973-08-02
C002764,Jacqueline Koch,chad71@example.com,4782563432,1975-10-29
C002765,Alyssa Barrett,heatherglover@example.net,4101120174,1959-01-20
C002766,Melissa Carroll MD,olivia38@example.org,1245824708,1957-01-21
C002767,Joseph Buchanan,madams@example.com,2542470269,1990-07-01
C002768,Lawrence Anderson,webbholly@example.net,2231870863,1977-10-30
C002769,Jeffrey Ward,dunnashley@example.net,3856980284,1974-07-23
C002770,Jennifer Anderson,tarnold@example.com,1479044751,1981-05-21
C002771,Jennifer Little,ismith@example.org,8200029780,1993-10-14
C002772,Jennifer Welch,adamhernandez@example.org,1288169035,1960-03-01
C002773,Crystal Simpson,kevintaylor@example.org,0838814899,1999-07-01
C002774,Michael Lee,wayneacosta@example.com,1999710818,1996-05-03
C002775,Darrell Zuniga,jennifer21@example.com,5447227004,1958-04-06
C002776,Patricia Martin,dianeaustin@example.com,0374850837,1984-03-22
C002777,Tanner Carney,rossadam@example.net,0773667585,2000-09-04
C002778,Monica Buck,taylor33@example.org,3837902389,1983-10-27
C002779,Donna Decker,ngill@example.org,8120796248,1980-06-09
C002780,Dennis Anderson,hmurphy@example.com,7201701175,1974-09-30
C002781,Edward Wright,williamsrobert@example.net,4499890716,1981-08-26
C002782,Amy Smith,tiffanyjoyce@example.net,3008334187,2000-12-20
C002783,Wendy Gonzalez,brianlarsen@example.net,3543137312,2004-06-21
C002784,Krista Robertson,wiseamber@example.net,9973229278,2004-10-17
C002785,Cynthia Solis,kclark@example.org,6204678630,1960-06-17
C002786,Susan Webster,dcastillo@example.net,9864449118,1977-01-30
C002787,Michael Alexander,marcusbarron@example.org,1808725842,1957-11-29
C002788,Karen Cherry,toddescobar@example.com,1527231143,1961-09-10
C002789,Cynthia Moore,xgonzales@example.net,2777198460,1976-10-28
C002790,Erin Escobar,peggy09@example.com,4869871646,1977-07-12
C002791,Jonathan Walton,umack@example.org,8110007783,1989-02-25
C002792,John Wright,dshelton@example.org,2508193392,2000-07-22
C002793,Jacob Keller,jessica44@example.com,7879244771,1994-11-03
C002794,Kristin Cole,david06@example.org,7698237618,1978-06-24
C002795,Kimberly Holmes,melliott@example.org,8121263581,1964-08-13
C002796,Tyler Price,jennaavila@example.net,9335628443,1955-10-25
C002797,Kathryn Johnson,camachomichael@example.net,0043209182,1963-03-17
C002798,Mr. Matthew Jordan,bpalmer@example.org,7294099375,1970-07-23
C002799,Melanie Bautista,alyssa41@example.net,7991845192,1979-01-05
C002800,Hayley Clarke,christopher94@example.org,6845934010,1993-01-04
C002801,Robert Franklin,vmartin@example.com,0225931227,1988-01-22
C002802,Laura Diaz,colleen30@example.com,8254677239,1970-02-19
C002803,Adam Wallace,russellamy@example.com,2679409907,1986-02-09
C002804,Misty Porter,amanda36@example.org,5440291956,1962-04-09
C002805,Kristina Jones,ashley28@example.org,6022935117,2001-07-30
C002806,David Fernandez,belljon@example.org,0435175931,1963-08-08
C002807,Amanda Nunez,mark31@example.com,9612650889,1955-03-02
C002808,Erica Barron,ggamble@example.org,6809651198,1973-07-05
C002809,Michele Lee,christopherbowman@example.net,4574770608,1970-03-01
C002810,Cheryl Fernandez,michelle43@example.org,5411565277,1999-10-27
C002811,James Avila,fernandezlynn@example.org,9200854631,1976-10-05
C002812,Michael Walters,michelleallen@example.com,8388333149,1953-05-16
C002813,Tara Jennings,julieeverett@example.com,6534797109,1970-02-24
C002814,April Smith,julieross@example.org,8088644991,1987-04-02
C002815,Mr. Aaron Boyer,sarah25@example.org,2291535375,1997-12-28
C002816,Julie Foster,yodonnell@example.org,2933801070,1955-09-07
C002817,Elaine Foster,kennethhansen@example.com,9175078312,2002-01-21
C002818,Courtney George,fthompson@example.com,0375141648,1972-05-30
C002819,Chelsea Lynn,mcraig@example.net,7860284963,1997-05-07
C002820,Alice Thomas,bakererica@example.net,2535953019,1995-04-28
C002821,Amy Moody,tara59@example.net,4521020388,1989-06-14
C002822,Patrick Jordan,sherri12@example.org,0468797521,1955-09-02
C002823,Emily Thompson,jasmine86@example.org,2905441710,1970-01-25
C002824,Briana Robinson,cwebster@example.com,6487235838,1965-05-01
C002825,Madison Brown,cwebb@example.com,0762732553,1982-02-28
C002826,Justin Moore,kfarmer@example.org,0634837323,2000-05-16
C002827,John Pennington,wrightbrian@example.net,4185203971,1978-09-02
C002828,Cindy Johnson,silvabrian@example.net,4096008768,1969-07-06
C002829,Michael Moore,jackson77@example.com,7556442927,1976-02-18
C002830,Brianna Ward,tsummers@example.net,2221660952,1956-08-05
C002831,Joanna Barker,juliesimon@example.net,5777931240,1969-05-26
C002832,Vincent Brooks,virginiagillespie@example.com,3373477630,1985-12-01
C002833,Jordan Lara,kevin69@example.net,5897303785,1974-12-10
C002834,Melissa Day,sherylwarren@example.net,6876190750,1996-04-05
C002835,Hannah Barton,linda07@example.com,8869611588,1957-06-17
C002836,Jonathan Bass,fmckee@example.net,6831562420,1983-12-03
C002837,Andrea Davis,abutler@example.com,3526821947,1994-03-13
C002838,David Crawford,daviddodson@example.com,1230348990,1997-10-31
C002839,Wesley Miller,kimberlymiller@example.org,6311867019,2005-02-17
C002840,Michael Turner,michael31@example.net,3125470997,1964-12-13
C002841,Ryan Smith,joshua07@example.com,7186294368,1966-10-08
C002842,Summer Bender,angela07@example.org,7845845840,1970-10-29
C002843,Veronica Parks,codyterrell@example.com,7252793444,1980-11-21
C002844,John Davidson,oconnoralan@example.net,0634437108,1953-04-25
C002845,Yolanda Bright,lisastevens@example.org,3497248689,1980-12-13
C002846,Sarah Oneill,matthewlopez@example.org,7469033847,1961-09-09
C002847,Stephen Hobbs,ichandler@example.org,1200402342,1951-05-12
C002848,Karen Clark,nathan35@example.org,2156383666,1996-11-04
C002849,Katie Cross,christina99@example.com,1344553296,1978-06-01
C002850,Lauren Savage,amberdavis@example.net,1666334280,1984-03-01
C002851,Brian Dixon,catherine77@example.org,4911406547,1973-10-17
C002852,Jessica Sutton,theresa07@example.com,5138345629,1963-01-24
C002853,Jennifer Rivera,heather22@example.net,0947605967,1996-01-31
C002854,Justin Kelley,jerrymorse@example.com,4679693892,1956-05-30
C002855,Maria Walker,wsosa@example.com,9083116867,1957-07-31
C002856,Dr. Sydney Gonzalez,ellisamanda@example.org,9441826971,1986-05-20
C002857,Darren Duncan,badams@example.com,1919994985,1999-04-08
C002858,Bobby Anderson,scollins@example.com,2285893708,1970-05-10
C002859,Donald Kerr,johnsonlarry@example.net,4601285499,1974-03-27
C002860,Ariel Rogers,smithryan@example.com,4295790354,2003-06-06
C002861,Kelsey Walker,ashley84@example.net,6918648412,1960-11-25
C002862,Amanda Guzman,katherinewilliams@example.com,7235264361,1969-11-19
C002863,Kara Zimmerman,bgarcia@example.org,7548700964,2004-11-01
C002864,Diana Sanchez,richard01@example.com,8586778953,1976-04-03
C002865,Rebecca Austin,perezpeter@example.org,2603861574,1981-05-15
C002866,Noah Smith,shannonmcdonald@example.net,5880746120,1987-02-14
C002867,Evan Price,ncurry@example.com,8139222304,1971-04-19
C002868,Paul Ponce MD,rebeccaturner@example.net,9370123357,1966-06-05
C002869,Norman Harper,whitedavid@example.net,9201337045,1993-07-27
C002870,Erica Bradshaw,mmccarthy@example.net,1392823696,1995-10-07
C002871,Patricia Hoffman,allenalexander@example.org,3833673614,1987-11-14
C002872,Larry Mcclure,qmiller@example.net,8181106994,1996-07-11
C002873,Amy Oliver,jennifer89@example.org,0108981072,1961-11-18
C002874,Sarah Rangel,vevans@example.com,0194410883,1995-03-18
C002875,John Taylor,christopher78@example.com,7702392831,1961-01-07
C002876,Barry Cline,carterjohn@example.net,9234102425,1976-03-05
C002877,Brian Stark,rodneycastro@example.com,8776896176,1997-06-15
C002878,Beth Melton,george97@example.com,0141008259,1989-01-09
C002879,Brian Gutierrez,megannguyen@example.org,2880049605,1977-01-15
C002880,Andrew Turner,dominique17@example.net,4204730878,1952-05-07
C002881,Christopher Wiggins,kenneth33@example.net,5802103770,1959-05-07
C002882,Charles Rivera,kimtaylor@example.net,5708832860,1965-04-24
C002883,Glenn Ramirez,brenda18@example.net,4557464333,1957-07-06
C002884,Amanda Ortega,amy18@example.org,8535062925,1965-06-24
C002885,Lisa Hanna,kim73@example.org,1293865568,2005-05-30
C002886,Joseph Brooks,karla92@example.com,1324651835,1960-01-08
C002887,Christopher Wilson,billy79@example.net,4007716010,1980-04-19
C002888,Ellen Lawson,gharris@example.com,3397531752,1980-09-28
C002889,Matthew Scott,hurstdanielle@example.org,2593758183,2004-11-13
C002890,John Francis,cherryalyssa@example.com,7842351802,1963-04-22
C002891,Lauren Savage,charles34@example.com,7927969392,1958-03-27
C002892,Rebecca Yang,qsmith@example.com,3043494815,1956-03-11
C002893,Kelli Carter,johnvasquez@example.org,4029030081,1960-06-11
C002894,Marvin Smith,nathaniel97@example.net,2163484430,1956-11-22
C002895,Madison Mendoza,patricia08@example.org,8288816137,1968-06-16
C002896,Selena Johnson,kyliecardenas@example.com,4635542846,1997-04-08
C002897,Michelle Rowe,nthompson@example.org,8322704943,2002-06-29
C002898,Harold Dunn,josecastro@example.org,3310818548,1952-08-24
C002899,Jose Page,operez@example.com,9944718132,1967-12-10
C002900,Miranda Montes,hallmichael@example.com,3702555634,1960-11-26
C002901,Maria Ford,jbeck@example.org,4922396652,1958-07-05
C002902,Kevin Hunt,katrinawest@example.com,4565992507,1994-03-09
C002903,Rebecca Perry,nathanielgould@example.com,2146307009,1983-01-15
C002904,Christopher Potter,probinson@example.org,2655747449,2005-07-18
C002905,Tracy Garcia,meyerkenneth@example.org,4093934964,1984-02-03
C002906,Michael Camacho,gmartin@example.net,4262671889,1975-06-22
C002907,Jeffrey Aguilar,ohughes@example.org,1775941447,1954-11-24
C002908,Darius Walker,ysimon@example.net,9162762439,2002-12-23
C002909,William Lawrence,jaredrobinson@example.net,7873563921,1965-09-26
C002910,Ashley Cruz,kday@example.net,7351059734,1988-06-02
C002911,April Oliver,qjensen@example.com,9361662908,1974-01-24
C002912,William Reyes,foconnor@example.com,3966352736,1989-06-20
C002913,David Curtis,danny38@example.org,1175282079,1975-04-18
C002914,Mary Barber,hmartinez@example.org,6166402802,1994-05-10
C002915,Cassie Turner,shamilton@example.com,1758666265,1962-05-04
C002916,Kendra Gonzalez,jamesnovak@example.net,0991269176,1965-07-29
C002917,William Phillips,uclark@example.net,0705472092,1975-07-29
C002918,Charles Sampson,qlove@example.com,8916680731,1997-07-09
C002919,Julie Reyes,williamsethan@example.org,6423822355,1981-03-11
C002920,Christopher Green,diamond62@example.net,2025409411,1991-09-16
C002921,Christopher Neal,wallaceperry@example.com,6495092628,1973-05-24
C002922,Brittany Schmitt,jennifergarcia@example.net,0614328858,1996-09-28
C002923,Matthew Li,perrybarbara@example.net,8923710449,1981-07-11
C002924,Matthew King,mcdowellpaul@example.net,8580391277,1995-05-31
C002925,Kimberly Porter,ballwilliam@example.net,3429703977,1963-09-19
C002926,Dawn Davis,frederickvelez@example.net,9441042320,1950-12-06
C002927,Carrie Odonnell,sheilagreen@example.com,9342114746,1975-07-03
C002928,Eugene Erickson,daniel61@example.com,1243219792,1965-08-24
C002929,Anthony Murphy,jasminewilliams@example.com,8417273406,1958-06-25
C002930,William White,jennifersmith@example.net,5089229830,1968-08-03
C002931,Christine Marshall,elizabeth03@example.net,0729430628,1955-11-08
C002932,Kenneth Mckenzie,jcraig@example.net,5867931602,1973-07-04
C002933,Michelle Nichols,xochoa@example.com,1280695521,1964-01-24
C002934,Bob Gates,patrick67@example.net,9713411292,2002-05-29
C002935,Samuel Pierce,courtney47@example.net,5545085548,1951-04-19
C002936,Tiffany Acevedo,hughesbrent@example.org,8889994984,1985-09-16
C002937,James Avila,duncanmichael@example.com,5219899020,1953-05-08
C002938,Tyler Shaw,riveraandrew@example.net,3367705297,1963-11-30
C002939,Ashley Osborne,gmatthews@example.org,5332588840,1966-08-22
C002940,Mr. Brent Powers,davismary@example.com,4485024610,1962-06-22
C002941,Kathleen Wright,lwashington@example.net,3095146073,1957-01-30
C002942,Mark Everett,albert40@example.org,1785634361,1971-08-25
C002943,Kyle King,barrallison@example.com,6775646983,1952-12-07
C002944,Mrs. Diane Manning MD,james99@example.net,8701461870,2002-09-05
C002945,Robert Murray,christophercosta@example.com,2508823243,1993-01-01
C002946,Miranda Villegas,fbyrd@example.org,3724929213,1980-02-06
C002947,Andrea Powell,richard56@example.net,7450569582,1951-01-28
C002948,Christina Levy,moorematthew@example.org,5621974760,2000-11-05
C002949,Brian Thomas,jedwards@example.com,6046430072,1970-12-11
C002950,Alexandra Lowery,charlesrobinson@example.net,8374766937,1977-01-17
C002951,Casey Scott,yhicks@example.net,2876128261,1971-06-24
C002952,Kristen West,donna81@example.net,0681275610,1992-05-24
C002953,William Thomas,rgordon@example.net,0624716569,1979-08-30
C002954,Clarence Rogers,kellydavid@example.org,8647701696,1972-04-12
C002955,James Vasquez,rosskayla@example.net,3789562354,1995-11-10
C002956,Alicia Howard,jrobinson@example.com,2405004510,1961-10-13
C002957,Jose Lane,danielleclark@example.net,5883225702,1951-07-30
C002958,Jennifer Beck,martinamber@example.net,8149896569,1987-08-28
C002959,Taylor Dorsey,emma83@example.com,1538336644,1958-03-23
C002960,Crystal Hall,russellbender@example.net,5661155681,1982-06-12
C002961,Anthony Gonzales,aatkinson@example.org,7829614730,1976-10-07
C002962,Jesus Jimenez,shirleyorr@example.org,1996994652,1999-09-02
C002963,Emily Perkins,james86@example.net,4380684145,1976-01-08
C002964,Robin Griffith,klove@example.net,2815613023,1974-05-06
C002965,Ann Dawson,kimberly73@example.net,6876596471,1965-05-21
C002966,Deborah Carpenter,dukeaudrey@example.net,5117563440,1974-12-19
C002967,Brian Reyes,ryanperry@example.com,2783322637,1958-09-26
C002968,Carrie Lee,websterpaige@example.org,7897267156,1978-10-27
C002969,Renee Smith,christinearroyo@example.org,5416460715,2000-01-03
C002970,Jennifer Mcintyre,rebecca00@example.com,5786859222,1994-04-04
C002971,Robert Griffith,tlucas@example.net,4420180342,2003-01-23
C002972,Carrie Glass,ramirezjennifer@example.com,0817962116,1982-07-04
C002973,James Cooper,tinasanders@example.com,1665813662,1966-09-20
C002974,Arthur Johnson,youngandrew@example.net,0963994783,1987-09-04
C002975,Jennifer Todd,jordanwallace@example.org,9434441756,1955-08-08
C002976,Brandon Jackson,brandywhite@example.com,1976103216,1991-07-28
C002977,James Alvarez,salasmartin@example.org,9388309045,1988-07-24
C002978,Sara Burke,burkejohn@example.com,0185905273,1995-12-29
C002979,Heather Jenkins,jacobrodriguez@example.net,5038410195,1980-07-21
C002980,Kevin Vaughn,jonathan40@example.net,6159222097,1961-07-29
C002981,Cole Hurley,michaelbeard@example.net,4321172456,1977-01-09
C002982,Joseph Johnson,cwilson@example.net,8713538473,1985-07-15
C002983,Melissa Howard,francisryan@example.net,9257072792,1954-10-05
C002984,Kenneth Mcgee,mosleypamela@example.org,2137026167,1998-12-02
C002985,Amy Thomas,christian26@example.org,0830832091,1963-01-09
C002986,Robert Villanueva,caseylaurie@example.org,1892307313,1989-12-27
C002987,Kaitlyn White,espears@example.org,4238768090,1989-05-09
C002988,Christopher Murray,mmclaughlin@example.com,2539913854,1992-09-03
C002989,Matthew Wright,lindsey19@example.com,4233440258,1999-05-16
C002990,Joseph Hernandez,wallacewendy@example.net,4853159964,1955-01-14
C002991,Chad Wilkins,victor77@example.com,8817683532,2001-06-10
C002992,Michelle Smith,mcguireedward@example.net,4469316815,1956-02-19
C002993,Lucas Snyder,rebecca51@example.net,4923066190,1992-08-15
C002994,Tracy Duarte,taramartin@example.com,1930647390,2003-11-29
C002995,Matthew Castro,jessicastuart@example.com,1333169543,1963-10-27
C002996,Daniel Kelly,jwilliamson@example.net,7772043971,1969-06-26
C002997,John Rodriguez,bramsey@example.com,4553928403,1996-12-02
C002998,Patrick Benson,aaron68@example.net,2532836930,1991-05-23
C002999,Sara Burns,curtisashley@example.net,0200565723,1957-05-20
C003000,Angela Underwood,perkinsnicole@example.org,4069580518,1978-06-23
C003001,John Gomez II,huntallison@example.net,4163228556,1994-07-17
C003002,Stacy Smith,jeffreythomas@example.net,7921182891,1978-06-14
C003003,Jesse Bishop,rachel81@example.com,9605623309,1955-10-06
C003004,Tracy Powell,jessica34@example.net,4582954637,2001-02-16
C003005,Nicholas Nelson,jamesrichard@example.org,4253012819,1951-05-21
C003006,Kevin Anderson,gbeck@example.org,4146566370,1958-02-07
C003007,Margaret Wells,fpadilla@example.com,5355462228,2002-12-02
C003008,Logan Parker,johnstonrobin@example.org,6193581514,1977-01-18
C003009,Elizabeth Brown,arogers@example.net,6954495697,1993-01-19
C003010,Pamela Martin,andre15@example.org,9040150762,1979-11-13
C003011,Patrick Stevens,bobbyturner@example.com,2082419857,1952-04-17
C003012,Michael Allen,chernandez@example.net,3571361877,1965-01-26
C003013,Leslie Clark,rebecca25@example.net,3559951541,1985-09-09
C003014,Joshua Martinez,joe88@example.com,0641442509,1954-05-23
C003015,Evelyn Tucker,garciastephanie@example.org,6395845450,1967-08-09
C003016,John Mathis,thomas80@example.net,6835051834,1977-03-07
C003017,Dennis Henry,martinezjoshua@example.net,0336936834,1981-11-12
C003018,Gregory Goodwin,burtonmartha@example.net,6065349309,1959-02-05
C003019,Caleb Bennett,brooksmarcus@example.com,9045543623,1964-02-22
C003020,Christine Wolfe DDS,petersdavid@example.org,8773800778,1993-05-16
C003021,Kristen Bradshaw,steelerobert@example.com,8843316509,1989-08-05
C003022,Christopher Taylor,catherine01@example.com,5439346989,1986-12-11
C003023,Shawn Wright,lisa72@example.com,1535849620,1995-05-20
C003024,Adam Durham,noahherrera@example.com,1738555550,1965-12-31
C003025,Tara Owens,fwalls@example.com,6624436770,1956-12-21
C003026,Amy Clay,nenglish@example.org,5974895642,1951-10-17
C003027,Ann Freeman,smithkimberly@example.com,5656337343,1973-10-07
C003028,Antonio Wolf,glassgary@example.org,1277606625,1992-01-30
C003029,Edward Davis,walter21@example.com,7421940478,1987-09-26
C003030,Jeffrey Mccoy,katherine89@example.net,2638279414,1980-02-23
C003031,Shane Clark,morrisonadrienne@example.org,8242985270,1990-11-24
C003032,Diamond Browning,zkoch@example.net,6474965913,1993-05-18
C003033,Jacqueline Monroe,irwincolleen@example.org,9588123688,1955-07-02
C003034,Veronica Hall,sheilagarcia@example.org,2254945703,1985-04-18
C003035,Amy Whitaker,chaneydesiree@example.org,7073081414,1987-11-10
C003036,Donald Cooper,victoria51@example.com,3016548765,1975-01-30
C003037,Angel Myers,matthew17@example.org,4213601714,1975-12-31
C003038,Victor Pope,mark19@example.com,1644180540,1996-08-30
C003039,Noah Ballard,kayla07@example.net,1990979896,2000-02-21
C003040,Justin Porter,estone@example.com,4916716567,1966-02-07
C003041,Robert Payne,david68@example.org,3852857940,1979-12-26
C003042,Jacob Smith,millererika@example.com,3480851496,1998-04-26
C003043,Melissa James,kelly23@example.org,4268396995,1981-11-18
C003044,Sabrina Marshall,rodriguezamy@example.com,1224023878,1993-12-05
C003045,Stephanie Cross,dmeza@example.com,9626292259,1964-07-11
C003046,Scott Ramsey,james72@example.com,0667549059,1979-09-10
C003047,Maxwell Kennedy,nicholas08@example.net,0682948170,1967-01-29
C003048,Edwin Griffin,kentsharon@example.com,7980047202,1983-12-06
C003049,Daniel Ramos,jsmith@example.com,0152424431,1999-01-21
C003050,Charles Smith,wendyruiz@example.com,0925427098,1989-09-27
C003051,Amy Frank,anthonybryant@example.com,0545082759,1959-01-05
C003052,Mrs. Toni Ramirez DDS,robert74@example.net,2328642504,1975-10-22
C003053,Whitney Rodgers,ycarter@example.com,0661245011,1957-01-30
C003054,Debra Horn,bassdaniel@example.net,0762109692,1961-05-24
C003055,Julie Simon,brandonlee@example.com,0924432954,1976-05-05
C003056,Donna Avery,tmcgee@example.com,4727318897,1986-11-08
C003057,Charles Clark,sarah57@example.org,6734214211,1971-09-20
C003058,Angela Hall,talvarado@example.net,9070383942,1995-05-12
C003059,Edward Brown,elizabeth92@example.org,5716400489,2000-03-13
C003060,Mark Buchanan,roy66@example.org,1801206335,1958-09-09
C003061,Lisa Harper,patricia75@example.com,6676674913,1992-05-22
C003062,Pamela Mueller,regina32@example.com,2164532442,1977-06-16
C003063,Duane Palmer,sheryl00@example.com,9836514690,1957-03-08
C003064,Karen Gomez,cray@example.org,7834108075,1987-04-02
C003065,Tina Duarte,rebecca51@example.org,4029422085,1954-09-21
C003066,Ariana Conner DDS,wardrenee@example.com,9241971665,1963-09-22
C003067,Brandon Brewer,harrisamy@example.net,2538361449,1953-11-06
C003068,Martha Morgan,mary81@example.org,4687261173,1961-05-01
C003069,Joshua Gallagher,michael35@example.com,7313121312,1959-01-09
C003070,Jamie Price,choisandra@example.com,1539440601,1998-12-02
C003071,Greg Duke,caitlin44@example.com,3936007481,1998-01-17
C003072,Michael Farley,bryan75@example.org,0756582554,1966-09-29
C003073,Tracy Solomon,mdavis@example.net,8790507309,1979-09-09
C003074,Michael Rice,pgood@example.com,6731396286,1989-03-15
C003075,Eric Johnson,whitejustin@example.net,9393942728,1990-01-01
C003076,Stacey Richardson,dsmith@example.org,4477064813,1958-11-27
C003077,Brooke Bradford,josephreese@example.org,5068843939,1986-04-09
C003078,Charles Henderson,jerryrodriguez@example.org,7874545603,1952-07-07
C003079,Janice Aguilar,mharper@example.com,2964548277,1985-01-13
C003080,Mark Hanson,daniel36@example.com,7729118844,1991-11-01
C003081,April Thompson,christophervargas@example.com,7258828442,1981-02-21
C003082,Gabriel Mcconnell,saracamacho@example.net,1217447563,1952-09-11
C003083,Ricardo Johnson,kwilliams@example.org,1250682120,1984-12-27
C003084,Valerie Ho,ndowns@example.net,1962452405,1958-11-13
C003085,Robert Cox,tylerashley@example.net,5229297702,1982-06-02
C003086,Robert Gentry,derek05@example.com,2912989673,1970-01-01
C003087,Mark Francis,jamiesmith@example.org,1955763295,1981-09-27
C003088,Gregory Henderson,jnelson@example.net,3747030366,1959-04-22
C003089,Bethany Sims,rcarey@example.com,8405318865,1996-02-27
C003090,Margaret Myers,griffinsteven@example.com,0341058828,1963-05-25
C003091,Brandon Chapman,ascott@example.org,0644071253,1976-02-05
C003092,Ryan Garrett,marygreen@example.org,7820158113,1957-04-24
C003093,Brian Tate,cynthia15@example.org,3450896071,1991-03-03
C003094,Alexandria Sawyer,cruzalejandro@example.org,0640511832,1976-10-13
C003095,Mary Hardy,gibsonandrew@example.org,5317324615,1998-03-12
C003096,Angela Wright,christian81@example.org,8926583527,1970-06-20
C003097,Lisa French,ricky69@example.com,6847093195,2000-02-15
C003098,Brian Sheppard,brookeking@example.com,9307845784,1979-11-26
C003099,Rhonda Hall,evelasquez@example.org,6502860118,2000-09-27
C003100,Mrs. Angel Mccullough DDS,nealkatelyn@example.com,1104708444,1992-08-22
C003101,Megan Bailey DDS,mcphersonrenee@example.org,1109452658,2003-06-06
C003102,Elijah Hamilton,hornadam@example.net,6414377222,1973-12-12
C003103,Traci Cohen,pittmanjoshua@example.org,4881073276,1979-12-13
C003104,Jermaine Ruiz,christophersmith@example.org,3759335851,1999-11-11
C003105,Matthew Simpson,epitts@example.org,9798811882,1989-10-24
C003106,Pamela Johnson,patricia87@example.org,2537769673,1976-06-02
C003107,Alvin Cardenas,lglover@example.net,3723805712,1990-09-12
C003108,Megan Hughes,timbaker@example.net,4268544606,1962-12-15
C003109,Valerie Franklin,traceyjones@example.org,3044217953,1973-04-17
C003110,Gregory Smith,robert40@example.com,1631664170,1979-01-16
C003111,Alan Bray,ibaker@example.org,0660580856,1965-08-11
C003112,Lauren Burton,masonwilliam@example.org,2420753087,2000-01-04
C003113,Jessica Kaiser,ogalvan@example.com,8601500858,1976-07-08
C003114,Melissa Bell,ymosley@example.net,1271952617,1955-04-20
C003115,Kevin Wagner,btaylor@example.org,4854713325,1982-09-20
C003116,David Keith,andrewjohnson@example.net,6256915393,1998-08-30
C003117,Taylor Porter,smartin@example.org,6610106195,2004-05-04
C003118,Christina Hernandez,bnguyen@example.com,4501818785,1956-12-10
C003119,Christina Lucas,matthewmitchell@example.net,1891241521,1971-03-08
C003120,Christy Gibson,williamspaul@example.org,8979573775,1967-01-20
C003121,Shannon Wood,mendozatanya@example.com,0376494133,1952-03-08
C003122,Heather Klein,mackenziemorris@example.net,2285141363,1968-01-11
C003123,Shannon Young,sarahlewis@example.com,1311137236,1986-08-21
C003124,Trevor Landry,jessica22@example.org,1189098308,1985-07-12
C003125,Christine Burke,lopezlinda@example.net,9860208289,1965-03-23
C003126,David Duran,iwhite@example.org,8805887796,1987-11-03
C003127,Laura White,robert42@example.org,9864840927,1978-06-20
C003128,Susan Scott,lauramcfarland@example.net,8980147689,1953-06-18
C003129,Lisa Rodriguez,gkelly@example.com,8140348454,1963-08-29
C003130,Stacey Lopez,rebeccalee@example.com,7081175966,1981-08-27
C003131,Jake Contreras,warrencatherine@example.net,7107061140,1995-08-15
C003132,Ryan Lawrence,bennettmichael@example.com,2295094436,1994-04-18
C003133,Donna Barrett,ecortez@example.net,7457576826,1985-09-13
C003134,Madison Pruitt,ohahn@example.net,3659077467,1998-03-21
C003135,Lacey Fleming,floresmatthew@example.org,3334317274,1970-12-15
C003136,Katie Young,andrew26@example.org,1585263231,1957-04-14
C003137,Gabrielle Wells,robert05@example.com,0118668272,1998-10-10
C003138,Jordan Davis,ccochran@example.net,1818271513,1953-11-09
C003139,Joshua Duran,operry@example.com,9463571886,1986-06-27
C003140,David Owens,steven47@example.org,4793198071,1969-10-09
C003141,Brian Thomas,riverajoseph@example.org,7399770414,1979-07-25
C003142,James Lee,michealwalton@example.org,3287755484,1978-11-11
C003143,Aaron Sampson,hgarza@example.net,7601966679,1960-12-01
C003144,Thomas Nunez,paulespinoza@example.net,9890978920,2001-02-11
C003145,Melissa Meyer,rodriguezkatherine@example.com,4083195264,1966-09-03
C003146,Jennifer Mcclure,duanenewman@example.net,0546788488,1967-11-17
C003147,Dustin Smith,amandahudson@example.org,4371424388,1973-04-02
C003148,Thomas Keller,amandadelacruz@example.org,9657385375,1999-09-28
C003149,Mr. Scott Robles,riveraadam@example.org,4703213378,1951-07-11
C003150,Luis Ortiz,ashleyhall@example.com,5079320082,1987-04-14
C003151,Leslie Robinson,abridges@example.net,5704193640,1997-01-30
C003152,Tracy Martinez,hunterroberts@example.org,9501023232,1976-03-16
C003153,Brandy Moran,sara81@example.com,7350221491,1990-01-08
C003154,Linda Boone,jeffrey21@example.org,9784281435,1997-09-11
C003155,Lori Duncan,washingtonjohn@example.net,9115431670,1997-07-05
C003156,Tonya Craig,lisarussell@example.net,6200983273,1950-10-18
C003157,Kristine Harris,oanderson@example.net,0565679167,1994-10-26
C003158,Lisa Lara,davisandrew@example.net,2533249707,2005-09-03
C003159,Joshua Kennedy,kcarey@example.org,2285404026,1988-07-23
C003160,Miss Emma Brown,laura22@example.com,8190604598,2004-03-04
C003161,John Johnson,xturner@example.com,7291269815,1955-02-19
C003162,Joshua Meyers,carrdevon@example.net,8833102085,1975-03-02
C003163,Lucas Smith,jonathanwilliams@example.net,6595197439,1977-12-09
C003164,Whitney Fields,michelle92@example.net,9545549128,1970-11-25
C003165,Michael Castaneda,rebecca22@example.net,2995874279,2005-07-29
C003166,Erica Lucas,bradleykylie@example.com,8641638828,1969-08-24
C003167,Olivia Bailey,danielpitts@example.net,6231166556,1999-09-12
C003168,Michael Hoover,jamescarpenter@example.org,5640755694,1950-09-29
C003169,Yolanda Peterson,hannahlee@example.net,2577416165,2000-03-30
C003170,Adam Lewis,ghoward@example.com,7110696796,1982-03-22
C003171,Kevin Russell,jeremycampbell@example.com,8515628379,1963-03-19
C003172,Jonathan Lewis,robertshepard@example.org,7867605345,1993-08-22
C003173,Penny Garcia,samantha98@example.net,6184648760,1987-12-24
C003174,Robert Johnson,mwalter@example.net,4286622719,1977-05-03
C003175,Paul Rogers,obarnes@example.net,6072772365,1965-12-08
C003176,Jeffrey Gomez,afuller@example.com,2261234945,1968-04-29
C003177,William Gibson,lauren10@example.net,7818338070,1997-08-10
C003178,Jason Webb,james30@example.net,1983860696,1974-07-31
C003179,Helen Figueroa,brownmegan@example.org,5863804044,1987-12-21
C003180,Martin Leonard,laurensanders@example.com,8539610480,1977-08-29
C003181,Karen Baker,tward@example.com,2493871389,1972-02-11
C003182,Gina Campbell,gina58@example.net,5730199526,1989-05-15
C003183,Margaret Jackson,micheal66@example.org,3051281637,2004-09-10
C003184,Valerie Allen,victoriacastro@example.com,8369570015,1966-04-08
C003185,Samuel Hernandez,jamesmorris@example.org,3433571205,1964-08-11
C003186,Colleen Nichols,jamesjacob@example.net,2870245645,1959-06-23
C003187,Kevin Brown,smithsusan@example.net,0896744359,1982-09-22
C003188,Tamara Russell,bentleymichael@example.net,3360610132,1995-04-20
C003189,Steve Crawford,cgordon@example.org,8169035034,1963-08-21
C003190,Lisa Cross,hillkelly@example.net,1168839211,1960-08-19
C003191,Kelsey Hall,paul76@example.net,8293007370,1984-06-08
C003192,Ryan Sweeney III,andre82@example.com,0445542835,2004-10-24
C003193,Brent Perkins,meredithwilliams@example.com,9489830186,1993-06-29
C003194,Holly Espinoza,yvonneperez@example.net,6760042709,2003-03-20
C003195,Gabriela Doyle,crystal38@example.net,5363471678,1978-09-11
C003196,Victoria Brown,john29@example.org,8249148087,1995-01-28
C003197,Jonathon Harris,reedpamela@example.com,9461841657,1962-06-24
C003198,Mr. Jesse Collins DVM,johnsonrichard@example.org,6246302578,1995-10-03
C003199,Mr. James Valenzuela,broberson@example.org,1124586154,1973-07-10
C003200,Elizabeth Baker,gardnermichael@example.net,8327628908,1985-03-24
C003201,Kevin Smith,jamesvaughn@example.net,4732722437,1958-03-04
C003202,Gregg Myers,gpugh@example.com,1477716315,1957-09-11
C003203,Jennifer Curtis,zdixon@example.org,8919283440,1954-02-23
C003204,Stephanie Cook,ocampbell@example.org,4085842049,1996-03-06
C003205,Jasmine Mcdonald,ryan53@example.net,6881453924,1962-11-27
C003206,Robert Stuart,mary81@example.net,4489020842,1983-12-13
C003207,Laura Anderson,thomas86@example.com,8296120528,1992-03-27
C003208,Jamie Mayo,xcuevas@example.org,2256244376,1958-11-22
C003209,Amanda Barnes MD,samantha67@example.org,7070109557,1999-12-04
C003210,Betty Cooper,speters@example.org,1171856911,1986-09-04
C003211,Rebecca Moon,wardbrittany@example.org,2393784087,1984-10-27
C003212,Scott Hatfield,kathleensmith@example.org,4719406568,1983-02-28
C003213,Jeremy Smith,egamble@example.com,3910274237,1954-06-17
C003214,Steven Rodriguez,thomas12@example.com,5629266923,1994-11-13
C003215,Crystal Thomas MD,bkim@example.org,2811803196,1957-02-07
C003216,Benjamin Singh,emilywright@example.net,7888245919,1963-10-14
C003217,Cindy Martinez,whernandez@example.org,3927541387,1958-05-22
C003218,Alyssa House,tom53@example.org,1369070249,1970-02-23
C003219,Michael Hancock,dcardenas@example.net,7536004545,1996-08-11
C003220,Jacob Owens MD,ravensweeney@example.net,3724449712,1960-03-21
C003221,Donna Clay,robertmartin@example.org,9125853402,1972-02-11
C003222,Heather Romero,bjohnson@example.net,0137489678,1985-04-13
C003223,Cameron Sanders,riverasabrina@example.net,1804479405,1984-01-28
C003224,Lisa Ortiz,sanchezmark@example.net,7061050091,1973-05-27
C003225,Jeremiah Hawkins,murraywendy@example.com,8988479753,1993-07-01
C003226,Erica Benitez,fisherjason@example.org,8836700974,2000-11-25
C003227,Brenda Arnold,fcross@example.org,2307557861,1978-12-17
C003228,Robert Houston,oconnorchristine@example.org,0646206672,1967-11-15
C003229,Leslie Torres,cummingsanthony@example.net,9638026492,1979-01-27
C003230,Mark Martin,ystewart@example.net,7729257836,1955-10-14
C003231,Alan Vaughn,meagantaylor@example.org,1181230738,1957-12-31
C003232,Carol Taylor,juliechang@example.com,2101074520,1955-12-01
C003233,Angela Franklin,gwilson@example.org,1115041225,1990-10-19
C003234,Joy Hubbard,brian82@example.com,0390973807,1962-01-17
C003235,Cynthia Pruitt,burkeanthony@example.com,4146881756,1970-01-21
C003236,Rebecca Phillips,matthewcarlson@example.org,5362479905,1974-06-26
C003237,Elizabeth Morgan,englishandrea@example.com,3640585881,2000-07-10
C003238,Bradley Holden,xbridges@example.com,6271061042,1974-07-19
C003239,Michael Bailey,grice@example.org,9780078616,1982-11-19
C003240,Dean Owens,bruce74@example.net,4443944692,1986-02-23
C003241,Linda Cooper,kleinjeremy@example.org,4941552992,1978-11-21
C003242,Connor Ferguson,zwilson@example.com,0131137871,1996-11-07
C003243,Michael Davidson,ashleyallen@example.net,7725840090,2004-02-28
C003244,Patricia Ortiz,aestrada@example.com,6890255288,1952-06-24
C003245,Deborah Ramos,bakerdarin@example.org,4161772379,1982-01-08
C003246,Erin Walker,kathleenwilson@example.net,5186470485,1989-05-19
C003247,Richard Cordova,jenna71@example.com,5037150074,1964-08-09
C003248,Joshua Serrano,thomasdrew@example.org,2620767957,1985-06-18
C003249,Jessica Greene,datkinson@example.org,5879492315,2000-05-22
C003250,Renee Hunt,ferrellmark@example.com,9093661765,1993-10-10
C003251,Stacey Wilkins,bflowers@example.com,7125507584,1986-06-30
C003252,Karen Nichols,dadams@example.net,4443402885,1958-08-27
C003253,Jesus Rodriguez,maria63@example.com,9038186832,1956-06-28
C003254,Nicholas Long,jesus01@example.org,6992897224,2000-06-04
C003255,Penny Robinson,rwells@example.com,1310986245,1956-11-04
C003256,Ashley Duffy,lrogers@example.com,0684666565,1972-01-31
C003257,Miguel Mayer,newmanjason@example.com,9736456712,1970-01-01
C003258,Sarah Reynolds,charles57@example.net,1319139683,1992-02-06
C003259,Caitlin Hayes,lhardy@example.org,1135033668,2004-04-20
C003260,Kathleen Harris,solson@example.com,2457195549,1970-04-24
C003261,Jesus Morales,cesar28@example.org,7171699444,1983-01-29
C003262,Todd Thompson,awilliams@example.com,9554712007,1990-05-10
C003263,Andrew Conner,josephsanchez@example.net,7675329998,1988-07-08
C003264,Dr. Lawrence Williams,shelly94@example.net,4641188034,1988-03-16
C003265,Brian Henderson,amberbaker@example.org,0637072185,1998-06-30
C003266,James Parker,julian49@example.net,9017524001,1960-01-11
C003267,Maurice Nguyen,robertsedward@example.com,0153387928,1952-05-20
C003268,Christian Allen,grosschristopher@example.net,4007432628,1991-02-24
C003269,Janice Krueger,luiswells@example.org,4247222647,1965-12-07
C003270,Eric Young,rwilliams@example.net,2227561758,1994-05-18
C003271,Sally Robinson,simonzachary@example.org,4241296359,1996-05-28
C003272,Katie Hernandez,briannatate@example.net,0929367785,1960-01-23
C003273,Nicolas Collins,jessica29@example.net,3726832334,1974-02-04
C003274,Jacqueline Norris,travispeterson@example.org,1165312645,1983-09-24
C003275,Sara Johnson,erodriguez@example.org,9183333562,1980-12-24
C003276,Philip Torres,mannjohn@example.com,1373202201,1959-01-16
C003277,Lydia Hampton,nixonrandy@example.com,6307099648,1962-08-14
C003278,Katrina Chavez,gcastro@example.net,9959110298,1991-03-14
C003279,Erica Ochoa,dustinramos@example.org,9694863201,1986-07-05
C003280,Christina Young,mmcintyre@example.org,8664115164,1972-09-08
C003281,Cheryl Perry,sara97@example.net,6900800470,1991-11-20
C003282,Adam Rice,michele39@example.org,4973105388,1979-01-13
C003283,Lisa Smith,evan23@example.net,1601097289,1957-07-29
C003284,Paul Bowman,davismichael@example.org,6097849704,1955-05-19
C003285,Tiffany Bass,banthony@example.net,1009453194,1980-06-28
C003286,Robert Martin,greenmichelle@example.net,5076233275,1976-10-26
C003287,Tami Robertson,simpsonsandra@example.net,9360161687,1971-09-19
C003288,Christopher Pittman,timothy84@example.net,6391701389,1983-09-17
C003289,Frank Alexander,glenchambers@example.org,8623422342,1951-02-11
C003290,David Hill,jamessmith@example.com,5776061251,1955-11-23
C003291,Alfred Collins,helenbradley@example.org,6964668026,1971-04-02
C003292,Ashley Sims,bserrano@example.net,1247685976,2001-04-07
C003293,Jeffrey Harper,whitestephanie@example.com,4694825457,1989-01-24
C003294,Mary Osborn,williamsjames@example.net,8352813724,1970-10-13
C003295,Crystal Hutchinson,carlvasquez@example.org,7267798300,1979-04-06
C003296,Curtis Knapp,bford@example.net,1215323884,1953-05-02
C003297,Adam Solis,toddgrant@example.org,3198544806,1973-10-08
C003298,Jessica Fields,ortegatheresa@example.net,5165126547,1969-02-23
C003299,Matthew Hartman,coxjoe@example.com,8700098545,1969-04-05
C003300,Lori Ross,zacharypena@example.org,5433606203,1964-09-02
C003301,Amanda Jimenez,pwright@example.com,8031697607,1959-07-10
C003302,Alison Rogers,jodisilva@example.com,4499161590,1976-11-16
C003303,Sierra Butler,donaldnguyen@example.com,4194508906,1992-03-10
C003304,Adam Brewer,fwiley@example.com,1333634528,1978-12-29
C003305,Peter Scott,lisa81@example.com,9461528681,1963-07-26
C003306,Eric Potter,lvazquez@example.com,7906081257,1975-04-28
C003307,Kiara Martin,josephpierce@example.net,1470675965,1961-04-13
C003308,Meghan Mcgee,whull@example.net,4704860165,1963-02-19
C003309,Chad Gutierrez,caleb51@example.com,8026142284,1971-11-02
C003310,Mr. Bryan Henderson,lawsonrachel@example.net,4463580027,1990-08-05
C003311,Caleb Anderson,chelseaspence@example.com,1936263134,1981-02-07
C003312,Benjamin Dixon,sherry21@example.net,8522293114,1952-08-01
C003313,William Webb,asoto@example.com,1206053954,1956-02-10
C003314,Matthew Noble,amandahorton@example.net,3107491487,1969-07-21
C003315,Shawn Richards,whitakercraig@example.net,0698329240,1980-10-12
C003316,Tara Miller,cfernandez@example.com,2819750772,1962-06-22
C003317,Jessica Knox MD,beckronald@example.com,4002671617,1992-12-19
C003318,Leslie Knight,jonathon31@example.net,1186981421,1972-04-26
C003319,Dana Donovan,erica49@example.org,9468976166,1962-12-24
C003320,Paul Davis,bradforderic@example.com,7866557195,1976-01-14
C003321,Derek Delgado,eburnett@example.com,7372725906,1989-04-18
C003322,Christopher Wilson,charles00@example.net,2998248613,1997-12-10
C003323,Susan Johnson,fparrish@example.org,2045938795,1963-08-24
C003324,Erica Nguyen,michelle81@example.net,6230037363,1986-03-19
C003325,Kelly Rivera,shepardkristina@example.com,3682614464,2001-12-08
C003326,Andrea Zamora,victoriacline@example.net,4275714891,1974-07-26
C003327,Meghan Reed,rbradley@example.com,0158668492,1959-08-28
C003328,Ricardo Wiggins,marycummings@example.org,0230891229,1968-02-21
C003329,Paul Edwards,rodriguezedgar@example.net,9414290094,1980-08-27
C003330,Debbie Walters,bradleysara@example.org,4951109670,1983-07-28
C003331,Jason Roy,lauragriffith@example.net,7629746793,1955-01-23
C003332,Nancy Tucker,charleswillis@example.net,7900684642,1958-09-27
C003333,Jeremy Hughes,william73@example.org,1354925867,1971-03-14
C003334,Donna Cooke,harrisregina@example.org,6136823329,2004-09-12
C003335,Tricia Hughes,cproctor@example.com,4801879997,1950-12-22
C003336,Dawn Miller,tracyhorton@example.org,2750736132,1952-03-21
C003337,Jennifer Wright,marylee@example.org,9799111307,2005-03-04
C003338,Patricia Padilla,lhurst@example.com,9781626671,1956-11-03
C003339,Jennifer Norris,cwilliams@example.org,1271215197,2004-10-24
C003340,Daniel Pope,angelagreen@example.com,8617840548,2002-01-23
C003341,Cameron Gray,ewalter@example.org,4498771589,1951-11-21
C003342,Nicholas Mcdaniel,jasonriggs@example.net,9793686421,2005-01-07
C003343,Robert Jones,matthewscarl@example.org,7756539983,2000-04-16
C003344,Brooke Webster,wanda26@example.net,7730142352,1966-04-01
C003345,Zachary Ellis,uthomas@example.com,6478486056,1967-01-01
C003346,Jennifer Long,ramseychloe@example.com,9451356099,1956-02-18
C003347,Jennifer Jones,lsims@example.net,0363262375,2004-11-12
C003348,Cody Barnes,timothyhill@example.com,4068375945,1964-12-21
C003349,Paul Ruiz,williamsmark@example.com,0674158679,2004-12-21
C003350,Joshua Miles,stewartmelissa@example.net,0757644963,2000-01-30
C003351,Barbara Long,melaniebaldwin@example.org,3654519160,1971-05-31
C003352,William Rivera,mvasquez@example.net,6624341781,1961-01-15
C003353,Theresa Ward,agarcia@example.net,1193687574,1987-04-08
C003354,Jessica Smith,joseph71@example.net,9413904080,1999-04-23
C003355,Olivia Klein,jessica57@example.org,2709319121,1999-03-28
C003356,George Fuller,david66@example.com,0685660902,1973-07-05
C003357,Benjamin Jones,fieldsanthony@example.com,2615542771,2004-11-01
C003358,Brandy Boyd,usullivan@example.com,9049526051,1971-12-01
C003359,Destiny Davis,toddbriggs@example.net,1223144886,2000-08-22
C003360,Lee Richardson,karina99@example.com,2657005628,1985-01-08
C003361,Lisa Johnson,mccarthyronald@example.net,2939561361,2003-11-27
C003362,Jon Burton,davidhernandez@example.org,9860077571,2003-01-02
C003363,Michael Johnston,tyler46@example.net,4578590951,1976-12-17
C003364,Malik Hays,nicholas32@example.com,2510315308,1990-08-14
C003365,Travis Hill,abuckley@example.net,8870641080,1966-02-25
C003366,Stephanie Mendez,lsimpson@example.com,5157034349,1982-09-08
C003367,David Sims,lisa05@example.net,3494374750,1995-11-24
C003368,Christine Hanson,williamgriffith@example.com,4115256416,1988-09-19
C003369,Darren Horne,kenneth69@example.com,1482682725,1970-11-30
C003370,Kevin Walters,joshuaschroeder@example.org,7155367317,1967-07-28
C003371,Brian Neal,lorireese@example.org,0997073995,1957-10-20
C003372,David Atkinson,hcarrillo@example.com,5941230756,1957-02-02
C003373,Nathan Johnson,jking@example.org,6385160312,1967-09-03
C003374,Oscar Weaver,collinsmary@example.org,2741546422,1971-02-14
C003375,Kathryn Lester,theresasmith@example.com,1148629783,1960-03-10
C003376,Brian Martin,bullockryan@example.org,0098936870,1972-09-13
C003377,Melissa Patel,debbie74@example.com,0054312226,1955-11-23
C003378,Christopher Walters,morgan38@example.net,4764995232,1965-10-18
C003379,Patricia Moore,eblake@example.com,8435145462,1983-01-23
C003380,Travis Barry,amber59@example.net,8903477449,1974-01-15
C003381,Lawrence Mejia,martinezmichelle@example.org,0832121617,1973-06-19
C003382,Laura Clark,fowlerearl@example.net,3126528100,1956-12-08
C003383,Martha Mendoza,kellyalexandra@example.org,3800866658,1987-11-26
C003384,William Moore,kayleewalls@example.org,4695494659,1993-01-18
C003385,Kelly Williams,edwardford@example.org,2907726925,1971-03-03
C003386,Marilyn Butler,ijoyce@example.com,7012008407,1953-06-03
C003387,John Shelton,brittany31@example.com,8787340538,1961-08-29
C003388,Adam Lopez,mpreston@example.com,7280367199,1980-08-07
C003389,Andrew Lopez,timothy22@example.org,9708340626,2001-02-28
C003390,Erik Jones,cnorton@example.net,5994188368,1996-09-18
C003391,Kelly Padilla,willisjames@example.org,9644817552,1986-07-01
C003392,Pamela Bender,dillon50@example.org,0897376027,1955-03-24
C003393,Danielle Ware,masseymatthew@example.net,6303928586,1964-04-01
C003394,Edgar Cohen,johntaylor@example.net,7506094718,1993-07-12
C003395,Megan May,charles31@example.net,4296730746,1996-08-12
C003396,Elizabeth Monroe,villanuevajulie@example.net,2779491765,1987-05-13
C003397,Connie Greene,elove@example.org,9141856233,1988-04-27
C003398,Christopher Williams,shaunmccall@example.net,7094195130,1958-03-10
C003399,Kyle Walters,michaelparrish@example.net,5708392263,1975-09-12
C003400,Nicole Sims,pittmanrobert@example.com,9461257981,1984-07-06
C003401,Melinda Krause,brettmarquez@example.net,5631140215,2003-11-29
C003402,Douglas Martin,fjones@example.net,2893323454,2005-07-26
C003403,Nicole Becker,frostgregory@example.org,2765657076,1996-04-04
C003404,Sean Brown,caleblopez@example.org,1141064558,1958-12-04
C003405,Nicole Schwartz,jon16@example.org,6537092387,1997-03-08
C003406,Lori Jackson,jenniferproctor@example.com,9895342517,2005-06-03
C003407,Joseph Davis,davidbrooks@example.com,4899308713,1998-11-20
C003408,Kelly Johnson,garciayolanda@example.org,6109061029,1956-12-14
C003409,Linda Gonzales,leeashley@example.org,6393483557,1979-03-09
C003410,Elijah Barron,henrydaniel@example.com,4896432246,1987-08-02
C003411,Teresa Garcia,paulking@example.org,6204824015,1957-12-25
C003412,Brian Jones,nallen@example.net,4715258999,2002-12-01
C003413,Brian Hughes,hstrickland@example.org,8407343190,1992-07-14
C003414,James Novak,vzimmerman@example.net,0154227095,1998-05-18
C003415,Brooke Tanner,cortezheather@example.com,8964353820,1995-01-19
C003416,Michael Martin,sandra41@example.org,3091270736,1983-12-29
C003417,Patricia Hernandez,jonathanpreston@example.com,9967450716,1978-07-29
C003418,Heather Graham,emily55@example.net,5768112005,1961-04-09
C003419,Amber Beck,olsonjennifer@example.org,8727075933,1974-04-03
C003420,Justin King,johnhernandez@example.net,1710637811,1970-03-05
C003421,Kimberly Silva,kayla34@example.net,7128403840,1990-09-19
C003422,Darlene Austin,bradleylisa@example.net,3233519509,1982-04-13
C003423,Alexander Cox,sherrytran@example.net,3337873358,1967-06-25
C003424,Sandra Willis,ashley81@example.com,5951556746,1961-09-16
C003425,Andrew Allen,steven48@example.com,4280489192,1982-03-12
C003426,Craig Hopkins,kbarton@example.org,4701303760,1980-11-07
C003427,Nancy Larson,vsmith@example.com,3108027136,1990-08-10
C003428,Mr. Zachary Smith,davidjones@example.org,9186607094,1975-09-20
C003429,David Bradshaw,judy45@example.net,6981053405,1984-06-17
C003430,Stephanie Bowman,bobfernandez@example.org,9934565139,1970-03-03
C003431,Eric Beck,megan39@example.com,5999178027,1977-02-16
C003432,John Trevino,jessicabartlett@example.org,1716813835,1960-03-04
C003433,Richard Hernandez,alexander57@example.net,5421135796,1985-03-17
C003434,Gary Silva,tmunoz@example.org,5227911074,1970-11-27
C003435,Phillip Young,destinydelacruz@example.org,8652320420,1953-06-18
C003436,Roger Green,walter50@example.org,6724508932,1969-08-31
C003437,Melissa Frazier,emorris@example.net,2694464310,1972-04-19
C003438,Brandy Elliott,hdelgado@example.org,7178620892,2000-12-25
C003439,Danielle Lewis,april74@example.org,8901750177,1984-05-21
C003440,Matthew Ferrell,howardjames@example.com,0968012003,1974-05-19
C003441,Michaela Murray,lambertscott@example.com,4408888503,1995-01-02
C003442,Alyssa Roy,zmoore@example.net,3843221563,2005-01-23
C003443,Dr. Charles Bell,williamcooper@example.com,4329955755,1999-03-13
C003444,Thomas Neal,charles90@example.com,4329792022,1975-05-15
C003445,Jodi Douglas,ericbriggs@example.net,8889702600,1966-09-13
C003446,Ashley Fischer,daniel06@example.net,7753238637,1979-07-13
C003447,Brian Payne,kmartin@example.net,4369174238,2000-06-20
C003448,Lauren Miller,berryamber@example.com,5527537004,1991-09-21
C003449,Ryan Mejia,fmitchell@example.org,9277038931,2000-09-19
C003450,David Joseph,hjones@example.net,2931901018,1990-04-24
C003451,John Green,oharrell@example.net,7174749079,1951-06-25
C003452,David Webb,bthomas@example.net,7620726693,1986-07-02
C003453,Gina Bean,bentleyryan@example.com,9563948742,2005-02-15
C003454,Anthony Wall,laurenthomas@example.net,6344483041,2000-04-17
C003455,Tina Moreno,msmith@example.org,7286756680,1973-08-31
C003456,Natasha Stevens,johnsondan@example.net,6550264722,1973-09-29
C003457,Rachel Williams,moonralph@example.com,6758134344,1978-10-04
C003458,James Wolfe,prussell@example.com,1204597767,2001-07-13
C003459,Robert Foster,michaelmiller@example.net,1556529278,1992-11-14
C003460,Joshua Ingram,ryan79@example.org,8395027862,1960-06-30
C003461,Crystal Paul,leemary@example.com,1412011906,1968-09-10
C003462,Carrie Young,sara76@example.org,5584973840,1979-02-21
C003463,Heather Thomas,josephestrada@example.com,6786198664,1955-10-25
C003464,Darrell Martinez,tcarson@example.com,0310777353,1985-11-20
C003465,Steven Davis,xgibbs@example.com,2720993525,1968-08-29
C003466,Victoria Howard,sarah67@example.net,0475870128,1992-10-11
C003467,Brett Gamble,myersamber@example.org,1083015352,1952-12-04
C003468,Erin Orozco,jlee@example.net,1962841944,1953-10-17
C003469,Ian Riley,garydennis@example.net,9576853893,1992-12-06
C003470,Ashley Reed,jmckee@example.com,1892786985,1959-04-16
C003471,Janice Benson,stevencarlson@example.net,6880859665,1999-11-21
C003472,Miss Elizabeth Alvarez,hcurry@example.org,0511842641,1965-07-27
C003473,David Lane,cynthia88@example.org,5262738276,1954-02-24
C003474,Jacob Smith,goldenthomas@example.net,6119809560,1953-03-01
C003475,Danielle Moss,phenry@example.com,4019731112,1966-11-16
C003476,James Best,rphillips@example.net,9938927334,1962-03-23
C003477,Francisco Kim,jonathanperkins@example.net,6390742663,1987-05-25
C003478,Joseph Murillo,lopezjeffrey@example.com,6093141733,1956-06-09
C003479,Christina Davis,matthew49@example.com,1523858972,1966-08-26
C003480,Courtney Anderson,shannonmcintosh@example.net,9031346443,1981-10-24
C003481,Cristina Lane,ann32@example.net,5090128184,1973-02-07
C003482,Gavin Melton,wrightmelissa@example.org,6799134680,1994-01-08
C003483,Charles Chambers,eskinner@example.org,7234068877,1974-04-24
C003484,Jason Dunn,czimmerman@example.org,2180893169,1994-04-18
C003485,Dr. Kevin Watson DVM,dennis05@example.com,8073526756,1999-10-02
C003486,Kimberly Smith,debrahebert@example.org,1004605100,2002-03-20
C003487,Marcus Hogan,rjackson@example.com,7167520593,1973-12-15
C003488,Monique Young,qgreen@example.com,2589199597,1975-11-03
C003489,Elizabeth Maldonado,nicholas16@example.org,2888948978,1956-10-23
C003490,Katherine Jordan,heatherkelly@example.net,8082314302,1997-12-08
C003491,Patricia Andrews,robertsellen@example.net,8782534670,1951-07-02
C003492,Erin Johnson,ejones@example.org,2178888162,1995-09-13
C003493,Debra Barron,natashawiley@example.org,4461179549,1992-04-26
C003494,Angela Chan,christina44@example.net,5361451831,1997-01-06
C003495,Melissa Pratt,turnerbrandy@example.com,1007260768,1997-04-30
C003496,Stacey Brown DVM,arthur05@example.net,4512827294,1970-07-10
C003497,Ryan Shepard,saguirre@example.net,2483259574,1987-10-01
C003498,Vanessa Harris,lbell@example.org,4582388187,1958-02-05
C003499,Jeffrey Cooper,karenfuller@example.org,7680725797,1967-11-30
C003500,Donald Lopez,jrios@example.org,6062949447,1957-01-14
C003501,Michael Price,gedwards@example.net,8933363996,1971-11-25
C003502,Jacob Cohen MD,esimpson@example.net,4595961409,1969-03-14
C003503,Diane Calderon,samanthaking@example.org,3529322769,1956-06-11
C003504,Catherine Hicks,matthew32@example.net,1691749939,1972-11-13
C003505,Trevor Pope,gomezkristi@example.com,0688730296,1962-01-06
C003506,David Gillespie,brandon97@example.com,8271288263,2000-10-27
C003507,Joy Thompson,brandon74@example.net,6820432812,1978-05-03
C003508,Nicole Phillips,ericaherrera@example.net,3788724275,1958-05-30
C003509,Erin Brown,amy95@example.org,6470594887,1952-05-31
C003510,Mr. Todd White,michael88@example.net,2281710822,1953-02-26
C003511,Dale Carroll,oellis@example.net,3678358845,1968-12-11
C003512,Katherine Shields,clarkemma@example.org,1196764758,1996-06-26
C003513,Joseph Lambert,rebeccamartin@example.com,6977773084,1976-06-03
C003514,Joanna Kim,jasonryan@example.net,4636320154,1972-01-10
C003515,Kevin Garrison,grossdanielle@example.net,7319419492,1955-08-30
C003516,Melissa Krueger,pittmanadam@example.net,1521809612,1958-10-01
C003517,Kirsten Hess,julia59@example.com,0980657273,1954-12-01
C003518,Kristen Rosales,rlee@example.com,4053606568,1979-01-14
C003519,Kyle Arellano,gabrielle17@example.net,2962292346,1993-04-18
C003520,Benjamin Alexander,shaunsanchez@example.net,6674001847,1971-03-09
C003521,Holly Cooper,fjohnson@example.org,0847652056,1991-06-04
C003522,Joseph Lopez,drakemary@example.net,7104582609,2002-07-14
C003523,Anthony Holt,jrogers@example.org,7806677481,2000-03-25
C003524,Andrea Harris,psuarez@example.org,1891355965,1951-06-26
C003525,Samantha Rodriguez,emily47@example.com,3802670946,1960-07-24
C003526,Anita Newton,charles14@example.com,4991293632,1982-03-02
C003527,Lisa Burke,muellermarilyn@example.org,7209673866,2000-11-17
C003528,Daniel Montoya,phaney@example.net,7499143839,1993-02-26
C003529,Alexis Glass,jasonbennett@example.org,4671511888,1974-01-14
C003530,Patrick Jackson,youngbenjamin@example.org,4557663940,1954-04-13
C003531,William Hartman III,tracywood@example.com,9227019246,1959-07-30
C003532,Mr. James Sanchez,goodstacey@example.org,5170871650,1972-02-16
C003533,Michael Gonzales,robinsonfrank@example.org,6945384554,1954-01-30
C003534,Sean Reed,latoyahuff@example.net,9201482923,1969-08-26
C003535,Monique Craig,qferguson@example.com,6601165586,1975-09-12
C003536,Alyssa Nguyen,angela80@example.net,6605677213,1974-04-11
C003537,Morgan Gates,starkrebecca@example.com,9937823691,1987-04-18
C003538,Mary Chavez,raylisa@example.org,9165168004,2000-01-27
C003539,John Wade,salazarmark@example.com,7020055501,1972-12-09
C003540,Zachary Delgado,bridgetcannon@example.org,2554334923,1990-02-09
C003541,Robert Thomas,johnsmith@example.com,3227690474,1996-10-16
C003542,Michelle Garcia,francosean@example.net,8766784533,1951-07-12
C003543,Julia Phillips,ewilliams@example.net,8033613637,1974-07-29
C003544,Daniel Krueger,connor16@example.org,8457362530,1952-03-16
C003545,Sean Jackson,jacobanderson@example.net,7287022940,2005-08-16
C003546,Steven Smith,ashleyjacobs@example.net,0996567895,1973-03-10
C003547,Terry Hopkins,cbrown@example.org,9284422138,1991-12-23
C003548,David Clayton,hensondeborah@example.com,9560302930,1959-05-30
C003549,Allison Johnson,dkelly@example.org,5569318606,1984-01-31
C003550,John Turner,ayork@example.com,5962763009,1968-10-16
C003551,Erika Ellis,catherinemckee@example.com,8813914203,2003-04-14
C003552,Amy Parker,huffanthony@example.org,8429533718,1992-08-17
C003553,Alexandra Herrera,robert38@example.org,8521200416,1987-03-02
C003554,Tanner Bell,egreen@example.org,2187039508,1998-12-19
C003555,David Christian,alan16@example.net,6813563622,1969-09-24
C003556,Jeffrey Cox,diaztravis@example.com,3551727484,2003-02-25
C003557,Harry George,nicholas73@example.com,6068447067,1982-07-03
C003558,Christopher Johnson,drangel@example.org,1106480232,2001-02-04
C003559,Lori Hicks,brownamy@example.org,8489465411,1989-01-13
C003560,Wendy Brown,wrightangela@example.net,7295218667,1960-07-17
C003561,Lauren Webb,aball@example.net,9486378785,2005-01-17
C003562,Susan Carrillo,sdominguez@example.net,8706337874,1958-03-10
C003563,Mikayla Martin,hfrancis@example.org,1593640762,2002-12-11
C003564,Michelle Olson,jennifer62@example.net,1324591231,1961-03-27
C003565,Gregory Hernandez,susan51@example.com,4382500869,1962-03-28
C003566,Corey Steele,wardkevin@example.net,8349428352,1974-06-09
C003567,Matthew Banks,caroline76@example.com,3691703242,1951-06-13
C003568,Tiffany Bryant DVM,kathrynadkins@example.net,7005245960,1955-06-12
C003569,Sarah Olson,hartamanda@example.org,7094315211,1961-07-20
C003570,Joseph Butler,michaeldelgado@example.com,5636886465,1959-01-23
C003571,Abigail Adkins,aprilperez@example.net,4928187113,1976-04-11
C003572,Wesley Hall,davisdonald@example.com,6454783990,2003-02-17
C003573,Alicia Williams,jeremiahwells@example.net,6185029767,1992-01-10
C003574,Linda Malone,timothy61@example.com,6926005428,1969-12-10
C003575,Robert Gordon,daniel44@example.com,1388258235,1983-12-15
C003576,David Cannon,fduran@example.com,4381006310,1966-03-26
C003577,Jamie Scott,xavier87@example.org,9073382109,1952-08-12
C003578,Douglas Griffith,darylreyes@example.com,9894793983,1992-12-25
C003579,Zachary Walters,austinaustin@example.org,2382235375,1991-09-05
C003580,Felicia Anderson,anthony18@example.net,2069657767,1982-05-12
C003581,Scott Hunt,lisa83@example.net,2006632956,1982-10-20
C003582,Eric Mcmahon,reynoldscameron@example.net,5003814043,1976-04-18
C003583,Daniel Gomez,smithmichael@example.net,5348584255,1956-09-20
C003584,Mrs. Kelly Robinson DVM,gprice@example.net,2579816953,1955-01-06
C003585,Paige Watkins,markfitzpatrick@example.org,0193958981,1996-08-05
C003586,Robert Parker,tyler43@example.com,5951228695,1999-05-20
C003587,Shelby Mason,dicksonryan@example.net,8521007359,2000-12-12
C003588,Margaret Allison,wjohnson@example.com,1482243025,1963-03-11
C003589,Sheryl Serrano,oclark@example.net,4260855026,1986-03-31
C003590,Peter Woodward,meganstewart@example.net,9569172070,1992-05-04
C003591,Rachel Greene,thomasprice@example.org,5277374811,1992-10-14
C003592,Kevin Smith Jr.,danielsjustin@example.org,0255878257,1987-11-20
C003593,Sean Johnson,shawnclayton@example.net,4053340164,1952-03-23
C003594,Michael Donovan,jamesjones@example.net,5851021465,1995-12-02
C003595,Mary Thompson,morganjohnson@example.com,5250191779,1989-01-31
C003596,Victor Owens,smithvictoria@example.org,5017759174,1972-01-23
C003597,Christina Hart,rileysmith@example.com,7070660579,1991-07-21
C003598,Ryan Bauer,tammysimon@example.org,9822189870,1982-11-14
C003599,David Cooper,afranklin@example.org,7034084978,1997-03-22
C003600,Rebecca Taylor,pfields@example.net,9191654594,1972-05-02
C003601,Michael Lindsey,gaustin@example.net,0725093330,1959-11-15
C003602,Rebecca Smith,kristidavila@example.com,2813497857,2003-02-20
C003603,Brady Johnson,danielwarren@example.org,5025513099,1960-07-26
C003604,Richard Wade,nroberts@example.com,0703456215,1992-02-25
C003605,Brittany Farrell,ghudson@example.net,7594190454,1983-09-19
C003606,Scott Fox,chelseaturner@example.net,6611870074,1972-08-21
C003607,Brandon Williams,mcintyredanny@example.com,7752163592,1951-07-30
C003608,Travis Hayes,kristopher88@example.net,5593989775,2003-11-06
C003609,Kathryn Crawford,dustin12@example.org,7360014523,1972-06-05
C003610,Olivia Anderson,bakercraig@example.net,9538430718,2002-07-19
C003611,Dana Rivera,carla33@example.org,3936057207,1951-07-03
C003612,Pamela Gutierrez,psutton@example.net,5826301618,1975-04-18
C003613,Kelly Shepherd,eric34@example.org,4755156983,2004-06-25
C003614,Robert Stafford,williamfuller@example.net,9177019827,1990-01-26
C003615,Jon Rivera,bmontoya@example.org,1774441565,1990-11-29
C003616,Stephanie Rogers,kellypatel@example.org,8180129558,2004-12-15
C003617,Erika Myers,phamdaniel@example.net,9131046527,1981-02-28
C003618,Frank Bauer,schultzbailey@example.org,6512947299,1974-12-05
C003619,Steven Benjamin,georgedavid@example.org,2227615842,1963-12-27
C003620,Kara Phillips,ericwilson@example.com,1329757034,1987-07-20
C003621,Shannon Davis,kyle62@example.net,4818731785,1958-09-10
C003622,Robert Romero,hpierce@example.net,6175869274,1980-02-12
C003623,Manuel Wilson,williamswilliam@example.org,1704047873,1994-07-09
C003624,Bruce Mcdaniel,andersonvictor@example.org,0163162958,1954-01-25
C003625,James Stark,vhenry@example.com,6606485888,1983-04-16
C003626,Glenn Valenzuela,wcarter@example.org,8451265276,1996-01-07
C003627,Christopher Massey,nealmaria@example.org,1126818685,1958-02-06
C003628,Tyler Lowe,lfrancis@example.com,1045688263,1971-01-03
C003629,Luis Moreno,bsmith@example.com,5136272586,1963-02-24
C003630,David Fletcher,tammy87@example.com,6154712162,1957-06-02
C003631,Steven White,johnsoncody@example.net,6895297480,1993-08-17
C003632,Caitlin Flores,erin96@example.org,8460749169,1993-12-03
C003633,Brian Conner,dmullins@example.net,7510424258,1972-12-15
C003634,Lauren Gonzalez,thomas76@example.net,3849940847,1985-12-15
C003635,Brittany Johnson,tylerbryant@example.org,0046408798,1992-07-13
C003636,William Warren,jadkins@example.com,2164201180,1980-02-11
C003637,Justin Banks,christopherdavid@example.org,1594633381,1972-11-23
C003638,William Velez,vaughnmark@example.org,7019363998,1967-11-21
C003639,Stephanie Robinson,russell96@example.net,5452190926,1968-05-20
C003640,Sara Hill,lauren60@example.net,0735460079,1972-06-03
C003641,Kaitlin Montoya,katherine44@example.net,5593348869,1993-11-18
C003642,Calvin Bean,yhenderson@example.com,1759596274,1987-11-27
C003643,Barbara Bridges,keithmccall@example.net,0375269685,1971-03-01
C003644,Marvin Garcia,noah93@example.org,7661639848,1991-05-07
C003645,Brittany Wilson,timothy81@example.com,2460639818,1961-01-12
C003646,Andrew Myers,chelseygarrett@example.com,0789493506,1974-08-05
C003647,Stephanie Anderson,hbell@example.org,8657968103,1963-01-08
C003648,Brett Walker,angieflores@example.net,4312467400,1961-10-26
C003649,Joshua Parrish,wilsonnicholas@example.com,6063405130,1971-03-06
C003650,James Lopez,romerojeremy@example.org,7162996817,1963-05-19
C003651,Robert Santos,jeffreycervantes@example.org,5602324746,1957-01-27
C003652,Angela Bell,hallbrian@example.net,9797808784,1959-09-26
C003653,Kaitlin Banks MD,ryanrobinson@example.com,7202035210,1979-02-27
C003654,Deanna Butler,sanchezamanda@example.net,3138634923,1958-10-13
C003655,Paul Rodriguez,cory62@example.net,1030164040,1992-01-13
C003656,Jennifer Wilson,kimbenjamin@example.org,1482199120,2001-12-29
C003657,Ethan Smith,udeleon@example.com,5099575681,1970-04-07
C003658,Daniel White,megangreen@example.org,8223596347,1965-10-29
C003659,Jeremy Woodard,ashleyfisher@example.org,7308724036,2000-05-30
C003660,Carmen Moses,albert46@example.net,6517277532,1951-07-23
C003661,Erika Rivera,jonathan49@example.org,0159038240,1964-07-15
C003662,Michael Walker,james44@example.com,6309066958,1961-11-19
C003663,James Russell,larry51@example.com,1792300288,1969-02-19
C003664,Joshua Shaffer,mark07@example.com,9828037944,1995-07-01
C003665,Willie Hamilton,dwells@example.org,4964422169,1955-02-14
C003666,Jonathan Elliott,lchoi@example.org,8596357223,2004-11-14
C003667,Jennifer Ward,jwatkins@example.org,7581001544,2003-05-07
C003668,Jacob Young,william00@example.org,3287078961,1962-12-08
C003669,Stephen Anderson,georgedamon@example.com,7322223260,2004-12-18
C003670,Marcus Luna,garymcintyre@example.net,2423483906,1970-03-09
C003671,Michael Webb,edixon@example.org,2394847714,2003-02-10
C003672,Molly Williams,davidadkins@example.org,8327403169,1964-09-21
C003673,Joshua Rodriguez,miranda76@example.net,1502186459,1967-03-02
C003674,Jacob Alvarez,williamdavis@example.net,8540303253,1989-11-07
C003675,Heather Harper,alexstephenson@example.net,6006420922,1990-11-10
C003676,Jennifer Pham,fpratt@example.org,0113032232,1967-07-05
C003677,Johnny Barr,jared65@example.com,2674121638,1965-12-10
C003678,Tamara Jackson,rhondafields@example.org,8439609960,1990-06-09
C003679,April Lynn,crystal71@example.net,8165359851,1990-03-20
C003680,Carolyn Perez,john24@example.net,0152800648,1954-12-06
C003681,Rebecca Perkins,josephfletcher@example.net,4928963899,1981-02-14
C003682,Michael Bennett,mariejohnson@example.com,6424944282,1951-06-14
C003683,Jack Short,ufoster@example.net,7827297213,1963-10-05
C003684,Alec Archer,aperez@example.com,1240403417,1988-08-10
C003685,Thomas Woods,aprilevans@example.com,0420866478,1983-12-06
C003686,Debra Smith,flynndavid@example.net,1535431870,1998-04-07
C003687,Susan Brown,uhancock@example.com,2240840749,1988-02-11
C003688,Jennifer Beard,lukewebster@example.net,4402913322,1968-09-29
C003689,Catherine Martinez,hatfieldsara@example.com,6438551299,1964-10-18
C003690,Brian Fleming,william30@example.net,6904635077,1998-07-07
C003691,Marc Valencia,ncox@example.com,0953324335,1987-03-19
C003692,Donna Torres,jessicaharvey@example.org,4712780664,2001-10-21
C003693,Rita Conner,krobertson@example.com,5127011836,1994-05-31
C003694,Tammy Crawford,matthew56@example.net,1541423861,2005-02-05
C003695,Danny Pearson,erickelly@example.net,4010119050,1992-01-29
C003696,Jennifer Ashley,banksallison@example.org,3551972634,1996-03-14
C003697,Juan Roberts,sgrant@example.net,8459722050,1979-01-15
C003698,Charles Stone,falvarez@example.com,9202976377,1952-03-09
C003699,Lisa Phillips,dalecohen@example.org,6711625352,1995-11-11
C003700,Carol Dyer,herreradana@example.org,5937275131,2002-08-30
C003701,Kaitlyn Hester,thomas78@example.com,0794539341,1960-06-03
C003702,Jason White,brandon96@example.com,0647405503,1978-06-23
C003703,Nancy Smith,tracy04@example.com,1237287357,1959-02-26
C003704,Marcus Bailey,harveyjustin@example.org,7416867448,1980-03-27
C003705,Tara Mathis,justin35@example.net,5100670760,1958-10-23
C003706,Matthew Wolfe,juanward@example.com,2128133094,1965-10-29
C003707,Sharon Fernandez,wsawyer@example.org,4126002674,1958-11-11
C003708,Laura Keller,amanda78@example.org,2825365522,1955-09-21
C003709,Joseph Hall,stephaniegarcia@example.com,6195467239,1987-05-06
C003710,Melissa Wallace,clarkteresa@example.net,1463547658,1957-12-11
C003711,Stacie Townsend,aortiz@example.com,4867370219,2003-11-28
C003712,Christina Mcguire,jennifer17@example.org,5514588501,1983-04-11
C003713,Alexis Davis,brownnicholas@example.net,0199073948,1990-07-15
C003714,Lindsay Henderson,chavezthomas@example.org,2970345058,1950-09-27
C003715,Terry Santiago,courtney39@example.net,4225779830,1962-05-19
C003716,Jordan Hebert,johndavis@example.net,1938682267,1969-05-22
C003717,Kyle Roberts,fgarcia@example.com,2978823553,1979-04-19
C003718,Michelle Myers,evansalicia@example.com,3471688017,1970-08-14
C003719,Wanda Long,bernard50@example.org,3564140771,1987-10-21
C003720,Emily Sanchez PhD,leecraig@example.org,9799229108,1999-01-23
C003721,Stacy Hunter,chelsea91@example.net,8921769603,1987-08-02
C003722,Kelly Hernandez,robert16@example.org,0186050350,1984-02-15
C003723,Andrea Kirk,andrew76@example.com,3470082637,1987-01-25
C003724,Matthew Reed,bgreen@example.org,9893835930,1976-03-29
C003725,Jeremy Alexander,michaelmurphy@example.org,1440342875,2004-01-06
C003726,Brian Williams,acruz@example.org,9126154098,1997-12-23
C003727,Kevin Harris,brownjohn@example.com,3931742216,1956-05-10
C003728,Noah Maxwell,mayspaul@example.net,8953792806,1957-04-14
C003729,Debbie Jones,christiegarcia@example.org,5825084342,1996-04-12
C003730,Shannon Simon,brendagreen@example.com,0543321259,1957-02-27
C003731,Desiree Erickson,glennhays@example.net,0508989408,1960-04-13
C003732,Preston Lewis,nathanrojas@example.org,3851534356,1961-08-24
C003733,Steven Smith,robert74@example.com,6378018715,1955-07-28
C003734,Edward Vargas,thompsondebbie@example.net,6236181579,1951-01-27
C003735,Christina Moreno,benjamin90@example.net,7552303350,1970-04-05
C003736,Samantha Cobb,thorntonlindsay@example.net,4158221215,1962-02-02
C003737,Ruth Haynes,sara66@example.com,5614008145,1988-04-02
C003738,Kevin Aguirre,qrodgers@example.com,7495224994,1951-06-24
C003739,Daryl Martinez,williamsrandall@example.com,6587015295,1980-11-05
C003740,Elizabeth Walters,owallace@example.com,0445675981,2002-03-23
C003741,Nicole Clark,lucasmoyer@example.net,1127481626,1959-12-19
C003742,Allison Patterson,ssmith@example.net,2197465638,1962-07-09
C003743,Raymond Wallace,sdavis@example.net,6813891020,1991-06-25
C003744,Joseph Perkins,ucook@example.org,3190857882,1952-12-04
C003745,Jose Davidson,david07@example.com,8602563781,1960-04-17
C003746,Jessica Bond,georgemason@example.com,7974840852,1954-04-29
C003747,Kelsey Gonzales,acasey@example.com,7682996728,1956-08-01
C003748,Yvette Murray,alisonburns@example.net,5986724195,2000-08-24
C003749,Jeffrey Powell,lford@example.net,5765551465,1982-11-18
C003750,Curtis Brown,jeremy18@example.net,1530586548,1966-04-28
C003751,Jonathan Munoz,xmitchell@example.org,9756671752,1988-12-09
C003752,Kelly Rodriguez,diamondnorman@example.net,4749500441,1981-10-21
C003753,Jessica Lee,pharding@example.net,3634861565,1951-05-17
C003754,Mrs. Samantha Mccullough,angela93@example.net,1370787033,1991-09-10
C003755,Chris Hughes,reynoldsbradley@example.com,1797646705,1955-03-22
C003756,Matthew Patel,kruegerbryan@example.net,6062011990,1950-09-21
C003757,Nicole Obrien,roblesfrank@example.org,6345645040,1983-05-19
C003758,Gregory Harper,alexisbrown@example.org,2076435932,2005-06-11
C003759,Shannon Harris,ywilliams@example.com,7441662145,1994-07-25
C003760,Samantha Sims,timothy16@example.net,6175682681,1996-12-07
C003761,Tamara Reid,nancy00@example.com,1733759112,1973-01-22
C003762,Seth Black,mark01@example.com,1619959425,1966-04-09
C003763,Adam Turner,collierpaul@example.net,4408099589,1975-04-16
C003764,Rebecca Mathews,alopez@example.net,9772518833,1958-07-23
C003765,Kevin Miller,whitepaul@example.net,4935449970,1967-04-23
C003766,Joseph Atkins,johnluna@example.org,7089574382,1970-06-22
C003767,Jessica Carpenter,cbennett@example.com,0513146929,1960-11-29
C003768,Natalie Robinson,william23@example.com,6285849811,1993-05-18
C003769,Judy Woodard,hcrosby@example.org,0745115247,1975-04-13
C003770,Thomas Valdez,blakeaaron@example.org,5275172863,2001-08-05
C003771,Krista Humphrey,rogertodd@example.org,2984558281,1971-07-12
C003772,Nancy Franco,jjohnson@example.net,3887217283,1982-05-25
C003773,Samuel Andersen,kimberly87@example.net,9317332206,1992-01-08
C003774,Christopher Bryant,matthewhicks@example.com,9328743420,1952-10-22
C003775,Kevin Smith,hansenjason@example.net,5037350926,1970-03-09
C003776,Miranda Lucas,xjones@example.org,4188228700,1998-03-04
C003777,Anita Morrison,jaredvelazquez@example.net,4451227607,1979-12-04
C003778,Tanya Powell,deborah20@example.com,7713599233,1951-03-23
C003779,Emily Davis,amoss@example.com,2311262574,1992-12-10
C003780,Johnny Hughes,matthew57@example.com,9434254825,1977-08-14
C003781,Amy Ward,shannon50@example.net,6534254228,2001-03-16
C003782,Aaron Hudson,kim05@example.com,8733520188,1998-10-01
C003783,Michael George,cdudley@example.org,6535818985,1956-10-29
C003784,Bobby Meyer,cynthiahawkins@example.com,1510934667,1995-06-24
C003785,Debbie Beck,thompsontodd@example.org,4600111566,1987-07-09
C003786,Sylvia Adams,matthew93@example.net,8124014766,1952-07-04
C003787,Brandon Rivera,johnsonkevin@example.org,1730431138,1988-01-07
C003788,Mark Gross,branchjeremiah@example.net,9971777216,1989-02-05
C003789,James Thompson,james45@example.com,9728089372,2004-09-06
C003790,Nathan George,melissasantiago@example.org,4810270364,1979-11-29
C003791,Mark Williams,lisathompson@example.net,5435477801,1977-10-17
C003792,Edward Cruz,matthewpruitt@example.org,8479166591,1995-05-31
C003793,Richard White,davidbaker@example.net,4274258915,1974-09-16
C003794,Michael Hernandez,dacevedo@example.net,0416893942,1971-02-11
C003795,Donna Matthews,smithandrew@example.com,8762408283,1972-07-02
C003796,Julie Hall,eric92@example.com,0267218257,1996-07-24
C003797,Bryce Castillo,lauraperez@example.com,9036184396,1984-02-20
C003798,Mary Donaldson,laguilar@example.com,1783003056,2005-05-29
C003799,Jennifer Riley,hsingleton@example.org,5833183902,1972-08-06
C003800,Tammy Shepard,fergusonjason@example.com,6228794731,1967-01-07
C003801,Amy Phillips,russellbryce@example.org,2885701589,1985-02-01
C003802,Christopher Reynolds,alam@example.net,3273996662,1989-06-13
C003803,Timothy Jones,amyclark@example.net,7567350822,1955-05-09
C003804,Patricia Johnson,josechambers@example.com,8824183356,1995-06-29
C003805,Melanie Trujillo,rodriguezjenna@example.org,2722089580,1982-12-18
C003806,Angela Randall,acastillo@example.com,8941523598,1975-04-06
C003807,Andrea Long,grichardson@example.com,7477234366,1989-08-13
C003808,Rachel Carter,zstout@example.net,3350468015,1993-01-08
C003809,Robert Johnson,gibsonmary@example.net,6939632299,1974-06-26
C003810,Melissa Lester,deborahscott@example.org,1236306193,1999-11-06
C003811,Jonathan Alvarez,zunigadanielle@example.net,1669934105,1977-09-10
C003812,Deborah Maddox,david78@example.com,7171375648,2002-09-27
C003813,Jennifer Randolph,meganmiller@example.com,9088700251,1968-08-27
C003814,Steven Williams,rhonda34@example.com,1022013921,1988-09-05
C003815,Joseph Benton,stephenfigueroa@example.net,2633293300,1960-03-19
C003816,Carla Thomas,williamsmary@example.org,1748600649,1987-08-26
C003817,Jeffrey Johnson,brittanylin@example.org,6999045082,1967-10-08
C003818,Lisa Bryant,lorimontgomery@example.org,3983745374,1999-10-29
C003819,Nicole Johnson,robert32@example.net,6593124838,1976-11-19
C003820,Todd Mata,matthew34@example.net,4132366162,1954-01-30
C003821,Pamela Nunez,harpersteven@example.net,4945204524,1952-11-24
C003822,John Holmes,newmankatrina@example.net,3187639540,1962-01-12
C003823,Sherry Kane,jhansen@example.com,1270570273,1951-04-24
C003824,Mrs. Alejandra Johnson,skinnerdaniel@example.net,0928210388,1963-03-12
C003825,Dylan Owens,ronaldmitchell@example.org,6242955538,1973-06-16
C003826,Ann Bates,teresathompson@example.net,5832837158,1983-04-04
C003827,Jennifer White,whitneymclean@example.com,0472948422,1968-01-12
C003828,Edgar Casey,bestsylvia@example.com,9706704302,1951-09-14
C003829,Amanda Thornton,watsonmary@example.org,5741518134,1965-05-15
C003830,Matthew Alexander,ashleyhumphrey@example.org,3799915572,1958-05-11
C003831,Russell Boyd,colemanjennifer@example.org,1362434191,1988-02-24
C003832,Brittany Ward,joseph05@example.net,4632182700,1972-06-18
C003833,Anna Williams,kenneth76@example.org,7989896286,1988-05-22
C003834,Miguel Day,lori25@example.net,4962525580,1966-06-21
C003835,Frances Lewis,charleskelly@example.org,4857517431,1965-09-27
C003836,Kevin West,dancox@example.org,5425866019,1959-06-26
C003837,Joshua Ochoa,vevans@example.org,4861508551,1958-12-06
C003838,Chloe Morales,reedtimothy@example.org,7870371311,1951-12-04
C003839,Andrew Gonzalez,abaird@example.com,2879881594,1997-11-16
C003840,Sharon Benton,riverakaren@example.com,7509016153,1977-07-18
C003841,Austin Martin,odommary@example.org,4520823509,2003-05-13
C003842,Susan Blair,carlroberts@example.com,8676844412,2001-08-26
C003843,Janet Harrell,porterterri@example.com,6032003902,1983-07-31
C003844,Lee Graves,kimberlywolfe@example.org,2105970124,1971-10-10
C003845,Charles Perry,traciwhite@example.org,7123209554,1977-09-14
C003846,James Dixon,rberry@example.net,3066569300,1969-09-28
C003847,Erica Rivera,fcruz@example.org,2823344304,1985-04-18
C003848,Dr. Adam Miller,carriekelly@example.org,9161112842,1962-06-04
C003849,Christopher Allen,cynthiagarner@example.com,5137727690,1991-05-12
C003850,Jose Keller,danielrobinson@example.com,6943074982,1991-08-03
C003851,Jennifer Jones,taylormason@example.net,1226995190,2003-05-28
C003852,Charles Wood,weissbenjamin@example.net,7128753348,2002-03-23
C003853,Jeffrey Brown,lisa47@example.com,1425482718,1955-10-04
C003854,Richard Silva,annettemoore@example.net,7072176999,1970-09-27
C003855,Dennis Flynn,daychelsea@example.com,6395907009,1974-08-23
C003856,Cynthia Gould,markwilson@example.org,9331868398,1982-07-10
C003857,Lisa Grimes,twoodward@example.com,9189009180,1968-01-31
C003858,Kevin Mejia,david19@example.com,4860717754,2002-12-15
C003859,Heidi Page,sdunn@example.com,9001388597,1994-01-29
C003860,Stephanie Wright,calebcompton@example.org,9466961479,1990-01-30
C003861,Jenna Adams,perezjohn@example.com,9540054530,1985-05-31
C003862,Miranda Wilkins,wadkins@example.org,0364029816,1970-02-13
C003863,Cody Moore,johnsonemily@example.net,8947291551,1994-03-03
C003864,Christie Hale,robinjohnson@example.org,2607612420,1990-10-04
C003865,Michael Singleton,yateseric@example.net,9940189892,1973-05-10
C003866,Rebecca Johnston PhD,dcole@example.net,5600229570,2002-12-06
C003867,James Nelson,eprice@example.net,6799368919,1963-10-07
C003868,Elizabeth Hale,sharonvasquez@example.com,1546334419,1990-08-03
C003869,Christopher Jones,mariagreen@example.org,7480155972,1988-05-19
C003870,Jesse Miller,kaitlynsoto@example.org,5009670833,1972-02-10
C003871,Robert Hebert,alyssaewing@example.com,7235288151,1951-05-05
C003872,Katie Garcia,johnsonjason@example.net,7043134551,2003-06-29
C003873,Kathy Allen,ushelton@example.org,5754981118,1985-08-12
C003874,Robert Hutchinson,baldwineric@example.org,7143840115,1956-11-07
C003875,Lisa Coleman,brownmorgan@example.org,5309627718,1964-02-09
C003876,Christina Rodriguez,zhenderson@example.org,9274537956,1978-08-20
C003877,Timothy Brown,jmunoz@example.org,1795883033,1961-12-19
C003878,James Johnson,mark38@example.com,1068973173,1965-05-05
C003879,Amy Nunez,hansonsara@example.net,5130120730,1967-08-30
C003880,Kathryn Miller,andrew72@example.com,7261958436,1964-05-04
C003881,Kristina Lloyd,kellyevans@example.org,8085762362,1963-08-26
C003882,Rachael Cooke,lauren24@example.net,5256870880,1978-08-10
C003883,Rebecca Gordon,bradleyreed@example.org,7282912716,1983-05-06
C003884,Geoffrey Aguirre,brownrobert@example.com,1602012212,1993-06-10
C003885,Pamela Young,gburnett@example.com,6980225091,2004-03-17
C003886,Penny Lewis,hunter14@example.org,7099521046,1998-10-10
C003887,Carla Wilson,nunezmaria@example.net,6149434050,1987-03-18
C003888,Larry Chase,shawn54@example.net,2355897295,1984-10-06
C003889,Mrs. Annette Stone,nguyenalex@example.net,2934662972,1975-07-15
C003890,Robert Moran,shawn63@example.com,5002309729,1965-12-10
C003891,Jamie Armstrong,nicholemurphy@example.org,0620943410,1961-06-16
C003892,Christina Harmon,sanchezpaul@example.org,9886849666,1957-12-02
C003893,Desiree Hunt,gail91@example.org,1904360569,1964-05-20
C003894,Meredith Hale,jonathan69@example.com,2110670990,1978-10-26
C003895,Raymond Tyler,grimesclifford@example.net,1040446463,1966-04-26
C003896,Joseph Johnson,dodsonjessica@example.net,9057358054,1990-02-22
C003897,Michelle Bullock,cglass@example.org,9215390050,1957-10-30
C003898,Tammy David,schroederlisa@example.net,3303937581,2002-12-09
C003899,Alexander Richards,justin57@example.org,3410290616,1959-12-19
C003900,Tiffany Lewis,brownvictor@example.com,9670258912,2002-09-17
C003901,Richard Sanders,floydjill@example.net,1686318552,1983-06-22
C003902,Kimberly Bishop,morrisjoyce@example.org,6691153405,1976-06-28
C003903,Veronica Mack,lstanley@example.com,6869900782,1979-08-07
C003904,Phillip Crawford,cnelson@example.com,0383410311,1951-07-08
C003905,Shari Brown,alexandermcdaniel@example.com,9082456094,1983-09-12
C003906,Veronica Hernandez,jamesmack@example.org,4035713384,1958-10-31
C003907,Benjamin Hogan,tkent@example.com,3515496066,1993-05-05
C003908,Brandon Nelson,jessica68@example.org,8549751579,1978-08-14
C003909,Crystal Henderson,zfields@example.org,3017982109,1972-01-22
C003910,Dana Moran,haydencook@example.net,8345116106,1984-09-12
C003911,Jose Cantu,frederickhernandez@example.org,5883499605,1995-03-22
C003912,Stacy Thomas,emaldonado@example.net,8851586940,1987-12-04
C003913,Kelsey Marsh,reidamanda@example.com,6154580618,1982-05-25
C003914,Mrs. Andrea Lopez,fishermichael@example.com,3647259856,1956-03-09
C003915,Beverly Lester,jared54@example.org,3019426736,1957-08-03
C003916,Heather Davis,deborah08@example.org,5310025904,2005-06-15
C003917,Jessica Miller,ashleymichael@example.com,8469172847,1998-05-15
C003918,Lindsay Burns,christopher87@example.net,3330655976,1958-04-22
C003919,Charles Wolfe,rhondamora@example.com,1770012808,1974-01-16
C003920,Kevin Payne,jeffreydominguez@example.org,8354052564,1981-07-11
C003921,Eric Clark,nataliesmith@example.net,0915727506,1993-09-28
C003922,Stephanie Grimes,markreed@example.net,5312358484,1961-02-02
C003923,Dominic Hill,kjoseph@example.org,2457972731,1968-09-25
C003924,Marvin Johnson,elizabethwalker@example.net,7438572903,1999-01-29
C003925,Barbara Colon,ronald73@example.net,7610727787,1973-06-16
C003926,Earl Johnson,wwalton@example.org,0211925058,1983-12-23
C003927,Austin Carrillo,joshuasantos@example.com,2674693443,1962-03-10
C003928,Ronnie Clayton,alanchambers@example.org,2044840004,1988-03-12
C003929,Robert Lopez,vincenthardy@example.net,8172724334,1970-05-14
C003930,Scott Patel,justin76@example.org,5599484827,1997-03-11
C003931,Juan Hamilton,stephanie30@example.org,1062359169,1975-07-08
C003932,Deborah Farrell,mary64@example.net,6656602076,1963-03-23
C003933,Cynthia Brown MD,stevenperez@example.net,7949418442,1956-02-15
C003934,Courtney Michael,thomas54@example.net,1587449150,1990-04-09
C003935,Andrea Stephens,eileen89@example.com,8116550891,2000-06-06
C003936,Larry Wilson,steven80@example.org,8690802678,1986-05-21
C003937,Robert Waters,kylewaters@example.com,9784752281,1989-09-18
C003938,Ruben Evans,joditaylor@example.net,2043016042,1972-03-26
C003939,Margaret Doyle,terricase@example.com,8585760505,1975-11-27
C003940,Kaitlyn Dawson,lisaleonard@example.org,9405484652,2002-07-28
C003941,Heather Williams DDS,brentcruz@example.net,0542602442,1990-07-16
C003942,Stephen Campbell,cmoore@example.com,6848507013,1999-07-22
C003943,Evan Johnson,veronica05@example.com,0620802011,1966-03-20
C003944,Katrina Noble,sbarker@example.net,0225092011,1960-07-09
C003945,James Burns,tracyanderson@example.com,2592797604,1972-11-03
C003946,Melissa Lewis,sparksalex@example.net,9525400351,1958-03-06
C003947,Eugene Cruz,anne78@example.net,9269116164,1965-02-19
C003948,Cathy Jordan,palmerderek@example.com,6824584851,1996-05-03
C003949,Jeremiah Morris,mark40@example.com,1683314214,1979-09-17
C003950,Sharon Moore,mcintoshmartin@example.com,2741243205,2005-02-13
C003951,Karen Larsen,deborah66@example.org,6763485285,1952-09-15
C003952,Michael Davis,anthonyperez@example.org,9685596521,1985-08-28
C003953,Alice Jackson,grimesluke@example.net,9030641670,1999-09-24
C003954,Todd Chang,hoganwilliam@example.org,0107725021,1989-03-12
C003955,Amy Jordan,boyerjoseph@example.net,9135394118,1973-10-01
C003956,Trevor Lee,marshallryan@example.org,6311596955,1969-03-12
C003957,Krista Rush,rhonda76@example.org,1625316402,2000-09-09
C003958,Thomas Cortez,jennifer74@example.org,9860377905,1989-10-06
C003959,Bradley Fields,trevorstein@example.org,7887287826,2003-12-23
C003960,Patrick Cantu,monica83@example.com,2539671832,1993-04-24
C003961,Benjamin Rogers,jacob39@example.net,1591051850,1964-02-23
C003962,Jordan Garcia,grantwilliam@example.org,0003889113,2004-04-04
C003963,James Lee,zhill@example.org,6907280793,1977-11-19
C003964,Aaron Riley,moorechristopher@example.org,9804460079,1991-12-04
C003965,Gary Schwartz,briantucker@example.org,4997805501,1990-08-11
C003966,Steven Sims,ytucker@example.com,2107535354,1950-12-17
C003967,Tanya Mendoza,amanda91@example.org,6424914859,1975-11-27
C003968,Jared Pena,jonathan73@example.net,0161279242,1992-08-05
C003969,Frank Bruce,imartinez@example.net,3217114675,1956-02-17
C003970,Amy Kelly,cameronjoshua@example.net,2767991824,1972-02-14
C003971,Courtney King,williamsmark@example.org,8429796764,1960-05-01
C003972,Daniel Martinez,michaelbryan@example.org,7414055162,1999-11-13
C003973,Benjamin Martinez,rchapman@example.net,1746487820,2004-07-08
C003974,Brittany Brown,thomas46@example.com,7153037631,2000-03-26
C003975,Tonya Ellis,daleatkins@example.org,8272596734,1957-10-31
C003976,Robert Carter,mcphersonronald@example.com,5609157541,1994-08-14
C003977,Dean Hernandez,jerrytaylor@example.net,0978862235,1979-11-26
C003978,Steven Moore,flivingston@example.net,3259896099,1960-11-28
C003979,James Hunter,kevinallen@example.net,1940945177,1984-05-06
C003980,Peter Meyers,ashley50@example.com,6236076826,1984-01-04
C003981,Jonathan Higgins,ashley46@example.com,1572489566,1998-07-10
C003982,Terry Kerr,nparks@example.org,0046660522,1969-11-11
C003983,Mr. Stanley Rivera,fosterjenna@example.net,9170669354,1971-02-21
C003984,Sharon Buchanan,sweeneyjoseph@example.org,5581673833,1998-08-29
C003985,Ebony Short,luisjefferson@example.org,7703619328,1950-11-04
C003986,Jeffery Pham,qbailey@example.org,4379797525,1960-01-14
C003987,Rodney Flowers,perryjoseph@example.net,9826349459,1982-01-16
C003988,Richard Beltran,anna04@example.net,1141010898,1982-05-06
C003989,Heather Williamson,shannon37@example.org,6669598183,1989-07-28
C003990,Oscar Mccarthy,karengarrett@example.com,0751497674,1990-02-25
C003991,David Davis,buckleyjohn@example.org,0478825566,1986-12-27
C003992,Olivia Evans,angelasantiago@example.net,7406470887,1993-07-05
C003993,Jason Johnson,stephaniepatrick@example.com,8794320500,1989-09-02
C003994,George Patterson,cervantestracy@example.com,4223360694,1996-04-22
C003995,Jessica Watts,ericgarcia@example.com,9959617088,1959-10-28
C003996,Kristin Taylor,cassandra09@example.com,2547246330,2000-10-04
C003997,Dominique Smith,james89@example.com,6664705471,1987-05-10
C003998,Michael Becker,ruizjeffrey@example.net,2878527244,1958-09-24
C003999,Jacob Page,hmiller@example.org,2131723613,1973-09-06
C004000,Brian Cook,sara87@example.com,0334670577,1952-02-28
C004001,Amy Thompson,bmunoz@example.org,9484618028,1958-05-18
C004002,Pamela Lee,gmathews@example.org,1851753097,1989-01-10
C004003,Jennifer Massey,kelleybrian@example.com,2925069832,1984-10-03
C004004,Miss Sarah Richmond,fwilkerson@example.com,8704115166,1975-07-29
C004005,Patricia Nichols,sheltontammy@example.com,8807889907,1964-04-07
C004006,Justin Young,sarahthompson@example.net,1021523484,1966-09-09
C004007,Stanley Martin,cbarajas@example.com,8506419773,1989-03-30
C004008,John Barrera,belinda87@example.org,7844576763,1977-08-07
C004009,Brian Bishop,christinamccormick@example.org,3947800050,1998-07-19
C004010,Mary Clark,russell80@example.org,9997348290,1975-04-10
C004011,Cameron Ortiz MD,howardedwin@example.com,2237091442,1975-04-01
C004012,Stephanie Davis,msmith@example.com,9133077262,1973-08-11
C004013,Timothy Howard,peggybenson@example.org,8580257699,1981-10-18
C004014,Vincent Moore,blakeamanda@example.com,4172885518,1990-07-14
C004015,Sarah Reed,michael38@example.net,2146111055,1966-05-22
C004016,Cathy Sloan,kristinagarcia@example.org,2628989365,2001-06-03
C004017,Donald Holt,onovak@example.com,6197399641,1978-10-11
C004018,Karen Maynard,bonnie20@example.org,2586637021,1982-07-10
C004019,Austin Stein,dbutler@example.org,3823379713,1983-02-20
C004020,Anita Baxter,dustinwillis@example.org,3637627420,1955-07-14
C004021,Marcus Rangel,makayla16@example.net,4796882489,1953-04-08
C004022,William Green,felicia74@example.org,2031475488,1993-10-13
C004023,David Allen,nbowers@example.com,1834499856,1982-10-06
C004024,Zachary Chandler,gabriella55@example.com,5923389251,1974-11-04
C004025,Robin Johnson,curtiscervantes@example.org,8503413590,1966-03-13
C004026,Brandon Moore,laura86@example.org,7008781329,1982-05-09
C004027,Paula Macias,sylviagibbs@example.net,0582734599,1958-03-07
C004028,Lauren Ferguson,emilykelley@example.net,4550316307,1998-12-15
C004029,Kimberly Gibson,charles25@example.org,6984828241,1991-02-18
C004030,Anna Lucas,spencecourtney@example.com,3918075764,1951-11-01
C004031,Scott Pham,antonioweeks@example.com,3289310498,1995-10-31
C004032,Andrew Horne,qtaylor@example.org,6159282249,1989-02-14
C004033,James Alexander,fburke@example.com,5413308151,1961-09-24
C004034,Timothy Cook,rodriguezlauren@example.com,4249415613,1953-04-27
C004035,Alan Lee,urogers@example.net,1911294904,1976-05-09
C004036,Sean Jennings,jgomez@example.net,3381745498,1983-04-19
C004037,John Hayes,mtran@example.org,8673372656,1982-08-01
C004038,Amy Edwards,wparsons@example.net,5178273350,1962-04-07
C004039,Chad Jensen,jeffreyhuff@example.org,4282344290,1961-11-05
C004040,Cynthia Moore,jason00@example.com,3248444405,1960-08-01
C004041,Kimberly Brown,jonathan80@example.org,7252944930,1969-11-11
C004042,Curtis Houston,pamelabailey@example.net,8233201861,1998-07-14
C004043,Zachary Brown,ellisscott@example.net,1384704022,1994-03-08
C004044,Samuel Brown,williammartin@example.net,5363157370,1964-02-11
C004045,Carl Kaufman,hammondjason@example.com,6359999067,1973-10-08
C004046,Jim Rivera,hamiltonsusan@example.org,9652211986,2001-09-15
C004047,Darryl Miller,moorecorey@example.net,8606253613,1956-05-26
C004048,Kelly Clayton,dcombs@example.org,0909332076,1969-02-08
C004049,Larry Jordan,angelahart@example.net,6915820910,1965-03-14
C004050,Garrett Herrera,sarahhall@example.com,9979315893,1980-02-10
C004051,Gabrielle Sullivan,amber73@example.net,5744338723,1970-02-03
C004052,Veronica Ray,millerjennifer@example.net,2113759648,1960-09-18
C004053,Lawrence Owens,jamescampbell@example.net,8269549001,1953-01-02
C004054,Brandon Lindsey,paulachen@example.com,3302973995,1951-08-29
C004055,Eric Bartlett II,kimberlyhall@example.net,9068400515,2004-10-18
C004056,Robert Rowland,charlenetorres@example.net,0133034228,1965-08-22
C004057,Kristen Francis,jeffrey56@example.com,9484645569,1998-06-10
C004058,Gregory Stewart,walshtimothy@example.org,7975643273,1963-12-22
C004059,Jamie Ramirez,geraldholland@example.org,2170437965,1992-09-11
C004060,Joel Anderson,banksshannon@example.net,9782769817,1964-05-02
C004061,Nathan Stokes,wanda75@example.net,7778425108,1960-07-31
C004062,Karen Wallace,duncannatalie@example.com,7753162797,1995-01-01
C004063,Misty Bell,kristen03@example.org,6247536668,1989-06-29
C004064,Brian Roberts,logan51@example.org,5595839821,1993-01-14
C004065,Margaret Parker,janicekelly@example.com,2308554436,1991-01-08
C004066,William Mccormick,slane@example.net,6883849169,1966-02-03
C004067,Jennifer Haynes,patriciavang@example.com,6335186264,1980-06-26
C004068,Thomas Page,ymarsh@example.com,7720023193,1988-01-29
C004069,Brandon Saunders,leslie16@example.org,4400903722,1954-02-06
C004070,Eric Brown,asnow@example.net,5808230067,1971-04-20
C004071,Jenna Riley,sarah56@example.com,2608175970,1997-02-06
C004072,Sara Stout,tgreene@example.net,5158488825,1950-12-29
C004073,Nicole Keller,stephaniemartin@example.net,1416895065,2002-12-11
C004074,Gerald Murphy,annebaker@example.org,6771902336,1966-05-03
C004075,Kerry Casey,ojohnson@example.net,7205291775,2003-11-29
C004076,Brianna Bryant,olawrence@example.net,3112409860,1966-05-15
C004077,Kristy Snyder,darren85@example.org,6423164219,1979-01-08
C004078,Angela Smith,kflores@example.net,0786381240,1977-10-18
C004079,Kristen Vaughn,william75@example.org,0614035195,1961-02-19
C004080,Ebony Tyler,david83@example.com,1145064533,1950-10-10
C004081,Brittany Hill,perezsuzanne@example.net,9864684808,1978-06-14
C004082,Elizabeth Castillo,douglasgutierrez@example.org,5995511406,1987-09-23
C004083,Abigail Wells,steven19@example.net,2011162820,1951-08-27
C004084,Kirk Silva,pearsonjillian@example.net,0970492210,1969-10-26
C004085,Kyle Reid,kbenson@example.com,7078835994,1995-05-16
C004086,Thomas Wolfe,mathewsandrew@example.com,5099070194,1996-01-09
C004087,Elizabeth Miller,nicolegreen@example.com,3612403601,1993-06-22
C004088,Kyle Garcia,rwilliams@example.com,2635688795,1963-01-18
C004089,Anthony Morales,colemannicole@example.com,8323878250,1990-08-14
C004090,Amber Allison,collinsrichard@example.org,3816060326,1952-12-12
C004091,Tony Levy,robert89@example.com,7347072462,1968-06-16
C004092,Joseph Simmons DDS,melissarogers@example.net,0672823608,1990-05-06
C004093,Leslie Wheeler,ptaylor@example.net,7028748928,1963-08-27
C004094,William Pham,nliu@example.net,2306553351,2004-05-30
C004095,Sandra Weaver,vhenry@example.net,7143951617,1976-05-23
C004096,David Cole,maryperez@example.net,6143456486,1972-03-19
C004097,Jaime Castillo,jacquelinesanford@example.org,1604629070,1973-11-16
C004098,Brenda Stewart,richardrichardson@example.org,7013632493,1955-11-30
C004099,Kevin Todd,calderonbrenda@example.org,0461617132,1982-03-07
C004100,Katherine Miller,paul06@example.net,6613121298,2004-11-01
C004101,Sarah Young,harmonchristopher@example.net,4611926339,1979-02-26
C004102,Sue Reed,edwardperez@example.org,9463481869,1953-05-07
C004103,Tara Miller,wgregory@example.net,4908899212,1994-11-11
C004104,Melissa Robinson,mmontoya@example.net,5675696542,1988-06-13
C004105,Brittany Cole,adrian44@example.com,6701629988,1988-06-01
C004106,Andrea Haney,alexandra49@example.org,4168605257,1992-08-15
C004107,Tiffany Morgan,blakeclark@example.net,4490091542,1989-03-03
C004108,Michael Davenport,jasonmays@example.org,4874534010,2005-06-11
C004109,Bridget Day,isims@example.org,6674649325,1993-07-20
C004110,Virginia Webb,troymcintosh@example.org,2398587980,2005-01-02
C004111,Derek Hart,tiffany03@example.com,8673040009,1975-01-07
C004112,Jessica Gonzalez,cassandrawhite@example.net,6128844142,1974-05-24
C004113,Christopher Arnold,tmorrison@example.net,7578735944,1979-04-16
C004114,Jacqueline Hall,xparker@example.com,0665273596,1962-07-27
C004115,Amber Williams,mcclainjasmine@example.net,6671563075,1986-10-12
C004116,Marcus Mcdonald,jjames@example.org,0273137265,2004-12-18
C004117,Julie Lane,robin34@example.net,2119906436,1971-12-27
C004118,Dawn Gibson,mmitchell@example.org,5031827369,2001-02-15
C004119,Jeffrey Chang,bmiller@example.net,6947938028,2001-01-26
C004120,Kimberly Marquez,emily78@example.com,3004512979,1982-04-07
C004121,Anna Jones,cmayer@example.org,1073552784,2000-12-17
C004122,Amy Wood,emilywolfe@example.org,9877894156,1980-11-10
C004123,Kelly Hunter,steven25@example.net,7233461789,1997-02-11
C004124,Michael Moore,toddhamilton@example.org,8947471799,1956-06-20
C004125,Kimberly Maynard,jwebster@example.org,6987168551,1978-02-15
C004126,Julie Miller,lauracalderon@example.org,9043612915,1983-09-16
C004127,Dr. Gina Shelton,heidi91@example.org,8981791159,1991-10-26
C004128,Natalie Roberts,anthonycristina@example.com,1671239889,1968-08-27
C004129,Kathleen Myers,mhunt@example.com,4372436752,1993-04-29
C004130,Ashlee Beck DDS,vlee@example.net,1308524719,1967-03-03
C004131,Patrick Wilkerson,icole@example.org,1634578483,1965-01-01
C004132,Jack Martinez,jacobbartlett@example.com,9783701247,1970-06-13
C004133,Katrina Holland,jeffreymiller@example.net,9744527696,1953-12-13
C004134,Christina Graham,shanedaniels@example.org,3066712378,1960-12-03
C004135,Sandra Gonzalez,kathleenpatterson@example.net,5482739548,1967-10-05
C004136,Joseph Alvarez,johnsonjody@example.org,8292459094,1957-02-10
C004137,Michelle Bennett,melissaho@example.com,5888582124,1974-01-12
C004138,Alex Ortega,christine09@example.net,3133125680,1984-10-23
C004139,Kathryn Young,barbara45@example.net,7017278539,1995-04-20
C004140,Melissa Jimenez,qadams@example.net,8640181012,1999-12-06
C004141,Natasha Miller,pbradley@example.org,6902051093,1963-04-22
C004142,Henry Castro,henry02@example.net,3528338828,1957-10-17
C004143,Karen Hughes,jessicamoore@example.org,9886000004,1988-12-06
C004144,Michelle Dillon,schneiderbrian@example.com,2335701916,1975-02-26
C004145,Sherry Brown,sarah15@example.org,0127401296,1960-01-17
C004146,Miguel Stewart,fgutierrez@example.net,2478221325,1959-11-07
C004147,Michael Willis,monicasmith@example.net,3661211237,1984-09-12
C004148,Ruben Williams,kathleenhanson@example.org,8747441240,1956-11-02
C004149,Tony Mckay,johnbailey@example.net,1582702452,1968-05-03
C004150,Douglas Pham,georgejones@example.net,7011723963,1962-08-13
C004151,Melissa Benson,ellisryan@example.org,8556712301,1997-01-13
C004152,Whitney Hernandez MD,valeriewall@example.com,2673958948,2004-07-21
C004153,Michael Jenkins,martinezrobert@example.org,9683282331,1998-01-18
C004154,Edward Garza,jasonwarner@example.com,8175579587,1966-06-08
C004155,Jamie Todd,jcurtis@example.net,0756638623,1976-06-02
C004156,Scott Williams,sheaashley@example.com,4956603562,1969-01-11
C004157,Frank Castillo,olsonjustin@example.com,2951467470,1961-03-11
C004158,Jennifer Lowe,harveybilly@example.com,4462416749,1975-06-21
C004159,Heather Mueller,annewilliams@example.com,1821181485,2004-11-09
C004160,Kevin Wright,andrew08@example.net,4792229783,1988-12-04
C004161,Kenneth Frazier,jessicagoodwin@example.net,8553277770,1956-05-20
C004162,Anna Nichols,sthomas@example.com,6590534975,1965-01-05
C004163,Brian Leonard,matthew54@example.com,2321791401,1972-12-25
C004164,Michelle Jones,jimenezsharon@example.net,2720294554,1963-08-19
C004165,Dennis Adams,sarahscott@example.net,5723089612,1962-06-03
C004166,Hannah Carrillo MD,thomaswright@example.org,8238925658,1969-06-05
C004167,Christina Mccarthy,alisonhill@example.net,5943735918,1999-07-12
C004168,Patricia Chapman,travis62@example.com,8724886359,1950-10-17
C004169,Laura Hebert,trevorortega@example.net,6143269953,1978-07-07
C004170,Melinda Carter,morrisonsusan@example.net,2295470348,1987-06-16
C004171,Laurie Lopez,christina92@example.net,1744945986,2004-04-30
C004172,Ashley Rodriguez,djones@example.org,0102927182,1959-03-23
C004173,Deborah Goodman,andrew75@example.org,6122471411,1990-03-13
C004174,Lorraine Norris,matthew67@example.com,4611776969,2005-05-18
C004175,Justin Walsh,hannahlynch@example.com,9527367413,1958-05-12
C004176,Mrs. Natalie Taylor,james37@example.org,0713659106,1950-10-10
C004177,Debbie Levine,joshua10@example.com,3595510725,1973-04-26
C004178,Michael Morrison,suzanneparker@example.com,2898992428,1951-03-26
C004179,Yvette Dawson,laura17@example.com,6599387888,1994-08-25
C004180,Brenda Wilson,yreyes@example.org,1850814635,1995-03-06
C004181,John Jones,johngarza@example.org,9811862438,1951-09-21
C004182,Michelle Griffith,nrogers@example.org,6655751842,1999-04-24
C004183,Alexis Sullivan,wallen@example.net,2581602237,1971-08-03
C004184,Anthony Cox,rachel95@example.org,2498679422,1968-09-07
C004185,Stephanie Floyd DDS,nicole13@example.org,7329729140,1974-03-03
C004186,Bryan Lara,stephaniemorris@example.org,6654079137,1985-03-27
C004187,Richard Frye,michellecurtis@example.net,3566257832,1993-06-10
C004188,Robert Long,eric13@example.org,0573719402,1970-03-24
C004189,Dr. Jon Wilson,brownronnie@example.net,0828219272,1962-11-09
C004190,Sarah Thompson,danielleclayton@example.com,7330229308,1973-07-28
C004191,William Miller,costajody@example.com,1649420278,2002-01-16
C004192,Erik Herrera,victoria17@example.org,8215567192,1963-06-18
C004193,Elizabeth Torres,pbrown@example.com,4396189078,1968-06-05
C004194,Justin Greer,gailbanks@example.com,6995191320,1961-04-06
C004195,Katherine Moody,zachary48@example.org,6423369390,1965-04-06
C004196,Alexander Castro,harveyderrick@example.com,7821056733,1999-12-14
C004197,Hunter Stevenson,coopermary@example.org,3535650267,1976-11-16
C004198,Ernest Castillo,adam49@example.net,7110837908,2001-08-08
C004199,Austin Wolf,ddiaz@example.org,6488001253,1953-04-19
C004200,Sean Rodriguez,jennifer96@example.org,0402451719,1965-07-18
C004201,Spencer Goodman,murphynicole@example.net,0105282275,1972-05-08
C004202,Samantha Caldwell,robert44@example.net,6322503246,1997-09-30
C004203,Mark Rodgers,jasminemartinez@example.com,7114187347,1999-02-22
C004204,Ernest Murray,jeremy20@example.org,1114230818,1971-08-07
C004205,Amy Rios,jenniferross@example.org,7890236739,2002-12-30
C004206,Lisa Cummings,bharmon@example.org,4538832219,1990-02-16
C004207,Brianna Jones,john35@example.net,1818102105,1961-03-11
C004208,Carmen Neal,justin97@example.net,5936654552,1967-08-05
C004209,Emily Riley,lori86@example.org,8718329506,1987-12-06
C004210,Lauren Collins,gregory76@example.org,2427434184,1953-12-16
C004211,Rebecca Hunt,amy39@example.net,8318592493,1972-10-10
C004212,Richard Cole,andrewhall@example.com,6190806342,1983-11-11
C004213,Christopher White,iperry@example.net,8248918245,1991-11-19
C004214,Christian Duffy,susanmarquez@example.net,9528070771,1962-05-24
C004215,Kimberly Barker,dylanstevens@example.net,5625591654,1973-11-23
C004216,Julia Brown,mperez@example.org,1281101801,2000-06-22
C004217,Alexis Lee,rtaylor@example.org,4048902177,1975-05-08
C004218,Karen Chase,thomasrios@example.org,1722837519,1969-12-04
C004219,Raymond Scott,carla93@example.net,8726196971,2002-07-22
C004220,Gregg Clements PhD,millerkelly@example.com,2974949791,1998-07-14
C004221,Robert White,zjordan@example.net,0901573045,2005-02-08
C004222,David Clark,eedwards@example.com,7665420986,1990-10-18
C004223,Amy Johnson,danielpalmer@example.org,4210209016,1974-02-17
C004224,Brandon Perez,alexandrahunt@example.org,0685889381,1964-12-24
C004225,Clinton Nelson,lopezerica@example.com,2538369779,2002-11-26
C004226,Mary Chung,garmstrong@example.net,5174914559,1991-10-03
C004227,Adam Weaver,davisbrittany@example.org,6137753424,2000-11-23
C004228,Rebecca Wright,jferguson@example.com,3311459392,1960-10-23
C004229,Christina Diaz,adam35@example.org,0984145483,1954-12-05
C004230,Jay Park,thomasdavid@example.org,0766739049,1980-05-19
C004231,Cory Ponce,durhamaaron@example.com,0258366824,1962-09-30
C004232,Crystal Mitchell,eoconnell@example.org,4953876798,2000-12-23
C004233,David Warner,joshua56@example.org,0793762241,1971-04-28
C004234,Monique Rowe,leonardsnyder@example.net,3733502067,1987-05-23
C004235,Jesse Garcia,xharper@example.com,7149838648,2003-11-19
C004236,Tiffany Becker,xmccarthy@example.org,2946576024,1997-08-09
C004237,Vincent Martin,fwang@example.com,4017489090,1971-09-09
C004238,Justin Norris,samanthamartin@example.org,7146703128,1997-03-03
C004239,Charles Ramirez,kquinn@example.com,8438632221,1997-06-12
C004240,Gary Cross,adamsmackenzie@example.net,1264288797,1953-12-29
C004241,Jose Glenn,dmarshall@example.org,8618147622,1960-06-20
C004242,Jody Miller,david65@example.org,0677395447,2002-09-09
C004243,Sonia York,eric71@example.net,5168770018,1985-11-09
C004244,Todd Riddle,walkerrichard@example.net,1156405873,1975-01-19
C004245,Timothy Haney,hbradshaw@example.net,7314309020,1997-12-15
C004246,Larry Anderson,qmcguire@example.org,3887240024,1988-05-18
C004247,Amanda Deleon,garciakrystal@example.org,8137972417,1951-02-14
C004248,Tina Koch,anita51@example.org,0211334078,1995-11-28
C004249,Theresa Wright,medwards@example.com,5535597879,1979-12-14
C004250,Kelly Kim,george74@example.net,2441753967,1961-07-15
C004251,Brenda Wilson,thomasrobin@example.org,8107902475,1978-10-19
C004252,Matthew Johnson,bakerrebecca@example.com,5014823479,1998-04-22
C004253,Gary Neal,justin17@example.org,7836760696,1987-01-09
C004254,Rebecca Deleon,dallen@example.net,5390054316,1992-08-30
C004255,Justin Martin,johnnyheath@example.net,6606406462,1954-02-14
C004256,Jennifer Black,harrisdale@example.com,8780776775,2002-01-10
C004257,Madison Thomas,vdixon@example.org,4893988611,1964-08-22
C004258,Dustin Nguyen,moralesvictoria@example.org,5808178697,1972-09-01
C004259,Joy Walker,coxkelsey@example.org,5358399525,1987-01-05
C004260,Shari Hamilton,foxkimberly@example.org,3316659373,1952-06-29
C004261,Kelly Smith,vazquezmatthew@example.net,3019244189,1952-12-08
C004262,Christopher Phillips,baileywendy@example.net,5152854895,1986-12-20
C004263,Marcus Fry,mschultz@example.org,1386861183,2000-02-27
C004264,Brianna Henry,thomasemma@example.org,2408274619,1984-09-19
C004265,Daniel Wells,lawsonarthur@example.org,2991390410,1971-11-19
C004266,Douglas Hess,dharris@example.net,6461915853,1966-07-03
C004267,Robin King,chrisavery@example.net,5236219036,1979-03-16
C004268,Edward Martinez,ryanmartin@example.net,2376345962,1968-12-29
C004269,Sheri Clark,jacquelinebeck@example.org,7480766609,1993-05-26
C004270,Natasha Fuller,danagarrett@example.com,9517642493,1974-11-13
C004271,Steven Gardner,abarnes@example.org,9482706908,1988-05-11
C004272,Julia Meadows,william02@example.org,0646028836,1956-10-25
C004273,Nathaniel Reed,scottchristine@example.net,8696750446,1987-01-22
C004274,Tony Raymond DDS,hermanjacob@example.org,3980998895,1984-04-22
C004275,Thomas Hanson,robertswendy@example.net,1058378498,1971-10-05
C004276,Elizabeth Ward,nwong@example.org,5077884399,1976-03-25
C004277,Donna Dennis,markwilliams@example.org,5287905973,1957-08-15
C004278,Ashley Patel,sancheznathan@example.com,1003169962,1983-11-25
C004279,Steven Morales,greendavid@example.com,2942928406,1962-09-08
C004280,Wanda Martin,shannon99@example.net,1973571882,1966-08-15
C004281,Christina Kramer,lynnmichael@example.org,5487897087,1966-09-01
C004282,Manuel Byrd,riddlejay@example.com,1082321115,1968-08-17
C004283,Tonya Becker,olucas@example.org,1635557884,2003-01-28
C004284,Monica Bryant,price@example.com,6716344779,2004-10-24
C004285,Peter Berry,tara53@example.org,5370747131,1964-04-19
C004286,Sarah Miller,aliciacarrillo@example.net,9307504757,1978-09-23
C004287,Sara Baker,simpsonpatricia@example.org,1595931857,1971-06-18
C004288,Jennifer King,jschmidt@example.net,4397621089,1972-06-21
C004289,Norman Page,bradleyramsey@example.com,3951904771,2002-12-28
C004290,Ian Hendrix,lthompson@example.org,4151340174,1966-02-18
C004291,Jessica Jones,tina41@example.net,0816487739,1964-08-15
C004292,Kenneth Mcmillan,rcabrera@example.com,4657173771,1972-02-07
C004293,Kelly Hall,zsmith@example.net,9209382963,1994-06-02
C004294,Sarah Shaw,vsmith@example.org,1244641616,1962-04-29
C004295,Katie Todd,woodschristopher@example.net,4542289743,1973-09-17
C004296,Anne Lester,uwilson@example.org,0838921662,1961-03-18
C004297,Terry Gonzalez,atran@example.com,1062175626,1976-08-20
C004298,Colleen Duran,hernandezmelissa@example.net,6773798890,1965-11-28
C004299,Kayla Ramirez,david96@example.net,3221249543,1998-12-25
C004300,Geoffrey Fisher,joshua80@example.com,5895277834,1952-05-22
C004301,Dustin Hamilton,williepark@example.org,2668086631,1979-03-18
C004302,Jessica Gibson,kfaulkner@example.net,3566094469,1957-05-20
C004303,Amber Scott,jdean@example.com,5789761682,1975-11-19
C004304,Mary Grant,mosesrachel@example.org,0871768215,1992-05-26
C004305,Alejandro Jackson,eperez@example.org,1136317762,1987-12-22
C004306,Ricky Brandt,susan70@example.net,0145065804,1986-02-23
C004307,Virginia Stewart,nicolaskim@example.com,1557099190,1982-11-30
C004308,Mark Murray,sandratran@example.org,4009563944,2002-01-06
C004309,Brandon Snyder,melissa51@example.net,6175963136,1995-02-21
C004310,Tracy Little,dgray@example.org,2727514214,1977-09-04
C004311,Vincent Vargas,wmaldonado@example.org,8620766942,1986-03-10
C004312,Anna Stephens,steven57@example.net,2180816360,1951-06-29
C004313,Steven Henderson,qwilliams@example.com,9997570618,1999-08-30
C004314,Robin Thompson,jason78@example.net,5814108826,1985-06-11
C004315,Terry Henderson,wallaceemily@example.org,4804873405,1981-01-17
C004316,Samantha Gibson,melissaliu@example.com,4315208258,1992-08-18
C004317,Brandon Barnes,amandahuffman@example.com,7966410012,1988-06-07
C004318,Teresa Brown,efuller@example.org,7089053779,1969-03-11
C004319,Jennifer Howard,kyle40@example.com,9776897990,1955-02-18
C004320,Kristin Lane,smithcorey@example.com,9354198932,1998-06-28
C004321,Jessica Morris,leslie36@example.com,6437715789,1989-12-30
C004322,Ryan Woods,handerson@example.com,9314487947,1998-02-05
C004323,John Gray,peggy90@example.net,5228039098,1960-04-15
C004324,Sydney Thomas,sarah47@example.net,2449778726,1973-12-28
C004325,Holly Mclaughlin,doughertyhaley@example.net,3044342464,1972-03-26
C004326,Dwayne Williams,rebecca33@example.org,4378262594,1953-05-26
C004327,Lori Bender,christophermunoz@example.com,7676024401,1987-05-08
C004328,Emily Barajas,blackburnpatricia@example.org,7887844150,1962-11-26
C004329,Kristin Ellison,esparzathomas@example.net,2986755422,2000-12-15
C004330,Paul Dunlap,norrischristopher@example.org,5525893942,1962-04-27
C004331,Theresa Carter,craigmariah@example.org,3951167374,1963-02-26
C004332,Mariah Williams,riverakimberly@example.com,3899347584,1962-09-18
C004333,John Osborne,jamesdavid@example.net,9227515895,1950-12-09
C004334,Michael Madden,dominguezevan@example.com,3710999641,1954-05-14
C004335,Joshua Jennings,carlsonbryan@example.org,9197426941,1975-07-24
C004336,Robert Pena,hsmith@example.org,1317187180,1997-06-29
C004337,Michael Cole,danielphelps@example.org,2871718560,2005-07-15
C004338,Mandy Mcmillan,diazshelley@example.org,0107355831,1969-05-23
C004339,Robert Larson,gutierrezbrittany@example.org,9636508829,1956-06-30
C004340,Alexa Pratt,carpenterdaniel@example.com,6508562455,1958-07-27
C004341,Melanie Gilbert MD,randy85@example.org,7972754581,2005-05-24
C004342,William Gross,michael99@example.org,4662167855,1960-08-20
C004343,John Mosley,chavezjason@example.net,2964082184,1951-02-08
C004344,Amanda Nelson,carla96@example.org,8871879882,2002-11-21
C004345,Nathan Clarke,william05@example.net,5581479122,1990-10-05
C004346,Jorge Winters,forbesmichael@example.net,9028910411,1983-03-08
C004347,Mary Jackson,erikamichael@example.com,0409337326,1992-02-29
C004348,Jeremy White,amandawood@example.net,6654862026,1985-04-17
C004349,Alexandria May,andrea91@example.com,8416511639,1973-08-03
C004350,Timothy Perez,phicks@example.net,7704251995,1989-01-24
C004351,Scott Bullock,ssalazar@example.com,4145187365,1966-11-25
C004352,Susan Carter,alexanderbarrera@example.org,4820246338,1974-05-04
C004353,Mark Fleming,jesse94@example.org,7371784587,1954-09-02
C004354,Tony Murphy,james11@example.com,7896105360,1994-12-08
C004355,Lauren Cunningham,williamsontanner@example.org,3315999887,1966-11-17
C004356,Andrea Morrison,katiegray@example.net,0116064166,1959-05-24
C004357,Tracey Burns,zmcconnell@example.org,9792183160,1974-02-03
C004358,David Miller,btran@example.org,8477267950,1971-02-25
C004359,Traci Schneider,jamesflores@example.com,9748876970,1985-08-12
C004360,Eric Bowers,jacksonjeffrey@example.com,2402418798,2005-07-28
C004361,Brittany Johns,bgrant@example.com,4916968015,1990-10-22
C004362,Walter Reid,veronica25@example.net,6405179589,1972-11-30
C004363,Holly Howard,campbellpeter@example.org,5917766400,1957-08-07
C004364,Michele Hernandez,laurie72@example.net,8597121578,1964-12-11
C004365,James Williams,tvelasquez@example.com,9421692177,1994-02-23
C004366,Thomas Murphy DVM,antoniorhodes@example.com,7789444517,1980-08-31
C004367,Mitchell Tucker,lisajones@example.com,3013134874,1964-06-29
C004368,Summer Summers,dustin14@example.org,0104880744,1969-04-02
C004369,Susan Henderson,owaller@example.net,2825099424,1958-04-28
C004370,Teresa Wilkerson,scotttammy@example.org,4063886984,1963-02-01
C004371,James Solis,brodriguez@example.org,4406005325,1973-12-24
C004372,Dr. Valerie Snyder,charlesbutler@example.net,5773978341,1970-11-24
C004373,Ebony Woods,adriangarcia@example.org,5296573873,1986-02-10
C004374,Raymond Moore,gomezjonathan@example.com,7846662713,2004-12-04
C004375,Robert White,john33@example.net,8503752335,1953-12-09
C004376,Amanda James,austin93@example.org,4365915327,1992-03-22
C004377,Jose Gillespie,debra37@example.org,8551313843,1972-07-16
C004378,Michael Parrish,michael75@example.org,9759989001,1955-11-09
C004379,Sarah Cox,sarah93@example.net,8210791087,1957-09-10
C004380,Kathryn Rogers,joshuawelch@example.org,2830093063,1953-08-17
C004381,Anthony Moore,qdeleon@example.org,7827710501,1993-06-19
C004382,Ann Miller,tararomero@example.org,3462264240,1974-10-24
C004383,Heidi Garcia,teresa38@example.org,3670762809,1969-09-14
C004384,Samuel Parker,alec47@example.com,0027578986,1952-01-03
C004385,Victor Hamilton,martinezsandra@example.net,8966536763,1987-10-23
C004386,Beverly Sherman,mary31@example.net,9131338607,1999-04-18
C004387,Virginia Walter,erikmata@example.org,4463963926,1969-12-29
C004388,Dr. James Faulkner,whitekeith@example.org,9844967948,1991-08-08
C004389,Kathleen Adkins,kathryn56@example.com,0988908155,2000-01-16
C004390,Cindy Griffith,debra26@example.com,8595514957,1954-09-23
C004391,Andrew Hays,iwilliams@example.com,1697781976,1957-07-14
C004392,Brittney Clarke,paige60@example.com,2065157202,1971-06-11
C004393,Daniel Hernandez,brittanyprice@example.net,6905362566,2003-03-18
C004394,Tammy Brown,mendozakristi@example.com,1176439960,1957-11-18
C004395,Michael Ward,emccormick@example.org,2588713228,1960-03-11
C004396,Sherri Johnson,randall41@example.net,9430504483,1960-12-18
C004397,Rebecca Johnson,rsharp@example.com,9704157429,1963-08-24
C004398,William Flowers,ashleybrady@example.org,7393707348,1960-10-07
C004399,Victoria Santos,fowlerjennifer@example.net,4993757927,1973-04-17
C004400,Bill Long,brian34@example.com,6611771623,1975-10-08
C004401,Summer Armstrong,lewismiranda@example.org,7257522625,1985-06-15
C004402,Stephen Levy,ashleyjohnson@example.org,7968514508,1965-11-22
C004403,Timothy Roberts,dhamilton@example.net,1563143770,1994-12-24
C004404,Mrs. Alexis Turner,richard58@example.com,1101799207,1985-08-09
C004405,Nicholas Hernandez,obrooks@example.org,6573294601,1983-12-26
C004406,Gloria Cisneros,ohaynes@example.org,8947269707,1997-07-04
C004407,Daisy Rios,amandamiller@example.com,5078388655,1951-06-06
C004408,Daniel Murphy,pmccarthy@example.com,2897533968,2002-03-16
C004409,Christopher Arroyo,lcraig@example.net,9976997146,1955-04-02
C004410,Robert Chen,tonyaford@example.com,5550834840,1992-03-25
C004411,Erika Campbell,timothy28@example.net,0926898121,1988-05-23
C004412,Felicia Roth,meganwood@example.net,5095256308,1988-10-30
C004413,Joshua Rodriguez,hnelson@example.org,0091031280,1953-03-20
C004414,Melissa Torres,karen46@example.org,6964076386,1998-11-10
C004415,Dawn Higgins,kayla70@example.com,7805407129,1977-12-14
C004416,Lacey Rodriguez,jjoseph@example.org,8873145033,2002-12-14
C004417,Caroline Marquez,katherinehernandez@example.net,2749939190,1965-01-21
C004418,Nicole Maxwell,otaylor@example.com,6779526890,1959-08-08
C004419,Robert Baker,amyaguilar@example.net,9880491981,1985-07-09
C004420,Jacqueline Wilson,xwest@example.com,4347821738,1958-08-26
C004421,Harry Davidson,danielle20@example.org,4642859525,1975-06-08
C004422,Chad Williams,robertselizabeth@example.com,3299137807,2003-01-05
C004423,Thomas Ramirez,mbarry@example.org,8845930506,1969-06-12
C004424,Mitchell Hernandez,tracy24@example.net,5987640069,1983-11-21
C004425,Ronald Ortiz,elizabeth37@example.org,4155105177,1992-06-26
C004426,Christian Nicholson,kgray@example.com,9119632362,1976-05-25
C004427,Andrew Chavez,fullerjason@example.net,6889780332,1986-05-25
C004428,Gabrielle Morales,weissmary@example.org,8030714601,1971-07-10
C004429,Carol Phillips,fullerkathryn@example.net,3031051968,1974-05-13
C004430,Melissa Wilson,ycalhoun@example.com,2631424382,2002-03-28
C004431,Gabriela Montes,john41@example.org,4097526066,1963-06-19
C004432,Courtney Thornton,deansandra@example.com,4019422852,1959-02-05
C004433,Michael Walsh,oeaton@example.org,0478277345,2004-02-23
C004434,Brianna Reynolds,christine88@example.org,1991773766,1979-07-23
C004435,Phyllis Henry,lucas44@example.org,3966086048,1975-10-28
C004436,Kristin Miller,kimberly68@example.com,6894561891,1951-01-24
C004437,Brandon Reyes,swood@example.org,1093888295,2000-04-16
C004438,Crystal Walton,qmoreno@example.net,1962231421,1992-09-25
C004439,Sophia Hill MD,aaron72@example.org,1259667956,1967-02-28
C004440,Gregory Williams,kristinrangel@example.org,9597577897,1992-04-03
C004441,Stephen Barnes,gilesjonathan@example.net,4100969004,1962-02-28
C004442,Jennifer Harrell,ortizmaria@example.org,2011745188,2005-01-14
C004443,Benjamin Rodriguez,sullivanaaron@example.org,9737061245,1981-02-09
C004444,Austin Baird,francisanderson@example.com,0980170569,1990-02-21
C004445,Robert Ingram,travis43@example.com,2004515828,1969-11-01
C004446,Jonathon Wood,oharvey@example.com,3027891174,1973-03-01
C004447,Amy Johnson,benjamin83@example.com,7682541321,1993-05-03
C004448,Ryan Jones,james93@example.net,7847650547,1983-03-19
C004449,George Miller,icastillo@example.org,2784237405,2005-03-28
C004450,John Delgado,ericspencer@example.com,3814200287,2004-04-02
C004451,John Rogers,bethhernandez@example.net,2932674520,1964-06-23
C004452,Kari Wheeler,griffindenise@example.org,6012403603,1996-10-24
C004453,Brian Pope,sklein@example.net,9875528109,1960-04-22
C004454,Kayla Morales,nathan31@example.org,5862685038,1991-10-16
C004455,Savannah James,rodriguezchristian@example.net,2900042199,1969-01-13
C004456,Patrick Henry,danielrichardson@example.net,1420621402,1991-02-18
C004457,Kimberly Wright,grace17@example.org,5223128415,1995-11-17
C004458,Michael Pacheco,stacyward@example.org,2547595762,1976-04-17
C004459,Kimberly Fisher,boydstephen@example.org,8170262458,1991-02-27
C004460,Courtney Reynolds,janderson@example.org,6108622659,1970-10-11
C004461,Jennifer Kim,lbarrett@example.com,5933841962,1951-07-28
C004462,Nancy Sims,nathan38@example.net,6975384736,1974-04-02
C004463,Jessica Brown,cristianmendoza@example.org,8650487087,1984-04-27
C004464,Alexandra Kim PhD,ohill@example.net,4056020187,1953-08-12
C004465,Erin Grant,bowmanmegan@example.net,5380534650,1973-05-20
C004466,Scott Clark,sriddle@example.org,8854234898,1999-01-22
C004467,Kathryn Murphy MD,mburton@example.net,5477460110,2002-06-12
C004468,Tara Brown,hendersonlisa@example.net,5875146002,1993-03-29
C004469,Tiffany Skinner,bernard44@example.net,9540177495,1951-07-27
C004470,William Martinez,jenniferstewart@example.net,3551264008,1969-04-21
C004471,Heather Hanson,dzuniga@example.com,6430673875,1995-06-09
C004472,Ronnie Roy,kathryndavis@example.com,7745584891,1987-11-18
C004473,Mr. Michael Vasquez,jacobjones@example.net,4315097071,1957-11-05
C004474,Richard Mitchell,michaelcarr@example.net,1830386289,2002-09-20
C004475,Lindsey Hall,melissa07@example.net,6931324191,1992-07-11
C004476,Laurie Davis,jasonlyons@example.com,3421055891,1959-06-09
C004477,Steven Liu,brianjennings@example.org,0344184404,1966-08-16
C004478,Stacey Howard,susan05@example.net,5864452646,1984-07-06
C004479,Christine Burnett,nancyrodriguez@example.org,2884483575,1961-11-29
C004480,Yvette Smith,williamsernest@example.com,3332961930,1988-05-15
C004481,Jasmine Carter,melindanavarro@example.net,0817441170,1981-01-14
C004482,Michelle Weaver DVM,richard62@example.net,9978835843,1952-04-26
C004483,Amy Jordan,carolmunoz@example.org,1271981098,1980-03-07
C004484,Elizabeth Clayton,ronaldtaylor@example.com,0406325295,1972-04-20
C004485,Christopher Sharp,richardsonkelly@example.net,8185012083,1951-09-07
C004486,Jennifer Lee,david36@example.org,7619730141,1957-05-19
C004487,Megan Wheeler,estradarobert@example.net,8649079618,1992-12-08
C004488,Robyn Butler,jeffstanley@example.org,6331393373,1963-05-15
C004489,Deborah Patel,nathanconway@example.com,8531241759,1989-12-02
C004490,Kristina Hurst,sfowler@example.com,0014913370,2002-07-19
C004491,Mrs. Sharon Petersen,morgansteven@example.com,5743551364,1961-12-30
C004492,Janet Howell,kara29@example.net,7243470149,1957-08-06
C004493,Rachel Martin,fjensen@example.com,8906690463,1957-06-17
C004494,Nicholas Bentley,ncantu@example.com,1576067001,1954-11-21
C004495,Craig Burch,bentleyalexis@example.net,5334365947,1952-03-13
C004496,Catherine Young,mary56@example.com,1468574945,1959-02-06
C004497,Emma Hahn,michellehayden@example.net,7809227355,2003-04-21
C004498,Timothy Robertson,ahernandez@example.net,7468639840,1982-09-30
C004499,Jaime Robinson,elizabethgentry@example.com,3607377150,1983-10-23
C004500,Paula Nielsen,candice02@example.net,7338304047,1994-11-02
C004501,Brittany Russell,ambergonzalez@example.net,3575744582,1979-06-06
C004502,Rick White,sarah93@example.com,3039519468,1962-05-20
C004503,David Bell,sancheznatalie@example.net,4336658193,1997-07-23
C004504,Steve White,colemanlarry@example.com,7884347585,1977-03-24
C004505,Amy Edwards,lynn28@example.net,6159654391,1985-05-03
C004506,Jason Wong,cweeks@example.org,2655999331,1950-11-17
C004507,Richard Kelly,sandraharrell@example.net,5166523431,1967-06-18
C004508,Jordan Lester,barneskelly@example.net,6243143560,1973-10-29
C004509,Jessica Gomez,karen12@example.net,9493055340,1955-06-20
C004510,Joseph Arias,davislucas@example.com,3951574606,1978-10-03
C004511,Cody Hamilton,james07@example.net,2995521572,1987-07-28
C004512,Tracy Mccoy,sophia59@example.com,1389288875,1988-09-06
C004513,Justin Gallagher,kerri69@example.org,2835287675,1992-03-27
C004514,Jacqueline Drake,david14@example.com,8519907651,1965-06-16
C004515,Andrew Romero,bfox@example.com,8449641135,2003-08-12
C004516,Mr. Matthew Carlson,christophermoore@example.org,4507624864,1995-05-24
C004517,Gregory Frazier,corey77@example.com,4021970206,1987-06-21
C004518,Eric Conrad,flee@example.com,1386741714,1964-07-17
C004519,Rachel Jones,mathew68@example.com,8616248438,2001-05-31
C004520,Andrew Klein,justin81@example.net,8123867397,2000-04-06
C004521,Mindy Rios,robertsbrandi@example.org,3263125177,1952-07-08
C004522,Shari Beck,barbarawoodard@example.net,0854240128,1964-10-26
C004523,Chase Bridges,zachary70@example.com,7024452098,1956-08-15
C004524,Stacy Phillips,curtisgina@example.org,1685052935,1958-09-06
C004525,Courtney Buchanan,ricewilliam@example.org,7465448063,1981-07-20
C004526,David Johnson,whitesarah@example.net,2601880381,1985-08-08
C004527,Susan Smith,kellycalderon@example.net,4944111649,1951-08-03
C004528,Lauren Wyatt,greenejennifer@example.net,5459000807,1969-10-21
C004529,Shawn Hill,donald81@example.com,8390909071,1956-12-25
C004530,Nicholas Robertson,walkerjohn@example.org,8091191488,1991-08-14
C004531,Hannah Nash,sjones@example.net,5682106908,1964-08-07
C004532,Virginia Clark,mary66@example.org,5467953837,1964-03-22
C004533,Kara Johnson,seth37@example.com,2885529800,2000-11-14
C004534,Charles Carey,scottelizabeth@example.com,1105596728,1955-02-16
C004535,Taylor Cox,xbowers@example.net,3216239265,1956-01-02
C004536,Colton Brown,qmckenzie@example.org,4950479476,1968-02-26
C004537,Melissa Washington,sarah85@example.org,6625287169,1974-03-27
C004538,Deanna Hawkins,vcowan@example.com,6113845130,1961-12-25
C004539,Cynthia Harris,manderson@example.com,2505752149,2003-10-18
C004540,Matthew Simmons,omcdonald@example.com,0760694202,1954-12-28
C004541,Jackie Martinez,tonyahill@example.com,9798474018,2004-02-24
C004542,Teresa Smith,choirachael@example.org,5614949236,1986-02-21
C004543,Mr. Thomas Mcdonald,walkerjason@example.net,1702729355,1982-01-03
C004544,Katie Sanders,kathleen24@example.net,9912061559,1961-03-29
C004545,Nicholas Owens,vanessa23@example.com,5515192754,1986-06-17
C004546,Hector Dunlap,joshuahernandez@example.com,4191116880,1983-09-09
C004547,Hayden Jackson,nelsonjohn@example.com,6204714890,1962-09-04
C004548,Jesus Diaz,jimmy30@example.com,6604523692,1990-05-28
C004549,Scott Watson,michaelmcguire@example.org,8946830537,2002-10-12
C004550,Sara Henderson,jacobstammie@example.com,4665935238,1951-12-04
C004551,Christopher Martin,hgilmore@example.org,3573739325,1961-10-20
C004552,Matthew Davis,ehuang@example.net,3105371809,1962-06-30
C004553,Victoria Sandoval,fbeasley@example.com,1284794331,1972-02-04
C004554,Michael Oconnor,jill74@example.org,7878300575,1978-03-30
C004555,Kayla James,catherine28@example.net,6810630072,1975-09-26
C004556,Gregory Sharp,melissa38@example.org,8108864294,2002-05-22
C004557,Kenneth Good,jonathan41@example.org,5877698796,1968-09-06
C004558,Lisa Harris,isabella76@example.org,1770772309,1954-09-25
C004559,Tyler Johnson,gomezbeverly@example.com,3143059616,1970-09-15
C004560,Danielle Davis,tiffanymccarthy@example.org,0081982228,1975-04-21
C004561,Alexis Sullivan,paul24@example.com,9723961242,1993-10-24
C004562,David Sanders,mwilliams@example.net,4524905413,1957-08-07
C004563,Jacob Farrell,jerry45@example.net,9281515473,1956-12-06
C004564,Christina Gray,elizabethallen@example.com,1280543913,1956-09-21
C004565,Philip Gibbs,osborncristian@example.org,5478364374,1993-06-18
C004566,Robert Sandoval,gmclean@example.net,8635912470,1959-10-24
C004567,Robert Johnson,mitchellchristine@example.org,9214171019,1994-04-18
C004568,Christian Nelson,perryglenn@example.com,3320026839,1954-05-30
C004569,Derrick Cook,smithshelly@example.com,1506475661,1982-01-27
C004570,John Foster,shawn40@example.net,6184061485,1955-08-15
C004571,Tracy Leblanc,richard50@example.org,0772615684,1954-02-24
C004572,Suzanne Sullivan,kathleen38@example.net,4863018844,1958-04-05
C004573,Kristina Walker,kimberlycunningham@example.com,1303529472,1975-08-10
C004574,Jaime Griffin,tracijackson@example.com,2331132773,1951-05-18
C004575,Thomas Gibson,michael20@example.com,9884554273,1980-08-09
C004576,David Soto,huntercharles@example.net,2815957267,1958-03-20
C004577,Kirsten Marshall,petersonchristopher@example.org,9728824635,2003-08-23
C004578,Anthony Hawkins,wilsonamanda@example.net,6889851551,1965-08-02
C004579,Peter Jones,cannonpaula@example.org,4041535481,2005-09-09
C004580,Richard Mack,brianguerra@example.com,0935744181,1963-01-13
C004581,Grace Walsh,tsingh@example.com,5804657211,1995-10-24
C004582,Kimberly Harris,cindy90@example.org,6511699860,1984-12-25
C004583,William Perez,brookscassandra@example.com,2508580426,1998-09-03
C004584,Justin Fitzgerald,vanessa74@example.com,5976924658,1990-08-11
C004585,Jason Jones,briansmith@example.net,4371003153,2001-10-02
C004586,Stephanie Johnson,sullivankristen@example.com,1586904513,1954-08-16
C004587,Dana Gibson,justinguerrero@example.org,3701267707,1958-10-20
C004588,Stephanie White,christopherhill@example.com,0401807949,1969-07-13
C004589,Manuel Walker,katie95@example.net,6513960131,1994-01-30
C004590,Mr. Samuel Faulkner,steven71@example.org,4639484184,1952-09-09
C004591,Emily Thomas,adam46@example.net,7353686669,1993-01-17
C004592,Todd Petty,wwise@example.net,1072483516,1993-06-10
C004593,Johnny Cook,wrichardson@example.com,9467385221,1952-06-29
C004594,Nicole Weiss,mcdonaldcaroline@example.org,4570024629,1977-12-19
C004595,Heather Jones,stephen59@example.net,8776126853,1985-03-02
C004596,Amanda Hall,bserrano@example.com,6051713644,1997-11-02
C004597,Robert Morrison,christopher46@example.org,5595692318,1967-04-09
C004598,James Johnson,colton83@example.com,3918486061,2005-08-22
C004599,Jose Collins,bridgetwaller@example.org,0891409646,1986-05-12
C004600,Whitney Daniels,smorris@example.net,0714174715,1971-06-30
C004601,Sherri Ross,steve36@example.com,1761470279,1991-01-23
C004602,Mary Hughes MD,yjackson@example.com,4653461924,1990-10-05
C004603,Christopher Shaw,michael48@example.org,2673129340,1999-12-24
C004604,David Schultz,jlara@example.net,7140620963,1957-01-20
C004605,Kyle Cole,john66@example.net,0986780001,1976-08-16
C004606,Louis Thompson,richardsdiamond@example.net,1540562695,1963-09-24
C004607,Daniel Livingston DVM,teresa76@example.net,9415863195,1989-06-16
C004608,Michael Brown Jr.,josephhodges@example.org,9428727651,1973-12-10
C004609,Amanda Smith,sdouglas@example.org,0652677676,1961-08-26
C004610,Alyssa Gregory,jennifer10@example.net,2864792317,1982-03-30
C004611,Ryan Holmes,kevinscott@example.org,6426439694,1968-09-27
C004612,Benjamin Miller,kirbyjennifer@example.net,1955146230,1974-05-19
C004613,Julian Baird,earlmcdonald@example.com,2685307440,2005-04-20
C004614,David Scott,khudson@example.com,6645029971,1978-01-05
C004615,David Sawyer,johncook@example.net,8807196314,1967-09-13
C004616,James Cruz,starkmarissa@example.org,3908159732,1986-10-12
C004617,Bradley Vargas,sarah96@example.net,5729987260,1997-05-12
C004618,Alisha Carlson,ihodge@example.net,1329097137,1984-03-26
C004619,Emily Black,john84@example.net,2779134509,1969-10-07
C004620,James Gray,robert79@example.com,8576786340,1960-07-02
C004621,Tammy Bishop,twilliams@example.net,8322735947,2002-01-29
C004622,David Rowland,rodriguezbailey@example.net,6479907370,2001-05-16
C004623,Hannah Orr,bradynatalie@example.net,9655904216,1969-04-22
C004624,Gregory Crawford,millssteven@example.net,8836164569,2004-08-30
C004625,Andrea Miller,april82@example.com,7810830007,2004-11-07
C004626,Sabrina Jackson,cmorales@example.net,6264433278,1956-09-02
C004627,Philip Anderson,jcarney@example.com,7302360316,1983-08-28
C004628,Jacob Daugherty,krobinson@example.net,0517718887,2003-05-13
C004629,Cassandra Martinez,jonesbrian@example.net,3191975683,1968-05-16
C004630,Gregory Dorsey,nwiggins@example.com,5472230308,1951-10-28
C004631,Kristen Johnson,gwashington@example.org,0347233122,1988-01-22
C004632,Alexandra Hoffman,dherman@example.org,4480773834,1985-07-31
C004633,Emily Sullivan,jasmine83@example.net,5052686676,1972-10-19
C004634,Adam Cisneros,anthonymcdonald@example.org,6392494840,1952-04-27
C004635,Colin Stanley,jnelson@example.com,8517756565,1994-06-27
C004636,Beth Miller,sarah63@example.com,5245795170,1978-08-15
C004637,Matthew Gray,pbailey@example.org,6642651976,1975-05-18
C004638,David Edwards,kristin70@example.com,7876634283,1977-06-25
C004639,Mary Allen,vmartin@example.net,7119182060,2000-09-26
C004640,Paula Kirk,stacypearson@example.org,1348265512,1952-09-25
C004641,Sheila Romero,mayrebecca@example.com,4639709035,2003-02-10
C004642,Linda Rivera,marshalledward@example.org,8329769113,1981-07-26
C004643,Gregory Spencer,samantha27@example.net,8164537661,1967-06-28
C004644,Vernon Burns,michaelnichols@example.org,6714227541,1999-02-27
C004645,Jason Cook,dustin66@example.com,2494434854,1992-08-26
C004646,Jessica Smith,sgordon@example.net,8939242811,1988-02-18
C004647,Michelle Gardner,williamchavez@example.com,3135035743,1961-06-24
C004648,Marie Hinton DVM,grice@example.com,0407419888,1952-07-15
C004649,Nathan Harris,rcarter@example.org,0349467027,1966-12-16
C004650,Andrew Hansen,amandacarter@example.net,0690355641,1994-03-22
C004651,Jessica Wilson,sherricastro@example.net,3263101388,1954-03-15
C004652,Nicole Bennett,jjackson@example.org,9122667555,1961-08-28
C004653,Natalie Morris,upowers@example.org,6893918521,1982-11-07
C004654,Kenneth Payne,angelalarsen@example.org,8547289594,2004-03-25
C004655,Greg Zavala,nicholas97@example.net,4818902901,2005-08-10
C004656,Victoria Johnson,ashleytran@example.net,1810070573,1956-06-06
C004657,Mary Shaw,cgarcia@example.net,1984322032,1964-05-30
C004658,Barbara Snyder,jennazimmerman@example.com,1151366513,1953-04-27
C004659,Robin Perez,stephanie46@example.org,8476124062,1991-06-18
C004660,Erin Coffey,larsentodd@example.com,9320828418,1985-02-12
C004661,Kimberly Wade,zmartinez@example.com,4368128117,1978-11-03
C004662,Paul Miller,jwhite@example.net,1234299264,1972-05-09
C004663,Anthony Sanchez,flynnmatthew@example.com,3095597714,1978-11-30
C004664,Jeremy Morris,salinasbrian@example.com,4462741397,2001-03-10
C004665,Crystal Klein,caitlin57@example.com,0724863113,1992-06-29
C004666,Chelsea Smith,jordanthomas@example.org,5064036840,1994-03-03
C004667,Michael Lopez,martinezbenjamin@example.org,4272516096,1961-08-24
C004668,Garrett Bailey,laurenkim@example.net,8057181878,1956-06-10
C004669,Jenna Lopez,jasonlee@example.org,1423544324,1953-02-05
C004670,Curtis Hamilton,susanreyes@example.net,7086502136,1967-04-18
C004671,Stanley Briggs,oconnorthomas@example.net,7448998816,1977-02-05
C004672,Scott Carter,xwhite@example.net,4118556576,1995-01-24
C004673,Kelly Green,jacobsnicholas@example.net,5456335252,1961-10-11
C004674,Charlotte Palmer,vaughnsarah@example.net,2506680360,1989-12-28
C004675,Susan Perez,timothybeck@example.org,4290004766,1959-03-08
C004676,Stephanie Gordon,zpittman@example.org,9095233631,1991-09-08
C004677,Todd Cox,jasminebrooks@example.com,9675776164,1993-09-30
C004678,Margaret Wilson,smithkatie@example.com,1823586363,1961-10-23
C004679,Mason Thornton,turnerashley@example.com,6664570269,1989-10-03
C004680,Andrew Baker,toddclark@example.com,5635384762,1997-02-04
C004681,Brittany Cohen,ddelgado@example.org,5796699435,1961-02-24
C004682,Ashley Perez,steven59@example.com,4967787371,1997-08-26
C004683,Anthony Yang,etaylor@example.com,7113569471,1964-02-14
C004684,Anthony Harmon,davidking@example.org,4900683262,1965-12-10
C004685,Connie Aguilar,brodriguez@example.net,8306563353,1999-12-03
C004686,Matthew Taylor,chase86@example.com,2364030675,1998-07-17
C004687,Tyler Elliott,urivera@example.com,9047663905,2001-08-15
C004688,Tom Long,brooke43@example.com,0757766130,1990-03-21
C004689,Kevin Cruz,ylee@example.net,2247893069,1995-01-21
C004690,Paul Carter,zacharymoore@example.net,8294380024,1999-07-25
C004691,Christine Kline,henry85@example.net,8013264473,2001-04-09
C004692,Steven Pena,xsoto@example.org,2855279936,1983-06-07
C004693,Mary Brewer,mccoybrian@example.net,7487041877,1971-04-14
C004694,Jonathan Mills,lcooper@example.com,3814359733,2004-05-22
C004695,Rebecca King,jessica79@example.org,8530922665,1973-12-28
C004696,Kathy Dyer,justin93@example.org,5791805337,1995-06-21
C004697,Nicholas Diaz,kristywong@example.com,0056141048,1962-02-16
C004698,Jeffrey Cohen,rmosley@example.net,2896308121,1990-02-26
C004699,Lori Webb,lindsayfuller@example.org,7273014085,1993-10-23
C004700,Bradley Powell,fmorgan@example.net,1027798853,1985-08-30
C004701,Melinda Palmer,castillojessica@example.net,6796120795,1956-11-19
C004702,Caitlin Nelson,leonardkenneth@example.net,9017403972,1993-02-10
C004703,Anna Roman,jay00@example.com,9236579891,1962-06-26
C004704,David Benjamin,ronaldbrown@example.org,7254014861,1973-09-08
C004705,Rachel Johnson,robertjordan@example.com,1353899096,1966-09-12
C004706,Jeanette Price,hoscott@example.com,6118740749,1970-07-15
C004707,Christina Johnson,kellyclaudia@example.com,6435070192,1975-04-26
C004708,Andrew Stone,mmiller@example.org,5049398050,1994-04-03
C004709,Erica Wilson,brianbrandt@example.com,6533656436,1956-08-24
C004710,Mrs. Diane Rosales MD,kennethbenson@example.org,4156880728,1950-11-27
C004711,Joshua Williamson MD,blackwellpamela@example.net,1051193145,1952-08-24
C004712,Kathy Anderson,lawrencehoward@example.net,0298071956,1957-01-07
C004713,Tara Thornton,uthomas@example.net,3666188009,1985-06-04
C004714,Sara Watson,dustin22@example.org,5631440456,1975-10-31
C004715,Jeffrey James,robertsjenny@example.net,7106976755,1981-09-19
C004716,Roy Martin,samantha93@example.org,6451186598,1956-02-25
C004717,Mary Wells,mary66@example.net,3030356221,1951-01-20
C004718,Travis Craig,amanda60@example.net,2133057151,1977-11-29
C004719,Steven Richardson,maryferguson@example.org,5468238573,1965-11-05
C004720,Shaun Johnson,schroedergeorge@example.com,6650937300,1981-03-02
C004721,Andrea Burns,alexismcintyre@example.org,2831110397,1988-04-18
C004722,Nicole Odonnell,shaynes@example.com,7130720610,2005-04-26
C004723,Margaret Mcguire,pricejoshua@example.net,1230681258,1969-06-21
C004724,Angela Brown,matthewburns@example.com,2260614245,1994-07-11
C004725,Patrick Dixon,bryangolden@example.net,2873330773,1956-04-17
C004726,Mr. Robert Phillips Jr.,gomeztanya@example.net,1212428359,1971-10-21
C004727,Alexandria Mcbride,shannonbrandon@example.org,7691235791,1954-10-05
C004728,Steven Dawson,paula90@example.com,0709867951,1964-01-23
C004729,Wanda Brooks DDS,jill77@example.com,4816071721,1978-02-02
C004730,Jessica Gibson,joseph93@example.org,0648710270,1963-11-13
C004731,Janet Brock,curtis77@example.net,4940136160,1996-01-08
C004732,Robert Johnson,baldwinandrew@example.org,7025620283,1992-10-25
C004733,Daniel Wagner,brian54@example.org,1658712050,1993-10-26
C004734,Chad Miller,edwardgreene@example.com,6129631156,1995-11-02
C004735,Melissa Levy,robertmerritt@example.org,4567475026,1999-07-06
C004736,Mark Jones,kevincole@example.com,1379886744,1979-02-05
C004737,Justin Hopkins,mendozachristine@example.org,1792388834,1983-04-14
C004738,Jason Schmidt,dlynch@example.org,1087377424,1985-01-20
C004739,Kelli Olson DDS,longsamuel@example.org,5796438873,1979-09-14
C004740,Michael Ramirez,amandamack@example.org,3130400512,1961-08-28
C004741,Chelsey Leon,cathy36@example.net,0352703203,1978-12-29
C004742,Jennifer Johnston,katrinashaw@example.net,4812008954,1976-08-23
C004743,Robert Hicks,oconnortiffany@example.net,9765794105,1960-04-16
C004744,Bradley Miller DDS,nicholstracy@example.net,2385547684,1990-09-03
C004745,Amanda Walsh,rknapp@example.com,0944427407,1972-01-09
C004746,Anthony Bennett,brandonpalmer@example.net,1222038767,1970-12-20
C004747,Andrea Parker,jhines@example.org,9182451406,1960-01-19
C004748,Samuel Long,rcrawford@example.org,6785043744,1953-07-21
C004749,Deanna Walker,gherman@example.org,8705284531,1981-01-14
C004750,Kyle Bates,andrea13@example.net,9810860441,1981-08-16
C004751,Scott Medina,ramireznicholas@example.net,4533715974,1986-08-14
C004752,Dominic Martinez,vickieyang@example.com,4864022948,1970-12-31
C004753,Norman Stone,aliciaparker@example.org,3586213184,1994-06-30
C004754,Mark Mercer,elliottamanda@example.com,4173234251,2000-01-17
C004755,Marvin Barnes,stevensdebbie@example.net,2620619434,1958-09-13
C004756,Kelly Baker,fernandezjustin@example.net,2447884300,1952-07-23
C004757,Erika Murphy,jonathanfaulkner@example.net,9579786128,1994-04-04
C004758,Patrick Dalton,miguelanderson@example.com,7751666303,1965-04-26
C004759,Jessica Watts,george69@example.com,7600040839,1958-07-26
C004760,James Anderson,romerochristina@example.com,8837103558,1996-12-13
C004761,Keith Rosario IV,qcollins@example.com,5929121358,1984-09-16
C004762,Charles Dalton,ericksonteresa@example.com,0988656733,2005-01-04
C004763,Amanda Graves,rowesteven@example.net,4769389502,1984-10-25
C004764,Jennifer Friedman,peterfritz@example.com,8613476154,1963-04-21
C004765,Kayla Davis,kevinnichols@example.org,5388067722,1963-06-14
C004766,Keith Gross,cynthia23@example.org,1251283370,1989-10-27
C004767,Christopher Ramirez,nataliemurray@example.net,1663241808,1953-01-18
C004768,Nicole Charles,rebecca15@example.org,5882803124,2003-07-23
C004769,Jeremy Lawson,mitchelledward@example.net,9192933729,2004-04-03
C004770,Hannah Smith,lthomas@example.com,0476330112,1996-11-07
C004771,Michael Fowler,david78@example.net,7101273978,1969-09-07
C004772,Zachary Boyd,woodemily@example.net,9701315080,1958-12-12
C004773,Kara Jones,hcarrillo@example.org,2342322309,1962-04-22
C004774,Joshua Lara,youngjoseph@example.org,4362239827,1998-11-23
C004775,Donald Hampton,qschultz@example.org,7934629075,1979-08-29
C004776,Joseph Foley,omartinez@example.net,5393479703,1983-05-17
C004777,Debra Roberts,ryan94@example.net,6792089456,1970-10-07
C004778,George Aguirre,chenamber@example.com,1701363530,1952-03-07
C004779,Brooke Mejia,jholmes@example.org,5359482716,1974-12-09
C004780,Henry Bonilla,hgonzalez@example.net,9834134570,1966-05-23
C004781,Michael Carter,thomasmcclure@example.net,5530952761,1982-12-01
C004782,Jennifer Scott,masonlawson@example.net,4555041587,1954-12-06
C004783,Stephanie Williams,qmcdonald@example.net,4493923182,1985-01-31
C004784,James Suarez,madison89@example.com,9434747979,1954-03-28
C004785,Jessica Phillips,charlesphillips@example.net,7147270393,1979-04-28
C004786,Kristie Blevins,james62@example.org,7750637932,1993-05-30
C004787,Dawn Rodriguez,michael62@example.org,3967743414,1989-11-01
C004788,Andrea Kim,gene73@example.com,9013343694,1984-08-03
C004789,Jackson Smith,rodriguezshannon@example.net,7520034994,1989-05-17
C004790,Caitlin Carter,hawkinsjohn@example.org,7240305465,1959-05-29
C004791,Maria Dennis,ureynolds@example.org,2986327311,1980-10-04
C004792,Nicole Stone,hubbardjoshua@example.com,7697086329,1961-07-25
C004793,Lauren Martinez,pbush@example.com,7141722283,1973-02-22
C004794,Patricia Thomas,jason83@example.net,4962340216,1979-04-14
C004795,Logan Hill,cassandrapatel@example.org,8292294322,1994-09-21
C004796,Christine Barber,sstone@example.net,8020540582,1972-05-27
C004797,Dean Wilson,dbenson@example.com,3804004552,1955-04-01
C004798,Timothy Powell,rickykelley@example.org,4580969630,1972-01-09
C004799,Anthony Harris,tkeller@example.net,8913390074,1982-12-05
C004800,Barbara Macias,butlerdawn@example.net,5877663161,1978-02-03
C004801,Jacqueline Compton,cfisher@example.net,1510612520,1967-10-30
C004802,Courtney Roth,mullensherry@example.org,8851457956,1981-04-05
C004803,David Gonzales,gillwilliam@example.org,2051253220,2002-10-29
C004804,Ashley Sellers,thomaslove@example.com,2140209210,1967-11-18
C004805,Jose Lopez,louis77@example.net,4372954125,1999-04-30
C004806,Patrick Mays,caguilar@example.net,6654080043,2000-10-24
C004807,Joseph Miller,bchurch@example.com,9009058481,1963-03-11
C004808,Evan Gutierrez,pfoster@example.org,8025437316,1974-03-24
C004809,Wyatt Stevenson,jessica46@example.org,2510482801,1984-10-26
C004810,James Thompson,rebecca97@example.org,1231995662,1971-06-06
C004811,Ian Horton,ortizashley@example.net,1976588608,1991-03-13
C004812,Angela Robinson,walvarez@example.com,9416840615,1958-12-13
C004813,Blake Wiggins,jordantiffany@example.net,6006511680,1966-11-23
C004814,Stephanie Young,prichardson@example.net,6126404079,1956-09-21
C004815,Tyler Davis,jenkinsmichele@example.net,6420712113,1993-09-20
C004816,Robert Hayes,brandisosa@example.org,3487134083,2003-06-27
C004817,Brady Love,michael25@example.com,5007449142,1995-05-02
C004818,Sherri Aguilar,petersonmandy@example.org,9321544098,1982-02-19
C004819,Brian Lynch,pruittmatthew@example.com,4887106956,1985-10-01
C004820,Phillip Silva,erinkane@example.net,3177718130,1970-12-31
C004821,Jonathan Ibarra,jasonhooper@example.org,6005874994,1956-10-30
C004822,Christopher Valenzuela,clarkphillip@example.com,7419838773,1957-12-23
C004823,Kimberly Jones,collierjacob@example.com,8210626126,1989-01-06
C004824,Sara Maldonado,hernandezkristi@example.net,2498724958,1984-10-10
C004825,Adam Williams,jaredrhodes@example.com,3938503797,2002-08-07
C004826,Sylvia Hodges,qmorris@example.net,4445376006,1971-04-11
C004827,James Ritter,llowery@example.org,6137164032,1965-03-25
C004828,Christina Murray,aguirrebenjamin@example.com,1691741878,1993-04-10
C004829,Dalton Campbell,hburnett@example.org,7575314301,1988-04-07
C004830,Jonathan Rice,shaneellis@example.org,8975855122,1953-06-07
C004831,Melissa Henry,juanjarvis@example.com,8469093636,1969-08-22
C004832,Michael Ochoa,shannonhayes@example.com,1278161316,1975-06-22
C004833,Cindy Rich,marshgina@example.net,5665720071,1957-10-22
C004834,Michael Campbell,lukeknight@example.org,3348536819,1955-06-24
C004835,Samantha Kennedy,khayes@example.net,7125093700,1984-02-05
C004836,Ethan Norton,vmendoza@example.com,2840616328,1958-07-20
C004837,Jacob Hoover,mlopez@example.net,4071499189,1984-02-04
C004838,Christian Guzman,alicehernandez@example.net,4104687156,1957-01-25
C004839,Jessica Robbins,ujones@example.com,6504676550,1951-02-18
C004840,Brandi Gray,stephanie48@example.org,9290767146,1974-01-30
C004841,Terry Mann,dianajackson@example.com,5819527711,1957-12-14
C004842,Jessica Mason,johnhoward@example.org,5327592351,1959-01-04
C004843,Antonio Hammond,dballard@example.net,1453885283,1953-09-18
C004844,Alisha Richards,jeffery95@example.net,6422314490,1967-10-14
C004845,Wesley Black,jessicareeves@example.org,8196236495,1962-11-25
C004846,Ryan Green,millerjessica@example.com,2063360660,1982-06-14
C004847,Susan Acosta,joseph25@example.org,7980530816,1991-08-22
C004848,Brittany Johnson,larry98@example.org,5122063870,1993-09-02
C004849,Chelsea Fox,eharper@example.com,2574641574,1974-04-24
C004850,Bradley Love,cheryl35@example.org,1038748716,1976-10-22
C004851,Alyssa Taylor,lynnjustin@example.net,7965891497,1977-11-26
C004852,Brett Hill,michellelopez@example.net,8570847079,1989-02-10
C004853,Charles Bell,stevenreyes@example.com,3410744303,1952-06-08
C004854,Amanda Mosley,daniel86@example.net,2235960539,1958-06-08
C004855,Katherine Morris,tarawilliamson@example.net,1263426724,2005-08-30
C004856,Jordan Singleton,plandry@example.net,8929015440,1995-10-18
C004857,Michael Lindsey,lewisstephanie@example.net,6464173135,1957-09-15
C004858,Tonya Vaughn,kruiz@example.net,8111041451,1992-04-24
C004859,Richard Graham,stacy11@example.com,1908485393,1954-10-02
C004860,Timothy Miller,spearson@example.com,6553232733,1990-03-07
C004861,Christopher Serrano,jessicanixon@example.com,5282648131,1986-10-30
C004862,Tyrone Baker,bhunter@example.net,4132207108,1965-07-12
C004863,Kevin Moore,kimberly81@example.com,6192922142,1976-07-26
C004864,Melissa Barnes,owensjoe@example.com,0887834618,1969-06-30
C004865,Dylan Rhodes,kennethperez@example.com,1708387970,1963-03-03
C004866,Chloe Wilson,wkelly@example.org,6954607682,1987-09-10
C004867,Jeffrey Herring,hernandezvalerie@example.com,4464841326,2003-05-17
C004868,Mary Atkins,geraldryan@example.com,4271570163,1983-08-19
C004869,Evan Miller,elizabethruiz@example.com,1987406215,1977-06-09
C004870,Kimberly Weaver,matthew95@example.com,7175261422,2001-10-14
C004871,Sherry Henry,arthurcline@example.org,7053420263,1984-11-16
C004872,Ronald Stone DDS,chapmankenneth@example.org,1031553831,1953-07-26
C004873,Laura Williams,brandonmartin@example.org,7796443912,1967-02-10
C004874,Zoe Rich,obass@example.com,8071999319,1966-02-26
C004875,Benjamin Gregory,herringkatherine@example.net,8528691413,1983-04-24
C004876,Ray Garcia,benjaminlopez@example.org,1093878812,1971-05-28
C004877,Christina Aguilar,bethanycohen@example.org,6892975698,1972-02-12
C004878,Mallory Lucas,cassie46@example.net,3760179434,1983-11-10
C004879,Alexis Nichols,westlaura@example.net,1228683512,1987-04-09
C004880,Eric Lee,whitejane@example.com,9079396906,1975-11-08
C004881,Alice Benson,kthompson@example.net,2149261425,1981-12-30
C004882,Melissa Morgan,rdavies@example.net,6333193338,1994-12-18
C004883,Lee Griffith,xstein@example.org,0155067520,1976-12-03
C004884,Charles Torres,sflores@example.net,9065227204,1953-05-11
C004885,Austin Nielsen,matthew64@example.com,7720080508,1970-08-24
C004886,Destiny Shaw,jasonnguyen@example.net,2242849738,1987-03-07
C004887,Andre Vincent,roliver@example.net,0985499157,1955-01-31
C004888,Wanda Cuevas,pamela72@example.org,8940266765,2004-12-20
C004889,Scott Johnson,meghanbaker@example.org,5882768815,1985-02-17
C004890,Anthony Shepherd,zamorasean@example.com,8072735867,1974-11-22
C004891,Gina Boyd,vbradley@example.org,0913712837,1953-02-10
C004892,Walter Ramsey,ygallegos@example.com,5894414372,1952-01-27
C004893,Patricia Rodriguez,dennishicks@example.org,0274940606,1967-10-31
C004894,Amanda Montgomery,fespinoza@example.net,7122373922,1982-03-27
C004895,Jacqueline Barber,lauren70@example.org,6079029807,1982-06-22
C004896,Angela Johnson,krystal90@example.org,6500399156,2000-10-02
C004897,Jerry Cochran,clarkdenise@example.org,9274681620,1964-09-17
C004898,Tammy Mccarthy,wrandall@example.com,4069247112,1984-12-23
C004899,Kenneth Vasquez,lancemaynard@example.com,7631310855,1982-04-21
C004900,Katherine Reed,casey77@example.com,3165864702,1990-05-03
C004901,Andrew King,james94@example.net,8054635415,2003-11-11
C004902,Jessica Krueger,nmartin@example.net,9146968512,1963-09-06
C004903,Joseph Soto,elizabeth83@example.com,0255284003,1990-10-14
C004904,Erica Ortiz,jasondavis@example.com,7738667378,1968-10-31
C004905,Joanne Morrison,ulynn@example.org,0923267722,1998-09-08
C004906,Daniel Jackson,murrayemily@example.com,8819557744,1960-10-21
C004907,Marcus Garcia,michellejohnson@example.net,0924500496,1978-10-30
C004908,Jessica Garcia,franciscocole@example.net,0261669534,1986-03-29
C004909,James Green,johnsonchristopher@example.com,1660728986,1973-11-02
C004910,Ms. Courtney Graham,nicole16@example.com,7656738575,1953-12-06
C004911,Christopher Jones,julie91@example.net,9053904004,1970-01-24
C004912,Timothy Henderson,matthewspencer@example.org,0065868923,1988-06-07
C004913,Curtis Johnson,nrichards@example.com,9006438428,1960-05-14
C004914,Kevin Powell,pamelaweaver@example.net,0527683735,2005-03-30
C004915,Laura Campbell MD,kyle55@example.com,8533876575,1978-02-25
C004916,Deborah Kelly,anna93@example.com,0553782915,1952-08-24
C004917,Jessica Bryant,keith42@example.net,5789584295,1982-05-18
C004918,Candice Willis,georgecraig@example.org,8050833504,1978-10-27
C004919,Heather Webster,vgordon@example.org,9035937563,2002-10-04
C004920,Hayley Shelton,lindaknapp@example.net,4292778236,1977-03-13
C004921,David Anderson,george49@example.org,6848490006,2005-05-30
C004922,Tony Savage,kimsparks@example.org,5662528251,2000-07-04
C004923,Samantha Snow,jeffrey01@example.net,8440477515,2000-01-23
C004924,Jose Harrell,victoria02@example.org,7380476778,1976-10-31
C004925,Meredith Rose,brian90@example.org,3490225590,1956-06-30
C004926,Tracey Chase,jasonchen@example.net,0336798328,1988-08-02
C004927,Bianca Roth,rodriguezjulie@example.org,9328325574,1979-02-25
C004928,David Nichols,john03@example.org,7887966113,1993-07-07
C004929,Brian Williams,bschmidt@example.com,7661448906,1970-01-10
C004930,Courtney Smith,ninarobles@example.net,0571699439,1981-08-13
C004931,Kristina Todd,denise47@example.com,2187540657,2002-11-23
C004932,Gregory Gibson,briggsalexander@example.com,6180155133,1970-09-10
C004933,Miss Heather Rhodes,johncombs@example.com,4746738960,1964-02-12
C004934,James Kline,stokescristina@example.net,7122804424,2003-08-27
C004935,Nicole Drake,candacehiggins@example.net,5345756834,2004-07-08
C004936,Joseph George,nichole43@example.org,3624890001,1981-02-14
C004937,Rhonda Russell,burtonkaren@example.com,3220633995,1964-09-11
C004938,Russell Goodman,jennifer55@example.net,0145307300,1951-03-11
C004939,Jeremiah Sanchez,xmurphy@example.org,4622036999,1950-12-12
C004940,Amanda Davidson,lemichelle@example.org,2802132640,1967-05-31
C004941,Luke Hernandez,jennayu@example.net,5550786130,1979-02-06
C004942,Heather Powers,parkssergio@example.net,0990727809,1998-10-01
C004943,Raymond Roberts,barrymoreno@example.net,4696243413,1960-05-15
C004944,Tiffany Howard,veronica52@example.net,1672234028,1991-12-11
C004945,Steven Salinas,kedwards@example.com,2466896761,1981-11-22
C004946,Randall Knight,drogers@example.net,5687429129,1981-10-31
C004947,Michael Hall,hayskelsey@example.com,0017922566,1964-03-08
C004948,Rachel Baker,wramirez@example.net,6858069843,1983-04-08
C004949,Linda Black,emilyallen@example.com,1146277208,1991-09-16
C004950,Christina Madden,valeriemiller@example.com,6128164132,1970-12-14
C004951,Mackenzie Flores,khanna@example.org,2959160399,1964-08-17
C004952,Heidi Martin,victoria57@example.com,9229153461,1991-03-14
C004953,Joann Bryant,angela73@example.com,2326100270,2004-10-12
C004954,Christopher Hines,brownyvonne@example.net,0900537098,2002-01-28
C004955,Cassidy Branch,devindelgado@example.net,7461220707,1959-06-12
C004956,Franklin Owens,zacharygonzales@example.com,5663763733,1983-12-18
C004957,Diana Jones,wardjennifer@example.org,8568861555,1960-05-04
C004958,Mrs. Monica Martin,stevensrobert@example.net,8427584662,2001-08-15
C004959,Steven Kaiser,ystephens@example.org,0570810913,1991-06-13
C004960,Jennifer Lewis,darylbowman@example.com,8216420009,1960-06-14
C004961,Kimberly Flynn,zmoore@example.org,7810103530,1981-01-22
C004962,Jonathan Pugh,carolinemartinez@example.com,7990974223,1983-05-20
C004963,Mark Walker,lopezkerri@example.net,9149673310,1989-06-08
C004964,Jennifer Davis,katherine05@example.net,9195639386,1990-04-30
C004965,Samuel Mccoy,martinbrett@example.com,8211359161,1953-01-28
C004966,Frank Silva,heather29@example.org,7835016939,1984-01-05
C004967,Angel Barajas,samuelhenderson@example.net,1625626657,1957-08-14
C004968,Douglas Riggs,thomasdanielle@example.com,2101923702,1975-10-23
C004969,Kyle Walter,diazgary@example.com,1365243943,1996-07-29
C004970,Alejandro Johnson,jasmin61@example.com,3581491882,1995-04-09
C004971,Michele Washington,williamspedro@example.org,7712102074,2004-12-02
C004972,Louis Johnson,osbornedaniel@example.com,4411251738,1954-07-01
C004973,Cody Mcbride,obaird@example.net,1695235939,1976-03-15
C004974,Darin Abbott,rojasshannon@example.net,2187854270,1990-03-24
C004975,Jesse Terry,nancybradley@example.org,3316820778,1971-02-07
C004976,Patrick Myers,petersenkerry@example.org,7133974502,1973-04-27
C004977,Jacob Wells,bpeters@example.net,4391326145,1966-10-24
C004978,Steven Smith,kevinbailey@example.org,9587095263,1962-05-26
C004979,Frank Edwards,vallen@example.org,9983557087,1969-04-13
C004980,Kelly Peters,james47@example.net,1143438335,1972-12-15
C004981,Matthew Phillips,rodney87@example.org,4909552980,1989-05-22
C004982,Jack White,lbowman@example.org,7786496465,1992-12-10
C004983,Lindsey Jones,troy85@example.com,4099264369,2003-12-07
C004984,Emily Murphy,michaelritter@example.org,9540179559,2005-02-22
C004985,Corey Williams,michelle05@example.org,5963300374,1967-01-02
C004986,Angela Christian,bstevens@example.net,0201581287,1983-04-20
C004987,Cheryl Smith,yorkjessica@example.org,3632618476,1990-01-06
C004988,Kathleen Vazquez,curtiswalker@example.com,8412731063,2005-02-18
C004989,Adriana Carrillo,brianna63@example.com,0270021005,1959-03-17
C004990,Tina Bender,bpaul@example.com,6804285038,1992-01-20
C004991,Robert Jones,rflores@example.com,8352141804,1980-04-14
C004992,Tyler Hall,johnsonchristian@example.org,4705409856,1987-07-09
C004993,Jaime King,michele79@example.com,1857438662,2000-10-11
C004994,Diana Morris,gordonlisa@example.net,2438311410,2002-09-01
C004995,Michelle Jefferson,holtmaureen@example.net,6530482721,1982-05-25
C004996,Mark Miles,fernandezrenee@example.com,6492207355,2002-07-03
C004997,Tracy Willis,mary13@example.net,9894847071,1959-08-22
C004998,Herbert Le,harrisbrenda@example.com,6598457621,1996-01-21
C004999,Bryan Smith,alawrence@example.org,8734357110,1952-10-20
C005000,Anthony Harrison,elizabethwilliams@example.org,8813937299,1980-07-12
C005001,Christopher Hernandez,chasealicia@example.net,4409306948,1984-02-07
C005002,Ronald Mitchell,kellythompson@example.com,4254633072,1996-01-01
C005003,Gloria Carroll,tcruz@example.com,9561426605,1959-11-10
C005004,Christine Cortez,smithamanda@example.net,9615744342,1962-04-13
C005005,Barbara Parker,sunderwood@example.net,9820107228,1994-08-19
C005006,Joseph Rios,mpierce@example.net,3732025353,1978-11-18
C005007,Diana Thompson,ashannon@example.com,0741688113,2001-10-05
C005008,Marc Wolf,micheal38@example.net,1750095614,1985-12-14
C005009,Daniel Hill,brittney87@example.org,4439159367,1995-11-05
C005010,Jeffrey Flores,ian62@example.org,3879602041,1992-11-27
C005011,Ashley Burke,terrymargaret@example.com,3121283310,1967-08-20
C005012,Brittany Edwards,taylordanielle@example.net,9218900091,2005-01-13
C005013,Brian Chase,steelesteven@example.net,7003185132,1963-09-18
C005014,Connie Powell,michael02@example.com,6041103740,1967-03-01
C005015,Amber Fields,tmooney@example.com,3761092594,2005-03-13
C005016,Sandy Lowe,adamszachary@example.net,4157919291,1986-12-21
C005017,Brian Mccoy Jr.,williamschristina@example.com,9218043996,1968-12-18
C005018,Kenneth Scott,andrademicheal@example.org,3526024869,1958-10-23
C005019,Jon Campos,lthomas@example.net,6824197533,1995-09-03
C005020,Connie Guzman,douglas35@example.org,3365641816,1952-12-11
C005021,Andrew Dixon,fschmidt@example.org,8729242999,1991-03-03
C005022,Laura Barnes,lwalker@example.net,2511268331,2000-02-10
C005023,Benjamin Valencia,robersonrichard@example.org,4580997416,1953-09-17
C005024,Glenn Cooper,tinaaustin@example.org,0218129957,1981-04-06
C005025,Amanda Jones,choffman@example.org,6238127784,1992-06-20
C005026,Tiffany Horton,rmerritt@example.com,8561366262,2002-12-03
C005027,Kimberly Long,christophermeadows@example.net,1121785901,1970-10-13
C005028,Christopher Adams,allen99@example.org,7092650648,1960-09-17
C005029,Tyler Vazquez,travis26@example.net,8329411168,1991-12-01
C005030,Victoria Galloway,michelle51@example.com,4050922772,1986-06-14
C005031,Paula Gomez,sharonsmith@example.com,0319416444,1967-09-13
C005032,Elizabeth Turner,zsingh@example.net,5043737125,1988-02-06
C005033,Michael Harrison,lisa53@example.org,4670178813,1956-06-08
C005034,Samuel Jones,robertrodriguez@example.org,9567576912,1959-12-19
C005035,Donna Thomas,samanthacasey@example.net,1952545872,1973-02-17
C005036,Charles Vaughan,cray@example.net,5413317946,1980-01-20
C005037,Mackenzie Ortiz,coopertodd@example.org,4120474639,1967-02-22
C005038,Marie Lee,christophermckay@example.org,8080736511,1978-03-05
C005039,Deborah Harrison,benjamin48@example.org,8809790143,1981-12-29
C005040,Adam Fields,ericperez@example.org,0192988092,1981-06-21
C005041,Hunter Johnson,tammy91@example.net,5946261322,1953-03-24
C005042,Tina Hart,ethompson@example.org,0271346253,1963-01-23
C005043,Gary Thomas,kingadam@example.org,8033076950,1965-09-13
C005044,Christine Davenport,damon88@example.org,4312228819,1962-05-22
C005045,Hayley Hernandez,juanhopkins@example.net,3987715651,1970-01-31
C005046,Nicholas Hall,uruiz@example.net,1524093835,1986-04-30
C005047,Joanne Hopkins DDS,rlozano@example.net,7277041256,1978-04-02
C005048,Joseph Bullock,michaelwells@example.org,6370082512,2002-12-05
C005049,Mrs. Chelsea Coleman MD,ronaldchan@example.org,7773362342,2001-08-14
C005050,Patrick Powell,ncross@example.org,5738240793,1991-04-28
C005051,Susan Christian,teresa50@example.com,0633706791,2002-09-22
C005052,Taylor Lamb,jgonzalez@example.org,2823088035,1988-10-16
C005053,Dennis Huffman,mendezjesse@example.com,6660458945,1988-09-10
C005054,Monica Livingston,sean88@example.com,1541597054,1968-12-17
C005055,Edward Howard,johnhodge@example.com,6572625626,1974-07-28
C005056,Rhonda Keller,philip08@example.org,8578800459,1989-08-09
C005057,Kyle Foster,griffinrobert@example.com,2907658244,1964-04-07
C005058,Rachel Adams,jonathan85@example.org,7814464945,1983-10-09
C005059,Haley Christensen,huangryan@example.com,4336671288,1968-07-25
C005060,Robert Eaton,lorraine82@example.com,7946522566,1989-09-06
C005061,Christine Smith,rebecca05@example.org,2708725466,1962-06-16
C005062,Jasmine Wilson,april92@example.com,7133395975,1953-06-24
C005063,James Perkins,torreschristopher@example.com,7757409360,2002-04-20
C005064,Kevin Leonard,luismullins@example.org,6406386360,1952-12-09
C005065,Pamela Alexander,parkdavid@example.org,7761386729,1982-12-22
C005066,Heather Mosley,michael12@example.net,8550563530,1996-12-24
C005067,Edward Jones,tgonzalez@example.org,6411713938,1980-09-22
C005068,Megan Gordon,becky98@example.org,2281618233,2003-04-04
C005069,Tanner Cantrell,haynesmegan@example.net,1815775041,1995-06-05
C005070,Joseph Wilson,iguzman@example.net,9668729363,1972-12-11
C005071,Amy Douglas,debrafranco@example.org,5223892412,1980-06-20
C005072,Timothy Monroe,gbarnes@example.com,7087371161,1981-12-31
C005073,Matthew West,levinemonica@example.com,3240971628,1967-04-22
C005074,Alejandro Atkinson,chelseanelson@example.com,2608860160,1973-09-25
C005075,Sarah Larson,gardnerlaura@example.net,2098114900,1964-11-20
C005076,Robert Wilson,csimon@example.com,8182831031,2003-06-10
C005077,Marie Smith,malikolson@example.org,3157707330,2001-01-05
C005078,Lynn Taylor,wrightdaniel@example.org,1630984086,1988-04-02
C005079,Randy Beck,ronnie34@example.com,7885861893,1993-05-24
C005080,Kevin Neal,ronaldclark@example.org,9940123616,1990-07-11
C005081,Karl Craig,macktiffany@example.net,1565312341,1965-09-12
C005082,Shawna Wilkins,erika41@example.com,0771232127,1973-10-23
C005083,Rose Preston,megan87@example.net,7227701559,2002-05-12
C005084,Jessica Garcia,mossangela@example.com,7208096492,1964-04-15
C005085,Larry Andrews,kathleenwilliams@example.com,9349230679,1982-04-29
C005086,James Hancock,preston61@example.org,9262891837,1965-03-17
C005087,Lucas Hinton,elizabeth52@example.net,2416166387,1963-06-17
C005088,Karen Adams,tylerjoseph@example.org,2673344168,1975-02-23
C005089,Brianna Ward,zoe27@example.net,1320313310,1994-04-17
C005090,Crystal Cruz,salinasmaureen@example.net,1691733988,1967-07-17
C005091,Bernard Harrington,eric77@example.com,8253077601,1972-07-25
C005092,Crystal Miller,brooke06@example.org,6793236705,2000-01-13
C005093,Brian Callahan,christopher34@example.net,7282551469,1997-10-17
C005094,Tammy Allen,jenniferyates@example.com,3317253397,1973-06-16
C005095,Miss Brenda Curtis MD,amy60@example.org,0300863864,1960-12-14
C005096,Luis Baker,porterkayla@example.com,9189442069,2003-01-04
C005097,Brian Harris,heidi75@example.org,7267890442,1975-07-25
C005098,Kristina King,richardsmelissa@example.org,1718035164,1980-07-17
C005099,Colleen Austin,bondanthony@example.com,1025117353,1972-12-26
C005100,Angela Parker,anthonygates@example.com,5459504181,2005-02-15
C005101,Kimberly Owens,lanemartha@example.net,7832198009,1969-07-24
C005102,Sharon Flynn,johngrant@example.org,1327903322,1985-04-10
C005103,Tiffany Johnson,robertsmelissa@example.com,3086064277,1970-12-08
C005104,Bill Moon Jr.,arielcooper@example.net,2865590276,1969-08-21
C005105,Antonio Roberts,harrisondonald@example.net,4551881431,1985-02-13
C005106,Lisa Dominguez,simschad@example.com,0555413981,2003-02-14
C005107,Christopher Robbins,iayala@example.com,8882270734,2005-04-18
C005108,Sarah Molina,davidvelasquez@example.net,8767254491,1984-02-06
C005109,Christy Reese,michael86@example.org,7574096168,1960-01-03
C005110,Mark Campbell,joshuahansen@example.org,2510434684,1994-06-12
C005111,Matthew Smith,dennis49@example.net,1337088040,1977-08-22
C005112,Crystal Gutierrez,melissasharp@example.com,0366714820,1978-04-21
C005113,Robert Lyons,cgoodman@example.net,8134164271,1983-04-29
C005114,Mackenzie Trujillo,kelly82@example.com,9683174827,1955-08-12
C005115,Edward Stephens,patriciasmith@example.org,0789565185,2003-08-05
C005116,David Hernandez,jonathan94@example.org,0528730146,1996-11-24
C005117,Matthew Harris,andreweverett@example.org,3880222786,1960-06-11
C005118,Michael Everett,tammyyang@example.net,0265421467,1991-11-01
C005119,Charles Williamson,christygrant@example.com,6400887917,1995-05-12
C005120,Robert Brooks,villegasjames@example.org,6213099662,1982-08-23
C005121,Eric Olson,wilsonjessica@example.org,3527764264,1978-12-16
C005122,Andrea Walker,tmorgan@example.org,5736105084,1954-09-06
C005123,Daniel Davis,pmcdaniel@example.net,8512990650,1986-02-12
C005124,Kristie Martin,dgraham@example.net,6259834995,1994-01-25
C005125,Mr. Tyler Williams,diane80@example.net,7665078343,1965-05-18
C005126,Yesenia Ramirez,aaronramos@example.org,8454313742,1986-03-19
C005127,Sharon Knox,huntandrea@example.net,3832132131,1959-10-01
C005128,Julie Lopez,wcastro@example.com,8847815896,1993-11-01
C005129,Brandon Hale,robertsims@example.net,1359129231,1967-10-22
C005130,Michael Schultz,czimmerman@example.net,8232738827,1970-04-21
C005131,Matthew Gonzales,mccoystephanie@example.com,6756149048,1956-05-29
C005132,Ashley Moore,joshua54@example.org,6217488190,1975-09-07
C005133,Patricia Brown,margaret56@example.com,1638573196,1984-02-01
C005134,Brian Sutton,benjamin23@example.com,8526353256,1997-08-24
C005135,Ricardo Wilson,sarahjohnson@example.org,9134680036,1990-01-06
C005136,Charles Patterson,ryanfoster@example.net,5181933104,1973-11-15
C005137,Manuel Arellano,christopherdrake@example.net,2886149809,1969-06-22
C005138,Tammy Houston,michael49@example.net,7388025444,1991-07-26
C005139,Stephanie Webb,wmathews@example.com,6779420490,1992-12-29
C005140,Maria King,wardnathan@example.net,1971718231,1975-12-02
C005141,Belinda Kemp,tonyhopkins@example.com,2268540277,1984-03-09
C005142,Molly Miles,gortega@example.net,9892407786,1985-05-19
C005143,David Barnes,amanda95@example.com,7160890647,2004-03-27
C005144,Angela Robinson,stoutvanessa@example.com,9023075049,1959-05-14
C005145,Anthony Smith,phoward@example.com,9896432249,1970-06-10
C005146,Daniel Saunders,steven40@example.net,6392823826,1990-02-10
C005147,William White,lori50@example.com,9029659176,1961-06-02
C005148,Aaron Moore,jessicacruz@example.com,2381277584,1971-01-25
C005149,Robert Rodriguez,perezmargaret@example.net,9045464373,1986-04-01
C005150,Kathleen Charles MD,tweaver@example.com,4612446580,1984-01-10
C005151,Mario Rodriguez,sarah26@example.com,5915433974,1961-03-30
C005152,Kathryn Farrell,powellcharles@example.net,3451792968,1998-08-09
C005153,Russell Quinn,jonathon76@example.com,7728640932,1989-03-16
C005154,Sherry Pacheco,frenchdrew@example.com,1883245265,1992-10-16
C005155,Justin Patterson,tony94@example.com,9593006985,1971-07-26
C005156,Cindy Wilson,morenojoshua@example.net,3365508153,1958-11-21
C005157,Jennifer Jackson,melendezteresa@example.org,1836515623,1952-11-03
C005158,Dr. Daniel Hamilton,sophialowe@example.com,7286501885,1997-07-25
C005159,Vincent Cox,richardblankenship@example.net,8093751410,1975-12-09
C005160,Christopher Williams,phuynh@example.org,6562319399,1961-10-09
C005161,Amy Wolfe,taylorchristopher@example.org,8498214951,1973-03-20
C005162,Margaret Sexton,kbutler@example.net,9862640592,2004-08-29
C005163,Willie Travis,traciramirez@example.net,7184670727,1973-03-05
C005164,Amy Jones,hamiltonalec@example.com,6558988406,1971-10-03
C005165,Joseph Miller,caleb05@example.net,0881236245,1999-11-04
C005166,Matthew Valencia,danderson@example.org,9934472999,1955-05-07
C005167,James Baker,cmiller@example.net,2256483684,2003-07-24
C005168,Andrew Rios,barbarastrickland@example.org,5517757525,1997-08-09
C005169,Amy Hernandez,veronicafernandez@example.org,3367333912,1976-01-11
C005170,Karen Mullins,hooveraaron@example.net,1791707953,1976-09-23
C005171,Mrs. Kelly Patel,mmarshall@example.com,7505675395,2002-09-04
C005172,James Mckinney,paulaphillips@example.net,5711637039,1973-10-14
C005173,Susan Collins,jamiecoleman@example.net,8211272939,1964-03-06
C005174,Joan Williams,flemingjames@example.net,6638177817,1976-10-02
C005175,Olivia Jones,simmonsrobert@example.net,7132562928,1968-03-13
C005176,Mr. Andrew Smith,caitlyn58@example.org,8073209980,1995-09-24
C005177,Whitney Barrett,bhenderson@example.org,4056876094,1986-11-11
C005178,Jamie Bailey,rsmith@example.net,9525521427,1964-09-26
C005179,Aaron Dennis,williamscynthia@example.org,1736280532,1961-03-28
C005180,Jared Smith,crystal19@example.com,1767043913,1953-07-11
C005181,Sandra Hunter,sriley@example.net,4548792531,1984-08-03
C005182,Joan Grant,barbara86@example.com,3781141115,1960-02-18
C005183,Timothy Nguyen,chenthomas@example.net,8786895355,1954-04-28
C005184,Kyle Gill,cassandrasmith@example.org,7607836829,1994-12-12
C005185,Renee Arnold,kevinwade@example.net,6273083120,1978-02-23
C005186,Heather Wallace,davidbutler@example.org,1123634834,1955-01-23
C005187,Michele Moore,nicole33@example.com,3339029651,1954-03-22
C005188,Dave Roth,ballardkathleen@example.net,8556390334,1958-11-22
C005189,Ryan Thompson,stokesmatthew@example.com,5737952707,1968-03-26
C005190,John Sutton,crystalallen@example.net,7735846775,1972-07-11
C005191,Kelly Sheppard,rhawkins@example.net,5150589350,2005-08-20
C005192,Nicole Garcia,seth76@example.net,8454277221,1982-05-17
C005193,Christina Kennedy,travis16@example.org,4712993289,2004-10-19
C005194,Kevin Vaughn,joshuagarcia@example.com,4176841517,1994-09-06
C005195,Jasmine Moore,michael84@example.com,0167222166,1979-02-12
C005196,Melanie Garrett,samantha81@example.net,9668492705,1982-07-05
C005197,Julie Hayes DVM,anne83@example.com,5789066259,1972-07-01
C005198,Robert Scott,wagnersamuel@example.net,4174279792,1995-01-27
C005199,Shelly Gutierrez,shelbymarshall@example.com,9158147457,1988-04-21
C005200,Jerry Jones,muellerantonio@example.org,0071631311,1970-01-16
C005201,John Jones,jeffreyguerrero@example.org,2870396633,1981-11-09
C005202,Charles Gray,sierralane@example.com,1539728061,1960-05-18
C005203,Jennifer Parks,amandaestrada@example.net,2940628982,1976-11-24
C005204,Stephen Rodriguez,nbaker@example.com,5353749525,1960-12-22
C005205,Elizabeth Cohen,tuckerchristopher@example.com,3366181515,1951-08-03
C005206,Stacy White,victoria85@example.com,0019836376,1960-07-29
C005207,Holly Bell,ortizaudrey@example.org,9493823287,1985-07-30
C005208,Heather Webb,tcooper@example.net,0197881109,2000-09-20
C005209,Christina Jimenez,nhardin@example.com,2821747793,2002-09-21
C005210,Michael Willis,twilson@example.net,6671571871,1980-01-07
C005211,Ryan Palmer,toddkelley@example.com,5961902279,1958-12-14
C005212,Elizabeth Holt,danny85@example.org,6362137969,1982-11-04
C005213,Craig Edwards,michael63@example.com,4794403336,1984-02-11
C005214,Dale Gates,jacobroach@example.org,7297010338,1976-11-25
C005215,Craig Jones,paynedarius@example.net,2260819598,1952-04-02
C005216,Olivia Powell,kirwin@example.net,1349859827,1980-06-22
C005217,Michael Dunn,nicolewatts@example.net,2194611065,1981-11-19
C005218,Caroline Sanders,emurray@example.com,6589960335,1974-07-02
C005219,Phillip Beltran,garrett36@example.net,1745033571,1988-03-17
C005220,Vanessa Davis,lisa22@example.org,6159980375,1978-10-13
C005221,Matthew Clark,davisdustin@example.net,3179582522,1999-03-16
C005222,Shelly Ponce,laura02@example.com,0743464818,1955-04-06
C005223,Heather Bean,lzimmerman@example.com,8805285096,1959-06-10
C005224,Joshua Smith,kimberlysteele@example.com,3238877693,1976-07-04
C005225,Cesar Lewis,shelia17@example.org,5931649378,1954-07-31
C005226,Timothy Hess,morenobrenda@example.com,5722196938,1952-05-13
C005227,Gregory Boyd,kristinmcgee@example.org,9185846784,1958-12-22
C005228,Margaret Petty,rebeccachristian@example.com,3208159373,1956-03-11
C005229,Miranda Farrell,acampbell@example.com,6520539050,1995-06-22
C005230,Allen Moore,brandonsilva@example.net,5595121286,1951-07-23
C005231,Samantha Ward,brandonwalker@example.com,7801561641,2004-10-18
C005232,Tiffany Gonzalez,davidmoss@example.org,7810846842,1969-06-05
C005233,Patrick Smith,stephanie56@example.net,2324545419,1987-08-01
C005234,Nathan Lopez,hthomas@example.net,2848935998,2003-12-27
C005235,John Martinez,zwest@example.com,9372187735,2002-07-27
C005236,Steven Carlson,yroberts@example.net,0174096662,1985-03-16
C005237,Noah Hayes,riverajennifer@example.com,0917788600,1978-12-25
C005238,Barbara Weaver,brittney44@example.org,9238129042,1956-03-14
C005239,Joe Berger,aliciali@example.org,1281327480,1986-05-08
C005240,Michelle Benton,wparker@example.org,3576054015,1970-01-01
C005241,Linda Mathews,kimberlystone@example.net,1949563780,1967-06-23
C005242,Thomas Hoffman,kelsey73@example.org,9985147621,1955-04-20
C005243,Zachary Benjamin,adavis@example.org,9306360304,1977-01-20
C005244,Daniel Fuentes,patelgary@example.com,5790603209,2004-06-09
C005245,Kenneth Peterson,noah09@example.org,8553282286,1961-07-19
C005246,Kristen Carroll,susan69@example.com,8418436064,1968-06-27
C005247,Carlos Sanford,michaelgardner@example.com,0308300409,1991-04-24
C005248,Ronald Dean,joseph45@example.com,1905599818,1979-09-02
C005249,Robert Carter,kimberly90@example.org,2749591696,1999-06-03
C005250,Paul Evans,jenningslance@example.com,2572591300,1957-07-24
C005251,Michael Guzman,martin27@example.com,2623712751,1973-04-27
C005252,Jessica Howard,victoria63@example.com,7956151090,1997-01-04
C005253,Deanna Valencia,npope@example.org,7483776810,1960-03-23
C005254,Ann Robinson MD,amanda08@example.net,2351670925,1983-03-19
C005255,Dr. Kyle Mueller MD,pmartin@example.com,8335280987,1971-06-14
C005256,Jerry Valenzuela,cruzgregory@example.com,1242203921,1980-08-11
C005257,William Lozano,kennedypatricia@example.com,2763096500,1956-08-27
C005258,Gregory Rush,davidnelson@example.org,0612314241,1956-07-04
C005259,Jill Patton,pauljohnson@example.com,4063122555,1985-10-28
C005260,Daniel Gonzales,heatherduffy@example.org,5519497386,1982-05-04
C005261,Jeffrey Gonzalez,palvarez@example.net,5283187045,1998-10-03
C005262,Robin Carter,perezjon@example.com,3475949333,1998-07-23
C005263,Richard Hansen,donnastewart@example.com,0086764369,1978-08-01
C005264,Steven Reed,cohenalexis@example.net,1059307830,1963-05-03
C005265,Erin Bryant,kevin30@example.net,5584859231,1991-03-15
C005266,Mark White,goodmanmark@example.com,9787223589,1951-12-10
C005267,Mark Farrell,christian92@example.org,5315703390,1992-11-06
C005268,Jeffrey Osborne,narnold@example.com,4640303727,1999-11-20
C005269,Greg Austin,john06@example.net,7908405877,1990-02-19
C005270,Rachel Wilson,barrettlaura@example.org,9149168757,1996-02-18
C005271,Adam Davidson,jonathan16@example.net,4574667291,1960-11-11
C005272,Nathaniel Franklin,lorettawade@example.com,7567984750,1985-05-27
C005273,Cody Hamilton,collinkelley@example.net,2722317551,1968-11-25
C005274,Timothy Erickson DDS,kgarrison@example.net,1707096397,1962-05-12
C005275,Megan Maddox,philipross@example.org,4095026418,1983-12-28
C005276,Jane Duncan,hholden@example.com,5920642321,1987-01-09
C005277,Ashley Morales,austindeborah@example.com,0393223497,1958-03-22
C005278,Michelle King,hwilliams@example.org,2986020349,1951-08-02
C005279,Christine Morris,jmason@example.org,0231038086,1967-06-22
C005280,Kevin Perez,kaitlynchristian@example.org,2082579100,1964-02-05
C005281,Samuel Davis,raymondfrench@example.com,6248784856,2000-01-13
C005282,Lauren Davis,bstephenson@example.com,5542011738,1980-11-02
C005283,Sean Miller,johnstonwilliam@example.net,3423153061,1956-11-25
C005284,Patricia Collier,juliaguerrero@example.net,0148735446,1993-06-07
C005285,Diana Smith,curtis14@example.net,5628251540,1981-04-15
C005286,Patrick Campbell,curtis49@example.net,6746847990,1980-03-15
C005287,Doris Burke,weberwilliam@example.com,4211070288,1999-07-07
C005288,Jasmine Gonzalez,oadams@example.com,0924314818,2000-04-11
C005289,Angelica Foster,cameron41@example.org,7741440221,1993-05-09
C005290,Kevin Watts,eduardo00@example.net,9656854683,1958-01-31
C005291,Nancy Acevedo,whitenicole@example.com,7271067885,1985-09-04
C005292,James Jones,sarah22@example.org,6937745420,1987-11-15
C005293,Jason Velez,zdaniels@example.com,9134082241,1962-10-18
C005294,David Hamilton,brownjade@example.com,8502740940,1960-01-08
C005295,Paul Hughes,lauren90@example.net,5066096467,1954-09-11
C005296,Michael Snyder,melissa17@example.com,5393458914,1985-03-23
C005297,Ryan Day,alyssathompson@example.com,7874876329,1969-08-01
C005298,Rebecca Mendez,stevenray@example.org,0123435424,1984-01-08
C005299,Michael Matthews,robert46@example.net,3971311691,1993-03-24
C005300,Jeffrey Reed,gordonstephen@example.org,1085554074,1988-03-13
C005301,Benjamin Harris,pwright@example.net,1627622679,1979-08-18
C005302,Sandra Butler,tamaradavis@example.com,1043392608,1994-03-01
C005303,Kimberly Cabrera,transtephanie@example.com,6005249383,1979-02-02
C005304,Christopher Beasley,vjackson@example.org,1321557327,1950-10-12
C005305,Anna Clarke,gregorylewis@example.org,9095080710,1954-05-20
C005306,Brett Pierce,ashlee03@example.com,1408295946,1973-04-01
C005307,Natalie Allen,robinmeza@example.net,5215502771,1958-08-27
C005308,Andrea Mckenzie,catherine13@example.com,3063368839,1994-05-02
C005309,Adam Bond,heather15@example.com,3702770253,1996-01-15
C005310,Laura Coleman,thomas46@example.org,7505036093,1961-07-24
C005311,Billy Sampson,hward@example.org,7721212276,1963-09-06
C005312,Charles Ramos,ashleyvega@example.org,1224617469,1956-01-15
C005313,Michael Simmons,raymond28@example.net,1412927565,1979-04-06
C005314,Rachel Medina,dcontreras@example.org,3506786423,1992-12-11
C005315,Jennifer Arnold,tjones@example.org,9730715742,1964-06-04
C005316,Eric Leblanc,paulmiller@example.org,1381015516,1991-09-27
C005317,Gary Anderson,gabriel29@example.net,4289216516,1993-08-03
C005318,Anita Ward,ocrosby@example.net,4287582930,1981-05-13
C005319,Michele Smith MD,eric06@example.com,9039159596,1984-08-04
C005320,John Johnson,lawrence93@example.net,1675004561,1969-12-16
C005321,Michael Figueroa,emilyphillips@example.org,8892500004,1988-06-30
C005322,Michael Morgan,lromero@example.com,2067715041,1997-08-01
C005323,Christopher Klein,jacob98@example.org,5007763120,1991-12-22
C005324,Hannah Carey,sethdickson@example.com,6962512180,1961-12-21
C005325,Angela Conway,nichole27@example.org,9328190466,1972-02-07
C005326,Lauren Johnson,davidberry@example.com,7756570231,1998-12-30
C005327,Lisa Douglas,lutzgreg@example.org,8520811979,1965-10-11
C005328,Krista Smith,cassandra97@example.org,8824416729,1984-01-30
C005329,Lisa Johnson,jeremy72@example.org,7423675805,2000-03-07
C005330,Sarah Rojas,burnettkristin@example.net,5760110852,1994-11-10
C005331,Janice Stewart,adam21@example.net,1437091256,2000-09-20
C005332,Christy Miller,robin48@example.org,5781526064,1972-02-04
C005333,Juan Rodriguez,shanson@example.com,7959614778,1953-11-25
C005334,Martha Moore,alectapia@example.org,7958322077,2003-04-01
C005335,Michael Brooks,bryanpaul@example.com,1748638785,1995-09-01
C005336,John Clay,kristinking@example.net,9668429239,1993-05-18
C005337,Jennifer Mathis DDS,elizabeth59@example.com,6380617339,1963-07-10
C005338,Christina Dodson,kevinschneider@example.net,3688312882,1985-10-06
C005339,Derrick Golden,blackyvonne@example.org,4744868968,1997-05-07
C005340,Jean Clay,fletchermaria@example.net,8814844234,1989-09-15
C005341,Jennifer Webb,leeashley@example.com,6050572516,1986-12-18
C005342,David Gamble,nicole82@example.com,0656320037,2003-02-04
C005343,Marcus Wilkins,travis08@example.org,8939209227,2003-11-06
C005344,Chad Anderson,miguelgallegos@example.net,7916005330,1971-06-06
C005345,Michael White,donna99@example.org,1059678806,1995-06-16
C005346,Jeremy Gonzales,eric20@example.org,7032951707,1989-06-06
C005347,Kathryn Smith,rebeccadavis@example.net,3237391266,1974-07-28
C005348,Mr. Richard Christian,schmittdanielle@example.net,5444445237,1953-05-28
C005349,Justin Simpson,michaelrodriguez@example.com,5344409230,1988-06-16
C005350,Katherine Smith,benjamingay@example.net,7142447617,1998-08-16
C005351,Jennifer Dean,jonathanking@example.com,2609304821,1972-06-20
C005352,Douglas Mendoza,vickiecarroll@example.net,4747492671,1982-12-31
C005353,Samantha Payne,david57@example.org,4241105888,1954-01-03
C005354,Brenda Hart,wzamora@example.com,7684093801,1988-03-21
C005355,Yolanda Wagner,sydney40@example.net,2514502090,1951-10-01
C005356,Adrian Brown,bakerdaniel@example.net,8097281090,1967-12-22
C005357,Brooke Clark,xallen@example.com,6299039481,1967-07-21
C005358,Mr. Adam Marshall,pearsondaniel@example.com,3315419446,1989-10-17
C005359,Ashley Williams,brianrice@example.com,3637036162,1964-02-17
C005360,Robert Long,ashleysalazar@example.net,4080208525,1989-12-17
C005361,Kirk Burke,paulfrancis@example.net,2724198756,1986-08-21
C005362,David Taylor,eric67@example.com,8711057730,1980-05-20
C005363,Daniel Edwards,blackjames@example.org,4365975107,1961-11-21
C005364,Bianca Lester,eric92@example.org,3605797927,1977-09-06
C005365,Lori Gonzalez,kimberlydominguez@example.org,4763944572,1984-05-31
C005366,Jennifer Richards,fhanson@example.org,9984986017,1958-06-21
C005367,Noah Haynes,phillipstyler@example.net,8805058389,1980-04-22
C005368,Jordan Montgomery,mendozamichael@example.com,1863690766,1961-06-28
C005369,Brian Stevens,dylanreid@example.org,5839187325,1996-01-19
C005370,Albert Contreras,qharrington@example.net,3791894499,1970-02-10
C005371,George Whitney,angelica21@example.org,4975993538,1952-06-13
C005372,Randy Roberson,mark92@example.org,4632878116,2002-04-20
C005373,Marilyn Cain,rhondagonzalez@example.org,5916610746,1987-07-29
C005374,Paula Smith,emartinez@example.org,8657829578,1992-06-21
C005375,Brian Jones,thompsonmatthew@example.net,8432344972,1972-11-30
C005376,Robert Mckinney,llang@example.org,1708460945,1972-11-06
C005377,Matthew Goodman,gabriellabrowning@example.org,9590754118,1988-07-26
C005378,Michael Blake,ycarter@example.org,9890419025,1958-07-03
C005379,Timothy Mckenzie,lopezphillip@example.org,7268772078,1951-07-23
C005380,Jason Wilson,oramsey@example.org,3387191838,1987-06-19
C005381,Jordan Cortez,clang@example.com,0603617928,1963-06-25
C005382,William Pruitt,woconnell@example.org,0950974990,1981-01-30
C005383,Julie Fields,ibarracarol@example.org,8834524546,1989-04-27
C005384,Joseph Leon,mckeejustin@example.net,2089671919,1960-11-26
C005385,Chad Hawkins,vsparks@example.org,3227086582,1990-11-19
C005386,Wayne Olson,rhonda94@example.net,9996481915,1999-05-08
C005387,Nathaniel Foster,dgill@example.com,7007828197,1985-09-03
C005388,Monica Wright,patricia88@example.com,9312487097,1959-07-28
C005389,Tammy Santiago,steven84@example.org,2647386880,1986-06-25
C005390,Ann Briggs,stevensbenjamin@example.org,7485101751,1978-07-14
C005391,Danielle Hammond,uzuniga@example.net,3591101415,2003-12-27
C005392,Laura Moore,scott16@example.org,3044048874,1985-07-05
C005393,Marie Lawrence,thompsonrachael@example.com,7270578655,1957-05-11
C005394,Claire Shaffer,ricardo90@example.com,7640590440,1969-01-19
C005395,Lauren Hernandez,mary26@example.org,4416220346,2000-09-18
C005396,Maureen Vargas,tyler16@example.org,8057358844,1986-04-25
C005397,Jared Lambert,stephen98@example.org,2908929031,1959-02-19
C005398,Randy Arroyo,smithemma@example.org,9880325428,1963-06-23
C005399,Lisa Hickman,nicole66@example.net,4258579347,1968-02-13
C005400,Charles Jones,mconner@example.com,4509203019,1974-07-02
C005401,Zoe Simon,kristenellis@example.com,7636687098,1987-06-15
C005402,Craig Hooper,margaret20@example.com,9536892228,1974-11-23
C005403,Christopher Reyes,gkelly@example.net,3528590765,1986-04-13
C005404,Kevin Lewis,dawn70@example.com,0340529419,1989-02-28
C005405,Carrie Chavez,dawnpadilla@example.com,8636621313,1987-03-07
C005406,Herbert Jones,wparks@example.com,3526909014,2001-07-27
C005407,Donald Rodriguez,lisa75@example.com,3879332356,1975-04-09
C005408,Jordan Johnson,courtneyking@example.com,9212210694,2000-07-17
C005409,Brenda Williams,hnelson@example.com,7873586582,2003-01-20
C005410,Jennifer Chavez,ggarrison@example.net,8388129856,1952-12-24
C005411,Jake Jordan,brian26@example.com,9917916469,2000-07-08
C005412,Fred Pham,deborahbennett@example.com,4357659396,1957-02-25
C005413,William Ellison,jodilane@example.com,6126681823,1966-02-09
C005414,Edward Silva,catherinewilliams@example.com,9385735940,1974-10-19
C005415,Melissa Ayala,matthew06@example.org,6389449413,1988-04-28
C005416,Julia Taylor,pgarcia@example.net,2753262612,1991-09-08
C005417,Nicholas Sanders,qprice@example.com,2454846630,1990-02-25
C005418,Michael Gonzalez,adamselizabeth@example.org,5375021903,1965-12-25
C005419,Cynthia Hernandez,josecuevas@example.net,7783379370,1957-04-11
C005420,Lauren Daniels,shelby49@example.com,2111320815,1985-07-27
C005421,Alicia Davenport,bpalmer@example.net,3756168143,1990-02-09
C005422,Aaron Martinez,brandon25@example.com,2635092636,2002-06-17
C005423,Amber Gibson,wyoung@example.net,2718438327,1976-07-26
C005424,Robert Smith,tanya97@example.com,3461173863,1994-12-19
C005425,Hector Farrell,anthonyjones@example.net,1076728095,1964-07-10
C005426,Benjamin Shelton,mccarthynicholas@example.org,7914394257,2002-01-19
C005427,Wanda Robbins,justin29@example.org,5462665754,1965-07-03
C005428,Eric Smith,hernandezandrew@example.com,2141067943,1961-12-28
C005429,Adam Smith,jday@example.org,1132304244,1965-11-05
C005430,Jon Lopez,johnlarson@example.org,5358161920,1957-09-09
C005431,Ashley Hooper,hkelly@example.net,1626117132,1988-08-31
C005432,Jonathan Boyd,lowerichard@example.org,1549276516,1999-07-15
C005433,Paul Davenport,tray@example.com,2565320384,1952-07-28
C005434,Denise Young,williamstodd@example.net,1071491823,1952-01-14
C005435,Brittney Brown,starkashley@example.org,9547394061,1999-12-31
C005436,Katrina Mason,ghill@example.com,7238521329,1958-05-01
C005437,Elizabeth Alvarez,jessicaaguirre@example.com,7573059621,1977-12-04
C005438,William Anthony,abarry@example.net,3248272105,1983-04-29
C005439,Carl Zimmerman,bullockmaurice@example.com,1553853193,1963-11-19
C005440,Tara Vasquez,zhardy@example.net,4172191587,1995-06-04
C005441,Samantha Mason,ralphmartinez@example.net,1974362712,1951-08-30
C005442,Kyle Davis,douglasellis@example.net,9416612156,1957-09-03
C005443,Ashlee Miller,bhooper@example.net,4967119614,1993-04-21
C005444,Katie Davis,wbowman@example.org,7152832642,1972-06-19
C005445,Jason Smith,greensandra@example.org,6256320190,1963-02-25
C005446,Destiny Dyer,xburns@example.net,9667149639,1991-02-15
C005447,Duane Bradley,andersonmichael@example.net,3071785356,1971-08-08
C005448,Samantha Williams,katiecruz@example.com,1809905589,1991-10-02
C005449,Heather Gomez,aliciabowman@example.org,7700828639,1965-08-21
C005450,Michael Patterson,gadams@example.org,2279765301,1964-08-21
C005451,Linda Brewer,michael74@example.com,2320802561,1954-08-03
C005452,Jacqueline Olson,williamsmichelle@example.net,8715139234,1966-11-19
C005453,Steven Nelson,jonathanriley@example.org,6416505714,1987-07-17
C005454,Cassandra Welch,joshua53@example.net,0694666704,1985-10-15
C005455,Kelsey Sullivan,crystalcooper@example.net,1725202366,1956-07-25
C005456,Ryan Li,mstrong@example.net,6430237217,1996-12-15
C005457,David Abbott,jessegonzalez@example.org,8288349538,1967-01-11
C005458,Sean Perkins,william02@example.net,2395289669,1966-11-28
C005459,Travis Rodriguez,josephfitzpatrick@example.org,5716730327,2000-09-24
C005460,Michelle Figueroa,websterkaitlyn@example.org,0485913130,1982-02-02
C005461,Erin Burke,cgutierrez@example.net,0620364600,1991-05-30
C005462,David Proctor,qhampton@example.net,8789995886,1983-03-15
C005463,Jill Williamson,rmoran@example.net,4660964847,1998-08-01
C005464,Nicholas Townsend,moranbrian@example.com,5373893505,1976-03-24
C005465,Caleb Olson,aestrada@example.org,9100579648,1995-07-02
C005466,Donald Mullins,jimmykim@example.com,6722439762,1955-07-23
C005467,Brad Banks,morrisandrew@example.org,8446753340,1988-08-23
C005468,Bryan Chambers,brandon96@example.net,4760492846,2003-11-27
C005469,Alyssa Collins,krauserhonda@example.org,8014355509,1999-01-17
C005470,Kevin Hernandez,beth64@example.net,4498392293,1973-10-08
C005471,Nathaniel Watts,lisa03@example.net,5941405759,1978-08-21
C005472,Gregory Lee,lorijohnson@example.org,1153853603,1991-02-26
C005473,Isabella Farrell,maureen19@example.org,6594151812,2004-08-14
C005474,Lindsey Simpson,jacksonsylvia@example.org,5609337732,1998-08-05
C005475,Tina Thompson,lmullins@example.net,0555423272,1980-08-20
C005476,Terry Nelson,perezsylvia@example.org,1453874715,1963-03-17
C005477,Sara Gomez,lopezjuan@example.org,1864145373,1990-03-23
C005478,Andrew Cherry,figueroadavid@example.org,4579648887,1976-05-04
C005479,Debbie Nixon,brandtchristopher@example.com,0616150729,1957-08-25
C005480,Jennifer Rodriguez,catherine82@example.org,2775441099,1954-12-03
C005481,Jerry Pitts,randalljohnathan@example.com,9921281857,1975-05-05
C005482,Alejandro Williams,jameshart@example.net,0351557953,1955-10-10
C005483,Meghan Jensen,lunatina@example.com,1508407669,1955-04-29
C005484,Jessica Foster,shelly80@example.org,7230079154,1983-04-05
C005485,Gilbert Bernard,shannonpetersen@example.org,0697878489,1995-02-09
C005486,Sheila Morales,roy52@example.net,7542014296,1995-06-18
C005487,Mark Werner,ambertrujillo@example.com,3813914054,1987-10-11
C005488,Richard Harvey,brandon89@example.net,5388297236,1957-02-07
C005489,Michael Clarke,clifford41@example.com,3398210419,1973-01-17
C005490,Michael Everett,lscott@example.org,1687028116,2000-01-17
C005491,Philip Schwartz,jonathanlong@example.com,2632749256,1959-06-23
C005492,Zachary Harris,sanchezbrandon@example.net,0581076938,1972-09-03
C005493,Lindsey Bowers,gwilson@example.net,7624727581,1954-09-03
C005494,Reginald Holmes,breweranthony@example.org,0827731640,1997-10-29
C005495,Jaime Phillips,smithsarah@example.org,0948844894,1975-09-20
C005496,Jordan Stevens,jason95@example.com,3711757639,1989-04-30
C005497,Erik Fowler,lewiskaren@example.com,6649989595,2000-08-13
C005498,Dennis Ramirez,eblair@example.net,1029957229,1981-10-12
C005499,Michele Craig,jeffery98@example.com,0430238545,1964-06-22
C005500,Rachel Roberts,emilyanderson@example.com,0900037730,1955-03-02
C005501,Austin White,lisawalton@example.org,4695962375,1956-02-12
C005502,Colin Allen,andrea02@example.com,9093052734,1961-11-19
C005503,Tiffany Anderson,barbara37@example.org,7442084444,1984-10-20
C005504,Thomas Mullins,phudson@example.com,1282173534,1956-07-04
C005505,Jennifer Hendricks,lisa79@example.org,0810643959,1955-05-05
C005506,Jeffrey Benson,tombrown@example.org,9457571587,1999-06-01
C005507,Christina Garcia MD,whiteteresa@example.org,8223995128,1976-04-04
C005508,Glenda Kim,charles54@example.com,8248435807,1956-04-29
C005509,Adam Zuniga DDS,baxtermichelle@example.org,9479342051,1994-12-21
C005510,Janet Ford,thomasmarvin@example.org,7231570298,1972-02-06
C005511,Brett Taylor,wilsonjohn@example.com,9920160140,2003-04-14
C005512,Ryan Stout,icaldwell@example.org,3260917310,1968-06-13
C005513,Mrs. Jacqueline Shea MD,blucas@example.net,5537410301,1970-01-11
C005514,Nancy Hernandez,taylorjones@example.net,7696354036,2001-01-08
C005515,Stephanie Barton,andrewmoody@example.org,3100822450,1987-03-03
C005516,Joseph Dawson,alyssacarter@example.org,9318856169,1957-01-21
C005517,David Hansen,julian82@example.net,2715882961,1971-09-02
C005518,John Snyder,brianmckay@example.com,9406451258,1952-05-08
C005519,Christopher Krueger,patricia40@example.org,3499762245,1973-10-15
C005520,Virginia Phelps,floressylvia@example.com,8943928392,1985-07-15
C005521,Steven Sexton,robinsonleslie@example.net,7279908810,1986-06-16
C005522,Jared Jennings,jennifermelendez@example.net,0010919409,2005-04-15
C005523,Douglas Herrera,mgonzalez@example.org,4643994499,1972-12-11
C005524,Andrea Smith,buckleymary@example.com,6364199664,1970-02-26
C005525,Troy Jefferson,frodriguez@example.com,1770181234,1999-08-28
C005526,Andrea Harris,lpollard@example.com,7697678412,1973-05-26
C005527,Louis Moyer,jefferyburch@example.com,3700446419,1976-03-29
C005528,Tina Reyes,joel92@example.org,9213309190,1955-07-07
C005529,Miguel Stephenson,laurasmith@example.net,6113890406,1968-02-26
C005530,Angela Ramirez,marc68@example.org,9576962586,1971-04-16
C005531,Nicholas Reynolds,isharp@example.net,3205306490,2000-09-12
C005532,Laura Hurst,william08@example.org,2488764611,1998-04-20
C005533,Christina Zuniga,aandrade@example.com,0711775802,1985-11-20
C005534,Christopher Avery,careyamanda@example.com,1319117693,2002-11-25
C005535,Mark Smith,kwells@example.org,7017631976,1966-02-16
C005536,Laura Brown,cassidyvaughan@example.com,9814510596,1977-06-12
C005537,Kenneth Kelley,ehawkins@example.com,8014080991,1995-11-01
C005538,Edward Brown,barnettbrian@example.com,5514903479,1966-01-31
C005539,Jared Simpson,derekwu@example.com,7763049315,1976-04-26
C005540,Matthew Nolan,ruizjason@example.net,6428551530,1967-12-22
C005541,Kathleen Valencia,suarezashley@example.net,2813840383,2005-01-13
C005542,Ann Burton,hebertjoanna@example.net,5777744620,1974-11-02
C005543,April Brown,amy50@example.net,1532276034,1953-10-13
C005544,Monique Williams,greengregory@example.net,5712677280,2001-07-23
C005545,Amy Reed,ryan80@example.com,8425539611,1954-02-05
C005546,Kayla Collins,thomas45@example.net,4196453757,1980-09-12
C005547,Jamie Williams,tammy33@example.org,3981937175,1960-01-02
C005548,Austin Jones MD,kellymoore@example.org,6594232361,1996-11-23
C005549,Paul Davis,watkinsjoshua@example.com,4453707522,2003-10-23
C005550,Nicole Smith,dcook@example.org,7376149981,1953-05-25
C005551,Patricia Riley,charleswilliam@example.org,6767270621,1983-07-30
C005552,Jean Briggs,martinezcalvin@example.net,0514992289,1996-12-29
C005553,Jordan Walls,floydjames@example.net,4705908564,1956-06-09
C005554,Jeffrey Roy,steven14@example.org,0212990756,1952-04-22
C005555,Jim Jones,carolwilliams@example.net,0028558232,1978-10-11
C005556,Amy Rodriguez,sanchezjohn@example.net,1766641634,1959-02-25
C005557,Kelly Moses,michael48@example.net,8736126126,1993-06-04
C005558,Anthony Wilcox,paulgriffin@example.com,9857262605,1963-10-15
C005559,Brittany Turner,millerkatie@example.com,9928425087,1958-09-17
C005560,Maria Salazar,johnsonlisa@example.net,8079841971,1981-03-19
C005561,Felicia Jones DVM,woodssharon@example.org,6974627988,2003-05-04
C005562,Olivia Davis,sarahmejia@example.com,6765336330,1953-02-28
C005563,Christopher Dickerson,dfrancis@example.com,8850162614,1979-10-09
C005564,Danielle Stone,washingtonkari@example.net,2215057445,1959-11-28
C005565,Annette Chan,levineandrea@example.net,5405777905,1992-12-01
C005566,Brian Edwards,tylerdrake@example.com,4333565594,1977-11-15
C005567,Jacob Moody,allenerin@example.com,4943529230,1983-10-05
C005568,Melissa Garcia,gregory27@example.com,8202640765,1998-01-02
C005569,Tracy Murphy,ajackson@example.org,0234143235,1966-06-10
C005570,Hector Shannon,jennifercasey@example.org,3790846093,1993-09-25
C005571,Sherry Irwin,bvillarreal@example.net,1586765111,2001-07-31
C005572,Carolyn Greene,mjones@example.com,5548124432,1988-01-18
C005573,Marie Farley,scaldwell@example.com,9693472150,1998-05-17
C005574,Benjamin Williams,georgejessica@example.org,2000633388,1958-04-01
C005575,Samantha Mullins,bradyjason@example.org,0452056187,1953-07-26
C005576,Lisa Gomez,hparker@example.com,3375098710,1974-10-28
C005577,Beverly Jackson,dyates@example.net,2033482899,1995-10-05
C005578,Mr. Joel Mckay,marymoran@example.org,9308447094,1961-09-03
C005579,Jason Wilson,troy84@example.org,8883015433,1972-11-21
C005580,Daniel Rivera,wendysilva@example.com,3211851339,1972-02-18
C005581,Randall Sutton,stacey53@example.com,8344834599,1963-10-08
C005582,April Black,brianmurray@example.org,0269894506,1971-11-12
C005583,Steven Patterson,john44@example.org,6748802225,1998-06-26
C005584,Anna Ruiz,jshort@example.com,6775393930,1973-08-19
C005585,Johnathan Giles,mccoycrystal@example.org,6474000561,1969-07-15
C005586,Ronald Alexander,dburton@example.net,0852232962,1970-04-04
C005587,Alexandria Ross,amandablack@example.net,6509431060,1997-03-16
C005588,Gregory White,steve64@example.com,0947859911,1989-02-14
C005589,Jason Smith,debbielewis@example.com,6123778746,1979-06-22
C005590,Carol Green,jsilva@example.com,3823656754,1960-03-31
C005591,Janet Howard,scole@example.net,0375975534,1972-03-09
C005592,Troy Stout,greenvanessa@example.org,2291467156,1963-10-31
C005593,Sarah Ramirez,debbiefox@example.net,8136833652,1974-03-05
C005594,Dr. Edgar Brewer,maddenharry@example.org,0273113749,1967-11-16
C005595,Rachel Perez,kevin99@example.com,7761615031,1977-11-23
C005596,David Goodwin DVM,gcohen@example.com,8921789070,1990-02-22
C005597,Martin Mccullough,tommy61@example.org,8081026926,1954-04-25
C005598,Allison Gibbs,alexandersavage@example.org,4313204713,1960-05-13
C005599,James Russell,kgraham@example.org,0604256120,1991-08-05
C005600,Kevin Roman,harriskaren@example.net,4540237239,1981-11-26
C005601,Joshua Garcia,eric97@example.net,6381522882,1959-05-13
C005602,Mr. Anthony Perez,julie65@example.net,1069227641,1982-09-05
C005603,Tracy Brown,rmills@example.org,1609730511,1958-01-20
C005604,Kayla Butler,vincentleslie@example.com,8214127492,1951-04-21
C005605,Sheri Hobbs,susan04@example.com,6673941977,1969-04-24
C005606,John Williams,mrivers@example.com,7871258010,1959-08-19
C005607,Terry Hughes,gwilcox@example.com,3811595767,1957-11-15
C005608,Jeffrey Smith,mwatson@example.net,1288496405,1957-11-16
C005609,Jasmine Jacobs,xphillips@example.net,7731630627,1974-08-25
C005610,Charles Jones,michael36@example.com,1254364448,1992-09-26
C005611,Harry Johnson,alecsantiago@example.com,4976011046,1970-08-24
C005612,Adam Wheeler,christine14@example.net,3229165200,2000-07-16
C005613,Rebecca Gibson,eric47@example.org,6806640021,2001-06-29
C005614,Douglas Wood,wmoore@example.com,2650630441,1962-08-29
C005615,Tim Peterson,dawn56@example.net,0369162887,1986-01-03
C005616,Megan Williams,tonyaromero@example.net,3297502910,1979-12-19
C005617,Todd Carter,nmurray@example.org,9683240821,1968-09-27
C005618,Jacob Hammond,tyler28@example.net,0063939920,1958-10-11
C005619,Pamela Thomas,robin31@example.com,5945113436,1983-05-03
C005620,Mark Clark,christopherlam@example.com,3256337259,1983-10-28
C005621,Aaron Suarez,mckaychristopher@example.org,0767200073,1981-07-24
C005622,Beth Mclaughlin,alejandromontgomery@example.net,2474127543,1966-10-31
C005623,Stephanie Lawrence,matthew83@example.com,7698956092,1962-10-06
C005624,Anthony White,thomasmatthew@example.com,6544359296,1953-06-30
C005625,Tonya Thomas,michellegarcia@example.com,3971161143,1980-07-17
C005626,David Barnett,justinlewis@example.net,8853426301,1995-03-18
C005627,Zachary Armstrong,nguyenanna@example.net,9037139076,1990-03-27
C005628,Michael Sullivan,wilsonjason@example.net,9380619015,1971-07-13
C005629,Joshua Atkins,wwoods@example.net,4421317058,1979-02-22
C005630,Eric Maynard,vwest@example.org,0503051000,1977-01-02
C005631,Henry Garcia,rcopeland@example.org,7763310714,1972-05-20
C005632,Kimberly Andrews,melanieroberts@example.net,0621739223,2000-12-10
C005633,Jimmy Thompson,millerbrendan@example.net,8486817479,1955-03-17
C005634,Cesar Brown,patriciahudson@example.net,1358188017,1963-04-02
C005635,Whitney Guzman,jordan59@example.net,4987355522,1958-04-21
C005636,Cristian Jackson,cynthiamahoney@example.org,6906860085,1971-08-29
C005637,Adrian Pierce,imccall@example.org,8418542811,2005-08-12
C005638,Todd Jackson,dparks@example.org,4940883695,1960-02-10
C005639,Shelby Turner,barkerwilliam@example.net,6593005233,1982-12-24
C005640,Loretta Barnett,jenniferking@example.net,4167645078,1966-12-22
C005641,Jeremy Marshall,tracy42@example.org,2449119826,1992-02-07
C005642,Richard Ross,madison46@example.net,5739540927,1985-01-15
C005643,Michelle Wang,pattersonjessica@example.net,3249069070,1968-09-25
C005644,Donald Greene,scott85@example.org,3158628532,1996-06-27
C005645,Jennifer Mays,ryan76@example.net,9240654212,1990-03-09
C005646,Daniel Rush,melanieunderwood@example.net,4425466299,1972-02-22
C005647,Russell Bennett,ochurch@example.org,4586048857,1988-03-24
C005648,Madison Medina,jesse51@example.org,9929598956,1952-02-23
C005649,Melissa Richards,rodgersterri@example.com,0054075762,1961-04-12
C005650,Christopher Reynolds,donaldmoore@example.com,2925778982,1995-02-17
C005651,Jo Lutz,caseystacy@example.org,4063855245,1984-01-26
C005652,William Lynn,pkim@example.net,5913618562,1969-07-01
C005653,Brendan Fields,francispaul@example.com,6265961635,1978-11-01
C005654,Dean Hernandez,kenneth01@example.com,0914478538,1960-09-28
C005655,Ana Jones,jeremywalls@example.org,8410936184,1992-11-28
C005656,Kimberly Riddle,qpeterson@example.com,4262570346,1958-12-27
C005657,James Ritter,crosbylisa@example.org,1369314277,1969-04-20
C005658,Gerald Sampson,kevindavis@example.org,2679346814,1957-02-13
C005659,Christian Salazar,kaylastout@example.com,6518133822,1957-11-16
C005660,Trevor Walls,justinchapman@example.net,6363756261,2004-12-01
C005661,Miss Angela Huang DDS,ophillips@example.org,4772879522,1978-09-27
C005662,Michael Gonzales,lauraeverett@example.org,1376885822,1976-09-28
C005663,James Collins,robert01@example.org,2350213512,1969-12-26
C005664,Monica Thompson,obrock@example.net,7670869420,1992-06-05
C005665,Brenda Olson,murphyadam@example.net,6539331216,1960-02-24
C005666,Kendra Norris,jacobsmith@example.net,5794706705,1995-02-20
C005667,Melissa Thompson,tylerleonard@example.org,9064136797,1988-03-26
C005668,Leonard Johnson,rmurray@example.net,9368243431,1974-11-27
C005669,Renee Rivas,andrewhopkins@example.org,6663174438,1955-07-26
C005670,Brian Kirby,patriciamiranda@example.net,1899618483,1964-09-24
C005671,Andrew Weaver,williamsrichard@example.org,5672243839,1990-10-18
C005672,Amy Hudson,garciavictoria@example.org,4530996543,1962-01-15
C005673,Amanda Fields,jreyes@example.com,0073590074,1966-08-09
C005674,Stephen Best,melissa92@example.com,8206366171,1966-03-13
C005675,Gregory Johnston,phillipslatoya@example.org,7820617569,1989-07-19
C005676,Susan Gonzalez,dschmitt@example.org,1334453760,1979-04-09
C005677,Susan Jackson,jasonrichardson@example.net,7797588706,1972-07-04
C005678,Crystal Brown,jessicaburns@example.net,5876760172,1955-09-07
C005679,Jonathan Valentine,fgibbs@example.com,7688988337,1961-02-27
C005680,Joseph Sims,wadechristina@example.com,5382553461,1993-04-04
C005681,David Solis,matthewbarron@example.com,7947481636,1952-12-20
C005682,Jonathan Alexander,michael49@example.org,4477243354,1990-10-20
C005683,Crystal Silva,lauratucker@example.net,2673698294,1968-12-15
C005684,Katherine Wright,robinsonsandra@example.org,9782984275,1993-01-18
C005685,Logan Khan,bucksusan@example.net,5983469648,1985-09-26
C005686,Kristy Williams DDS,steventhompson@example.com,2773054639,2000-06-09
C005687,Jessica Garza,toddbowen@example.com,3010431891,1991-11-15
C005688,Nancy Herrera,thomasreed@example.net,0263537177,2002-07-23
C005689,Stephanie Coleman,epollard@example.org,8650736361,2004-01-31
C005690,Timothy Stark,lori08@example.org,1699515353,1962-04-11
C005691,Dr. David Le,christopher74@example.org,8428773824,1970-09-22
C005692,Christopher Gilbert,smithdaniel@example.com,4718507734,1972-08-04
C005693,Ronald Moore,stevencruz@example.com,0544455373,1997-03-21
C005694,Tony Bass,christopher29@example.net,6535474884,1993-08-13
C005695,Matthew Kennedy,jenniferbarajas@example.com,5811127710,1960-01-20
C005696,Patrick Garcia,ymelton@example.net,1187961920,2004-01-10
C005697,Mark Ortiz,katelyn91@example.com,5087079774,1955-01-30
C005698,Theresa Delacruz,cwilliams@example.net,9349468277,1973-11-27
C005699,Miss Pamela Robinson,oshah@example.com,1279948544,1974-03-06
C005700,Sean Clark,iflores@example.org,3052096733,1974-11-13
C005701,Rachel Miller,morganrobert@example.net,5344447033,1986-04-12
C005702,Chad Hernandez,angela13@example.com,5682632820,1972-10-09
C005703,Amber Brown,ypierce@example.net,1094837029,1982-06-20
C005704,Brandon Bell,joyceramirez@example.com,8266299470,1959-06-18
C005705,Kristen Bond,cynthiagolden@example.net,4098514316,1960-09-09
C005706,Michelle Ramirez,carolyn63@example.com,8698667634,1967-04-09
C005707,Justin Edwards,clifford24@example.com,8713915907,1988-11-27
C005708,David Hendrix,khernandez@example.org,6498683085,1993-09-22
C005709,Lauren Jones,gonzalezjames@example.com,9924830210,1961-01-31
C005710,Dennis Nichols,nicole96@example.net,3338746991,1980-08-18
C005711,Anna Meyer,matthewjones@example.com,9383115924,2003-08-22
C005712,Amber Serrano,vlopez@example.net,7894109772,1972-10-12
C005713,Nathan Foster,sfisher@example.net,2675998822,1966-06-15
C005714,Natalie Warren,ihughes@example.com,4866299818,1980-01-27
C005715,Cassandra Serrano,kellyburke@example.net,5941090837,1998-08-28
C005716,Jill Harvey,elizabethhubbard@example.com,3093353296,1972-09-13
C005717,Stacey Alvarado,adrianstone@example.com,4127781575,1956-04-05
C005718,Whitney Tanner,cynthia02@example.com,2329612510,1989-04-11
C005719,Kimberly Martinez,alvarezanna@example.com,9858866154,1981-11-09
C005720,Stacie Edwards,davisshawn@example.com,8496997936,1971-12-28
C005721,Joseph Walsh,sadams@example.org,7189405676,1985-05-06
C005722,Jennifer Davis,perezrachel@example.org,9467562552,1955-04-03
C005723,Stacey Stone,rpalmer@example.com,2643534713,1963-06-08
C005724,Michael White,swalker@example.org,4704249931,1994-05-21
C005725,Daniel Miller,nortonandrew@example.com,4811791720,1950-11-21
C005726,Lynn Gomez,swilliams@example.com,3895207812,1983-09-19
C005727,Mrs. Erika Castro,morrissteven@example.net,3193729070,1964-05-03
C005728,Jessica Evans,hannah03@example.net,2023786301,1953-04-06
C005729,John Bush,heather84@example.net,4098071524,1993-07-06
C005730,Jeremy Nelson,smithheather@example.org,0686075277,1953-12-13
C005731,Rebecca Sanchez,dfernandez@example.org,4644918762,1954-08-29
C005732,Pamela Harding,patriciaboyd@example.com,3766886391,1957-03-30
C005733,Martha Brewer,kstevens@example.net,4747032426,1968-02-27
C005734,Savannah Roy,aramirez@example.net,6264141246,1984-06-25
C005735,Kevin Warren,thorntonnathan@example.net,0437894207,1967-08-27
C005736,Michael Powell,omendoza@example.com,3631824258,1992-12-02
C005737,Benjamin King,carolynjackson@example.com,2906069725,1960-08-19
C005738,Sara Williams,michael50@example.net,3182081380,1966-03-14
C005739,Christopher Wheeler,rmorris@example.net,7596495018,1973-09-20
C005740,Steven Lewis,zmorris@example.com,5279409709,1983-05-07
C005741,Shane Richardson,lindapope@example.org,2779958833,1976-05-22
C005742,Debra Foster,ggentry@example.com,3707315061,1956-11-27
C005743,Amy Chapman,kristin77@example.com,1737123839,2003-10-24
C005744,James Garcia,murphysabrina@example.org,3664277421,1986-01-30
C005745,Jody Brown,gwilliams@example.org,1181354823,1990-01-21
C005746,Kenneth King,christina39@example.com,7756375406,1997-04-24
C005747,Jacob Edwards,maria14@example.com,9886585334,1979-03-02
C005748,Luke Garcia DDS,scottsmith@example.net,4025977065,1973-12-25
C005749,Samantha Kelley,gabriella94@example.org,4527318243,1988-12-31
C005750,Brandi Miller,jose81@example.net,2633912657,1974-12-29
C005751,Brian Farmer,daviskristy@example.com,4872927618,1973-09-29
C005752,Marco Palmer,david31@example.org,6756973163,1983-04-18
C005753,Thomas Faulkner,wwagner@example.org,4679556313,1968-06-07
C005754,David Charles,kimberlyhoover@example.net,2406497647,1955-03-15
C005755,Scott Stafford,christopher81@example.net,9988976899,1958-09-25
C005756,Elizabeth Davis,gharrell@example.com,7150092110,1959-12-02
C005757,Lisa Wong,rebeccagregory@example.net,7142547096,1995-07-01
C005758,Kimberly Lucero,guerraterri@example.com,7996491245,1988-12-14
C005759,Kristin Mack,dmartin@example.net,6329399059,1993-03-09
C005760,Dorothy Summers,joshuawilliamson@example.net,1944128472,1955-07-26
C005761,Christopher Gomez,rroberts@example.net,3689244526,1951-10-12
C005762,Danny Nicholson,jessewhite@example.com,2041788105,1989-08-03
C005763,Tom Stanley,timothy98@example.org,8457874298,1950-11-20
C005764,Christina Hernandez,heatherknight@example.org,2137870313,1987-12-28
C005765,Courtney Green,janet18@example.org,4874186520,1977-11-24
C005766,Mary Villarreal,jacobmclean@example.net,8484056068,1988-04-02
C005767,Jorge Greene,kimberlygonzalez@example.net,8666443141,1966-07-12
C005768,Sharon Kelley,fhughes@example.com,6413677268,1972-10-17
C005769,Katherine Gamble,bill65@example.net,9672769192,1994-04-23
C005770,Justin Johnson,stevenporter@example.net,4550922306,1975-01-01
C005771,Ray Roberts,valerie92@example.net,0435739253,1971-03-27
C005772,Jeffrey Kelley,amanda34@example.net,8413529664,1962-06-01
C005773,Shawn Davis,wangmary@example.com,1534414399,1982-04-05
C005774,Jamie Hamilton,brad71@example.com,7907348623,1965-05-07
C005775,Tonya Garrison,brian10@example.net,9821777695,1987-01-29
C005776,Mr. Roger Griffin,yhall@example.net,0640415365,1997-11-22
C005777,Karen Stanley,kevin51@example.net,1497779299,1992-10-02
C005778,Bradley Townsend,villasamantha@example.com,2427502498,1956-10-15
C005779,Kendra Rhodes,scottrobinson@example.com,6412216533,1950-11-27
C005780,Jonathan Scott,sanchezalexandra@example.org,0533389121,1993-02-02
C005781,William Brewer,amy90@example.org,6256120973,1971-11-01
C005782,Devin Schaefer,vli@example.com,6167322715,2005-04-16
C005783,Stephanie Steele,taylorjerry@example.org,9278819115,1958-07-09
C005784,Amy Lawrence,burnsmichael@example.com,1735927257,1960-10-22
C005785,Erika Johnson,cheryl28@example.org,6736261719,1954-02-21
C005786,Jenny Long,pricechristopher@example.org,6797274351,2001-11-11
C005787,Jeffery Hill,brucejoshua@example.net,3817837270,1989-05-11
C005788,Tonya Johnson,duartecindy@example.net,0890660657,1960-05-10
C005789,Michael Brewer,wgarcia@example.net,2802401951,2005-05-25
C005790,Terri Harrison,dconner@example.com,7895252769,1958-09-17
C005791,Matthew Brooks,samuelbernard@example.com,3450410329,2005-03-12
C005792,Robert Wood,cunninghamryan@example.com,5035815535,1999-03-22
C005793,Sean Campbell,vcarroll@example.net,2555329089,1981-01-09
C005794,Patricia Martinez,anita60@example.com,4574655886,1998-11-21
C005795,Ryan Kelly,josephbond@example.org,9782490434,1985-05-01
C005796,Christopher Ryan,hgreen@example.com,6737793548,2003-04-05
C005797,Luis Smith,prestonkimberly@example.net,2412804895,1983-12-26
C005798,Joel Bass,garysmith@example.com,2658228064,1959-01-22
C005799,Zachary Hamilton,donaldhill@example.net,0698835200,2004-11-03
C005800,Dr. Scott Johnson,savannahdavis@example.org,5519822167,1985-11-30
C005801,Frank Villa,lawrencewashington@example.com,8098469979,1996-01-09
C005802,Joseph Callahan,jacksonrobert@example.com,3762965581,2002-10-29
C005803,Debbie Morales,twright@example.com,8326249914,1969-04-22
C005804,Corey Snyder,xwalker@example.com,7643905744,1955-12-17
C005805,Crystal Neal,garzacatherine@example.com,3050106112,1963-09-25
C005806,Ronnie Boyd,hamiltonrobert@example.com,0817222315,1957-02-27
C005807,Richard Taylor,andersonjaime@example.org,4569425822,1971-05-01
C005808,Melinda Jones,chamberskristine@example.com,4217181520,1982-07-11
C005809,Kayla Gibson,gthomas@example.org,5306825753,1997-07-19
C005810,Samantha Barrett,skeller@example.org,9011427479,2000-07-13
C005811,Jennifer Smith,amberali@example.net,8574430491,1966-07-01
C005812,Gary Wood,bakerlaura@example.org,4524278481,1985-08-12
C005813,Harry Bridges,kthompson@example.org,7995420259,2001-05-28
C005814,Christopher Moore,michael09@example.com,3242494209,1974-12-22
C005815,Kathleen Welch,masonroy@example.com,3159866674,1982-06-16
C005816,Jennifer Sanders,omckenzie@example.org,2584202342,1989-04-20
C005817,Patricia Garcia,smartinez@example.org,4722224930,1961-09-02
C005818,Annette Villa,bruce49@example.com,3461857248,1999-02-08
C005819,Julia Santiago,gary01@example.com,1599100653,1993-02-27
C005820,Jacqueline Martin,gmendoza@example.net,5100747164,1982-02-26
C005821,Donna Robbins,kdecker@example.net,9561967755,1970-01-29
C005822,Connie Armstrong,adamsjesse@example.net,5357022678,1973-04-08
C005823,Alan Mccarty,ewright@example.org,9568601778,1963-08-12
C005824,Sean Rivera,nwallace@example.net,2608230074,1984-07-13
C005825,Adam Sanders,nicole24@example.org,4665188222,1962-05-18
C005826,Jordan Chapman,mitchellrhonda@example.net,2254170940,1974-11-28
C005827,Michael Horne,melissafrazier@example.net,1953192106,2001-08-31
C005828,Jonathan Gregory,pwilson@example.net,7980530430,1997-02-21
C005829,Mark Kim,stacy06@example.com,6749760341,2001-12-03
C005830,Angela Mathis,yfoley@example.com,1724102856,1959-07-30
C005831,Jason Thompson,april01@example.net,1667720593,1957-07-22
C005832,Brandon Estes,flozano@example.com,5463044838,1952-11-29
C005833,Paul Schwartz,jonathan90@example.net,5578003342,1955-05-26
C005834,Justin Reyes,kathryn09@example.com,5222462886,1980-02-28
C005835,Gregory Yates,sherry90@example.net,0137428701,1977-09-19
C005836,Jodi Elliott,bdavis@example.net,4084364550,1990-02-23
C005837,Kelly Boyer,fleach@example.com,1274398100,1992-12-02
C005838,Cindy Williams,adamsabigail@example.org,6901303933,1952-12-07
C005839,Wyatt Wade,zking@example.org,2842864200,1956-10-08
C005840,Scott Johnson,icarpenter@example.com,3481340485,1993-03-24
C005841,Christopher Gross,vjones@example.com,1462144569,1999-12-17
C005842,Laura Miller,turnerlisa@example.org,7950062545,1973-07-25
C005843,Joshua Todd,kscott@example.com,2816904545,1955-02-18
C005844,Kristen Adams,tle@example.net,9841076860,1986-04-30
C005845,Tommy Moss,ocoleman@example.org,6659569065,1986-10-29
C005846,Jamie Allen,barbara80@example.com,9693610017,1966-01-06
C005847,Michael Smith,waynewoods@example.net,5483044396,1951-04-27
C005848,Debra Rivera,goconnell@example.net,9344261744,1955-10-21
C005849,Nathaniel Jones II,cdominguez@example.net,8006005002,1962-06-25
C005850,Colton Lopez,pamela70@example.net,5094094895,1964-08-22
C005851,Mary Collins,angelasolomon@example.org,3619251917,1962-06-19
C005852,Mark Gallagher,cherylclay@example.org,8243083639,1996-10-18
C005853,Nicole Sanchez,larryballard@example.org,8870140738,1971-02-16
C005854,Shannon Mueller,heatherbrandt@example.com,7914869960,1990-02-17
C005855,Jennifer Wallace,ericweiss@example.net,9664912604,1990-07-24
C005856,Kenneth Powers,renee02@example.net,5800144762,1994-08-06
C005857,Julie Cruz,wilkinslynn@example.net,1985894490,1958-05-19
C005858,Christopher Peterson,kimamy@example.org,3735273433,1990-07-06
C005859,Ryan Johnson,kimberlymartinez@example.net,5680285347,1975-11-15
C005860,Lee Baxter,gabriellegordon@example.org,0618804717,1971-06-27
C005861,Danny Fowler,jonathan54@example.org,0437822171,1975-02-16
C005862,Todd Johnston,sullivanscott@example.net,5667349090,1991-01-05
C005863,Melissa Sandoval,lalvarado@example.net,7678176749,1984-05-22
C005864,Jessica Dean,gfrench@example.net,3673633334,2002-12-31
C005865,Benjamin Luna,hbrooks@example.net,1184000275,1963-04-14
C005866,Joseph Wood,sarah65@example.org,5158419551,1984-05-20
C005867,Richard Nguyen,brandonbrown@example.com,3130946926,1959-10-09
C005868,Richard Smith,michaelwilson@example.net,5599697374,1952-02-01
C005869,Crystal Kelly,emilyellis@example.net,2863516140,1981-08-07
C005870,Micheal Conway,hvelez@example.org,5555355396,1985-10-11
C005871,Carol Horton,mary70@example.org,5394689596,1961-09-13
C005872,Kim Logan,derekthompson@example.net,0708016487,1972-08-26
C005873,Christian Gordon,xmendoza@example.net,4396847031,2001-11-21
C005874,Lisa Dyer,teresa51@example.com,0912869287,1966-05-05
C005875,Kyle Bautista,kaylee04@example.org,6178826960,1975-09-23
C005876,Jeffery Cross,mmoore@example.com,7843272670,1982-04-05
C005877,Kristy Smith,sharpjames@example.com,4883591596,1999-06-16
C005878,Miguel Ford,lindsaydiaz@example.net,5520703005,1990-07-08
C005879,David Terry,donald32@example.com,5644336710,1998-04-20
C005880,Benjamin Bartlett,alexa12@example.com,1275575679,1997-05-20
C005881,Mary Jordan,cindyball@example.net,9943385459,1954-04-07
C005882,John Coleman,phillipskelly@example.net,8010467457,1972-11-09
C005883,Kevin Clark,susanwade@example.org,8848663888,2003-11-22
C005884,Joshua Quinn,todd84@example.com,3105666242,1964-08-06
C005885,Katherine Vaughn,gallaghercarl@example.net,0578542224,1955-04-22
C005886,Wendy Torres,srussell@example.net,2286520413,1956-02-21
C005887,Amber Wong,debra10@example.com,9497725402,1990-03-06
C005888,Kelly Rasmussen,garymitchell@example.org,5910274897,1962-03-03
C005889,Brandon Bennett,ihamilton@example.net,6968313099,1964-12-09
C005890,Michaela Combs,sarahmoore@example.org,0172373943,1978-12-07
C005891,Jeffery Sampson,melissa52@example.net,1822710905,2000-05-15
C005892,Barbara Rodriguez,ohart@example.com,2791533530,1996-02-16
C005893,Rachael Knapp,ywood@example.net,5561802158,1992-03-18
C005894,Shirley Larson,jessicagordon@example.org,1602448741,1968-11-02
C005895,Michael Foster Jr.,susan32@example.com,4346740134,1998-12-06
C005896,Cassandra Lopez MD,garciajohn@example.com,6999013747,1962-06-17
C005897,Garrett Miles,donnastevenson@example.net,2977347492,1968-09-27
C005898,Adam James,annshort@example.com,2265776079,1978-12-28
C005899,Christina Li MD,carolrobbins@example.net,1994288702,1980-10-20
C005900,Gloria Henry,olsonjacqueline@example.net,1404503872,2004-09-12
C005901,Lisa Jackson,cruzpaula@example.org,3240743615,1970-10-04
C005902,Daniel Harrison,barberdwayne@example.net,8870670703,1979-08-04
C005903,Brittney Bush,patricia76@example.net,7411020861,1979-11-18
C005904,Frederick Alvarado,nathanielharris@example.org,7257840902,1964-12-09
C005905,Bryan Valdez,timothycastro@example.com,9001424316,1993-11-22
C005906,Stacy Wilson,nbaker@example.net,8574482147,1988-10-15
C005907,Jose Hill,jilljackson@example.org,0914223616,1956-03-09
C005908,Brian Sanchez,iangarcia@example.com,0827481044,2004-01-18
C005909,Edward Wood,joshua58@example.com,7581491171,1970-11-11
C005910,Kathryn Hill,phensley@example.com,2385340218,1966-03-02
C005911,Garrett Adkins,seancrawford@example.net,1745331453,1979-08-09
C005912,Brandon Gardner,gregoryhernandez@example.net,9784260906,1987-04-08
C005913,Michael Howard,dgriffin@example.net,6493693926,2005-04-03
C005914,Michael Smith,wvance@example.org,2807271683,1964-06-21
C005915,Julie Patterson,farmerjasmine@example.com,5056170564,1993-01-08
C005916,Michael Proctor,brownpatrick@example.org,3560130964,1995-01-02
C005917,Kara Hernandez MD,laura53@example.com,6978118750,1996-12-18
C005918,Robert Douglas,clifford33@example.org,5395332129,1982-10-27
C005919,Rachel Fernandez,michaelbarron@example.org,6076471733,1987-07-06
C005920,Nathan Miller,molly20@example.org,4912104476,1984-11-03
C005921,Amy Villanueva,rileyjanice@example.org,2710509089,1973-08-04
C005922,Gary Page,tracyphillips@example.com,1632540436,1955-04-23
C005923,Jonathan Bryant,kellyanthony@example.com,4067791854,1994-05-02
C005924,Matthew Todd,lroberts@example.org,4189652369,1993-10-07
C005925,James Welch,amy40@example.com,6613137843,1995-04-21
C005926,William Carroll,lmiller@example.org,7529896961,1954-05-05
C005927,Kimberly Smith,melissajimenez@example.com,6525946960,1963-01-13
C005928,Larry Fletcher,crystal03@example.com,1923438563,2005-08-06
C005929,Brittany Smith,timothyvasquez@example.com,0336665384,1973-03-10
C005930,Brenda Miller,john85@example.org,4188711702,1993-11-29
C005931,Joshua Lewis,wrighttony@example.org,2288096807,1997-12-04
C005932,Lisa Ross,tanyasmith@example.org,8276093980,1986-02-18
C005933,Cameron Brooks,rebeccanelson@example.com,1502732224,1984-10-03
C005934,Bryan Wolf,karla85@example.net,5394788184,1970-04-17
C005935,Dana Bowen,lauriechavez@example.org,5076493972,2001-05-14
C005936,Karen Bright,alexandra54@example.net,4149116897,1961-08-11
C005937,Dennis Gilbert,melissa31@example.net,9273029457,1953-10-06
C005938,William Hill,meganchandler@example.com,1539900081,1967-02-15
C005939,Hannah Gonzales,badams@example.net,9429217590,1981-03-12
C005940,Joshua Eaton,laura12@example.net,5373263773,1959-02-12
C005941,Stephanie Carter,victoria77@example.com,4370695459,2003-09-05
C005942,Dennis Solis,claudia95@example.org,6000225856,2000-07-13
C005943,Brittany Ellis,floresrobert@example.com,2967824984,1952-01-05
C005944,James Martinez,stevensjohn@example.com,1302562608,1987-06-25
C005945,Linda Humphrey,benjamin72@example.com,6849533005,1965-04-29
C005946,Brian Young,davidlopez@example.com,7576360187,1961-02-28
C005947,Tara Durham,sgarcia@example.com,9964006335,1961-01-08
C005948,David Castro,julian99@example.org,6102548857,1975-07-09
C005949,Gregory Wilson,lwarner@example.com,1414794534,1981-07-16
C005950,Raymond Maddox,woodmeagan@example.com,1359246812,1964-02-03
C005951,Kevin Cochran,angelaaustin@example.net,8796555847,1959-03-30
C005952,Marcus Parks,jonesmichael@example.com,3065703261,1977-03-01
C005953,David Burton,lprince@example.org,6928072229,1953-07-23
C005954,Michelle Vang,kevin53@example.com,6048556739,1998-02-20
C005955,Philip Powers,eking@example.org,3973691175,1981-07-03
C005956,Jody Schultz,barnesrobert@example.org,5630773924,1959-05-22
C005957,Wendy Lopez,thurst@example.org,6315392101,1961-07-11
C005958,Sarah Marshall,brookssteve@example.com,5936328052,1967-09-04
C005959,Erik Barton,amandafranklin@example.com,3796287712,1962-05-27
C005960,Nicholas Thompson,ireese@example.com,6990210745,1964-03-05
C005961,Jacqueline Griffith,hortonheather@example.com,3729099201,1967-06-25
C005962,Cassandra James PhD,nguyenemily@example.com,2830733847,2003-04-19
C005963,Jennifer York,michaeltran@example.org,5282151831,1993-06-20
C005964,Travis Grant,sarahgarcia@example.net,0759034467,2004-07-20
C005965,Mary Rice,garciasarah@example.org,3859715869,1971-04-05
C005966,Audrey York,james98@example.org,7588552373,1996-06-14
C005967,Douglas Quinn,lewisian@example.org,0311399552,1954-05-19
C005968,Amy Wallace,travisharper@example.net,1687302122,1974-09-23
C005969,Nancy Bell,mike21@example.com,8385550863,1998-08-31
C005970,Patrick Mitchell,trevinocandace@example.org,8138022074,1992-11-24
C005971,Alicia Allen,christopher98@example.com,2891191220,2002-10-23
C005972,Katie Adams,rwalker@example.com,5769322280,1982-09-30
C005973,Diana Zimmerman,jbailey@example.com,3246974868,1963-02-28
C005974,Cynthia Scott,apope@example.org,9267573133,1990-07-20
C005975,Jeffrey Miller,robertboone@example.org,5491234335,1999-03-11
C005976,Casey Ruiz,carlos45@example.org,0482261550,1956-01-11
C005977,Sherri Goodman,rose37@example.org,1571621699,1994-08-06
C005978,Samuel Robertson,heather31@example.com,3466520296,1996-10-06
C005979,Christina Mcdonald,hayleybowers@example.net,3043112291,1962-05-11
C005980,Tammy Alexander,lisa53@example.com,7183164074,1979-09-23
C005981,Michael Olson,chenruben@example.net,6133655075,2001-01-27
C005982,Janice Stewart,williamthomas@example.com,2369238599,1970-09-18
C005983,Linda Hunt,kim75@example.com,9272111314,1960-12-13
C005984,Jennifer Hill,turnerdavid@example.org,4833946191,1969-01-09
C005985,Lisa Keller,qcollins@example.net,2000338932,1994-08-24
C005986,Rebecca Nicholson,jeremygreer@example.org,9019814665,1986-09-28
C005987,Lynn Ray,abigailgoodman@example.net,6286151122,2000-08-28
C005988,Joshua Erickson,opayne@example.com,8046575219,2002-01-02
C005989,David Carpenter,frank06@example.com,0181788953,1987-02-08
C005990,Melanie Clements,zharding@example.com,8950724663,1955-11-05
C005991,David Young,theresa85@example.com,8938448235,1964-07-11
C005992,Robert Lewis,williamsadam@example.net,4059125810,1961-09-20
C005993,Nathaniel Luna,joshuafrench@example.net,0797991215,1959-08-26
C005994,Kevin Hartman,denisephillips@example.org,2774843509,1956-09-29
C005995,Meagan Smith,bmeyer@example.net,7932891368,1957-08-29
C005996,Jeffrey Hawkins,igraves@example.com,2208209855,1997-04-14
C005997,Ryan Craig,ulopez@example.org,4978995248,2002-11-22
C005998,Scott Martinez,thompsonjared@example.com,5400760131,1993-05-08
C005999,Sandra Bryant,reginalewis@example.com,9760229405,1995-12-25
C006000,Ronald Evans,susan56@example.net,5120163393,1958-09-28
C006001,David Rivera,cabrerarobert@example.net,7410745005,1977-06-13
C006002,Kathy Pham,heather04@example.net,2170851845,1952-12-06
C006003,Alexis Yates,pauljames@example.org,4522441425,1976-02-24
C006004,Jamie Henry,robinsonmichael@example.net,6666005946,1966-04-13
C006005,Jasmine Williams,vramirez@example.com,9617726207,1957-08-30
C006006,Tony Richard,joshuaellis@example.com,4119870782,1967-04-03
C006007,Joshua Miller,emily98@example.net,1713774430,1957-11-01
C006008,Carlos Graham,karen81@example.org,6921873213,1953-04-29
C006009,David Kelly,don13@example.net,2558144185,1982-12-11
C006010,Kelsey Jackson,williamharris@example.com,7129341455,1987-09-30
C006011,Kyle Fritz,annettelawson@example.net,7950316048,1999-08-13
C006012,James Stewart,vtaylor@example.net,7829101886,1999-10-23
C006013,Sherry Curtis,allen25@example.org,9857171770,1977-10-17
C006014,Travis Anderson,lrollins@example.org,0012028587,1956-10-27
C006015,Alejandro Martin,mmorton@example.net,9284997346,1967-05-21
C006016,Jeremy Robinson,vgonzalez@example.net,1544130696,1987-04-16
C006017,Jason Garcia,brewerbrandy@example.net,0220255878,2000-02-17
C006018,Casey Clay,jasmine96@example.com,6877206762,1966-03-29
C006019,Jacob Jarvis,timothy68@example.com,8802895721,1968-08-24
C006020,Lisa Reed,ramirezkevin@example.com,3778533343,1960-01-29
C006021,Joshua Brown,paula36@example.net,2115889708,1953-06-22
C006022,Mark Price,wlee@example.com,5166006429,1980-03-12
C006023,James Santiago,gregory76@example.net,2900901934,1961-06-27
C006024,Mr. Todd Trujillo,kharris@example.com,7044838073,1976-08-22
C006025,Sharon Campbell,timothy32@example.net,2120830370,1987-04-12
C006026,Selena Lee,donaldking@example.net,2216291041,1998-05-15
C006027,Courtney Gomez,medinataylor@example.net,0538290327,1996-04-17
C006028,Jessica Pace,cmays@example.org,3659239818,2000-05-18
C006029,Elizabeth Williams,lyonsbrian@example.com,5848720572,1951-03-12
C006030,John Vaughn,fmartinez@example.com,3809176355,1988-04-21
C006031,Jason Kennedy DDS,marcus71@example.org,6087702989,1968-05-23
C006032,James Livingston,jimenezmelissa@example.org,0028057312,1951-03-09
C006033,Samantha Daniels,amyholder@example.com,2197424420,1955-06-15
C006034,Scott Gutierrez,dudleymichelle@example.org,1837891655,1960-04-02
C006035,Rebekah Joseph,jennifer49@example.com,5673844277,2004-03-07
C006036,Charles Lopez,ericafloyd@example.com,1469469264,1975-01-31
C006037,Leslie Maxwell,wesleyanderson@example.org,8243435816,1988-04-09
C006038,Laura Hernandez,johnhudson@example.com,4460040458,1986-04-04
C006039,Adam Dunn,pdavies@example.com,9015062161,1979-01-03
C006040,Rachel Dominguez,kimberlyalvarez@example.com,2536420736,2005-06-25
C006041,John Mason,robertsmith@example.org,5918680596,1979-06-30
C006042,Mitchell Davis,feliciamorris@example.org,7643554764,1979-02-20
C006043,Angel Moore,jonathanlove@example.org,4311500181,1980-05-30
C006044,Ricardo Tucker,johnwells@example.com,4387526119,1993-02-16
C006045,Alicia Fowler,guzmanteresa@example.com,9982303018,1988-06-26
C006046,Dustin Adams,shannon78@example.org,0493147042,1992-08-25
C006047,Andrea Brooks,davidpearson@example.org,2016967534,1987-01-01
C006048,Gary Mann,ylopez@example.net,4653892039,1978-04-11
C006049,Tammy Adams,jennifer81@example.net,3883003857,1977-11-17
C006050,Jason Hays,angela78@example.org,2767444752,1975-03-20
C006051,Christine Harris,oguzman@example.com,3911589087,1996-01-06
C006052,Ryan Gonzalez,patrick03@example.org,1376022124,1979-11-20
C006053,Samantha Bates,johnwagner@example.com,5378310214,1971-04-11
C006054,William Sparks,katiemarquez@example.org,4623306422,1976-12-03
C006055,Katie Harris,cynthia79@example.org,2345575941,2002-10-25
C006056,Nicholas Lam,brendazimmerman@example.org,7480281835,1975-02-03
C006057,Brenda Washington,lori22@example.org,0463147543,1987-07-16
C006058,John Kim,danielsherman@example.com,6090889874,1995-05-31
C006059,Anna Mason,joseph78@example.org,4710612524,1999-05-02
C006060,Dylan Jacobs,greenhector@example.net,6732444285,1970-04-27
C006061,Brad Snow,hoffmanronald@example.org,8446106052,1992-12-08
C006062,Victoria Brooks,tammyfarrell@example.com,7370581731,1977-11-04
C006063,Nicole Thompson,lianthony@example.org,0874167886,1978-12-16
C006064,Stephen Thomas,brownrobert@example.org,7902035637,1962-09-18
C006065,Kristi Cole,davewarner@example.com,2071745637,1960-04-15
C006066,Desiree Hall DVM,valerie79@example.net,9339319004,1992-07-19
C006067,Gary Nelson,fullerrebecca@example.com,1969664852,2003-05-14
C006068,Austin Jacobs,ofisher@example.net,5997625292,1963-06-30
C006069,Christopher Mathews,gonzaleschristopher@example.net,7425590248,1966-07-12
C006070,Colleen Young,stephaniemills@example.com,4244551274,1965-04-25
C006071,Ashley Koch,mckenziekatie@example.com,4103600315,2000-11-23
C006072,Eric Jones,karen45@example.org,6984857087,1958-09-27
C006073,Tammy Thomas,gonzalezamy@example.com,9760850926,1983-07-15
C006074,Tracy Morrow,kellywagner@example.net,9354523565,1997-01-05
C006075,Michelle Fletcher,rhorton@example.net,3697382687,2003-03-01
C006076,Derek Carroll,steven73@example.com,0946542473,1990-09-13
C006077,Diana Alvarez,vkeith@example.com,6817803999,1995-03-06
C006078,Ryan Ball,torresraymond@example.net,0148444993,1975-12-14
C006079,Joshua Brown,coreymorse@example.net,6566747179,1997-04-18
C006080,Richard Brown,hernandezteresa@example.com,3668755567,1952-08-27
C006081,Zachary Rollins,vaughangary@example.net,1634345774,1961-06-18
C006082,Annette Schneider,lewisanthony@example.com,4746503248,1995-10-13
C006083,Christine Lin,michelelin@example.org,5435279299,1952-01-13
C006084,Dustin Bright,samantha16@example.org,9083878432,1966-04-18
C006085,Casey Rodriguez,bradydouglas@example.net,8702419621,1992-02-14
C006086,Roger White,coxkarl@example.org,9284879006,1994-04-21
C006087,Elizabeth Melendez,cooleyalexis@example.com,6211346121,1993-03-20
C006088,Kelly Roberts,alexis13@example.org,6091318255,1951-09-08
C006089,Luis Montoya,richardsjenna@example.org,1608799996,1963-10-10
C006090,Gregory Price,jessicaolsen@example.com,2377329641,1999-09-20
C006091,Douglas Edwards,stevenrodriguez@example.net,1904523656,1976-02-26
C006092,Debbie Potts,timothy36@example.com,5720994494,1956-12-24
C006093,Megan Preston,fmay@example.com,1137692390,1992-09-04
C006094,Frank Garcia,zacharydorsey@example.com,2808585551,1997-01-12
C006095,Stacy Weber,tara17@example.com,3294772695,1984-02-05
C006096,Jacob Castillo,lauriegray@example.net,8354908699,1988-11-05
C006097,James Rivers,robertsgary@example.com,3408683938,1988-02-04
C006098,Erika Chambers,michael03@example.net,3027394968,1998-11-21
C006099,William Francis,bradmichael@example.org,0334314395,1955-10-14
C006100,Rebecca Crawford,leslie62@example.org,0631714548,1975-07-20
C006101,Mackenzie Juarez,bsummers@example.net,4756726968,1977-10-03
C006102,Robert Caldwell,stephanie73@example.com,4038031977,1968-11-19
C006103,Richard Collier,perezdustin@example.com,4614046604,1970-01-21
C006104,Bailey Diaz,nwilson@example.net,9776826895,1968-08-29
C006105,Lisa Moore,fmiller@example.org,4363856493,2004-03-18
C006106,John Clayton,mary35@example.net,1552406993,1984-06-06
C006107,Emma Hill,anthony22@example.net,5744431380,1978-12-21
C006108,Scott Potter,amandataylor@example.com,2427011713,1965-08-23
C006109,Tanya Mclaughlin,amiller@example.net,4995054349,1987-08-07
C006110,Frances Medina,brendafisher@example.com,6497859639,1995-03-29
C006111,John Moore,raymondwolfe@example.com,2833815512,1979-04-08
C006112,Jessica Williams,williamjackson@example.com,3075040731,1959-08-22
C006113,David Ford,amanda92@example.net,6090002373,1965-03-27
C006114,Stacy Sutton,frankguy@example.net,2463988858,1987-02-21
C006115,Crystal Dorsey,valentineheather@example.net,1816211156,1986-03-28
C006116,Sheila Dixon,humphreyregina@example.com,3651191667,1953-06-08
C006117,Elizabeth Monroe,justinmosley@example.org,6681031494,1967-09-13
C006118,Jason Cannon,williamsmichelle@example.org,5836831439,1980-04-20
C006119,Veronica Murphy,william68@example.org,3383263196,1999-03-09
C006120,Jacob Martinez,qgonzalez@example.com,8879614020,1963-11-16
C006121,Brittany Robertson,jessicacarter@example.com,7518576777,1986-06-11
C006122,Mr. Marcus Rogers MD,greenkenneth@example.org,4834452119,2004-05-05
C006123,April Jones,ortizdylan@example.org,5844421534,1983-08-12
C006124,Mrs. Sherry Duncan,vharris@example.com,1037976294,1974-04-10
C006125,Robin Williams,kimberlyphillips@example.com,8373806495,1993-04-04
C006126,Noah Warner,umccormick@example.org,3463998182,2004-11-02
C006127,Christopher Davis,nbriggs@example.org,3650350496,1952-08-01
C006128,Micheal Reynolds,michael07@example.org,5476038304,1974-04-17
C006129,David Davis,hernandezfrank@example.com,2081213153,1993-12-02
C006130,Leslie Bonilla,fuentesnathan@example.org,0141679085,1957-09-20
C006131,Molly Ayala,sbonilla@example.com,2310039636,1982-07-07
C006132,Omar Jones,qfreeman@example.com,6332371856,1994-02-17
C006133,Amanda Jones,jamespham@example.com,2385099964,2000-01-12
C006134,Rachel Wilson,ushah@example.net,3381680835,1987-05-22
C006135,Andrew Perez,dennis38@example.org,1735782027,1954-06-02
C006136,Megan Hall,cswanson@example.com,7235156746,1980-06-25
C006137,Brandon Avila,cruzjames@example.org,6046110217,1991-11-01
C006138,Margaret Simpson,christine05@example.org,3033525114,1992-07-18
C006139,Jonathan Douglas,kevinboyd@example.com,0014185871,1966-12-31
C006140,Leah Brock,frostdavid@example.org,0827722331,1993-12-13
C006141,Catherine Marsh,unorman@example.com,7530480041,1964-01-13
C006142,Kelly Williams,bennettbenjamin@example.net,5185278750,1954-11-27
C006143,Jose Green,fdyer@example.net,0022096539,1958-06-22
C006144,Isaiah Mueller,tlopez@example.org,8747755668,1962-08-09
C006145,Adrienne Tran,kevin51@example.org,8791627520,1956-04-29
C006146,Jackson Davis,brenda67@example.net,6326199701,1987-09-26
C006147,Michelle Wiley,taylorlopez@example.org,8803401855,1956-05-12
C006148,Gerald Nunez,ewingrobin@example.com,8837630851,1990-07-17
C006149,David Lopez,holly50@example.org,1257938859,1985-11-03
C006150,Jerry Lee,cashley@example.org,9634737742,1953-09-20
C006151,Ryan Frazier,ybean@example.net,9808845155,1978-10-15
C006152,Mark Sanders,ann34@example.org,6349120987,1951-05-15
C006153,Sandra Thompson,daniel15@example.com,9142438448,1956-07-22
C006154,Christina Brown,kburton@example.org,0322371428,1979-07-27
C006155,Kelly Larsen,lclark@example.org,7399558541,2003-05-04
C006156,Brian Hendrix,sdaniel@example.com,7391849456,1957-03-18
C006157,Regina Fernandez,shannon99@example.com,3921860432,1986-08-13
C006158,Jennifer Scott,murphydorothy@example.com,5011327928,1962-04-09
C006159,John Moreno,michaelherrera@example.com,4871516171,1962-10-01
C006160,Erik Lewis,floresjames@example.com,6555923981,1989-03-14
C006161,Amber Welch,lawrence87@example.net,5225618079,1993-02-25
C006162,Lacey Parker,torrestracy@example.com,6908220137,1980-05-06
C006163,Vincent Garrett,zwilson@example.org,5720482287,1983-04-18
C006164,Melissa Beasley,gyu@example.net,1395608675,1999-04-18
C006165,Mitchell Murray,wendy61@example.com,7917347623,1959-03-02
C006166,Tina Sims,brian16@example.net,3476628871,1995-06-06
C006167,Brooke Stanley,yshelton@example.org,8643005423,1995-08-29
C006168,Heather Stevens DDS,nicole62@example.net,7730522168,1980-08-30
C006169,Keith Morgan,lindahill@example.com,4044323792,2004-11-24
C006170,Leslie Smith,qrodriguez@example.net,5190365421,1969-05-03
C006171,Michael Lamb,rkeller@example.net,9297877939,1998-09-09
C006172,Lauren Wright,tinagarcia@example.com,3978786150,1959-10-26
C006173,James Martin,charlottemurphy@example.org,1699067371,1986-12-02
C006174,James Snyder,bstanley@example.net,8202071825,1969-11-22
C006175,Rebekah Ware,esantiago@example.net,6082560062,1988-09-03
C006176,Jennifer Clark,waltonnicholas@example.net,0541616841,1968-10-20
C006177,Sarah Johnson,bruce04@example.com,4822027523,1983-02-21
C006178,Keith Booker,gkemp@example.net,2120573790,1953-04-08
C006179,Richard Herrera,seanpark@example.com,3873647489,1990-02-01
C006180,Frederick Robinson MD,robinwatts@example.net,8005640029,1978-06-08
C006181,Michele Riley,davischristy@example.net,6165463450,1981-09-09
C006182,Julie Lyons,vhoward@example.com,7813287757,1963-05-29
C006183,David Sloan,ramirezmichelle@example.net,4663686518,2004-12-16
C006184,Tonya Lucas,lewisricardo@example.org,9443766269,1958-03-09
C006185,Carol Sullivan,fraziersamantha@example.net,8686624121,1981-05-02
C006186,Edward Green,tmiller@example.net,8368437228,1968-04-19
C006187,Lauren Morris,thompsonvicki@example.org,7634190826,1978-02-17
C006188,William Quinn,suttonedward@example.net,1481004332,1953-02-20
C006189,Mike Ramsey,vwarren@example.com,5481935628,1965-04-15
C006190,David Hernandez,richardsonrobin@example.org,4247256926,1995-12-11
C006191,Joseph Johnson,nancyshepherd@example.net,0435213565,1950-11-14
C006192,Bonnie Gregory,christinalucero@example.net,5661401782,1973-11-02
C006193,Melanie Rich,halljacqueline@example.net,4740830811,1979-06-27
C006194,Stacy May,ashley92@example.net,7559420511,1970-04-13
C006195,Andrew Jordan,nicholas18@example.com,1891794210,1955-03-07
C006196,Jessica Nolan,bobby21@example.net,6769861150,1999-01-02
C006197,Dakota Howard,jennifer42@example.org,1143243073,1951-01-24
C006198,Peter Franco,andrewmendoza@example.net,0031579103,1969-08-09
C006199,Debra Lara,thamilton@example.net,3056117239,1998-06-07
C006200,Amber Dudley,moodynicole@example.net,4941769116,1988-06-09
C006201,Barry Collins,jeremysmith@example.net,3217517524,1981-04-13
C006202,Bridget Reynolds,kathleen90@example.org,5791225044,1955-04-23
C006203,Kevin Huffman,allison85@example.com,8268972129,1969-11-04
C006204,Daniel Morgan,brownlisa@example.com,5203475517,1960-08-27
C006205,Bruce Herrera,leerussell@example.net,8199466466,2001-12-03
C006206,Paul Petersen,millervalerie@example.net,4192603782,2001-10-11
C006207,Jonathan Villarreal,porterchristina@example.org,7628254979,1997-07-30
C006208,Melissa Butler,christian30@example.com,7066625833,1998-04-07
C006209,Melissa Cox,bcooper@example.net,6926940881,1967-08-06
C006210,Cynthia Bullock,chaddavis@example.net,5710300001,1971-04-06
C006211,Charles Johnson,morrisdenise@example.net,2088190776,1976-09-07
C006212,Terry Franco,donna80@example.net,8622329467,1975-01-28
C006213,Lauren Mata,gamblenicole@example.org,7237485312,1982-05-11
C006214,David Fields,marymcknight@example.org,1771379498,1994-09-07
C006215,Christopher Jennings,williambaker@example.com,8912716003,1966-12-21
C006216,Diana Wu,robertsonthomas@example.org,7255481481,2002-12-19
C006217,Susan Garcia,thompsonbeth@example.org,2945628182,1962-07-14
C006218,Melinda Singleton,michael34@example.com,1127895675,1970-03-11
C006219,Kevin Rodriguez,hansenkelsey@example.com,0347464929,1989-06-30
C006220,Kent Allen,amber03@example.net,1621597590,1954-07-21
C006221,Daniel Klein,harveyashley@example.net,7487104856,1960-08-05
C006222,Kaitlin Davis,lynchmelanie@example.com,2045245324,1977-01-28
C006223,Jonathan Bauer,wmorris@example.com,3319069016,1992-10-29
C006224,Scott Davis,scott10@example.com,5423037432,1986-01-11
C006225,Ashley Le,jason71@example.com,4270655108,1957-02-17
C006226,Hannah Young,katherine64@example.net,3166174149,1983-09-27
C006227,Jeremy Taylor,jasonwright@example.com,0179180919,1978-09-23
C006228,Kathryn Snyder,stephenking@example.org,8830431786,1955-09-03
C006229,Michael Haynes,xpeters@example.org,3767317933,2005-03-13
C006230,Johnathan Baird,vgraham@example.net,1484521661,1953-03-20
C006231,Kimberly Bruce,jjennings@example.org,1413164220,1959-03-24
C006232,Alex Harris,katie07@example.net,3858389833,1984-01-31
C006233,Jessica Smith,wilsonjesus@example.org,3041469299,1995-12-14
C006234,Anna Schultz,sarah12@example.org,8640939425,1998-12-18
C006235,Eddie Butler,icuevas@example.net,7500568966,1965-10-10
C006236,April Goodwin,cherylvasquez@example.com,5641212389,1991-05-11
C006237,Michelle Robertson,hardinkelly@example.com,7119695941,2004-03-21
C006238,Larry Young,cochrandenise@example.net,7994595594,2000-01-19
C006239,Bradley Randall,odonnellandrew@example.org,2607344312,2001-05-31
C006240,Jane Holmes,angelagates@example.com,9158160636,2005-03-15
C006241,Michael Campbell,dianegalloway@example.net,6704544408,1982-09-02
C006242,Mr. Christopher Sullivan,pamela16@example.org,0735606597,1981-08-03
C006243,Gloria Carlson,andreawagner@example.com,4827212527,1985-02-22
C006244,Krista Williams,zlambert@example.org,3530354579,1965-10-16
C006245,Ryan Anderson,amber72@example.org,5408608492,1997-04-17
C006246,Kristen Cameron,jakeweaver@example.com,1321608275,1987-03-29
C006247,Lance Johnson,arthurtucker@example.net,5701270881,1964-11-16
C006248,Kyle Martinez,danny07@example.org,5028357100,1968-04-28
C006249,Brooke Orozco,xroy@example.org,1997747379,1983-04-10
C006250,Megan Jackson DDS,jacobmiles@example.org,9463083861,1959-10-28
C006251,Kimberly Blackburn,crosslance@example.net,0455353024,1951-07-15
C006252,Lauren Herrera,michael38@example.org,9088773141,1962-12-16
C006253,Carlos Franklin,smitchell@example.net,7708715599,1954-03-26
C006254,Tammy Lawrence,englishangela@example.org,5164520835,1965-07-28
C006255,Pamela Griffith,susan02@example.org,0909939224,1983-10-15
C006256,Sara Brown,tjohnson@example.org,3252809498,1951-06-21
C006257,Matthew Olson,krussell@example.com,7677426848,1964-04-30
C006258,Daniel Webster,eduardo41@example.com,3134538889,1988-05-06
C006259,Jessica Braun,dianachavez@example.com,4767273510,1968-11-09
C006260,Amanda Shelton,frederick69@example.org,4486146521,1968-09-13
C006261,Pamela Villa,denise32@example.com,7869163365,1958-10-29
C006262,Courtney Griffin,ntaylor@example.org,6537093087,1988-08-26
C006263,Jacob Potter,hurleycaleb@example.net,6465149898,1993-09-20
C006264,Wesley Peters,daniel50@example.com,2886020760,2001-09-14
C006265,Tara Davila,michael73@example.org,0740809369,1964-06-25
C006266,David Fisher,williamtran@example.org,0864538811,1950-10-29
C006267,Joanna Allen,lfritz@example.net,7678491926,1988-08-01
C006268,Angela Morrison,hernandezdaniel@example.org,4281811447,1992-09-13
C006269,Darius Jackson,danarobinson@example.com,4064984816,1987-01-21
C006270,Alejandro Flores,cbanks@example.com,2201127029,1969-02-06
C006271,Andrew Simmons,sking@example.net,5654037438,1981-11-06
C006272,Keith Curtis,jeff61@example.net,9363445661,1992-05-26
C006273,Michael Dalton,gparker@example.com,0267215609,1980-06-22
C006274,Elizabeth Bell,nhoffman@example.org,0740675687,1954-03-02
C006275,Amanda Johnston,kingchristine@example.net,8324973768,1997-10-23
C006276,Michael Chase,erosales@example.net,9202853258,1976-08-27
C006277,Alex Williams,adamsmandy@example.com,7709018278,1970-05-05
C006278,Leroy Bryant Jr.,marycastillo@example.org,0302334807,2002-02-24
C006279,Mr. Victor Taylor,hillstacy@example.net,8667693295,1985-02-27
C006280,Robert Harris,vanessa51@example.com,4583802784,1987-11-17
C006281,David Long,laura39@example.com,1551802956,2003-10-23
C006282,Mr. William Turner,gstanton@example.net,6680242428,1963-08-04
C006283,Jeffrey Stevens,bmerritt@example.org,9068548671,1998-05-07
C006284,Mark Campbell,zwiggins@example.org,4731013835,1989-02-18
C006285,Vanessa Fisher,donaldgilbert@example.com,6759036878,1952-07-26
C006286,Brandon Jimenez,douglassilva@example.com,6328699993,1989-11-20
C006287,Bryan Yang,aperkins@example.com,5023614773,1999-02-04
C006288,David Chapman,william12@example.net,6307228056,1982-01-21
C006289,Cynthia Espinoza,barrerajames@example.com,5123006511,1994-05-16
C006290,Richard Norton,margaretdorsey@example.org,7533431321,1952-02-17
C006291,Cody Edwards,fowlermichelle@example.org,1416475161,1967-02-02
C006292,Shannon Flores,davidtorres@example.net,9845381205,1997-02-28
C006293,Anthony Buchanan,elliottalexander@example.org,8981006345,1952-07-10
C006294,Gloria Jackson,marklowe@example.com,2440758447,1971-05-30
C006295,Anthony Morrison,jacksonjoshua@example.net,1191600470,1996-01-19
C006296,Kristin Davis,moodyisabel@example.net,0468837653,1966-05-28
C006297,Rita Benjamin,wagnerbrett@example.org,4973897816,1993-05-27
C006298,Marissa Martinez,brittany64@example.net,7946735612,1980-08-28
C006299,Daniel Benson,johnrich@example.net,6250430909,2002-11-10
C006300,Richard Wolf,sross@example.org,5165532021,1986-08-18
C006301,James Black,ifinley@example.org,6254522997,1968-05-21
C006302,Lori Watson,jennifer83@example.net,1927623379,1988-10-07
C006303,Lisa Ferguson,jeffreytaylor@example.net,4019387946,1986-10-04
C006304,Kristine Murillo,kellywilliams@example.org,6077263973,1994-09-01
C006305,Rebecca Simpson,melissa73@example.org,4242295778,1962-11-26
C006306,Austin Espinoza,kayla51@example.com,1404300051,1959-11-27
C006307,Stephen Smith,kirstenclark@example.net,7854895286,1993-06-01
C006308,Danielle Bailey,bryanallen@example.org,9222671772,2000-08-21
C006309,Luis Gross,hgomez@example.net,3793793975,2003-01-03
C006310,Raymond Schmidt,nthomas@example.net,6619526132,1988-08-29
C006311,Cynthia Cain,scottdebra@example.org,0613220400,1986-09-07
C006312,Sara Jones,dhatfield@example.org,6329287105,1971-09-02
C006313,Ana Evans,robertrivera@example.com,3327705662,1978-04-15
C006314,Melissa Roberts,eileenharvey@example.net,4663366309,1968-08-04
C006315,Linda Yang,fryemichelle@example.com,6491859880,1981-05-17
C006316,Kendra Brown,pamelawatson@example.org,7937697685,2001-01-02
C006317,Lindsey Barrett,kbrown@example.net,6387473640,1979-11-04
C006318,Edward Trujillo,dominguezstephanie@example.org,3743370157,1985-06-04
C006319,Brittney Levine,jenkinsdebra@example.com,5216450192,2002-12-15
C006320,Nicole Ashley,xsoto@example.net,4743762689,1953-11-01
C006321,Lisa Santiago,vanessacunningham@example.org,0008494452,1972-04-18
C006322,Courtney Nguyen,rogersrobert@example.com,5921233941,1971-07-22
C006323,Michael Rodriguez,garciamorgan@example.com,8091423743,1979-12-25
C006324,Kimberly Crawford,joshuamartin@example.org,5061747965,1967-04-18
C006325,Kim Brewer,williamjones@example.org,6136982878,2003-02-07
C006326,Kathryn Rasmussen,janetarnold@example.org,1934220509,2004-09-26
C006327,Sara Anderson,sreyes@example.com,2430029232,1955-09-06
C006328,Patrick Howard,christina35@example.com,7763471696,1963-11-11
C006329,Robert Wells,michaelwright@example.net,1639542509,1971-12-03
C006330,Richard Smith,barbarawilliams@example.org,0680208151,1993-12-26
C006331,Grace Kelly,dillonalexis@example.org,6976786518,1993-10-10
C006332,Tamara Garcia PhD,meganreese@example.com,5339867748,1955-03-11
C006333,Brian Henderson,rodriguezrenee@example.com,5021748610,1978-04-12
C006334,Julia Murray,alexandra61@example.org,0385846843,1953-10-03
C006335,Mrs. April Lewis,katelyn10@example.com,6675987795,2004-01-12
C006336,Dr. Laura Yu,avilamaria@example.org,7084205260,1967-02-10
C006337,Travis Sutton,lloydjennifer@example.org,3125886833,1986-03-29
C006338,Mitchell Johnson,rmartin@example.com,4442709689,1966-11-04
C006339,Ronald Ochoa,andersonjoy@example.org,6629349319,1962-12-03
C006340,Misty Allen,ronaldjohnson@example.com,6182286378,1964-07-29
C006341,Jo Dawson,tgonzalez@example.com,7909940472,1971-02-21
C006342,Andrea Taylor,hherrera@example.net,3374019378,1961-02-10
C006343,Christopher Everett,zhopkins@example.org,2740615947,1966-08-07
C006344,Melissa Ruiz,josephhughes@example.net,7411437481,1987-01-06
C006345,Frances Brown,johnstevens@example.com,9894900930,1984-02-01
C006346,Chad Jackson,lambhenry@example.net,4201497557,1981-05-06
C006347,Melissa Tran,zachary38@example.net,0384741347,1954-04-25
C006348,Jessica Walker,dmeza@example.net,7024053315,1990-10-01
C006349,Connie Melton,tiffany12@example.org,6352936556,1974-01-30
C006350,Stephen Bray,lisa20@example.net,3275825143,1989-07-20
C006351,Evan Conner,kelleyjames@example.com,5053573696,1964-07-01
C006352,Harold Cherry,wesley76@example.org,2979432558,1983-07-18
C006353,Christopher Brown,kellyblack@example.net,1760279935,1951-06-13
C006354,Anna Petersen,villarrealchristopher@example.com,1463291463,1956-12-15
C006355,Jack Lamb,zhicks@example.org,5987961931,1966-12-20
C006356,Kevin Rogers,ncarter@example.org,6037514208,1957-05-02
C006357,Manuel Hawkins,jacob64@example.org,4698036584,1984-04-30
C006358,Justin Stuart,betty07@example.org,3609858133,1998-05-14
C006359,Cassandra Frank,pattersonalice@example.net,9649546382,1997-10-02
C006360,Keith Harper,browntiffany@example.org,9990778603,1978-10-28
C006361,William Jones,hkennedy@example.com,8321431075,1963-11-14
C006362,Joanne Dougherty,qwood@example.net,8259823772,1982-11-14
C006363,Randy Lewis,amberburke@example.net,2421655116,1952-03-31
C006364,Laura Morris,edward43@example.org,4795513121,2000-07-23
C006365,Johnny Hill,austin76@example.org,7651747894,1985-05-08
C006366,Tammy Woods,frank25@example.org,3513300551,1997-09-11
C006367,Cory Clark,bryan@example.org,9929290655,1960-03-20
C006368,Thomas Garrison,escobarkelly@example.org,7489684052,2003-03-14
C006369,Patrick Mccullough,megan31@example.org,5172572836,1953-01-21
C006370,Jennifer Velasquez,samanthapowers@example.net,3473758368,1984-02-08
C006371,Beth Wilson,katherinevega@example.org,0572418779,1950-12-10
C006372,Ashley Jacobs,tdavis@example.com,5183472090,2003-07-15
C006373,Alexander Davis,victoria97@example.net,4203722540,1963-04-09
C006374,Michelle Ramos,ffloyd@example.net,3941158242,1972-02-21
C006375,Erica Hanna,clarkcarlos@example.com,9792944833,1992-05-05
C006376,Chase Ward Jr.,kirbymichelle@example.com,1345448073,1968-05-31
C006377,Jennifer Gomez,iallen@example.com,5118716501,1970-03-16
C006378,Aaron Ramirez,darinmalone@example.org,6918915958,1972-09-10
C006379,Evelyn Bond,barbara70@example.com,2607505801,1984-02-09
C006380,Brendan Benton,nallison@example.org,6285000074,1963-08-13
C006381,Connie Taylor,pamela00@example.net,5750969168,1978-11-05
C006382,Victor Hayes,lori95@example.net,9601621736,1959-10-02
C006383,Austin Knight,patrickjohnson@example.org,6284670802,1964-10-23
C006384,Jason Cantrell Jr.,fjackson@example.com,6511659750,1980-05-31
C006385,William Rivas,beanlisa@example.org,8759602959,1971-05-11
C006386,Alexis Hood PhD,evelynwong@example.net,0755761506,1977-09-15
C006387,Joseph Gordon,smithmark@example.net,9917626240,1977-11-21
C006388,Mr. Derrick Smith,troy29@example.net,7237410627,1982-12-13
C006389,Shelley Smith,matthewhenderson@example.com,5139910503,1969-03-16
C006390,Dr. Jennifer Rodriguez DDS,adamschneider@example.com,7507933167,1953-05-26
C006391,Amanda Wheeler,butlerrobert@example.com,5770929162,1974-07-10
C006392,Melissa Johnston,sherrimarshall@example.com,7293266084,1995-06-19
C006393,Misty Nelson,juliemcgee@example.com,6703870688,2000-07-28
C006394,Lori Dyer,yfaulkner@example.com,0315639660,2002-08-28
C006395,Thomas Sampson,stephanie50@example.com,2936673271,1964-08-17
C006396,Samantha Hammond,josephmclean@example.net,0979007392,1952-11-19
C006397,Cassie Ramos,smiththomas@example.org,2619406990,1991-06-11
C006398,Laura Flores,jeremy46@example.com,8631204897,2003-03-14
C006399,David Bradford,gonzalezjulia@example.com,1161130675,1972-08-20
C006400,Pamela Lee,brittany02@example.com,0135345294,1987-01-08
C006401,Allen Lynn,cwright@example.org,7761002604,1989-03-25
C006402,Nancy Koch,patrick53@example.com,0874244355,1990-10-17
C006403,Donald Thomas,lindavillarreal@example.org,8539316611,1955-05-22
C006404,Mrs. Holly Porter MD,sullivanmary@example.net,1391511101,1964-08-13
C006405,Jason Andrews,whitemichael@example.net,5885769271,1967-11-02
C006406,Brian Moore,flynnchristopher@example.com,1417717385,1971-09-11
C006407,Mary Russell,smithtaylor@example.net,9192364506,1976-07-30
C006408,Anna Williams,rhamilton@example.net,7006282197,1993-09-01
C006409,Emma Holmes,robertjohnston@example.net,5292731335,1971-09-25
C006410,Peter Abbott Jr.,amy01@example.net,4779628938,1989-06-24
C006411,Tracy Foley,williamturner@example.org,8363951756,1953-06-11
C006412,David Scott,richardvernon@example.net,2951414108,1960-01-21
C006413,Lindsey Sharp MD,dsnyder@example.net,9684153694,1986-10-31
C006414,Donald Hamilton,austinmary@example.com,1461983890,1981-11-20
C006415,Henry Scott,michaeldean@example.com,0793568481,1988-04-30
C006416,Jason Cook PhD,lorirobinson@example.net,5449317508,1992-01-22
C006417,Daniel Weber,gregory79@example.org,5155828155,1998-09-03
C006418,Mackenzie Daniels,alvarezsarah@example.org,2152472851,1951-01-27
C006419,Deborah Brown,mcleankeith@example.com,4434256015,1996-06-03
C006420,Kimberly Elliott,kelseywhite@example.net,3100187940,1990-05-08
C006421,Pamela Ingram,rickyzuniga@example.net,6320526859,1977-08-29
C006422,Angel Hines,robert97@example.com,7117515282,1989-07-31
C006423,Matthew Orozco,robert09@example.org,7663128506,1956-10-27
C006424,Bridget Briggs,ilivingston@example.net,5326654904,1987-01-10
C006425,Chelsea Edwards,julie54@example.org,1320941176,1970-02-20
C006426,Amy Cohen,snydersandra@example.net,5799760520,1954-10-26
C006427,John Lynn,amanda42@example.net,5189313184,1956-04-04
C006428,Steven Vaughn,zsmith@example.com,1540231838,1998-01-06
C006429,John Williamson,martinkatherine@example.net,8775812811,1975-03-28
C006430,Sandra Mcdonald,udavis@example.com,1059267729,1964-12-14
C006431,Mario Blair,traceycook@example.com,7412397832,2004-11-02
C006432,Matthew Harrington,marissawallace@example.com,6726770857,1979-02-04
C006433,Virginia Alvarez,biancaramirez@example.org,1890658418,1981-06-25
C006434,Penny Cantrell,michelle39@example.com,5324287196,1965-04-20
C006435,Heather Jones,garciabrandon@example.com,7036534027,1987-10-19
C006436,Helen Cooper,ivan21@example.net,8200368288,1983-10-31
C006437,Maria Perez,grussell@example.com,8723856132,1956-10-16
C006438,Joseph Rice,khiggins@example.net,9718938382,1969-10-08
C006439,Darren Lee,kimberlyorr@example.com,0520477721,1981-07-13
C006440,Charles Dixon,rdonaldson@example.net,4314908363,1998-01-10
C006441,Daniel Miles,oburton@example.net,7815256792,1960-12-05
C006442,Pamela Buchanan,morgandeanna@example.org,5206010649,1998-05-25
C006443,Sarah Coleman,nbanks@example.com,8373160840,1976-11-24
C006444,Kendra Bailey,twalton@example.com,8340597790,1992-04-29
C006445,Eric Gutierrez,david72@example.org,9570111165,1960-08-11
C006446,David Ho,reynoldstimothy@example.com,2566198847,1969-10-15
C006447,Michele Snyder,npeterson@example.com,6217481969,1960-11-08
C006448,James Jordan,twilkinson@example.net,2764685191,1998-11-04
C006449,Victoria Perry,weissamanda@example.com,3572397258,1981-01-01
C006450,Lori Washington,tracy87@example.net,8381077311,1954-07-05
C006451,James Marks,franklinvirginia@example.net,0014792733,2003-07-15
C006452,Cory Ballard,gileslisa@example.com,9036716029,1979-02-11
C006453,Peter Lopez,alexanderjames@example.net,6504509050,1974-03-25
C006454,Tracy Simmons,greenecody@example.org,1000872002,1962-09-28
C006455,Bryan Ross,nicholas54@example.org,9589483526,1998-06-25
C006456,Robert Brooks,cody60@example.org,7065930918,1966-04-14
C006457,Lindsey Osborne,christopherhall@example.net,3853275865,1968-07-26
C006458,Jacqueline Mercado,fullerchristopher@example.org,4788365456,1987-11-20
C006459,Wendy Gutierrez,uanderson@example.com,9567997141,1973-04-22
C006460,Michael Mclean,jaclynstewart@example.org,4866144738,1976-11-16
C006461,Gary Gallagher,john39@example.net,8572574822,1957-11-10
C006462,Megan Kidd,donaldrobinson@example.org,2901583815,1986-08-20
C006463,Jared Bates,christophersloan@example.com,7785131139,2004-03-04
C006464,Veronica Krause,jacobsonashley@example.net,7168006421,1970-07-07
C006465,Thomas Richardson,reyescarlos@example.com,6127058415,1959-04-04
C006466,Kayla Wilkerson,gregoryeverett@example.com,0504694435,1998-06-24
C006467,Lori Garcia,patrick70@example.net,8823050463,1977-03-21
C006468,Rebecca Stewart,troycastillo@example.net,8152115073,1998-12-02
C006469,Elizabeth Brown,michael26@example.com,2903326857,1980-09-09
C006470,Andrew Parker,mckinneyjohn@example.com,9589774570,1993-01-30
C006471,Autumn Martin,deborah95@example.net,8995984723,1963-06-27
C006472,Kristen Daugherty,ggarner@example.net,9102744065,2002-01-06
C006473,Gregory Leach,mark31@example.org,1442684027,2003-02-26
C006474,James Garrison,anne66@example.org,1752342777,1956-03-07
C006475,David Martinez,christopher28@example.com,5952189272,1989-04-02
C006476,Zachary Jensen,susan94@example.net,9093002290,1959-04-30
C006477,Louis Williams,snydercassandra@example.net,9344336323,1991-03-27
C006478,Andres Buckley,karlamoore@example.org,7186109634,1957-11-02
C006479,Jennifer Shannon,laurahughes@example.net,3277696337,1956-12-13
C006480,James Casey,reyesanna@example.com,7315852520,1970-04-21
C006481,Chelsea Silva,williamsdustin@example.net,2137950477,1997-09-11
C006482,Lisa Henderson,kmendoza@example.org,7546216244,1951-11-15
C006483,Edward Mckay,larry80@example.org,3969413005,1990-08-06
C006484,James Schroeder,brenda97@example.org,5163115553,1982-08-14
C006485,Amy Brown,barnettjoseph@example.com,2007865503,1976-10-20
C006486,Jacob Newton,vrussell@example.com,5155777626,1964-01-11
C006487,Nicholas Green,adamscolleen@example.com,5118077250,1951-12-15
C006488,Margaret Terry,madison11@example.com,0003627130,2005-07-25
C006489,Melissa Solis,craigerika@example.org,1265090574,1969-08-02
C006490,Katherine Barr,rfreeman@example.com,4281925794,1952-02-08
C006491,Vanessa Harris,danielssteven@example.com,3278521700,1988-04-17
C006492,Hector Jones,reillyshawna@example.com,4237796766,1985-06-04
C006493,James Robinson,tategary@example.com,3475841262,1965-12-07
C006494,Bradley Myers,wkennedy@example.com,5007135768,1956-10-07
C006495,Laura Maynard,johnsonjohn@example.net,8686299761,2001-02-08
C006496,Connie Nguyen,kylefields@example.net,0521045067,1995-10-10
C006497,Christopher Ramirez,sherri29@example.org,5820241006,1959-05-11
C006498,Charles Beltran,ynorton@example.com,0528374751,1970-11-19
C006499,Adrian Shepard,santosnicholas@example.com,7345528533,1971-03-04
C006500,Melanie Dixon,asuarez@example.com,4984851638,2005-04-14
C006501,Paula Johnson,wdominguez@example.net,6952424113,1981-04-03
C006502,Clayton Gilbert,paulspears@example.com,6765503346,1993-11-13
C006503,Michele Pope,derek67@example.net,0206029015,1958-09-12
C006504,Stacy Perez,mhuynh@example.com,0821512725,1990-05-06
C006505,Katherine Love,monica55@example.net,5829241764,1970-05-23
C006506,Robert Matthews,leeamanda@example.com,1506266638,2002-03-14
C006507,Thomas Potter,calvintran@example.com,1130112603,1958-06-18
C006508,Joshua Bryant,tonybrown@example.com,7592319610,1977-10-24
C006509,Ann Lopez,cassidy60@example.com,1373177015,1951-09-28
C006510,Miranda Thompson,coreydennis@example.com,0898615951,1994-02-24
C006511,Caleb Randall,simskevin@example.org,8891175802,1999-07-19
C006512,Kimberly Hernandez,betty78@example.org,9994349651,1978-06-26
C006513,Mrs. Ashley Jackson MD,scottsusan@example.com,7103751699,1964-11-30
C006514,Melanie Morrow,bdunn@example.com,1281785975,1966-06-30
C006515,Sydney Oliver,lindsaymiller@example.net,4565425268,1985-06-07
C006516,Cynthia Johnson,rossrachel@example.com,2243147667,1957-03-13
C006517,Karen Kelley,victoriaholmes@example.com,2973096449,1973-09-26
C006518,Tina Jones,joshua05@example.com,9118832375,1967-12-16
C006519,Evan Ortiz,deanna53@example.org,2587957920,1969-11-06
C006520,Candace Reid,rgoodwin@example.net,5989442664,1960-07-02
C006521,Denise Howard,calvin94@example.net,8829436106,1958-08-01
C006522,Connie Gardner,amberdiaz@example.net,6196874897,1995-12-29
C006523,Cory Spencer,tylercarney@example.net,9068492101,1958-04-21
C006524,David Kennedy,mariemedina@example.com,5768825587,1978-11-25
C006525,Kyle Young,vmorales@example.org,9592750201,1976-02-05
C006526,Amanda Alvarez,brenda41@example.org,6676720226,1977-02-27
C006527,Andrew Herman,igraves@example.net,3760502446,1978-08-07
C006528,Todd Webb,lori75@example.com,6040637254,1979-08-01
C006529,Cheryl Davis,danielmartin@example.net,6683528360,1972-07-09
C006530,Sue Abbott,angela15@example.com,0586547117,1966-02-02
C006531,Amy Johnson,laura95@example.org,4208962928,1965-11-14
C006532,Jonathan Richardson,michaellove@example.org,4151778279,1998-03-05
C006533,Oscar Rodriguez,laurenjames@example.net,6335254430,1994-07-25
C006534,David Brown,cynthia83@example.org,9793273897,1985-11-30
C006535,Kelly Valentine,samuelcooper@example.net,1924455613,1975-04-24
C006536,Sean Hart,dawn60@example.net,2012750547,2000-08-01
C006537,Eric Harris MD,moralesbrandon@example.com,0469131911,1985-03-31
C006538,Leonard Carter,ian14@example.com,1969457054,1973-05-30
C006539,Angel James,kimberlyrusso@example.org,6661952802,2002-03-04
C006540,Michael Brewer,oscar61@example.net,6994442359,1962-02-05
C006541,Kyle Edwards,hardyalicia@example.com,5556520084,1998-01-20
C006542,Tina Meyer,ghahn@example.net,8080823834,2004-07-17
C006543,Jennifer Hutchinson,kevincarter@example.net,0319837617,1999-10-18
C006544,Jesse Lamb,michael53@example.net,9945769111,1987-01-31
C006545,Christian Robinson,brian38@example.org,9068624592,1996-09-06
C006546,Ashley Waters,noah40@example.com,7267075501,1966-10-04
C006547,Angela Donovan,michele03@example.net,6057294001,1957-11-18
C006548,Heidi Smith,creed@example.net,7432647994,1965-12-29
C006549,Alexis Bruce,mark67@example.org,4624125304,1964-09-12
C006550,Cody Marshall,steven43@example.org,0028835409,1954-03-24
C006551,Joel Sullivan,melaniemerritt@example.com,6681700740,1973-07-21
C006552,David Jones,ypruitt@example.com,5078622830,1979-03-25
C006553,Clayton Webb,fosterabigail@example.net,4201166080,1982-05-07
C006554,Heidi Garcia,anthonymartinez@example.org,7483319069,1972-04-15
C006555,Dylan Greer,medinastephanie@example.org,5686215355,1989-05-27
C006556,Jessica Williamson,omiller@example.net,6143913729,1963-04-14
C006557,Kimberly Phillips,lowerymichelle@example.org,9425986541,1976-09-29
C006558,Diana Morgan,jhughes@example.net,3859204385,1977-09-23
C006559,Craig Nixon,maureen17@example.com,3293953032,1978-05-06
C006560,Nicole Payne,johnsonrebecca@example.net,1715035977,1993-12-18
C006561,Tom Collins,ygalvan@example.com,1719340029,1953-06-29
C006562,Paul Walker,jonathannelson@example.org,6164570158,1959-09-11
C006563,Sandra Potter,andrewbeck@example.net,2746142247,2003-08-14
C006564,Christina Johnson,xstevens@example.org,7550282191,2000-03-17
C006565,John Mitchell,matthew17@example.com,4087676618,1963-12-05
C006566,Katelyn Johns,anthonylong@example.org,5809753142,1966-09-13
C006567,Ethan Miller,esparzabrandon@example.net,8367881276,1981-06-05
C006568,Darrell Fisher,ashleyortega@example.net,6656008610,1956-08-20
C006569,Timothy Marshall,wesleyvega@example.com,7151251050,1961-10-17
C006570,Logan Armstrong,donaldbaker@example.net,2835949972,1981-12-18
C006571,Allison Robertson,perry98@example.net,7207718820,1950-10-09
C006572,Michael Vasquez,rhenderson@example.net,8601691033,1964-08-06
C006573,Lynn Morrison,fnichols@example.com,9788202104,1974-04-29
C006574,David Howard,john19@example.com,6307592170,1958-04-03
C006575,Joshua Harris,bhess@example.com,2820460529,1980-05-20
C006576,Marcus Serrano,calebbautista@example.org,1179654560,1995-11-14
C006577,Jermaine Garcia,alyssa00@example.com,4676828591,1992-08-31
C006578,Brent Fleming,mhamilton@example.net,2250469968,1992-01-12
C006579,Dr. Patrick Tyler IV,susan57@example.org,0657692172,1992-10-26
C006580,Alicia Newman,sydneypowell@example.net,7078524338,2005-08-27
C006581,Jennifer Randall,sherrywerner@example.org,9155420121,2000-01-02
C006582,Taylor Howard,cshaw@example.org,3789728878,1997-09-26
C006583,William Thomas,bsimmons@example.org,1742283024,2000-03-13
C006584,Marvin Lee,kimberlylong@example.org,8544097794,1961-06-18
C006585,Miss Amanda Bowman DVM,kylegreene@example.com,0711255120,1979-05-28
C006586,Marvin Williams,katie70@example.org,2252433827,1975-10-29
C006587,Brian Huerta,martinana@example.net,8915021915,1961-07-05
C006588,Jennifer Ho,klinedebra@example.net,5769438561,1992-05-30
C006589,Sarah Lucas,nicolesanchez@example.com,0670975412,1958-02-28
C006590,Teresa Brady,mgray@example.com,9558720113,1963-07-06
C006591,Donna Bryant,jcampbell@example.net,6280155646,1993-10-02
C006592,Ronnie Stone,caroline83@example.net,8290864985,1972-07-16
C006593,Joel Dominguez,brianwilson@example.com,5236643628,1967-04-27
C006594,Mark Avila,kathysmith@example.org,2427546125,1971-05-25
C006595,Mark Vang,porteralan@example.com,4453042215,2001-08-26
C006596,Heather Garcia,garciachristine@example.org,9873150090,1980-10-28
C006597,Scott Avila,diazsandra@example.org,1259726804,1975-08-25
C006598,Michael Moore,fostermadison@example.com,5516003522,1956-09-06
C006599,Jessica Mason,higginsjoanne@example.org,7215662871,1988-02-19
C006600,Monica Reid,eperkins@example.org,4857815774,1995-03-18
C006601,Leslie Santiago,emendez@example.org,7901892926,1990-11-10
C006602,Christopher Johns,sharon02@example.org,7948514335,1990-09-19
C006603,Brandon Schwartz,lawsonrobert@example.com,3370375502,1963-09-15
C006604,Juan Hammond,rebecca18@example.com,4064838268,1990-07-28
C006605,Janice Jackson,ashleymorris@example.org,1483103129,1994-02-24
C006606,Diana Richardson,brendadillon@example.org,6059716753,1967-12-02
C006607,Nathaniel Burke DVM,kyleroth@example.org,4593141396,1970-10-25
C006608,Jason Hart,amandavasquez@example.org,9601881939,1997-09-25
C006609,Debbie Dean,benjaminmorse@example.org,0660327790,1958-11-30
C006610,Tracey Rodriguez,nicolehall@example.com,7779201750,1993-01-04
C006611,Leah Davis,bcox@example.com,7587084519,1963-01-11
C006612,Sarah Flowers,veronicahenson@example.net,2653588185,1955-08-24
C006613,Lori Wheeler,bryanduarte@example.com,8294637549,1980-08-03
C006614,Andrea Solis,evelyn41@example.com,9119992162,1972-10-19
C006615,Robert Hawkins,lunajack@example.net,3034173709,1979-03-09
C006616,Daniel Palmer,tschultz@example.net,5646774922,2005-05-22
C006617,Michelle Villegas,clarkthomas@example.net,8492137332,1992-09-02
C006618,Kerry Owen,elizabethpatel@example.org,5458412736,1984-09-18
C006619,Krystal Foster,horozco@example.com,0543620588,1969-11-28
C006620,April Wilson,allisonperez@example.org,5124785372,2000-02-01
C006621,Bryan Vasquez,johnsonbarbara@example.org,6163406617,1986-10-15
C006622,Deborah Cooper,hurstchristine@example.net,9545416323,1962-07-10
C006623,Joshua Franklin,mason81@example.com,3976328752,2004-04-08
C006624,Jessica Fisher,meltoncalvin@example.com,0214166258,1956-01-06
C006625,Lisa Rivera,hvega@example.net,7753321157,1987-07-31
C006626,Craig Clark,cherylrodriguez@example.org,9287156631,1999-03-05
C006627,Laura Soto,stephen92@example.net,7470800514,1988-06-15
C006628,Adam French,jonessarah@example.net,1531483410,1967-11-09
C006629,Steven Moore,grahamashley@example.org,7576024282,1985-08-05
C006630,Matthew Price,franciscovalenzuela@example.org,9312089733,1960-01-20
C006631,Angela Cochran,rebeccamcdaniel@example.com,5195761129,1954-06-29
C006632,Maria Tucker,annemendoza@example.org,3981516899,1975-09-03
C006633,Kim Taylor,aaron33@example.com,4471316875,1997-08-30
C006634,Mary Flores,joshuanelson@example.net,3288157222,2002-03-26
C006635,Sara Prince,spierce@example.net,0954449755,1956-01-11
C006636,Robert Strickland,vbates@example.net,9181915821,1980-11-27
C006637,Deanna Smith,zachary57@example.org,7571628468,1958-12-18
C006638,Jacqueline Fox,barbaradiaz@example.org,5276701769,1997-04-15
C006639,Amanda Torres,carrie39@example.net,9965756570,1973-06-11
C006640,Lisa Lang,benjaminthompson@example.org,7366604894,2000-11-19
C006641,Amber Nelson,gomezchase@example.com,3309019333,1984-10-18
C006642,Steven Love,michaelcurtis@example.net,3150836334,1953-06-26
C006643,Julie Moore,bankselizabeth@example.com,6433760747,2001-10-27
C006644,Donna Swanson,zbryant@example.net,5254878021,1987-07-28
C006645,Samuel Beck,churchlisa@example.net,4750233090,2002-08-12
C006646,Richard Knapp,gduffy@example.com,9736476722,1977-01-16
C006647,Hunter Frederick,stewarttamara@example.net,0371632449,1967-01-09
C006648,Charles Benson,tonynelson@example.com,3789134501,1998-06-16
C006649,Tina Olson,simmonszachary@example.net,1092741792,1950-12-05
C006650,Lisa Cole,mendezsusan@example.net,6900213127,1953-02-27
C006651,Kerri Cox,coryrosales@example.net,2457303517,1966-08-28
C006652,Jennifer Schaefer,heather90@example.net,3912000526,1953-08-17
C006653,John Fischer,adam58@example.net,6920308824,1978-08-17
C006654,Brenda Pitts,ywagner@example.com,5232554747,1988-02-03
C006655,Derrick Bell,bakerstephanie@example.org,1999138674,1992-05-25
C006656,Nicole Patel,carrie41@example.net,5736971801,1975-05-01
C006657,Ashley Contreras,meagan20@example.com,7229757962,1997-01-06
C006658,Miss Michele Abbott,ryan19@example.org,3926426860,1995-10-19
C006659,Kelly Wong,ramirezkimberly@example.net,9545156584,2000-02-16
C006660,Aaron Murphy,piercesteven@example.net,7459990270,1999-04-21
C006661,Michael Matthews,robertrosales@example.net,4971551345,1977-07-03
C006662,Robert Vasquez,chunter@example.org,2522266497,1983-09-30
C006663,Chris Coleman,amitchell@example.org,1558155600,1999-11-01
C006664,Keith Lambert,scott82@example.net,1334916853,1980-06-04
C006665,Kayla Davis MD,pholmes@example.com,7636723531,1984-10-21
C006666,Mackenzie Jones,colebrett@example.org,0134248460,1999-11-13
C006667,Evan Love,lindseyblackburn@example.com,0555537948,2005-04-09
C006668,April Patton,malloryhamilton@example.net,8146581016,2005-03-10
C006669,Richard Woods,fclark@example.com,6651225066,2000-12-18
C006670,Matthew Scott,zoe21@example.org,7170183666,1975-10-11
C006671,Cynthia Garza,scotttroy@example.org,8839032037,1979-07-02
C006672,Douglas Taylor,raymond67@example.net,2297741835,2004-12-29
C006673,Lisa Stewart DDS,johnsonjennifer@example.net,9712809455,1965-01-07
C006674,Michael Barker,jensenmary@example.com,2532848739,1967-07-14
C006675,Joseph Hernandez,ujohnson@example.net,9288122155,1969-07-01
C006676,Kenneth Murphy,vgeorge@example.net,9184085270,1979-01-28
C006677,Bethany Gutierrez,kathrynjohnson@example.com,0475838990,1968-02-28
C006678,Kari Mcdonald,zbrewer@example.org,8176542377,1979-07-07
C006679,David Simmons,karenclark@example.com,4242483518,1981-03-12
C006680,Douglas Rogers,kevinvasquez@example.com,8501413400,1991-01-29
C006681,Shawn Howard,cdunn@example.com,1062857475,1962-05-08
C006682,Gregory Guerra,ronaldanderson@example.org,2362306753,1969-05-18
C006683,Scott Martinez,mejiacody@example.com,9695764979,1962-07-27
C006684,Steve Wood,deanboyle@example.com,9325945513,1974-09-14
C006685,Daniel Ray,mariabooth@example.org,8661212096,1970-03-26
C006686,Alejandro Nelson,brandon89@example.com,7477096131,1961-02-26
C006687,Caitlin Graham,wcunningham@example.net,6499702386,1987-12-24
C006688,Sheila Nolan,marc86@example.org,5429865866,1959-09-10
C006689,Elizabeth Bradley,xmejia@example.net,6558151961,1981-01-23
C006690,Patricia Shepard,john00@example.net,4496341746,1994-02-03
C006691,Teresa Bond,michaellee@example.net,6194101478,1977-09-12
C006692,Patricia Rose,ericksonwilliam@example.com,4363936589,1987-02-18
C006693,James Mcclure,holmesjenna@example.org,0015848847,1966-04-21
C006694,Lindsay Johnston,vdunn@example.net,8618154632,1963-05-19
C006695,Gina Olsen,thomas60@example.com,7459746833,2002-04-12
C006696,Kathy Smith,romanmark@example.org,7414189117,2003-07-24
C006697,Amber Fisher,suttonjeff@example.org,9617153639,1988-07-15
C006698,Christopher Smith,kaitlyn78@example.net,3206700400,1961-04-24
C006699,Martha Alexander,angie75@example.org,4677047980,1980-08-25
C006700,Juan Barnett,alexjennings@example.net,3047647458,1995-11-02
C006701,Jeremy Perez,jackbradshaw@example.com,4612003209,1972-03-19
C006702,Hannah Williams,lewislynn@example.com,9164256736,1982-05-05
C006703,Samantha Hall,dterry@example.com,4150024135,1976-02-26
C006704,Angela Davis,paulhunter@example.net,6273016673,1997-01-21
C006705,Mario Johnson,marc84@example.org,8404737317,2005-08-29
C006706,Sarah Turner,martinezamy@example.org,0580239235,2004-12-25
C006707,Kathryn Moore,ashley89@example.net,3992337716,1972-05-24
C006708,Courtney Mcdonald,proctorkathy@example.org,9538486420,1973-04-08
C006709,Lawrence Bernard,jonathanhuerta@example.org,0406584436,1987-06-27
C006710,Samantha Logan,jamesbray@example.org,0025781742,1960-06-07
C006711,Nicholas Cruz,brianna22@example.org,9936728586,1965-02-10
C006712,Hannah Bowman,julie66@example.net,4818211031,1993-06-10
C006713,Taylor Williams,krose@example.org,6312590828,1950-10-03
C006714,Danielle Fisher,adamdominguez@example.net,8273492111,1976-02-21
C006715,Anthony Cole,davidgarcia@example.org,7272473952,1983-11-10
C006716,Jeffrey Jackson,fmatthews@example.com,6337521243,1999-12-05
C006717,Zachary Barber,tmoon@example.net,8086238785,1998-11-15
C006718,Johnny Wright,ythompson@example.org,8416609088,1985-01-18
C006719,Kevin Davis,jowen@example.com,3483914914,2001-06-13
C006720,Maureen Hampton DVM,nicholasvazquez@example.org,0410229619,1969-10-30
C006721,Scott Schroeder,thomas36@example.org,5278298510,1965-01-27
C006722,Jacqueline Bridges,jonathan16@example.org,5931855121,1978-02-24
C006723,Nicole Lopez,jaimegomez@example.com,2281528886,1989-04-10
C006724,Danielle Nielsen,autumn99@example.com,3743376903,1990-11-28
C006725,Donna Rogers,williamrivas@example.com,0431780209,1953-05-17
C006726,Katie Ball,robin60@example.net,6737275351,1988-07-10
C006727,Sharon Allen,charlesross@example.org,0874814913,1999-07-20
C006728,Elizabeth Cruz,david51@example.org,3794573320,1993-09-28
C006729,John Alvarez,birdmichael@example.net,2335987643,1969-09-14
C006730,Michael Smith,elewis@example.net,6575492182,1979-01-06
C006731,Vickie Perez,sarmstrong@example.com,9213175301,1999-02-20
C006732,Ashley Smith,teresa86@example.org,5888612839,1965-08-22
C006733,Erica Horton,andersonamy@example.com,9030503599,2003-07-06
C006734,Amy Melton,julian95@example.net,4896811780,1994-06-28
C006735,Patrick Lucas,abrewer@example.net,3010683821,1956-07-06
C006736,Rodney Pollard,kevin70@example.net,4255492301,1974-06-10
C006737,Mary Jimenez,tracy88@example.com,4720794970,1973-10-03
C006738,Gary Carroll,dannyhoward@example.net,7848602540,1997-06-24
C006739,Renee Moreno,brendacontreras@example.net,2278782301,1998-05-13
C006740,Thomas Kane,qdominguez@example.org,0777783426,1973-09-09
C006741,Austin Schaefer,jessicawright@example.com,7356395166,1974-03-14
C006742,Melissa Kidd,cooperjacqueline@example.net,6033387154,1959-09-19
C006743,Joanne Kennedy,lamerin@example.org,3747525628,1975-06-13
C006744,Patricia Serrano,briancastillo@example.com,6522722569,1966-06-15
C006745,Katie Williamson,david87@example.com,9001252607,2005-09-02
C006746,Timothy Oconnor,dkaufman@example.org,2011934916,1962-11-29
C006747,Kathy Miller,donald38@example.com,0737068528,1959-06-13
C006748,Connie Jordan,andersonbriana@example.org,8806986402,1981-01-07
C006749,Andrew Johnson,andrewrichards@example.net,1125658654,1957-01-11
C006750,Ryan Trujillo,gregory68@example.org,0657071261,1983-07-11
C006751,Michael Beltran,stewartsamantha@example.com,9501723907,2004-02-08
C006752,Jodi Mora,penachristopher@example.com,4162192859,1998-11-27
C006753,Abigail Drake,dylanrodriguez@example.net,0322467788,1977-09-07
C006754,Anna Garcia,russellashley@example.com,9688124834,1990-12-11
C006755,Dennis Frederick,dominguezmary@example.net,7833261869,1995-07-24
C006756,Dr. Tonya Smith,billy30@example.com,8126828944,1961-04-20
C006757,Sandra Sanders,carriewright@example.com,2073119648,1988-07-30
C006758,Sean Scott,aboone@example.com,2303133308,1979-08-20
C006759,Tammy Wagner,uwright@example.com,0645934000,1955-08-09
C006760,Rebecca Morgan,randywright@example.com,2830184950,1954-07-30
C006761,Cathy Davenport,fvilla@example.com,4540274079,1978-09-21
C006762,Taylor Martin,christy10@example.org,1075563338,1957-02-13
C006763,Joshua Taylor,larabarbara@example.com,8202083077,1953-12-08
C006764,Jacob Osborne,benjaminfuentes@example.net,9917537763,1988-09-10
C006765,Judy Rice,amber09@example.org,6121334102,1986-12-24
C006766,George James,orowland@example.org,1212766774,1976-03-24
C006767,Melanie Rodriguez,donnacarey@example.org,8531853855,1953-02-19
C006768,Paula Reyes,rodney54@example.net,2731872123,2003-02-19
C006769,David Hamilton,ylyons@example.net,1545813734,1993-03-06
C006770,Matthew Cox,kimberlyrichardson@example.org,7338071558,1979-06-15
C006771,Diane Perez,benjaminnathan@example.net,8957480103,1983-11-12
C006772,Gary Goodwin,howardjulie@example.org,7649311042,1952-11-06
C006773,Lori Meyer,belinda39@example.com,2678816524,1997-03-27
C006774,Meghan Anderson,kevin77@example.org,2281834213,1986-03-03
C006775,Jeffrey Aguilar,katherinerobinson@example.com,0218107189,1972-03-28
C006776,Lisa Murray,christopherspencer@example.org,2142788173,1970-03-01
C006777,Ashley Miller,urandall@example.com,9980294328,1972-02-25
C006778,Jennifer Mack,jennifer26@example.com,7948832505,2003-04-20
C006779,Candice Diaz,kim34@example.net,9028409642,1966-09-11
C006780,Mr. Daniel Taylor,robinsongary@example.com,5685230166,1998-08-22
C006781,Janet Rivera,ipatel@example.com,3144973416,2002-07-05
C006782,Tammy Griffin,wtapia@example.org,0883968286,1961-11-09
C006783,Sabrina Stevenson,ekeller@example.net,9749521010,1982-11-11
C006784,Kevin Harrell,bakeramanda@example.org,4238717647,2004-09-17
C006785,Rachael Conrad,ataylor@example.net,0510808722,2005-03-05
C006786,Terry Phillips,elizabeth46@example.com,5700052057,1999-07-03
C006787,Kaitlin Vasquez,jenniferwatts@example.com,8940604154,1971-03-06
C006788,Erin Duarte,eserrano@example.net,5039952418,1967-04-22
C006789,Andrew Johnson,curtismurray@example.org,9909538419,1968-09-04
C006790,Barbara Robertson,phillipreid@example.net,1553376727,1976-09-01
C006791,George Smith,cynthiamcbride@example.org,3232435942,1956-03-05
C006792,Marc Friedman,reedkenneth@example.net,6333364858,1962-10-18
C006793,Elizabeth Smith,ashley09@example.org,4256091458,1989-12-17
C006794,Rhonda Gallagher,scott18@example.net,4187840902,1991-11-24
C006795,Olivia Adams,williamsstephanie@example.net,8620210637,1972-06-14
C006796,Nicholas Mayer,llyons@example.org,6386269919,1992-10-07
C006797,Kimberly Green,csullivan@example.com,7781110726,1952-08-02
C006798,William Nelson,bob35@example.org,2587352089,1974-03-30
C006799,Diana Mcintyre,qferguson@example.org,8576649391,2003-08-13
C006800,Shannon Gonzalez MD,jeffrey79@example.org,7196726297,1992-08-09
C006801,Denise Reyes,nharvey@example.net,5175509356,1951-08-21
C006802,Sean Owens,schneiderjames@example.org,6503883155,1964-11-20
C006803,Joseph Baker,elizabethrogers@example.com,0402367216,1987-11-30
C006804,Adam Gamble,taylormark@example.org,4356772998,1974-05-13
C006805,David Smith,nicolefuentes@example.org,0320957661,1963-02-28
C006806,Michelle Freeman,hollandpaul@example.org,5628416721,1977-05-14
C006807,John Chan,judylarson@example.com,2029100181,1982-03-12
C006808,Jodi Allen,carolrhodes@example.org,3469351685,1982-09-26
C006809,Samuel Roberts,nicholastownsend@example.org,2631154973,1972-04-13
C006810,Brittany Ortiz,boltonsteven@example.org,1760832531,1975-12-18
C006811,Casey House,christophersingh@example.org,3940891262,1997-11-17
C006812,David Wilson,fischersarah@example.net,7021258400,1993-09-16
C006813,Jose Galvan,lisa50@example.org,8278742607,1962-01-26
C006814,John Hernandez,hurleyrachel@example.com,8583091821,1986-12-01
C006815,Sierra Macias,nyoung@example.org,2292892407,1961-05-07
C006816,Danielle White,juan23@example.org,3249826385,1977-01-13
C006817,Amy Ortiz,eric46@example.com,4642548647,1957-11-07
C006818,Ashley Thomas,mgonzales@example.net,8079071202,1999-02-16
C006819,Dwayne Smith,whiterobert@example.com,7927976081,1991-05-23
C006820,Brian Riley,zalvarado@example.com,8786469432,2003-06-14
C006821,Anna Thompson,christinadaniel@example.org,7326156838,2001-01-21
C006822,Sarah Flores,jeanette66@example.org,5715848933,1979-03-08
C006823,Lee Scott,patrick56@example.org,8542127087,1981-06-01
C006824,Sonia Carter,iknox@example.com,2418990887,1995-12-27
C006825,Kevin Garcia,stephanie99@example.org,6642343209,1971-07-09
C006826,Kelsey Torres,leonardjoseph@example.org,0164543673,1975-05-16
C006827,Yvonne Moore,craig70@example.org,3732423380,1993-12-05
C006828,Jeffrey Gill,lindsay65@example.org,2855864382,1988-04-16
C006829,Katherine Ruiz,clarkmichael@example.com,6657126386,1980-08-27
C006830,Jesse Williams,donnastewart@example.org,6502568734,1988-08-20
C006831,John Harris,weberchristian@example.com,4689450847,1983-12-18
C006832,Stephanie Harper,melissacline@example.org,2951061956,1960-02-03
C006833,Deborah Smith MD,nelsonsara@example.org,8815082277,1986-08-02
C006834,Robert Miller,douglasdeborah@example.org,3368915074,1952-08-28
C006835,Joseph Kane,robinsmith@example.org,6520214707,1956-12-08
C006836,Timothy Velazquez,allenvirginia@example.com,3208889137,1989-08-22
C006837,Megan Lopez,bhutchinson@example.org,5836204638,1976-02-17
C006838,Ryan Snyder,shahadam@example.com,9734165670,2004-07-28
C006839,Jennifer Johnson,nrollins@example.org,3831843527,1985-03-07
C006840,Collin Johnson,peterbuchanan@example.net,4521972143,1983-12-24
C006841,Connor Carroll,smithvanessa@example.com,3108699234,1970-10-09
C006842,Beth Murray,matthewwebster@example.com,2292445051,1971-04-10
C006843,Christopher Hall,eheath@example.com,9328554569,1951-02-17
C006844,Jennifer Garcia,virginiasanchez@example.org,9357029036,1971-04-03
C006845,Ian West,uwoods@example.org,5309757901,2002-09-09
C006846,Dennis Miller,benjaminchung@example.com,6834987253,1963-04-16
C006847,Isabel Butler,zachary30@example.org,6069220572,1962-05-08
C006848,Justin Anderson,cortezdarren@example.com,3233172556,1964-08-04
C006849,Steven Gordon,johnsoncourtney@example.com,7115938757,2002-01-09
C006850,Guy Matthews,jacksonmelody@example.org,9074926351,1984-08-16
C006851,Sandy Lewis,cdavidson@example.net,1905217487,1985-02-02
C006852,Tyler Moore,webbcaleb@example.org,4539350291,1959-08-25
C006853,Tracy Peterson,rachel40@example.com,5151509095,1959-04-05
C006854,Richard Leblanc,elizabeth12@example.net,2567308409,1966-06-10
C006855,Andrea Blackwell,moralesshannon@example.net,9908134773,1955-03-14
C006856,Isaac Shaffer,lgarner@example.net,8009150517,1952-09-20
C006857,David Mooney,perezmichael@example.net,8484493087,1958-09-24
C006858,Aaron Reyes,michaelsmith@example.net,9442615313,1980-03-11
C006859,Martha Tucker,amygoodman@example.org,8318670325,1989-08-01
C006860,Denise Chase,rebecca27@example.com,3427225890,1997-02-09
C006861,Lisa Morris,ipaul@example.net,6190173789,1956-09-03
C006862,Warren Thompson,oarnold@example.org,1794220567,1993-11-07
C006863,Kim Beltran,ashleylane@example.org,8030880044,1984-07-28
C006864,Cassandra Pollard,jared11@example.net,7341570061,1965-01-10
C006865,Brandy Underwood,perezjoshua@example.net,7052194769,1974-05-21
C006866,Kathy Anderson,santanamichael@example.com,3604263241,1961-11-10
C006867,Cynthia Lawson,cwatts@example.net,1598191915,1971-08-01
C006868,Nicholas Adams,donna49@example.com,8047170343,1966-10-18
C006869,Kayla Mayer,amberandrews@example.net,2918913594,1980-12-27
C006870,Roberto Choi,rrandall@example.net,8057935990,1978-04-01
C006871,Marissa Rice,qcollins@example.org,8388659795,1982-05-20
C006872,Sara Castillo,robertssean@example.net,5496213891,1964-11-17
C006873,Donald Wagner,samuelvasquez@example.org,8911147093,1968-06-06
C006874,William Gray,jamesdeleon@example.net,7472147707,1968-05-10
C006875,James Sherman,keithalyssa@example.org,6641373052,1987-04-09
C006876,Nathan Hayes,reneecruz@example.org,1123949953,1966-07-26
C006877,Andrea Robinson,baileyangie@example.net,1920327872,1957-12-09
C006878,Joel Waller,joshua17@example.org,0115561945,1970-01-04
C006879,Michelle Wade,zjohnson@example.net,0073872237,1962-02-13
C006880,Jose Roberts,khandaniel@example.com,7539575152,1987-03-05
C006881,Robert Fields,joshua08@example.org,0628788655,1989-07-10
C006882,Eric Sanchez,kristywilliams@example.com,9378150676,1981-03-26
C006883,Kelsey Wilcox,wheelergerald@example.com,4433072696,1981-02-19
C006884,Deanna Johnson,danielbrown@example.org,8479008898,1995-01-03
C006885,Melissa Barton,pmaxwell@example.net,4966616961,1966-08-31
C006886,Nicole Richards,pacerichard@example.com,8108743499,1992-02-14
C006887,Chad Burns,ortegaaaron@example.net,6983005640,1956-01-30
C006888,Joseph Dean,mortoncarly@example.com,6476553831,1997-07-31
C006889,Robert Scott,mweber@example.com,3136281415,1999-11-27
C006890,Christine Hoffman,jensenchristine@example.org,6115986258,1978-03-27
C006891,Gregory Sandoval,jeffsparks@example.com,4915463618,1995-07-02
C006892,Catherine Washington,simongary@example.com,2971980850,1972-08-09
C006893,Sarah Barnes,kperry@example.com,6365909300,1974-12-20
C006894,Steven Taylor,alicialee@example.net,8696174940,1989-06-23
C006895,Derrick Bailey,nancyjensen@example.org,2090374014,1987-07-26
C006896,Erica Patterson,colton46@example.com,4868469138,1961-03-08
C006897,Kelly Jordan,swhitehead@example.com,4664355009,1974-04-14
C006898,Heather Mills,michele65@example.com,6173382249,1966-09-28
C006899,Christopher Middleton,lindseymaxwell@example.net,5402167591,1974-03-31
C006900,Deborah Roberts,danielle85@example.net,1580808885,2004-07-15
C006901,Samantha Fitzgerald,lopezdalton@example.net,0697385692,1991-05-06
C006902,Jennifer Rivera,gcordova@example.com,5028290712,1980-11-14
C006903,Tammy Williams,michaeljackson@example.org,6944891978,2005-06-19
C006904,Shane Miller,dpope@example.com,6912391737,1974-03-15
C006905,Jessica James,thayes@example.org,2448802708,1982-08-26
C006906,Joseph Andrews,johnsondiana@example.com,3031761022,2004-01-04
C006907,Laura Lewis,edward43@example.net,6299688634,1970-10-24
C006908,Anthony Taylor,kimberlyparker@example.com,4774245069,1973-11-19
C006909,Ashley Sanchez,davidcole@example.org,5483122977,1956-01-07
C006910,Latoya Stephens,estesnicholas@example.org,9538353113,1976-02-16
C006911,Virginia Jones,leachlauren@example.com,9328730634,1980-05-27
C006912,Alyssa Morrow,ryan86@example.org,4450811627,1965-09-05
C006913,Abigail Miller,andrew33@example.com,1860748636,1959-06-16
C006914,Danny Anderson,stephanie23@example.net,3512037452,1953-08-21
C006915,Alex Atkins,erika04@example.net,5755722299,2004-07-07
C006916,Melissa Fernandez,max70@example.org,2353187516,1962-02-22
C006917,Priscilla Watkins,uharper@example.com,9949717710,1951-07-04
C006918,Cody Torres,peter35@example.com,6062900885,1972-11-19
C006919,Sarah Gray,benjamin62@example.org,6077850050,1995-09-24
C006920,Laura Silva,matthewharris@example.org,4668303478,1962-10-08
C006921,Kathryn Wilson,brandy35@example.net,3141098335,1978-12-27
C006922,Connie Peterson,natasha29@example.org,1101683780,1955-07-23
C006923,Dustin Peters,patrick50@example.net,9567592431,1967-09-12
C006924,Laura Cook,stephaniemcdonald@example.org,5086161029,1956-02-24
C006925,John Wagner,gomezmegan@example.net,6539746249,1995-01-15
C006926,Matthew Sanchez,prodriguez@example.com,5781489363,1959-05-13
C006927,Rachel Rhodes,pmarshall@example.org,8096724089,1963-06-03
C006928,Jodi Garcia,martinezmichael@example.org,3569315472,1953-08-03
C006929,Lawrence Wells,amycrawford@example.com,9539821963,1979-11-16
C006930,Stephen Brock,lorihenry@example.com,4100712421,1982-08-15
C006931,Melissa Neal,wcurtis@example.net,0358895225,1953-08-24
C006932,Roberto Griffith,adam22@example.org,6431306107,1972-06-02
C006933,Ronald Kerr,jeffrey19@example.org,6534298756,2000-02-22
C006934,Mr. Samuel Romero,jessica22@example.net,7842253318,2004-11-02
C006935,James Mcpherson,deanann@example.com,0127272598,1970-05-01
C006936,Malik Lynn,meganmcclain@example.org,6572254972,1975-01-05
C006937,Jessica Gibbs,leslie45@example.com,6065418297,1983-07-18
C006938,Erik Williams,nathaniel56@example.com,5870419498,1951-12-30
C006939,Caitlin Martin,rgutierrez@example.com,7289415575,1955-05-14
C006940,Ashley Townsend,guzmanandrew@example.org,8597369747,1958-04-23
C006941,Mario Lopez,masonadrienne@example.org,3000259967,1996-09-14
C006942,Brian Brown,thomasjohnson@example.net,4640457993,1992-07-12
C006943,Brian Nichols,daniel14@example.org,1714254872,2000-05-24
C006944,Roger Bell,felicia38@example.org,9738451519,1994-01-21
C006945,Tonya Soto,tlee@example.com,4256136847,1967-03-06
C006946,Aaron Nelson,martinjudy@example.org,3816219947,1972-09-27
C006947,Brian Snyder,aaronhines@example.com,3192718339,2002-04-27
C006948,Yolanda Massey,sorozco@example.org,3274656005,1973-08-12
C006949,Joel David,rhodesjohn@example.org,5106255802,1971-08-05
C006950,Alan Rivera,cardenasdaniel@example.net,2547796002,1984-04-02
C006951,Adrian Beck,lowepaul@example.org,5179035684,1995-01-26
C006952,Travis Anderson,jaguilar@example.com,7503014301,1970-12-08
C006953,Robert Walker,jsmith@example.net,1793169886,1951-12-30
C006954,Kenneth Hodges,gholland@example.net,5777660606,1982-01-03
C006955,Joseph Gray,james81@example.com,0094266384,1983-01-03
C006956,Kristine Avery,hornelaura@example.net,0196516207,1979-04-11
C006957,Nancy Hall,pamela84@example.org,9968639409,1966-08-28
C006958,Steven Hall,fjenkins@example.com,0831487243,1969-01-17
C006959,Julie Barrera,latoyaramirez@example.net,0339633250,1999-06-08
C006960,Christopher Sanders,marygutierrez@example.com,6920745128,1975-06-30
C006961,Richard Clark,philip56@example.com,3922916587,1960-06-08
C006962,Jacob Aguilar,sdurham@example.net,1943681533,1991-02-23
C006963,George Schwartz,fperry@example.org,7220900016,1951-09-15
C006964,Cathy Hill,popeariel@example.org,0750642394,1997-01-01
C006965,Rhonda Kidd,ebrown@example.com,9655578896,1954-01-05
C006966,Tara Anderson,robert92@example.com,1872046594,1981-08-10
C006967,James Smith,andrewcompton@example.com,6385469220,1952-07-14
C006968,Elizabeth Callahan,hhayes@example.net,5251337320,2001-08-25
C006969,James Berry,cferguson@example.com,2472215522,1962-06-11
C006970,Eduardo Osborn,katherine39@example.org,6742484857,1958-06-01
C006971,Chad Barry,steven30@example.org,3324837194,1965-01-27
C006972,Adrienne Lopez,edavis@example.net,3065052310,1952-04-07
C006973,Paula Williams,devinlee@example.org,8179265904,1995-03-29
C006974,Gregory Allen,christina09@example.net,0495723634,1970-01-17
C006975,Christopher Hunt Jr.,imartinez@example.com,2656335311,1972-04-07
C006976,Megan Webb,lgamble@example.org,6909851305,1987-02-21
C006977,Jim Walters,ibrown@example.org,8203966345,1987-07-14
C006978,Trevor Howell,saraflores@example.net,2897455435,1964-03-22
C006979,Toni Reeves PhD,tross@example.net,5178486254,1993-12-28
C006980,Kevin Morton,morgananita@example.net,2382889270,1967-05-24
C006981,Cristian Padilla,jacobsmason@example.com,6000240071,1960-09-29
C006982,Rebecca Andrade,wilkinsmegan@example.org,7002741695,1966-10-02
C006983,Nathan Evans,ryanchristopher@example.net,8078586521,1993-06-21
C006984,Whitney Holmes DVM,pbrewer@example.org,7299770401,1957-05-25
C006985,Jennifer Rodgers,lewisyvonne@example.com,7244312701,2004-01-15
C006986,Juan Cabrera,iweiss@example.net,2977578254,1954-02-03
C006987,Zoe Medina,hhoward@example.com,2180215347,1970-10-07
C006988,Samuel Nash,hardingjohn@example.com,0334636363,1990-04-20
C006989,Dennis Hall,henry58@example.net,9119350984,1976-04-13
C006990,Karen Miller,kimberlymedina@example.net,0497004003,1956-04-29
C006991,Heidi Hensley,rmoreno@example.com,6155775380,1975-03-29
C006992,Hannah Miller,williamsashley@example.org,8752452765,1956-06-05
C006993,Sean Miller,adam74@example.net,2051461053,1972-06-09
C006994,James Cannon,wbuck@example.org,1080632721,1973-09-05
C006995,Alice Harris,pmckenzie@example.org,1882073053,1964-11-30
C006996,Carolyn Mcdonald,raymondlee@example.net,7384243217,1979-07-15
C006997,Ashley Dickerson,richard31@example.com,9482800738,1999-12-17
C006998,Michael Garrett,lisamcclain@example.net,5879559110,1995-06-23
C006999,John Olson,shannonellis@example.com,1691043846,2001-02-09
C007000,Anne Simpson,thompsonashley@example.com,2597454993,1989-06-07
C007001,Jason Wagner,toni14@example.org,7973899187,1981-08-27
C007002,Angela Rivera,bridget47@example.org,8155928369,2003-08-28
C007003,Andrew Smith,ramirezmelissa@example.org,2235678028,1973-08-20
C007004,Deborah Weber,dianegray@example.org,0714945027,1959-07-19
C007005,Dustin Ramirez,johnsoncasey@example.com,1244817167,1970-03-10
C007006,David Walker,marymcconnell@example.net,8100577718,1977-02-14
C007007,David Myers,marcus42@example.net,7811187462,1969-06-03
C007008,Matthew Smith,melissagarcia@example.net,0622400731,1955-03-23
C007009,Debra Gilbert,goliver@example.net,6267486937,1983-12-07
C007010,Amy Hall DVM,itaylor@example.net,9617139895,2004-06-22
C007011,Joel Carpenter,wtravis@example.org,9105558943,1953-09-21
C007012,Louis Marquez,jasoncastaneda@example.net,5111216951,1988-04-25
C007013,Brittany Brown,bauermichael@example.com,6540809797,1988-02-02
C007014,Shawn Henry,jamiemartin@example.net,9536776703,2001-05-07
C007015,Andrew Oliver,eromero@example.com,2648200022,1978-12-27
C007016,Francisco Henry,pfleming@example.org,1167884157,1959-04-16
C007017,David Carter,derekhays@example.com,0009568913,1992-01-19
C007018,Jeremy Gardner,belindavega@example.com,2036788701,2005-05-19
C007019,Joshua Mitchell,balljoseph@example.org,6993341891,1954-02-16
C007020,Mark Kelly,richard68@example.com,9324855645,1951-08-15
C007021,Keith Clark,hamiltonbarbara@example.org,3453219174,1971-06-23
C007022,Daniel Arellano,aramirez@example.com,1768673207,1996-08-25
C007023,Megan Myers,eduardo37@example.net,1630056693,1998-11-18
C007024,Kristina Moore,hayden14@example.net,8521864644,1972-06-12
C007025,Kathryn Anderson,allensharon@example.com,3208464241,1997-10-25
C007026,Heidi Lopez,msims@example.net,1230764470,1992-07-09
C007027,Sheila Gallagher,leonsamantha@example.net,9492673973,1967-03-19
C007028,Virginia Gray,jensenryan@example.org,5328651238,1990-08-08
C007029,Andrew Riddle,ilewis@example.com,2434908784,1956-08-21
C007030,Erin Stone,fletcherhunter@example.org,3270646943,1965-07-11
C007031,Jason Contreras,mooreemily@example.net,1450140650,2002-02-09
C007032,Jonathan West,shannonstanley@example.org,2697963303,2005-05-17
C007033,Adam Brown,amanda05@example.com,4697418178,1973-08-04
C007034,April Charles,mmiller@example.net,9353472542,1992-08-16
C007035,Jeffrey Alvarado,nelsondavid@example.net,7774372393,1972-11-11
C007036,Nicholas Robertson MD,xcollins@example.org,7137091004,2004-05-25
C007037,Victoria Wright,gonzalezrebecca@example.com,9680624003,1992-06-13
C007038,Kevin Mccoy,joshua88@example.net,7276317370,1957-01-25
C007039,Courtney Roberts,wesley79@example.net,3504506551,2003-10-09
C007040,Tony Sanchez,whitney32@example.org,0776497789,1989-10-31
C007041,Nathan Reyes,jacqueline65@example.com,4049607141,1952-11-03
C007042,Jessica Ramirez,cheryl08@example.com,3461196953,1963-11-11
C007043,Dominic Leonard,kelleymaria@example.net,0077308340,2002-12-16
C007044,Charles Miller,andreaward@example.net,1440582057,1973-12-07
C007045,Leah White,eringonzalez@example.org,6950582536,1991-07-10
C007046,Willie Young Jr.,madams@example.net,0716830277,1983-08-13
C007047,Tiffany Newton,lyoung@example.com,2430588749,1969-03-06
C007048,Robert Ramirez,katherine24@example.net,7079602227,1997-09-27
C007049,Deborah Allen,tsherman@example.net,0363456027,1985-12-22
C007050,Mary Contreras,david56@example.org,5065259828,1988-01-16
C007051,Robert Bryant,richard31@example.org,8940381559,1968-11-04
C007052,Evan Bolton,melissa05@example.com,2155787436,1996-11-03
C007053,Charles Mack,mason13@example.net,6421000071,1971-06-18
C007054,Hannah Lam,austin25@example.org,3823718348,1977-09-25
C007055,Christopher Carter,rogergonzales@example.org,8102901593,1980-04-21
C007056,James Taylor,julie41@example.net,9126908164,1997-09-17
C007057,Kenneth Hernandez,christopher15@example.com,3944875350,1997-01-28
C007058,Jennifer Riley,hchristensen@example.com,6045539862,2004-03-25
C007059,Jennifer Brown,garrett95@example.org,0199948465,1965-10-22
C007060,Danielle Brooks,paulatyler@example.org,2293704213,1988-10-21
C007061,Samantha Rojas,williscindy@example.com,2721481334,1963-05-09
C007062,Rita Lopez,michellemacdonald@example.org,9526011431,2000-04-29
C007063,Christy Moore,llee@example.com,4557517879,1951-12-16
C007064,Anthony Hale,christopher40@example.org,3262120393,2002-05-04
C007065,Alexandria Moreno,samanthagarrett@example.org,0799480870,1953-11-23
C007066,Beverly Mayo,mhamilton@example.org,4620326963,1991-11-25
C007067,Jennifer Levy,stephen85@example.com,0772971688,1952-01-24
C007068,Alexis Evans,sherry96@example.com,4674060086,1983-05-06
C007069,Stephanie Gallagher,henrysamuel@example.net,7941491952,1987-05-27
C007070,David Parker,brownadriana@example.net,5573855517,1997-03-10
C007071,Shannon Anderson,yanderson@example.net,8976779644,1988-07-06
C007072,Joel Harmon,hoffmanbenjamin@example.org,3176200472,1968-06-11
C007073,Kimberly Cunningham,zaustin@example.net,7560153513,1983-07-27
C007074,Nathan Castro,harrisonkathryn@example.com,6139165953,1969-10-01
C007075,David Cooper,cjenkins@example.net,3506993132,2000-02-12
C007076,Phillip Higgins,pollardstephanie@example.net,4711924859,1979-09-28
C007077,Joseph Day,gweber@example.com,2811681786,1970-08-12
C007078,Kristin Garcia,erikhale@example.com,9628454465,1964-02-19
C007079,Karina Reed,roseeric@example.org,0448502154,2004-10-16
C007080,Brenda Pope,nicoleharrell@example.net,1051086033,1953-09-05
C007081,Melissa Jackson,ferrelldawn@example.net,5444717147,1968-10-07
C007082,James Williams,williamschristopher@example.net,7256481369,1999-09-18
C007083,Elizabeth Parks,fsmith@example.org,2777729637,1962-10-14
C007084,Jamie Gonzales,melissa35@example.net,8407726711,1989-08-31
C007085,Jeff Clark,aramirez@example.org,2688865969,1954-05-07
C007086,Alexander Ruiz,hillmichelle@example.net,6083704304,1989-04-29
C007087,Stephanie Grimes,kho@example.net,1107663301,1976-10-24
C007088,Linda Greer,kyle14@example.com,1722196810,2004-01-03
C007089,Mary Coleman,lauren73@example.net,0012228129,1996-05-14
C007090,Kaitlin Ellis,njohnson@example.org,3638139849,1995-09-22
C007091,Crystal Thompson,susanmartin@example.org,9586614006,1968-05-18
C007092,Joseph Allen,chad72@example.com,3029858379,1958-06-15
C007093,Michelle Fischer,gerald24@example.net,0168796745,1971-03-10
C007094,Tina Wells,michaelmatthew@example.com,3724294204,2000-03-05
C007095,Joanna Sanders,michaelblake@example.net,5423427628,1964-11-20
C007096,Michelle Hampton,watsonjesse@example.org,9019414883,1951-11-02
C007097,Susan Lutz,misty23@example.org,0745215765,2003-01-21
C007098,Patrick Barrera,vlamb@example.com,3292627993,1976-09-29
C007099,Dana Gibson,ohodge@example.com,5024185192,2000-01-23
C007100,Andrew Joseph,richardsonmichelle@example.org,6574591694,1962-06-18
C007101,Mrs. Tiffany Gaines,davidburns@example.com,2965556874,1958-08-20
C007102,Nathan Brown,erica73@example.org,7769963394,1951-01-04
C007103,Abigail Harvey,jessecarpenter@example.org,3401151201,2003-11-15
C007104,Eric Gibson,raymondmike@example.com,0741545479,1957-01-21
C007105,Angela Trevino,gbarr@example.net,1225241360,1996-04-25
C007106,Judy Russell,brett06@example.org,0509576106,1980-03-16
C007107,Jeffery Oliver,ocalhoun@example.org,3364249592,1951-01-19
C007108,Jennifer Williams,michaeljackson@example.net,4778403175,1975-07-03
C007109,Jennifer Anderson,anthony50@example.com,4507559024,1964-01-30
C007110,Michael Chavez,bhunt@example.net,9399409679,1963-08-21
C007111,Michael Lee,walter48@example.com,0738642594,1999-11-11
C007112,James Rivera,hurleynathan@example.com,1717336767,1989-08-14
C007113,Randy Baker,melindakelly@example.com,5397686489,1960-07-01
C007114,Andrea Jones,pamela83@example.com,7990916056,1954-12-17
C007115,Gregory Brown DDS,richardsonlisa@example.org,5853816127,1974-01-20
C007116,Julie Morgan,arellanoaaron@example.com,8987085289,1955-03-28
C007117,Caleb Bennett,rosslouis@example.com,3606837198,1971-07-19
C007118,Timothy Gutierrez,james51@example.com,0737255922,1975-07-03
C007119,Joseph Rodriguez,bushmelinda@example.com,5687040306,1963-09-26
C007120,Spencer Weaver,randolphsteven@example.org,7950084266,1960-12-04
C007121,Aaron Delacruz,gpalmer@example.org,7463632444,1966-07-03
C007122,Diana Gonzalez,scott63@example.net,3094318666,1953-01-02
C007123,Nicole Hill,lloydkevin@example.net,2649625996,1994-07-21
C007124,Jay Mcdonald,dnguyen@example.net,1195588602,2000-02-26
C007125,Laura Owens,imeadows@example.net,5301263535,1959-04-23
C007126,Brandon Perez,sjohnson@example.com,2386249918,1971-11-05
C007127,Audrey Best,watsonthomas@example.com,5306300856,1988-10-17
C007128,Cassie Atkins,fmccoy@example.com,0894136819,1976-06-23
C007129,Heather Wyatt,danielle33@example.net,9724281796,1958-04-01
C007130,Elizabeth Golden,brandon61@example.net,8595300224,1952-08-26
C007131,Joy Ross,katrinarivera@example.org,5945914362,1995-01-22
C007132,Kevin Williams,qbailey@example.net,3083869126,1977-12-04
C007133,Joshua Mckee,vgardner@example.org,9038611540,1956-02-29
C007134,Donald Huffman,mbrown@example.net,9023476709,1974-01-07
C007135,Jill Warren,daykathleen@example.net,6157036708,1988-12-28
C007136,Dana Hansen,destinyrios@example.net,1898610425,1964-09-03
C007137,Mrs. Pamela Brown,frank65@example.com,3337069153,1984-12-06
C007138,Steven Thompson,owilliamson@example.com,9585657103,2000-12-26
C007139,Gordon Brady,roberta88@example.net,3260789996,1964-08-14
C007140,Tim Robinson,maryvelasquez@example.net,9411322855,1972-07-04
C007141,Deborah Orozco,michaeldiana@example.com,2709124751,1987-03-12
C007142,Whitney Johnson,salinasdana@example.com,3998159731,1954-09-18
C007143,Heather Davis,gnelson@example.com,5488236022,1969-01-27
C007144,Stephen Hammond,robertsonrobert@example.org,2979348946,1964-04-01
C007145,Haley Martinez,wesleypeterson@example.org,5793033622,1953-08-16
C007146,Alisha White,tgonzales@example.org,7065713674,1992-01-12
C007147,Gene Oliver Jr.,nrobinson@example.net,4726835715,1977-12-07
C007148,Angela Lawson,usullivan@example.net,2130719783,1966-11-26
C007149,Jennifer Burch,jacob11@example.org,2860367590,1957-10-13
C007150,Dustin James,jeffrey44@example.org,0328862840,1981-02-28
C007151,Maria Cannon,judytaylor@example.net,7551591579,1959-09-24
C007152,James Valdez,rodriguezshawn@example.net,6404977414,1951-04-22
C007153,Erica Martinez,adawson@example.com,9999156595,1989-11-09
C007154,Max Bishop,robertjones@example.net,8518827000,1958-08-22
C007155,Jacob Matthews,deankim@example.com,5111628872,1961-02-21
C007156,Brian Silva,francisadrian@example.org,9119577136,1997-12-21
C007157,Latasha Roach,jacobmiller@example.org,0747748784,1968-10-22
C007158,John Wilson,donnamiller@example.com,9769891623,2004-05-13
C007159,Erin Love,nicholeperry@example.org,0312336358,1955-09-29
C007160,Dr. Steven Chase,andersonchristian@example.org,8933760115,1981-01-29
C007161,Amber Ingram,samuelhunt@example.org,2114430421,1979-02-14
C007162,Michelle Cummings,kyle73@example.org,2528670488,1953-03-18
C007163,Steven Doyle,mwalker@example.com,3534481343,1959-01-28
C007164,James Davidson,ernest71@example.org,8725355413,1957-12-27
C007165,Adrian Griffith,langmonica@example.net,8035550688,1982-08-26
C007166,Melissa Martinez,sweeneydaniel@example.net,9449638737,1990-01-05
C007167,Dan Patterson,kennethkelly@example.net,9051449494,1974-08-20
C007168,Robin Cabrera,larsonkatherine@example.net,7775951591,2003-11-30
C007169,Lindsay Watkins,marissa72@example.org,1809864590,1994-07-16
C007170,Brent Obrien,hermanmichelle@example.com,7980916202,1955-03-27
C007171,Melissa White,mariah40@example.org,3092542120,1969-04-06
C007172,Crystal Owens,simpsondebra@example.com,6234198351,1991-08-19
C007173,Abigail Pena,tonya43@example.com,4757146182,1997-03-02
C007174,Joseph Mullins,johnflores@example.org,3277255512,1951-11-21
C007175,Heather Grant,sarahcummings@example.com,6943579536,1999-06-03
C007176,Mark Rice,ortegaabigail@example.org,4757650180,1991-07-24
C007177,Julie Watts,alice58@example.com,2840981944,1965-05-26
C007178,Michael Sawyer,jquinn@example.net,0139350327,1960-11-17
C007179,Brittany Jackson DVM,austin65@example.net,5645510380,1954-11-21
C007180,John Porter,areyes@example.net,3224478844,1951-01-24
C007181,Dr. Alexander Douglas,brianbeck@example.org,0643427223,2004-10-04
C007182,Elizabeth Levine,david08@example.com,3765539275,2001-03-04
C007183,Samantha Hill,jessicastephens@example.org,7332880033,1997-05-20
C007184,Anne Hawkins,morrisonkathleen@example.net,4351695227,2000-02-13
C007185,Melody Johnson,erin09@example.net,2238306955,1985-03-11
C007186,Lisa Leon,bhughes@example.org,4112263622,1955-08-04
C007187,Corey Barber,isullivan@example.org,7872740932,2000-08-11
C007188,Scott Castillo,stacy52@example.net,2369278956,1956-04-15
C007189,Nicholas Daniels,cheyenneward@example.org,1180177885,1966-11-18
C007190,Diana Wall,tstanley@example.org,9317852789,1976-01-17
C007191,John Rangel,lisa48@example.net,9802932051,1990-08-15
C007192,Molly Crawford,aaronnewman@example.com,3654588023,1990-10-06
C007193,Erik Hayes,zbennett@example.org,7319916444,2003-05-11
C007194,Sandra Williams,stephanie02@example.org,1174237040,1997-08-05
C007195,Carrie Baker,ojohnson@example.org,0621612911,1952-02-29
C007196,Joshua Sullivan,icontreras@example.net,3489071819,1960-10-18
C007197,Louis Hernandez,erikamahoney@example.net,4724783886,1973-10-02
C007198,Kelly Patel,edgarbaker@example.com,7768439802,1987-10-02
C007199,Amy Fleming,kparker@example.com,6085606700,1960-07-20
C007200,Alicia White,jimenezmanuel@example.net,0786329646,1999-08-24
C007201,John Myers,levinekayla@example.net,6503530113,1995-08-07
C007202,Amanda Patton,dustinroberts@example.com,7735548839,1967-08-04
C007203,Betty Novak,zwilliams@example.org,2239263754,1981-09-27
C007204,Jeremy Walker,evan10@example.org,6890471447,1967-10-12
C007205,Mark Wood,albert12@example.org,2725896980,1954-02-08
C007206,Christine Henry,john15@example.com,5619253610,1982-08-01
C007207,Crystal Parker,morenokevin@example.net,4542039190,1963-11-30
C007208,Stephanie Ramirez,stephencasey@example.com,3249331886,1978-07-23
C007209,Lisa Martinez,andrea59@example.com,4027154809,1958-08-03
C007210,Angela Meyers,murillobeverly@example.org,4436726317,1995-01-15
C007211,Troy Salazar,ymiller@example.com,6298763626,2002-03-20
C007212,Deborah Flores,andre51@example.com,5360104184,1975-08-25
C007213,Eric Bullock,gillchristopher@example.net,5913278452,1990-12-22
C007214,Jose Moore,stacy90@example.net,0496506696,1991-04-02
C007215,James White,jonathantucker@example.org,2265316581,1958-11-25
C007216,Ronald Gomez,michaelgraves@example.org,8194529326,1959-06-09
C007217,Daniel Hendricks,ryanadam@example.net,9711604114,1962-02-21
C007218,Audrey Chase,brandonwall@example.org,1661690700,1972-09-19
C007219,Gina Knox,daviscindy@example.org,2861112456,2002-01-23
C007220,Kimberly Mcdaniel,georgeanderson@example.org,6887495192,1984-10-13
C007221,Jerry Singh,adamsangela@example.com,0474741861,1995-08-19
C007222,Zachary Ellis,huntercynthia@example.net,5031861823,1967-07-17
C007223,Doris Thompson,qmcknight@example.com,5757727919,2001-02-15
C007224,Edward Johnson,scott03@example.net,5942599081,1991-10-27
C007225,Rhonda Oconnell,zbryant@example.org,5731683963,1953-11-26
C007226,Jacob Bullock,janicefernandez@example.com,3720053963,1969-01-23
C007227,Cody Morgan,elizabethmejia@example.com,2500662994,1988-12-05
C007228,Mrs. Debra Rogers,leefaulkner@example.org,7327845118,2003-11-07
C007229,Shane Washington,elizabeth09@example.com,2707375615,1969-10-31
C007230,Tom Terrell,zcarlson@example.net,6212151147,1962-04-01
C007231,Katherine Berry,matthew52@example.net,0968130389,1979-07-03
C007232,Stephanie Garcia,briangamble@example.com,9175112445,1976-09-13
C007233,Allison Leon,ellengutierrez@example.net,2921723541,1978-09-13
C007234,Curtis Rios,sarafranklin@example.net,5785028124,1961-12-03
C007235,Karen Gonzales,bakertroy@example.com,6304546155,1965-05-13
C007236,Mary Brown,padkins@example.org,9260360363,1990-03-07
C007237,Brian Hale,nhill@example.net,6361962086,1989-10-16
C007238,Erika Brown,weavercesar@example.net,9747279520,1961-09-19
C007239,Ryan Hansen,chelsea45@example.org,1330944268,1984-04-13
C007240,Jeffery Carroll,jordanjoseph@example.com,4854137458,1983-09-28
C007241,Heather Clayton,christopher22@example.com,8018226243,2003-10-16
C007242,Cassandra Larson,loridavenport@example.com,4817324368,1998-02-20
C007243,Claire Richards,rodneymacdonald@example.net,4256454917,1968-07-11
C007244,Catherine Baker,adamhurst@example.com,8795652977,1952-01-21
C007245,Renee Rodriguez,montgomeryluis@example.com,1339437750,1953-07-09
C007246,Christopher Green,michellegomez@example.org,0530490153,1990-05-07
C007247,Johnny Joseph,nathanmalone@example.net,1386572748,1996-08-08
C007248,Paul Mills,regina60@example.org,2867601406,1982-10-05
C007249,Jesse Reed,greerfernando@example.com,1143719929,1978-01-02
C007250,Dennis Arias,umitchell@example.org,4956072312,1970-09-14
C007251,Sherry Mcgee,zsoto@example.org,6029482501,1983-11-21
C007252,Christine Lawson,johnreeves@example.org,7057163569,2002-07-02
C007253,Teresa Wood,jennifermorrison@example.org,5365474556,1977-09-12
C007254,Jennifer Martinez,sanchezderek@example.org,0853004682,1977-02-04
C007255,Natalie Stokes,alexandertony@example.org,9624248220,1962-03-30
C007256,Kelly Juarez,cwood@example.net,6258310170,1989-07-21
C007257,Cynthia Moran,shawnnicholson@example.org,4736776252,1963-08-07
C007258,Shawna Thomas,sanchezkathryn@example.com,4248399704,1996-01-04
C007259,Elizabeth Powell,catherinewhite@example.com,6251958476,1989-10-22
C007260,Ronald Higgins,bradhays@example.org,6045447782,1972-08-28
C007261,Rodney Henry,mgallegos@example.com,7399935595,1956-10-09
C007262,Carlos Mcdowell,john43@example.org,5369220025,1953-11-29
C007263,Tiffany Murray,smithchristopher@example.com,8661401474,1955-12-16
C007264,Autumn Lewis,stantonfernando@example.com,5103813368,1999-10-25
C007265,Carrie Morris,kbyrd@example.net,1642606251,1957-02-13
C007266,Lisa Matthews,pbrown@example.net,9604264460,1992-05-09
C007267,John Dalton,sbuchanan@example.net,5406138430,1985-02-06
C007268,Michael Olson,aaustin@example.org,0602825140,1967-01-11
C007269,Lisa Jimenez,heather59@example.net,3770431521,1998-04-13
C007270,Katherine Chapman,ashleyjacobson@example.org,7631882824,1963-04-04
C007271,Aaron Riley,richardskenneth@example.com,2997369267,1966-09-04
C007272,Tricia Wagner,woodwardcourtney@example.org,0350452853,1964-12-17
C007273,Jill Jones,hramirez@example.net,2103253646,1954-02-07
C007274,Richard Ellis,xortiz@example.net,4178151885,1962-05-25
C007275,Paul Santiago,gflores@example.com,7612087783,1980-05-22
C007276,Ricky Foley,tsandoval@example.org,6810825801,1976-07-12
C007277,Paula Keller,christensenjennifer@example.org,4085967262,1996-06-29
C007278,Annette Larson,rochamichelle@example.net,5894562312,1987-10-03
C007279,Matthew Morgan,thawkins@example.org,9322207413,2000-12-10
C007280,Darius Blanchard,hopkinsamanda@example.org,6346393025,1993-07-04
C007281,John Holloway,jbrooks@example.net,4628781327,1996-03-11
C007282,Anthony Moore,goldenelizabeth@example.net,5168887821,1986-05-14
C007283,Mrs. Jasmin Burns,cynthia38@example.net,0964022163,1994-04-10
C007284,Andrew Hammond,waltersheidi@example.com,0147039706,2001-07-16
C007285,Renee Davidson,kevinjohnson@example.com,7991333463,1998-02-03
C007286,Mrs. Megan Sanchez,gary09@example.net,7748541923,1994-05-29
C007287,Barbara Rodriguez,amybeard@example.net,8881410150,1985-04-07
C007288,Carolyn Reyes,michael86@example.com,5019799725,1991-05-11
C007289,Lisa Randolph,vblack@example.com,1637039276,1993-01-06
C007290,Steve Allen,rdavid@example.com,2246107842,1967-11-22
C007291,John Malone,vschaefer@example.com,7825495843,1992-07-27
C007292,Heidi Cobb,youngamanda@example.net,0149963750,1997-03-20
C007293,Ryan Hall,oadams@example.org,2909981527,1986-05-15
C007294,Luis Turner,tiffanymiller@example.com,2442509100,1969-12-31
C007295,Dr. Bobby Wilson DDS,wduran@example.net,3660014826,1977-02-13
C007296,Jason Bryant,robertharvey@example.com,8136939914,1972-07-30
C007297,Jonathan Bruce,gillespiemichael@example.net,4228199180,1996-02-15
C007298,Cindy Medina,castrofrancisco@example.org,6229189389,1955-06-25
C007299,Cory Harvey,ustewart@example.org,5393124114,1950-12-09
C007300,Kelly Frederick,rebeccawright@example.org,4349083314,1989-03-01
C007301,Brett Archer,mtanner@example.org,2750533607,1973-03-27
C007302,Jessica Gallegos,mrivera@example.net,8547266245,1960-02-26
C007303,Catherine Jones,xhodges@example.net,6694107588,1951-12-22
C007304,Joshua Young,karenjohnson@example.org,3787413848,2004-12-11
C007305,Sherry Wang,wgreen@example.org,4398676651,1983-09-01
C007306,Michael Whitaker,doncooley@example.org,4772661786,1987-08-23
C007307,Aaron West,belllogan@example.net,8954118740,1994-07-08
C007308,Crystal Blake,lindsey23@example.com,5513872666,1993-09-21
C007309,Stephen Goodwin,elizabeth01@example.net,3633167947,1967-07-16
C007310,Jasmine Hampton,zholmes@example.com,9222157482,1977-10-19
C007311,Linda Walker,annadavis@example.net,2923485171,1986-01-12
C007312,Cynthia Moss,kayla20@example.net,5167957080,1997-07-02
C007313,Jennifer Wood,williamsevelyn@example.com,7150544107,2004-02-12
C007314,Mary Jones,ymartinez@example.com,8760486264,1974-12-22
C007315,Gabriel Garza,carlos23@example.org,7346036765,1970-12-01
C007316,Tammy Chambers,mckenzierobin@example.org,7146657588,1971-09-02
C007317,Nathan Moore DVM,megan63@example.net,1706567111,1965-09-28
C007318,Patricia Sexton PhD,montgomerytrevor@example.com,8005313449,1953-03-21
C007319,Taylor Moore,jenkinsbarbara@example.org,4377045509,2002-05-05
C007320,Jaime Lucas,kevinvalentine@example.net,5853415248,1964-05-01
C007321,Joseph Ferguson,anthonypowell@example.com,0533508221,1970-12-22
C007322,Louis Cook,lisa20@example.com,7062465146,1997-10-10
C007323,Michele Perry,scottpaul@example.com,2300423512,1997-04-21
C007324,Jake Rose,jacksonkim@example.org,3426313620,1981-09-30
C007325,Adam Green,kmoss@example.org,7726348277,2000-11-30
C007326,Jessica Hudson,jane57@example.org,6384830975,1969-03-20
C007327,Bobby Pierce,kgonzalez@example.com,9138741165,1978-11-24
C007328,Richard Parsons,smithbrandy@example.org,1267612975,1992-06-27
C007329,Mrs. Stephanie Love,michaelsimmons@example.com,2490509600,1959-09-16
C007330,Christopher Sparks,benjamincarey@example.net,9698813665,1957-07-03
C007331,Marissa Ellis,kelliott@example.net,0297116872,1966-05-01
C007332,Darius Payne,iroberts@example.org,2714016801,2000-02-12
C007333,Meghan Foster,cbush@example.org,7100709543,2005-08-23
C007334,Donna Sweeney,wujennifer@example.net,0957873465,1975-04-23
C007335,Douglas Davis,darius79@example.com,8938646524,2003-07-09
C007336,Erica Baker,lynnwalker@example.org,1721839609,1963-09-03
C007337,Craig Parker,billy04@example.net,5055936457,1964-09-04
C007338,Kylie Medina,benjaminkeith@example.org,6200257329,1959-02-13
C007339,Brittany Andrews,hjohnson@example.com,3281709429,2005-06-15
C007340,Stacie Elliott,christopher49@example.net,3572884406,1998-11-12
C007341,Katie Gonzalez,qramirez@example.com,5064648657,1981-05-22
C007342,Natasha Martinez,ddavis@example.com,4500204596,1977-07-24
C007343,Amanda Harrell,colton29@example.com,7221560655,1982-06-06
C007344,Jason Nelson,bellcynthia@example.com,5463896783,1991-06-24
C007345,Amanda Golden,sandralee@example.com,5267279658,1967-11-28
C007346,John Booth,lisawilliams@example.net,1372748671,1979-10-31
C007347,Nicole Browning,jessicawalsh@example.com,0961202465,2001-08-12
C007348,Adrian Miller,alexander57@example.com,8319878438,1981-08-31
C007349,Danielle Brewer,brandi74@example.com,7131772718,1951-03-18
C007350,Robert Martinez,pford@example.org,7158094057,1965-01-21
C007351,Adam Thomas,qtaylor@example.net,5534959136,1986-11-18
C007352,Marcus Cochran,morrisjessica@example.com,7311201505,1965-09-26
C007353,Deborah Reynolds,rodriguezwalter@example.net,6507468074,1982-11-27
C007354,Jimmy Mullen,sarahsmith@example.net,8256769598,1991-03-26
C007355,Steven Rosales,ronald92@example.net,9475392423,2000-05-22
C007356,Ronald Valencia,crystal76@example.net,9864252188,1985-11-06
C007357,Juan Jordan,gonzalezcarrie@example.com,4617363773,1970-11-02
C007358,Albert Smith,sparksryan@example.org,6600178897,1983-03-27
C007359,Michael Grimes,katieodom@example.net,2137148528,1956-07-12
C007360,Alexander Crane,ricejohn@example.org,4863557307,2002-07-07
C007361,Roberto Baker,edwardssabrina@example.net,5688110962,1958-02-26
C007362,Tiffany Walker,fperez@example.org,5192949621,1965-02-03
C007363,Anthony Adams,bmartin@example.com,2463415751,1965-05-17
C007364,Darren Williams,valentinesteven@example.com,8408494551,1989-08-22
C007365,Meghan Solis,larry92@example.net,4286538381,1965-05-23
C007366,Martin Murray,yjones@example.net,9880587810,1990-09-20
C007367,Meghan Lee,carterjoseph@example.net,3957693749,1996-07-20
C007368,Nicole Duncan,uhill@example.com,9209634742,1954-11-19
C007369,Heather Ross,jonessherry@example.org,6286771549,1957-08-24
C007370,Michael Ruiz,sherryponce@example.com,3137722630,1978-03-25
C007371,Alexandra Robinson,emilyromero@example.org,2406245148,1968-02-19
C007372,Hannah Brooks,keithwagner@example.org,5939085357,1960-10-20
C007373,Eileen Alvarez,jerry41@example.com,3773251355,1953-03-26
C007374,Sharon Dawson,ehendricks@example.net,9387625070,2005-09-14
C007375,William Kirk,stephenlopez@example.org,3723599677,1995-09-08
C007376,Keith Chambers,johnsonsusan@example.net,0926005349,1965-01-14
C007377,Lisa Lara,savannahmiller@example.org,6271609918,1959-05-19
C007378,Jason Garcia,jwalker@example.org,4050502858,1992-05-29
C007379,Denise Miller,tharris@example.org,8923038922,1986-03-08
C007380,Matthew Ball,utorres@example.org,6559212512,1956-12-24
C007381,Tiffany Lindsey PhD,qwilkerson@example.org,7176471405,1986-10-17
C007382,Daniel Baker,milleralex@example.com,4367547985,1991-09-26
C007383,Angel Thornton,tracy00@example.org,5523090147,1974-06-29
C007384,Sarah Barrera,poncefelicia@example.com,6007147956,1982-02-11
C007385,Angela Ramos,watsonthomas@example.net,8066389025,1981-03-27
C007386,Brian Ruiz,vanessa55@example.org,7256623905,1999-05-19
C007387,Tyler Watts,kathrynalvarez@example.com,5115207580,1987-11-24
C007388,Daniel Harvey,barryedwards@example.com,8504173587,1969-05-29
C007389,Diane Mills,derrick91@example.com,5809397585,1991-04-25
C007390,Craig Vincent,michael10@example.net,8898372757,1973-10-30
C007391,Dennis Ray,jsalas@example.net,7550461231,1961-10-22
C007392,Anthony Vazquez,angela33@example.org,8550104358,1989-10-02
C007393,Stacey Oliver,linda50@example.net,6625733645,1970-09-23
C007394,James Watts,rboyd@example.com,9383522300,1986-08-02
C007395,Nancy Barrett,newmanmadeline@example.net,6888595690,1965-10-06
C007396,Bonnie Garcia,logansmith@example.org,0845435412,2004-10-07
C007397,Amanda Foley,rhamilton@example.org,6050619914,2003-01-17
C007398,Kristine Parrish,rholland@example.com,0177626973,2001-09-20
C007399,Lindsey Oliver,jonesmelissa@example.net,0429745396,1999-04-09
C007400,Rachel Simmons,sheppardjennifer@example.org,2999972479,1957-02-16
C007401,Brandon Russell,jeffreyshaw@example.org,1113038303,1957-10-25
C007402,Brian Reyes,sharon31@example.com,4821278854,1984-03-07
C007403,Mary Mitchell,emilyjohnson@example.net,7227553734,1967-07-02
C007404,Alexa Rasmussen,daniel82@example.org,1306039621,1990-01-13
C007405,Michelle Johnson,chasedaniel@example.com,8053720596,1991-07-15
C007406,Andre Reed,sheilajohnson@example.com,8990867843,1959-05-05
C007407,Andrew Harris,james83@example.net,4214367486,1970-07-02
C007408,Susan Adams,jenniferpacheco@example.com,6109048978,1967-11-10
C007409,Jim Wright,jonesjacob@example.net,4377291632,1967-06-10
C007410,William Booth,hayeskara@example.org,5287608472,1994-12-31
C007411,David Stone,philliphoward@example.com,2633875237,1990-08-25
C007412,Tiffany Bean,thomasmegan@example.org,4064121652,1955-01-03
C007413,Anthony Gardner,smithkimberly@example.net,9605668878,1997-03-17
C007414,Jacob Beasley,heathersandoval@example.org,9989238382,1969-06-08
C007415,Christine Alvarez,morrisonmelanie@example.com,8434883035,1985-07-26
C007416,Emily Mitchell DDS,kathleen59@example.org,0103164428,2003-10-01
C007417,Jerry Schaefer,zsantiago@example.net,6393092841,1958-03-13
C007418,Michelle Salazar,nguyenanthony@example.net,1383021605,1977-09-14
C007419,Andrea Gibson,lopezrickey@example.com,1144777080,2004-01-06
C007420,Lisa Frank MD,hallryan@example.net,3226628685,1975-05-27
C007421,Matthew Baker,matajesse@example.org,5006583475,1975-04-06
C007422,Eric Miller,dmaynard@example.org,0299254048,1956-03-03
C007423,Elizabeth Lang,dblanchard@example.com,8397019322,1973-02-22
C007424,Michael Mckay,alexishamilton@example.org,0902058342,1996-09-28
C007425,Rose Jones DDS,brownjeremy@example.com,7542599317,1978-05-11
C007426,Fernando Willis,mitchellkyle@example.com,8536062662,1975-08-16
C007427,Brian Anderson,grossmatthew@example.net,4996140484,2002-03-01
C007428,Cory Burns,krystalnelson@example.com,0695887997,2000-08-13
C007429,Cory Meyers,dsantiago@example.org,0039951407,1960-10-09
C007430,Kimberly Rodriguez,susan08@example.net,8723904427,1977-06-26
C007431,Nicole Bryant,janestevens@example.org,8257610588,1955-02-05
C007432,Miguel Miller,kenneth87@example.org,1141150271,1979-04-19
C007433,Willie Cohen,linda40@example.org,5391171330,1970-11-06
C007434,Margaret Hernandez,denisepittman@example.net,1734938273,1991-09-14
C007435,William Murphy,reneethomas@example.org,2590693652,2005-02-24
C007436,Christine Thomas,garyjames@example.org,1992718058,1983-09-03
C007437,Terri Harris,ashley08@example.com,2420269475,1976-08-02
C007438,Rebecca Smith,mark01@example.net,8921395824,1998-08-23
C007439,Emma Foster,kthomas@example.com,2618665210,1992-05-02
C007440,Shannon Ruiz,dgreen@example.net,7329513888,1969-11-24
C007441,Bruce Palmer,alexandraclark@example.net,6830181974,1975-05-27
C007442,Kevin Singh Jr.,cathybaxter@example.org,1283860086,1966-02-14
C007443,Jill Jacobs,ishepherd@example.net,9049406849,1973-03-15
C007444,Tanner Lee,eblack@example.net,1314573149,1993-03-17
C007445,Mary Diaz,roger67@example.net,5558850650,1981-05-07
C007446,John Brennan,thomasschroeder@example.net,1071512520,1979-02-11
C007447,Mathew Washington,ebrennan@example.net,2283108720,1994-10-25
C007448,Jackie Garcia,perrymichael@example.org,8846989934,1964-03-06
C007449,Stephanie Turner,nguyenjonathan@example.com,3796539144,1984-12-18
C007450,Jill Mccormick,juanbecker@example.org,7719146512,1954-09-25
C007451,Peggy Brennan,vpeterson@example.net,1886161662,1982-12-13
C007452,Joe Brown,wbrooks@example.com,4481654328,1960-02-04
C007453,Antonio Morse,traceyallen@example.net,3814911255,1987-11-26
C007454,Stephen Fuller,loganchristensen@example.com,0582021995,1989-07-23
C007455,Chelsey Howard,william41@example.org,3135427645,2000-07-04
C007456,Dillon Jensen,kaylapeterson@example.net,2665569480,1970-06-06
C007457,Kevin Anderson,hoganwayne@example.com,5901582785,1992-05-18
C007458,Elizabeth Stewart,matthewcruz@example.org,2510610412,1959-12-21
C007459,Jennifer Walker,katelynsantana@example.com,9431003025,1972-02-26
C007460,Candice Arnold,qholt@example.net,7058035870,2005-01-22
C007461,Juan Cole,april35@example.org,1915049591,1953-03-14
C007462,Russell Guzman,kevinsantana@example.net,4913572949,1995-02-12
C007463,Victoria Jones,moodymegan@example.com,2764256624,1952-07-04
C007464,Joseph Terry,cpeters@example.net,3819486065,1961-06-08
C007465,Erin Benitez,robin00@example.net,9120939515,1967-11-26
C007466,Destiny Smith,bryce73@example.net,3291135907,1994-02-27
C007467,Anthony Landry,robertsonjohn@example.net,8124998326,2002-07-02
C007468,Richard Martinez,ronald02@example.net,8234619401,1960-03-24
C007469,Thomas Anderson,toddangela@example.org,6576830947,1967-06-01
C007470,Jordan Barker,jessica55@example.org,3615140979,1958-11-01
C007471,Melanie Snyder,natasharobinson@example.com,6782952233,1992-10-21
C007472,Cody Grant,phyllis50@example.com,3207788396,1995-10-11
C007473,Dr. Derrick Kelly Jr.,knightjustin@example.net,9190491687,1992-10-09
C007474,James Chapman,collinsrick@example.net,4551045999,1988-04-24
C007475,Wanda Boyle,calderonchristina@example.org,3246768069,1960-04-28
C007476,Heather Parker,dscott@example.org,3743955007,1989-09-16
C007477,Ms. Jennifer Wilson,sullivanbrian@example.com,0197813491,2004-01-06
C007478,Raymond Jackson,shawnhogan@example.net,8922930682,1976-04-26
C007479,Elizabeth Villarreal,kevinrobinson@example.com,7514760771,1970-08-05
C007480,Jesse Medina,patrickbradshaw@example.com,7766872289,1991-11-28
C007481,Robert Ortega,williamssteven@example.com,4032668204,2003-04-06
C007482,Shelley Vargas,rebeccayates@example.com,5903288683,1994-04-29
C007483,Kevin Edwards,emilyharris@example.com,9817019164,1983-03-11
C007484,Amanda James,avilajaime@example.net,9952134798,1966-11-07
C007485,Tracey Gutierrez,fredericklaura@example.org,4114794599,1973-10-29
C007486,Michael Edwards,william14@example.org,5013389790,1980-08-29
C007487,Bryan Reynolds,parsonsalex@example.com,3543088364,1972-07-20
C007488,Colleen Edwards,vanessaharris@example.com,7137326031,1961-04-10
C007489,Angela Kirk,kimberlycarpenter@example.com,7996617215,1982-08-04
C007490,Chase Cohen,kaneshane@example.com,9883725243,1987-06-14
C007491,Alexis Johnson,markgordon@example.org,2385816023,1963-02-05
C007492,Amber Hodges,tamara96@example.net,5791292358,1968-03-21
C007493,Carl Fisher,villasteven@example.org,0495404109,1963-12-03
C007494,Mary Hernandez,richardbishop@example.net,8171230604,1968-04-10
C007495,Hannah Hale,casejessica@example.org,6373616977,1978-09-02
C007496,Joseph Roberts,brucematthew@example.com,9036799642,1991-09-21
C007497,Michael Wright,charles46@example.org,6473474017,2002-06-29
C007498,Chad Collins,martineric@example.org,3328859046,1981-12-13
C007499,Megan Petersen,danielnichols@example.com,6722924698,1951-12-04
C007500,Diana Wong,meltonlauren@example.com,1139851549,1964-07-06
C007501,Michelle Clements,garciakathleen@example.net,2266661611,1989-08-02
C007502,Erik Pena,boydpaige@example.org,2405772057,1962-12-07
C007503,George Yang,marcusjensen@example.org,5625038085,1967-06-24
C007504,Melissa Gonzalez,jadestrickland@example.net,2894943638,1982-06-30
C007505,Margaret Mccarty,brandtamanda@example.net,4384740960,1959-05-19
C007506,Bryan Collier,hgaines@example.net,8719940910,1978-09-26
C007507,David Clark,matthewfernandez@example.org,3250652201,1979-04-02
C007508,Andrea Davis,zvasquez@example.com,0992579972,1996-07-09
C007509,Nathan Taylor,jerome80@example.net,0433824769,1963-05-02
C007510,Rodney Sullivan,jeremy77@example.org,0031194041,1971-06-02
C007511,Bailey Mccullough,tonya16@example.com,4896189349,1998-05-31
C007512,Jacob Wright,kellytodd@example.com,1819104763,1970-01-10
C007513,Jason Hebert,ebeltran@example.net,2467467408,1970-07-21
C007514,Melissa Nelson,hclay@example.org,2659684901,1972-01-20
C007515,Maria Bowman,tara16@example.org,2619370566,1975-07-16
C007516,Bradley Reed,williamgonzalez@example.net,6565905671,1952-06-26
C007517,Angela Ramirez,aliciamorales@example.org,6416395294,1951-07-09
C007518,Joel White,simspatricia@example.org,9752652306,1969-01-31
C007519,Nicholas Jones,lanekatie@example.net,8761343739,1968-12-10
C007520,Luke Russell,sfuentes@example.net,1713544081,1963-10-27
C007521,Rebecca Henson,krista46@example.com,7323827223,1973-08-09
C007522,Patricia Stewart,robertsonnicholas@example.net,7573991133,1999-02-16
C007523,Dustin Green,shannondaniel@example.org,6000172016,1962-06-28
C007524,Brittany Horn,iperry@example.com,1808324898,1989-10-13
C007525,Edgar Carter,ewashington@example.net,0163678652,1977-08-24
C007526,Johnny Johnson,nataliepalmer@example.net,6125697466,1997-11-11
C007527,Paula Ingram,sandra34@example.com,7015640794,1995-04-26
C007528,Mrs. Margaret Stevenson DDS,alidavid@example.org,3847283284,1977-07-16
C007529,Joseph Benson,kingpaul@example.com,0799227659,2002-01-18
C007530,Andrea Riley,sullivanmark@example.net,1959888738,1958-05-05
C007531,Jackie Smith,marvin88@example.com,8454778580,1960-05-23
C007532,Stephanie Powers,michael98@example.org,8676128730,1998-04-15
C007533,Terry Tran,jacobsonbrenda@example.org,0115049125,1979-01-07
C007534,Brenda Brown,robert13@example.com,1555152763,1999-11-07
C007535,Thomas Gonzalez,sjoyce@example.net,5230999496,1992-03-11
C007536,Jasmine Simpson,vickieramos@example.com,1695379050,1997-11-07
C007537,Lauren Hamilton,erin81@example.com,2003036145,1974-03-09
C007538,Rebecca Anderson,ericevans@example.com,1021390241,1960-01-06
C007539,Julian Roberson,hreed@example.com,5980470859,1970-09-05
C007540,Anthony Chen,joneswilliam@example.com,1064590986,1971-12-21
C007541,Derek Campbell,sheilawilliams@example.com,6775076766,1952-11-20
C007542,Charles Hernandez,carolyn11@example.org,5861501535,1977-02-16
C007543,Brad Simmons,hortonmadeline@example.com,6018146766,1991-12-05
C007544,Michelle Martin,allenderek@example.org,6008325457,1997-08-21
C007545,Jessica Robinson,markcervantes@example.com,9797113401,1980-05-20
C007546,Sandra George,stephanie77@example.net,6781932703,1986-07-30
C007547,Christopher Herrera,porterpatrick@example.com,1009025820,2002-06-14
C007548,Benjamin Boone,martinezjennifer@example.net,6325415720,1964-01-07
C007549,Michael Taylor,stephen23@example.net,5108643794,1977-05-07
C007550,Daniel Schmidt,ptanner@example.net,0197558736,2000-11-29
C007551,Kimberly Baker,pdickerson@example.com,7916814235,1975-07-31
C007552,Ryan Campbell,briansmith@example.com,1798637672,1990-02-19
C007553,Zachary Arroyo,yreed@example.net,7358055535,1994-02-26
C007554,Matthew Sims,ortizjonathan@example.net,5208819246,1957-09-24
C007555,Margaret Harvey,wwilson@example.net,6146428484,1985-05-08
C007556,Mr. Lee Goodwin,barbara90@example.com,4760166659,1978-05-19
C007557,Ann Miller,amandagay@example.org,8548878160,1992-04-08
C007558,Daniel Johnson,johnhunt@example.net,3068094803,1956-02-21
C007559,Eric Rogers,kristatorres@example.com,5571395921,1999-01-19
C007560,Michael Warren,jcopeland@example.org,1995852628,1973-09-29
C007561,Chad Nelson,carlosgood@example.net,3223741942,1957-04-02
C007562,Jennifer Hart,stephanie58@example.net,9803662462,1956-08-06
C007563,Connor Ward,pbyrd@example.net,2344330337,1969-01-10
C007564,Jennifer Simpson,andrew07@example.com,5451141423,1987-07-20
C007565,Christopher Jones,jennifer93@example.net,8096342098,1995-03-11
C007566,Kyle Jones,angelamiller@example.org,9947318783,2003-10-04
C007567,Natasha Gill,floydelizabeth@example.com,5492145158,1999-03-27
C007568,Kevin Mason,brian27@example.com,0923237273,1950-11-03
C007569,Shelley Russell,olsenchristopher@example.org,3974982198,1997-02-12
C007570,Jennifer Clark,brady67@example.com,0768007974,1984-01-10
C007571,Michael Taylor,michaeljennifer@example.com,5716194354,1982-12-07
C007572,Albert Aguirre,anthonymorgan@example.org,1160000727,1994-09-11
C007573,Stephanie Vaughn,gpowers@example.com,7100567613,1951-10-22
C007574,Timothy Alexander,andrearodriguez@example.net,8091120167,1984-08-10
C007575,Amanda Harrison,elizabeth24@example.net,6997821353,1976-01-25
C007576,Tiffany Smith,sotohunter@example.net,9594127545,1959-03-28
C007577,Kathryn Marquez,alex99@example.com,1113676148,1978-08-29
C007578,Marilyn Davis,monicaburton@example.org,6444765632,1953-06-14
C007579,Gwendolyn Kerr,brownriley@example.org,9571390516,1994-07-25
C007580,Ashley Hunter,robertwashington@example.net,1088007022,1991-04-15
C007581,Hannah Orr,andrewmoore@example.org,9816549980,1988-12-21
C007582,Zachary Buckley,martinlogan@example.net,3413773879,1977-03-14
C007583,Maria Henderson,richard91@example.net,8373147191,2002-11-27
C007584,Jay Keith,vhoover@example.net,2333639203,1958-02-08
C007585,Jeremiah Gray,marcusfoley@example.net,5097417700,1984-01-16
C007586,Heather Wells,margaret08@example.com,6186333666,1965-10-15
C007587,Travis Sandoval,samuel86@example.org,5336709281,1977-03-04
C007588,John Day,wschultz@example.com,0170367310,1986-01-02
C007589,Tammy Sanford,fhickman@example.net,2235461342,1992-11-29
C007590,Dillon Turner,nwang@example.net,7256724929,1955-07-18
C007591,Meghan Caldwell,brett56@example.org,0476866495,2001-02-26
C007592,Christine Mcdonald,cking@example.net,9932892624,1998-02-11
C007593,Tanya Robinson,brian99@example.org,0282662181,1995-02-05
C007594,Vincent Moore,yking@example.net,1034306085,1996-08-28
C007595,Susan Richards,david91@example.org,6792719591,1964-10-11
C007596,Aaron Black,donald41@example.org,1544833202,1992-09-27
C007597,Amanda Wells,smithtravis@example.net,3985377983,1984-02-24
C007598,Aaron Hamilton,osbornzachary@example.com,5292295495,1981-12-12
C007599,Patrick Day,emilysharp@example.com,6638722117,1998-02-14
C007600,Raymond Burns,stephaniemccarthy@example.net,4564605909,1984-10-29
C007601,Kathryn Freeman,fosterlisa@example.org,9380895756,1975-02-11
C007602,Karen Shaffer,laurabowen@example.com,4364607893,1963-05-28
C007603,Ariel Anderson,debralewis@example.net,3760870985,1972-02-04
C007604,Dr. Jennifer Gentry,janet08@example.net,8310510151,1980-04-04
C007605,Angela Patton,smithdavid@example.com,6049191321,2005-01-28
C007606,Dana Reed,klee@example.net,1422251408,1971-03-30
C007607,Sara George,taylor21@example.com,0175647642,1995-09-27
C007608,Paul Sullivan,martinezalexis@example.net,7058094185,1982-11-02
C007609,James Watson,uruiz@example.org,9014535916,1953-01-08
C007610,Laura Welch,jyoung@example.com,2924236882,1957-07-20
C007611,Timothy Young,whitneybrown@example.org,1284508177,1961-04-09
C007612,Maxwell Pruitt,staceyanderson@example.net,4245336280,1989-06-06
C007613,Teresa Jimenez,kathryn37@example.com,6149220182,2002-07-15
C007614,Mark Harvey,braunjasmine@example.com,7397480762,1970-04-13
C007615,Katrina Thompson,samantha03@example.org,3388731677,1988-11-30
C007616,Monica Rice,cjennings@example.org,0721635206,2004-04-29
C007617,Joseph Gentry,rebeccasmith@example.org,9212753233,1983-06-29
C007618,Christina Jenkins,francokathryn@example.org,0971271083,1969-09-02
C007619,Kimberly Campbell PhD,schmidtalicia@example.net,2770949330,1976-02-05
C007620,Cody Roberts,wanda34@example.org,2614218514,1965-03-01
C007621,Nancy Lindsey,tyler73@example.com,0422824487,2002-02-16
C007622,Lisa Graham,robert10@example.net,7615603834,1960-03-29
C007623,Dana Johnson,walkervincent@example.com,8003776431,1953-12-22
C007624,Beth Thomas,arthur47@example.org,0971087841,1954-10-04
C007625,Michael Barnes,donovansamantha@example.org,2322364454,1954-06-20
C007626,Russell Rodriguez,melissarobinson@example.net,2492149514,1986-09-15
C007627,Robert Johnson,zhatfield@example.org,8864304967,2002-07-26
C007628,Christopher Smith,derrickrichardson@example.net,9462794444,1991-12-23
C007629,Evelyn Serrano,ashley96@example.com,7433433897,1956-04-05
C007630,Troy Howell,plevy@example.org,7526668585,1985-01-30
C007631,Melanie Contreras,jenningssandra@example.org,0276641005,1975-02-05
C007632,Michelle Lopez,benjamin71@example.org,9983795337,1978-09-28
C007633,Christopher Woods,heather88@example.org,8424174190,2003-05-13
C007634,Jon Miller,lindamaddox@example.org,0778515600,1994-11-18
C007635,Kyle Douglas,brianelliott@example.com,9244011282,1983-03-10
C007636,Rebecca Lamb,jason28@example.org,6756945210,1975-12-20
C007637,Bethany Miles,xowens@example.com,9675160045,1995-06-13
C007638,Andrew Beasley,thomasemily@example.net,9267762696,1982-07-01
C007639,Victoria Powell,hproctor@example.org,5557935852,1990-04-22
C007640,Emily Weiss,leerobin@example.org,4400067286,1974-06-25
C007641,Howard Evans,heatherwilson@example.net,4494055001,1992-06-26
C007642,Matthew Jones,edwardsbrandi@example.net,0413447468,1997-11-09
C007643,Kelsey Alexander,imurphy@example.com,5133423853,1992-11-16
C007644,Rodney Foster,annamiller@example.org,6358612668,1994-03-16
C007645,Victor Butler,bernard71@example.com,0149748916,1985-07-23
C007646,Heather Bates,caitlindouglas@example.org,8616693349,1954-10-27
C007647,James Mclaughlin,pgomez@example.org,9764939996,2002-02-23
C007648,Angelica Holt,john10@example.org,0544720374,1984-10-04
C007649,Brandy Best,jacobjohnston@example.net,5828428390,2001-07-16
C007650,Christian Barron,alyssamartinez@example.net,0500382776,2004-01-17
C007651,Thomas Murphy,cmontgomery@example.org,0605172780,1966-06-21
C007652,Arthur Mitchell,jeremy38@example.org,0760483623,1962-11-21
C007653,Jessica York,james69@example.net,2459115033,1965-02-27
C007654,Kristin Martin,sharon25@example.com,2548834868,1984-04-14
C007655,Ernest Jensen,mjones@example.org,1503150995,1987-10-14
C007656,Clinton Martin,zfreeman@example.net,6095898550,1991-09-13
C007657,Amber James,martinezedward@example.com,8107128261,1996-11-17
C007658,Bobby Brown,uwilkerson@example.com,9159531277,1996-11-04
C007659,Michelle Clark,leekathryn@example.org,1202953952,1991-12-10
C007660,Joseph Bailey,krystal94@example.com,3010561178,1971-04-01
C007661,Daniel Velasquez,davistiffany@example.net,3602980629,1976-09-17
C007662,Charles Burke,gregory74@example.com,8496431135,1957-06-24
C007663,Julie Mueller,cummingssteven@example.com,8956931320,2002-01-22
C007664,Erika Anderson,qblack@example.net,1023972999,2004-12-07
C007665,Ryan Rogers,harriscurtis@example.com,0383264670,1953-10-28
C007666,Douglas Williams,qmueller@example.com,6267206426,1998-01-08
C007667,Nicole Drake,meyersjoseph@example.com,1326730087,1964-06-15
C007668,Jesse Ho,jenniferrodriguez@example.org,1601058187,1968-05-17
C007669,John Soto,michellepotts@example.org,5221451030,1994-09-17
C007670,Lindsay Yoder,david53@example.org,4700158981,1992-03-10
C007671,David Mcdonald,dawnjones@example.net,4976322801,1982-01-29
C007672,Lisa Thomas,stephanieodonnell@example.org,2067371778,1972-11-17
C007673,Kristina Rich,mary83@example.com,1284675185,1997-11-30
C007674,Nathan Martinez,klowe@example.com,0590779575,2000-02-01
C007675,Jaime Butler,harrisjeremy@example.com,6924957425,1957-07-25
C007676,Bobby Solis,kristophermills@example.net,9879644017,1955-06-28
C007677,Angela Riley,canderson@example.com,0892566496,1985-05-18
C007678,Lauren Lopez MD,yorkrhonda@example.net,5886144929,1989-09-19
C007679,Valerie King,pcochran@example.net,7931106009,1957-02-07
C007680,Daniel Cook,meyersteve@example.org,3564275507,1968-11-26
C007681,Christina Jenkins,tylerking@example.net,0551250927,1987-02-18
C007682,Ashley Delacruz,daviesbrian@example.org,2408736497,1980-01-10
C007683,Douglas Hernandez,henry59@example.net,9700810183,1979-06-06
C007684,John Davies,paulsullivan@example.com,6222929715,1961-03-01
C007685,Scott Wolf,connie73@example.com,6912066944,1995-11-26
C007686,Randy Hicks,justinfloyd@example.org,2438960212,1971-12-17
C007687,Wayne Adams,andrea39@example.com,1556422285,2003-12-05
C007688,Stephanie Gaines,edennis@example.net,7509829226,1986-08-25
C007689,Nathan Dunlap,stephensonamber@example.org,8045961009,1998-10-03
C007690,Taylor Moore,abbottmichaela@example.net,1086444254,1984-08-29
C007691,Mario Mcgee,emilypotter@example.org,9001235019,1967-04-19
C007692,Barry Jackson,sking@example.com,9596659100,1978-09-26
C007693,Victoria Robinson,brocklevi@example.org,2862021229,2001-10-01
C007694,Jamie Gonzalez,meghan17@example.org,9570164407,2001-09-24
C007695,Tracy Osborn,usmith@example.net,5778146030,1986-03-12
C007696,Jordan Gallegos,frobinson@example.com,0763100854,1969-07-04
C007697,Sherri Berry,joy59@example.com,9752977150,2002-11-03
C007698,Jeremy Smith,hhall@example.net,9514939987,1983-06-22
C007699,Ashley Lara,fharris@example.org,6004542777,1959-12-09
C007700,Matthew Hernandez,kevin43@example.net,7305582066,1986-03-31
C007701,Jon Best,fdavis@example.com,2036487624,1998-11-28
C007702,Mr. Michael Flowers,myersdarlene@example.net,4280534544,1962-02-14
C007703,Wanda Ball,gcervantes@example.net,2014540674,1962-09-17
C007704,Janice Davis,scott12@example.net,4417166483,1954-05-29
C007705,Luis Harrington,marcusramsey@example.org,3018974341,1975-03-21
C007706,Evelyn Smith,gcarr@example.com,2079431327,1993-12-16
C007707,Karen Sanford,gary52@example.org,9497533375,1952-07-04
C007708,Timothy Newton,dallen@example.com,1573321169,1995-06-21
C007709,Shawn Waller,qcarter@example.com,7255715920,1956-12-28
C007710,Stephen Hensley,lwiggins@example.org,7638810113,1966-10-22
C007711,Daniel Bennett,kellycalvin@example.net,2137708526,1981-03-29
C007712,Christine Peters,stephenwilson@example.net,0514836786,1976-02-05
C007713,Jennifer Watts,nortoncarly@example.org,4150490613,1957-09-03
C007714,Victoria Osborne,saragarcia@example.net,0019205685,2002-07-29
C007715,Christina Hale,wyattanderson@example.org,0201823467,1997-04-19
C007716,Melissa Cherry,thomas88@example.com,1512364589,1979-03-11
C007717,Felicia Williams,williamsandrew@example.net,6399116568,1972-11-13
C007718,Shelly Dalton,garzasusan@example.com,8033025777,1988-07-23
C007719,Shirley Wheeler,casescott@example.org,2588043475,1965-07-22
C007720,Angela Moyer,vzamora@example.com,9916129877,1987-11-01
C007721,Bryan Jones,jordanmcgee@example.net,0791508575,1974-09-26
C007722,Heather Everett,emilyjuarez@example.net,6842787466,1953-08-06
C007723,Paul Davis,anthony79@example.com,1782800298,2003-09-12
C007724,Robert Collins,juarezfrank@example.org,5329391853,1998-08-22
C007725,Ashley Singh,xjennings@example.com,1938295306,1957-07-21
C007726,Adrian Beasley,idiaz@example.net,9559070268,1996-07-20
C007727,Nancy Brown,michael28@example.com,9027931189,1972-09-03
C007728,Julie Marshall,paul97@example.com,8821408889,1953-09-13
C007729,Kara Richards,williamjennings@example.net,6680078574,1968-12-12
C007730,Teresa Knight,johnsonshelby@example.com,5288592055,1953-07-31
C007731,Samuel Garcia,stevenwallace@example.com,3731450116,1986-07-02
C007732,Ryan Williams,greenmegan@example.org,4611861955,2004-12-15
C007733,Susan Aguilar,rjames@example.net,3826340169,1992-02-01
C007734,Joseph Allen MD,charleshenderson@example.org,9924215554,1973-06-22
C007735,Kristen Montgomery,bennetttiffany@example.net,7543273738,1982-01-27
C007736,Abigail Guzman,georgegarcia@example.org,3099439692,2003-09-30
C007737,Matthew Cox,jason16@example.org,8231123230,1991-07-16
C007738,Anna Gutierrez,zrice@example.org,5567289673,1956-09-21
C007739,Justin Thompson,graylisa@example.com,8611229219,2004-07-29
C007740,Roberto Ward,baileyryan@example.net,0175768096,1995-07-27
C007741,Carly Becker,esteskelli@example.net,9916980701,1982-03-22
C007742,Evan Jordan,kortiz@example.net,9590230573,1980-04-15
C007743,Jack Hammond DVM,michaeladams@example.org,3475088386,2003-07-19
C007744,Vickie Nelson,craigfitzgerald@example.org,9528185137,1993-06-24
C007745,Sydney Meyer,katherinepayne@example.net,4704396922,1978-04-24
C007746,Robert Allen,donaldweaver@example.org,0513391531,1960-01-21
C007747,Jenna Ramirez,martinezkevin@example.org,1565447727,1968-04-23
C007748,Wendy Moore,jenkinsjennifer@example.com,9282969303,1972-08-17
C007749,Aimee Gardner,peterpage@example.net,1400364016,1977-03-04
C007750,Robert Prince,davidbooth@example.org,1417546234,1971-10-13
C007751,Angela Martinez,crusso@example.net,5454409728,1981-01-03
C007752,Michael Ramos,burchmary@example.org,6475883435,1957-10-13
C007753,Bryce Coleman,pruittanthony@example.org,4209000012,1970-08-26
C007754,Christine Gonzales,sharichapman@example.com,8755731378,1976-04-18
C007755,Courtney Walton,parkertanya@example.net,4234591307,1971-08-09
C007756,Kenneth Rubio,vbishop@example.net,8291546979,1992-07-15
C007757,James Hopkins,deborah42@example.com,6935552125,1998-04-19
C007758,Sue Flores PhD,lgonzalez@example.net,9698453319,1985-09-22
C007759,Sandra Murray,tiffany98@example.org,2616268488,1990-07-25
C007760,Kenneth Vaughn,wayne53@example.org,0976663096,1972-11-15
C007761,Robert Williams,littletina@example.com,4601997692,1977-04-18
C007762,Kevin Mays,michaelnavarro@example.org,3734852155,1991-09-16
C007763,Patricia Davies,samanthacortez@example.net,8466144707,2004-01-05
C007764,Ellen Jordan,justinbenson@example.org,5525774079,1952-01-12
C007765,Nichole Mayo,nathanielvasquez@example.org,3987787903,1973-08-10
C007766,Mark Lynch,bobbybrown@example.net,2773406985,1952-06-16
C007767,Meghan Morris,phyllis67@example.org,3109037782,2000-02-25
C007768,Brian Kim,stefanie36@example.net,2593234992,1998-07-04
C007769,Hannah Phelps,austinroth@example.net,8030758294,1992-02-08
C007770,Christine Brown,dwolfe@example.com,4224941192,1957-10-19
C007771,Daniel Griffin,dstanley@example.com,2485784432,2005-01-20
C007772,Diane Callahan,spencerjuan@example.net,9178812113,1990-01-31
C007773,Amy Mills,steven96@example.org,9351491939,1955-04-19
C007774,Kim Ray,brownsarah@example.com,7990709706,2001-04-29
C007775,Jeffrey Larson,charlestrevor@example.org,2703339179,1961-04-24
C007776,Larry Christian,jnelson@example.org,1877081537,1963-11-14
C007777,Susan Obrien,marilyn84@example.com,3331632504,1988-01-12
C007778,Christy Lyons,nkennedy@example.net,9745323145,1998-05-20
C007779,Lori Pena,sparkselizabeth@example.org,1699372981,1995-06-02
C007780,Michael Shields,breanna50@example.com,5320876206,1958-06-04
C007781,Bonnie Price,keithjohnson@example.com,2357055471,1989-12-09
C007782,Leslie Alvarez,ortegajohn@example.org,4787079489,1974-07-24
C007783,Dr. Christopher Silva,jenniferblake@example.org,4480644688,1978-04-24
C007784,Jeanette Jackson,priceclaudia@example.com,2228364520,2003-11-29
C007785,Danielle Hernandez,patrickbrooks@example.org,5691742205,1958-03-30
C007786,Mark Brewer,samuelmunoz@example.net,1726238229,1955-08-05
C007787,Holly Chaney,iharris@example.org,2337347545,1996-03-05
C007788,Melissa Sawyer,morganmichael@example.org,0115596744,1982-03-24
C007789,Carolyn Santos,timothy21@example.org,3853107407,2003-03-13
C007790,David Vargas,debra72@example.org,8739582349,2001-12-22
C007791,Erika Henderson,grantbeth@example.org,2288421264,2005-02-03
C007792,Donna Hubbard,paulwilliams@example.net,9957767634,1962-10-18
C007793,Gregory Wall,fdickerson@example.net,2807000146,1986-03-27
C007794,Scott Mullins,nicholasfloyd@example.com,3522762371,1973-03-31
C007795,Terri Schmidt,dillonryan@example.net,9914093391,1972-04-06
C007796,Robert Watson,cscott@example.net,2251350078,1976-05-10
C007797,Rebecca Thompson,nancy17@example.com,9873363665,1972-09-08
C007798,Tiffany Bullock,pdavis@example.net,7461397610,1986-07-12
C007799,Pamela Myers,ospence@example.org,1983835951,1970-05-30
C007800,Carla Brown,fwhite@example.com,9767272850,1966-12-31
C007801,Carol Johnson,joycehampton@example.net,7255478838,1960-03-20
C007802,Michele Robbins,ytorres@example.org,5202904872,2002-02-28
C007803,Billy Park MD,nsavage@example.net,9473761277,1984-02-08
C007804,Katelyn Meyers,jasonvelasquez@example.org,6838642301,1994-04-28
C007805,Christopher Drake,amy10@example.org,7032673755,1991-10-02
C007806,Deborah Hart,fbennett@example.net,9780075430,1993-10-09
C007807,Benjamin Blackwell,benjaminwaters@example.net,7324200433,1972-12-14
C007808,Nicholas Atkins,robinsonmatthew@example.com,1221798836,1999-11-18
C007809,Raymond Shaffer,walterwalters@example.net,0455484476,1970-08-10
C007810,Jacqueline Lopez,frenchjohn@example.com,6593172828,1989-09-11
C007811,Kimberly Mccullough,erica41@example.org,8943682604,1992-07-19
C007812,Patrick Campos,reginasanders@example.com,4142752277,1962-01-17
C007813,Kathy Dominguez,ecarroll@example.net,4461268915,1993-01-29
C007814,Hayden Knight,robertfowler@example.net,0589913603,1965-08-30
C007815,John Henderson,iberry@example.org,0457404420,1999-11-25
C007816,Robin Carter,wstewart@example.net,9140443774,1950-10-12
C007817,Stephen Allen,alvinallison@example.net,9440834104,1991-07-17
C007818,Jessica Estrada,ntran@example.org,1918567751,2004-11-09
C007819,Isaac Love,whancock@example.net,1841952588,1960-01-06
C007820,Heather Coleman,nancy97@example.com,8944123590,1982-11-07
C007821,Jeffery Mason,jeremyparks@example.org,6468429760,1993-08-29
C007822,Stephen Frank,cindyhendrix@example.org,9300913297,1953-05-10
C007823,Brandon Rivera,andrew87@example.org,1823571510,2004-04-26
C007824,David Bishop,jesseedwards@example.com,6625605367,1971-01-10
C007825,Bryan Gallagher,anna75@example.org,3749191579,1983-09-28
C007826,Joseph Martin,christopherlester@example.org,0140574762,2003-10-06
C007827,Gary Nguyen,johnsonjoyce@example.org,3230899236,2000-02-19
C007828,Kimberly Mcmahon,josephgonzalez@example.org,1988712564,1965-07-14
C007829,Jordan Lopez,jessica82@example.com,9757396379,1999-11-12
C007830,Laura Cross,jasonescobar@example.com,9257501402,1974-03-09
C007831,George Wallace,zjohnson@example.org,9326647381,1957-08-31
C007832,Nathaniel Martinez,amanda83@example.org,3377024419,1997-10-26
C007833,Sarah Townsend,kelly78@example.net,2901769830,1950-12-03
C007834,Jerome Kent,davischristopher@example.net,1898161339,1995-11-15
C007835,William Wilson,catherine48@example.com,8197376740,1982-10-08
C007836,Eric Fox,bowmansean@example.org,8591195846,1951-12-25
C007837,Latoya Sandoval,holtkelly@example.org,3307146180,1982-06-16
C007838,Timothy Beck,ronald98@example.com,4429184991,1993-07-15
C007839,Justin Sandoval,christinanguyen@example.net,7301392576,1963-11-10
C007840,Bobby Ellis,kimberly28@example.com,8583688932,1953-03-06
C007841,Lisa Lawson,ykim@example.com,8112293225,1982-10-17
C007842,Steven Castillo,olsenmark@example.com,2923202636,1996-12-05
C007843,Frances Harris,anthonyjames@example.org,6797499782,1986-03-14
C007844,Denise Larson,thompsonpatrick@example.net,7719858299,1963-02-25
C007845,Dylan Bailey,richard44@example.com,3420567955,1977-01-07
C007846,Blake Quinn,james28@example.net,0437246498,1951-02-08
C007847,John Taylor,bfisher@example.net,6799442311,1961-11-21
C007848,Linda Frederick,hayden15@example.org,1807463191,1951-07-20
C007849,Carolyn Bass,ycoleman@example.net,1190066705,2004-05-01
C007850,William Newman,debbiegeorge@example.com,8893305875,1976-08-07
C007851,Benjamin Butler,qadams@example.org,9980572522,1987-01-19
C007852,Maria Cross,obell@example.com,4581570580,1982-10-18
C007853,Thomas Collins,melissa76@example.net,1709884453,1977-10-24
C007854,Sean Flores,paul40@example.net,8986990385,1985-07-16
C007855,Karen Whitehead,alvaradoamber@example.net,7141102541,1951-02-07
C007856,Justin Morales,ipeterson@example.org,9835077445,1981-09-28
C007857,Robert Jacobson,eric00@example.com,7346083177,1967-01-18
C007858,Jennifer Sanders,mannalexander@example.org,3763303566,1969-01-28
C007859,Phillip Wright,brian43@example.com,2165529735,1970-06-01
C007860,Bethany Allen,tammy76@example.net,5352746053,1995-05-03
C007861,Jonathan Jones,tmurphy@example.org,6785735029,1964-10-03
C007862,Jose Cole,ydavis@example.org,4076947232,2000-09-24
C007863,Laura Barrett,russoruth@example.net,6568274161,1975-02-19
C007864,Andrea Lee,thompsonmichelle@example.org,0172455627,1972-11-17
C007865,Stephanie Vance,juliamason@example.com,8901851317,1979-03-21
C007866,Laurie Gomez,rebeccahart@example.com,3465004030,1966-03-24
C007867,Renee Scott,butlermark@example.com,9324340611,2004-07-29
C007868,Emily Powell,zcampbell@example.net,5901611334,1980-03-11
C007869,Jasmine Mccullough,kelli59@example.net,6176326488,2005-03-31
C007870,Theresa Wilson,adamstimothy@example.net,9880129817,1969-11-23
C007871,Heather Sanders,jhobbs@example.com,4731424598,1953-04-19
C007872,Bridget James,hillsheila@example.net,6227591244,1990-09-10
C007873,Harold Salinas,keith26@example.net,0487812762,1966-03-26
C007874,Angela Morrow,christopher88@example.com,4078180411,1956-02-12
C007875,Mary Evans,frankfuller@example.org,6678313164,1967-05-29
C007876,Rhonda Roth,bethcross@example.com,3550360445,1952-04-08
C007877,Joe Nunez,kellydominique@example.org,9215457768,1981-10-10
C007878,Andrew Gomez,grantjohnson@example.org,0868731549,1971-02-27
C007879,Jonathan Boyer,alexander99@example.net,9409117652,2001-02-08
C007880,Philip Stanton,pbishop@example.org,6212539307,1999-01-29
C007881,James Thomas,nashaaron@example.com,6056353060,1960-11-21
C007882,Michael Reyes,adrian84@example.net,0217651806,2001-07-13
C007883,Adam Chen,bowenshane@example.org,7020549749,1991-12-04
C007884,James Nguyen,diazanne@example.org,5743882734,1996-08-24
C007885,Danny Rodgers,jjones@example.net,9980741675,2000-10-26
C007886,James Kelly,wcampbell@example.com,3540208546,1977-12-17
C007887,Pamela Dominguez,kathleen13@example.net,3439604900,2000-08-21
C007888,Jeremy Gallegos,katrina52@example.net,9814580786,1984-06-05
C007889,Jennifer Richardson,markarmstrong@example.org,4596767425,2002-12-04
C007890,Brian Travis,alexa72@example.org,0175609925,1955-02-12
C007891,Mary Wheeler,carlos50@example.com,7200745064,1955-12-10
C007892,Jessica Cox,ggray@example.com,6914012702,1974-06-19
C007893,Dr. Jennifer Ross,salinaskristin@example.org,4022241958,1978-05-11
C007894,Vincent Baker,kwilliams@example.net,0783686730,1965-12-07
C007895,Jill Alvarado,dawnlawson@example.com,2735003425,1986-07-30
C007896,Sandy Kelly,duanepacheco@example.org,3392401784,1957-02-23
C007897,David Moore,vsilva@example.net,2065121400,1974-07-02
C007898,Jennifer Ashley,williamsdouglas@example.net,6190891775,1964-04-06
C007899,Craig Clark,martinezdavid@example.org,4277969716,1995-08-11
C007900,Sarah Callahan,douglassmith@example.org,8106344101,1998-11-06
C007901,Joshua Nixon,wthomas@example.org,6128934926,1963-04-13
C007902,Ashley Mitchell,sanchezmichael@example.com,2519824900,1965-05-25
C007903,Natalie White,wellsnancy@example.org,7160787916,1986-04-12
C007904,Manuel Ferguson,kaylee17@example.net,8700816347,1982-04-27
C007905,Joseph Jordan,conleyamy@example.net,5736228344,1952-12-10
C007906,Jacqueline Thompson,steven98@example.com,2594370361,1968-11-19
C007907,Carlos Conrad,johnsoncindy@example.net,0665197755,1996-01-11
C007908,Roy Burgess,beasleyjamie@example.com,1380902299,1965-10-22
C007909,Dakota Daniels,vpham@example.net,1954512447,1974-12-13
C007910,Timothy Newman,jeffrey66@example.org,7008288738,1997-01-20
C007911,Peter Lynch,shanesmith@example.net,1050339253,1969-02-27
C007912,Anna Thompson,browntanya@example.com,0812247878,1953-08-03
C007913,Mr. Jack Porter II,crawfordjohn@example.net,8505763023,1960-09-01
C007914,David Brown,catherine76@example.net,9158445479,1990-09-06
C007915,Allen Sanders,maria31@example.org,8906568956,1978-12-18
C007916,Michele Cline PhD,martinezshelby@example.org,7593780720,1965-11-01
C007917,Robert Wilson,cgrant@example.org,3276397031,1979-09-23
C007918,Vanessa Mayo,laurenmoore@example.net,0121681331,1955-07-29
C007919,Emily Wallace,johnsonnathan@example.com,5255446263,1964-09-01
C007920,Cynthia Willis,qcantu@example.net,4245139328,1968-09-16
C007921,Hector Hernandez,isabella23@example.net,8820060772,1983-03-25
C007922,Susan Vasquez,ilopez@example.net,8433169113,1953-04-08
C007923,Gregory Huerta,kevin95@example.com,7239921440,1954-01-30
C007924,Erica Shields,sblake@example.org,2644360511,1982-10-14
C007925,Paige Holder,mary27@example.com,9440259346,1998-07-01
C007926,Jennifer Cain,davewoodward@example.org,0481339463,1969-02-09
C007927,Hector Hudson,jadams@example.com,4117513255,1975-03-18
C007928,David Miller,cookmiranda@example.org,9046118558,1999-09-01
C007929,Abigail Morse,mclaughlinnathan@example.com,1890166715,1986-01-30
C007930,Nicholas Gray,madison42@example.com,1726134896,1968-12-17
C007931,Justin Snyder,pbenson@example.org,7138156723,1955-11-23
C007932,Catherine Zuniga,taylorchelsey@example.net,0672170763,2000-07-28
C007933,Jared Henderson,gregory88@example.org,3361645805,2002-06-08
C007934,Stephen Santiago,randyclark@example.org,3404491475,1978-09-15
C007935,Andrew Bender,vlopez@example.com,0307504880,1951-10-11
C007936,Cameron Castro,bvazquez@example.net,4181121908,1955-03-19
C007937,Logan Hansen,fordcasey@example.com,5386872872,1964-04-01
C007938,Randy Andrews MD,jacksonjohn@example.org,8255689534,1980-02-16
C007939,Christopher Sanchez,wcohen@example.org,1014935008,1956-03-17
C007940,Justin Brown II,rogerscourtney@example.org,0873363350,1974-07-06
C007941,Tina Flores,chasemadison@example.org,6633217013,1979-08-28
C007942,Amanda Sweeney,alikathryn@example.com,7656710711,1980-08-26
C007943,Steven Rodriguez,vtorres@example.com,9891876701,1971-01-04
C007944,Richard Butler,kaylahunter@example.net,6323145522,1980-09-26
C007945,Samantha Bender,tburgess@example.net,2428540068,1965-08-15
C007946,Michael Hall,beverly89@example.com,2478391881,1986-06-04
C007947,Lindsey Gilbert,nlynn@example.org,6879731876,1982-10-21
C007948,Manuel Fuller,griffinjohn@example.org,8444068456,1956-02-27
C007949,Patrick Pierce,brian27@example.org,4548437689,1952-06-14
C007950,Brittany Crawford,umoon@example.com,6406744187,1959-10-19
C007951,Judy Anderson,nicholeriley@example.com,2910475695,1950-11-07
C007952,Melanie Hanna,hubbardemily@example.org,2800335563,2005-08-10
C007953,Daniel Terry,nrandall@example.org,6304891340,1995-11-03
C007954,Joseph Munoz,richard75@example.org,0992794531,1968-10-12
C007955,Brandy Mejia,brendamartinez@example.org,4298803874,1959-07-16
C007956,Heather Green,cassidy90@example.org,2669030950,1957-02-15
C007957,Sonya Patterson,ellisamanda@example.net,6184696459,1969-04-30
C007958,Sandra Jackson,fitzpatrickdeborah@example.org,6834474630,1978-10-05
C007959,Tiffany Nichols,robert53@example.org,1448335044,1998-12-11
C007960,Joseph Fuentes,thomas49@example.org,9469925108,1997-06-14
C007961,Kyle Lee,jeffrey96@example.net,9136809879,2000-01-28
C007962,Lori Fisher,nhill@example.com,6175504519,1976-08-11
C007963,Sonya Washington,linda42@example.com,8038189859,1964-03-14
C007964,Antonio Burke,vanessa01@example.com,3358809942,1982-03-30
C007965,Corey Baker,michaelwhite@example.org,2581840128,1975-10-21
C007966,Autumn Webb,ssimmons@example.net,2662145814,1977-12-29
C007967,Justin Walker,angelapatrick@example.net,1816546029,1963-04-26
C007968,Nicole Burke,sean40@example.com,2035124720,1971-05-18
C007969,Randy Brock,patrickbrown@example.net,3323902629,1966-12-12
C007970,Kaitlyn Anderson,mary67@example.org,7652359239,2004-03-07
C007971,Craig Fletcher,rgray@example.net,8452859662,1960-04-02
C007972,Robert Alexander,adrienne01@example.com,8386219225,1951-10-03
C007973,Eric Proctor,xhuff@example.net,9965598153,1972-08-11
C007974,Shirley Holden,grahammary@example.org,4934081140,1950-12-10
C007975,Mary Mitchell,gcook@example.org,5973841490,1964-05-25
C007976,Brandon Perry,jennifer63@example.org,9110278657,1966-08-17
C007977,Alison Wolfe MD,davidsonwilliam@example.com,0343767368,1966-05-11
C007978,Dustin Thornton,vwilson@example.org,0430389764,1956-10-22
C007979,Jessica Gutierrez,dgalloway@example.net,2684401244,1992-10-15
C007980,Michele Miller,ppowell@example.com,0207865550,1988-11-23
C007981,Frank Schneider,hunterrichard@example.com,8066138775,2001-01-06
C007982,Joseph Harvey,treynolds@example.org,5835876948,2004-03-19
C007983,Tara Hall,hhanson@example.net,7339231720,1998-04-28
C007984,Robert Crawford,nherrera@example.net,1983404739,1966-07-16
C007985,Zachary Barnett,angela96@example.com,7923353760,1982-10-29
C007986,Ethan Shepherd,deborahdaniels@example.org,0433226007,1959-09-16
C007987,Tim Hooper,vmcguire@example.net,5025491577,2003-05-15
C007988,Tammy Smith,francespena@example.org,2934160426,1950-10-29
C007989,Steven May,dnelson@example.com,4747668357,1953-05-25
C007990,Elizabeth Thompson MD,sarah98@example.org,2751938458,1965-05-13
C007991,Monica Davis,jordan87@example.org,4046833187,2005-07-13
C007992,Angela Green,angelaramirez@example.org,7757232378,1975-01-18
C007993,Stefanie Lutz,williamsthomas@example.net,7270294398,1996-12-16
C007994,Christina Kaufman,maria11@example.net,4256024182,1998-05-19
C007995,Michael Carter,carolinekelley@example.org,3443527120,1974-07-06
C007996,Ashley Young,brettsnyder@example.com,9056550406,1987-01-17
C007997,Nichole Maxwell,raymondmcguire@example.org,1651949336,1985-07-26
C007998,Benjamin Richardson,yrose@example.net,5505678449,1954-05-01
C007999,Kaitlyn Wallace,nicoleclark@example.com,1831926281,1960-06-21
C008000,Samuel Torres,gonzalesstephanie@example.org,1753083951,1996-06-09
C008001,Joseph Johnson,gday@example.com,4729053155,1959-10-10
C008002,Kevin Fisher,jacob42@example.com,5567657319,1962-03-16
C008003,Tristan Stanley,karen72@example.com,1885625771,1952-06-09
C008004,Erica Russo,villanuevakathy@example.com,1333553543,1974-05-13
C008005,Connie Hines,lmooney@example.com,3184180548,2003-09-12
C008006,Robert Richardson,emilyjones@example.org,5103973409,1964-11-25
C008007,Lisa Alvarez,walkerdana@example.org,8522102342,1973-01-16
C008008,Alexander Leon,parrishphillip@example.com,0476893662,2000-12-20
C008009,Betty Hamilton,paul88@example.org,4637999539,1986-07-14
C008010,Jacob Bell,campbellalexander@example.net,0636607127,1993-07-25
C008011,Crystal Simmons,jonathan46@example.org,6633856065,1984-09-07
C008012,Stephanie Armstrong,christophernunez@example.net,2058145645,1962-02-04
C008013,Dr. Michael Becker,felicia07@example.net,2287011555,1976-11-03
C008014,Jessica Payne,jeannetrevino@example.org,3549706002,1991-03-05
C008015,Jonathan Marks,joshuameyers@example.net,8010834472,1961-11-12
C008016,Jessica Chapman,jenny77@example.net,9061653462,1972-03-28
C008017,Mike Black,travisrosales@example.org,7665661093,1956-05-26
C008018,Jonathan Smith,lewislindsey@example.com,3857110443,2004-02-18
C008019,Joshua Flores,jonestina@example.com,3668646438,1960-04-02
C008020,Kendra Yang,james80@example.com,7329056144,1960-09-04
C008021,Kimberly Gonzales,ariastimothy@example.com,6291227818,1954-11-06
C008022,Tim Jones,mccoymitchell@example.com,7571003803,1958-11-13
C008023,Joshua Myers,thompsonmelanie@example.org,8652437461,1983-08-22
C008024,Larry Pena,daniel16@example.net,0585858994,1968-07-16
C008025,Kevin Campbell,amylawrence@example.org,3726305152,1996-01-16
C008026,Daniel Barrett,david81@example.net,4543080612,1980-03-30
C008027,Gregory Reyes,lisa16@example.com,1450196232,1988-07-25
C008028,Krystal Clayton,terickson@example.com,1312508643,1981-08-21
C008029,Beth Hopkins,deborah35@example.com,0179624414,1988-09-24
C008030,Edgar Morris,christophergutierrez@example.com,8981828643,2000-05-20
C008031,Lance Becker,drew81@example.org,7521241010,1965-01-27
C008032,Peggy Gomez,mackmary@example.net,7316102703,1959-07-02
C008033,Craig Day,hensonmichelle@example.net,0920779253,1998-11-28
C008034,Tasha Velasquez,gonzalezlaura@example.net,8825951618,1952-06-22
C008035,Dennis Smith,sharithompson@example.com,3724086890,1953-09-18
C008036,Grace Phillips,margaretsilva@example.net,3102242583,1970-07-09
C008037,Katie Flores,megan91@example.org,1846109941,2002-12-06
C008038,Bonnie Cook,michele32@example.com,4229747452,1960-12-18
C008039,Jessica Thompson,cindypalmer@example.org,1618483865,1981-04-17
C008040,Tina Peck,butlerelizabeth@example.org,8059564718,1996-05-28
C008041,Margaret Clayton,masseycharles@example.net,9718002580,1971-10-12
C008042,Mike Gibbs,rrice@example.net,9958140458,1988-07-23
C008043,Cassandra Mercer,sarahdickson@example.org,1195530561,1981-09-29
C008044,Krystal Mack,josephdavidson@example.com,8160959083,1991-05-18
C008045,Rebecca Garcia,fullerjudy@example.net,9753043039,1981-06-21
C008046,Cassandra Edwards,zbarnes@example.net,8531217035,1983-08-11
C008047,Zachary Marquez,howardmatthew@example.com,0644955079,1960-09-11
C008048,Robert Cook,wongdennis@example.net,8070826707,1991-01-09
C008049,Tara Tucker,jennifer61@example.com,5572811792,1995-10-06
C008050,Julia Armstrong,amberpearson@example.org,6413185132,1982-04-05
C008051,Cameron Wallace,joshua12@example.org,3894080629,1981-04-24
C008052,Joseph Smith,rogersamanda@example.net,4113362535,1972-06-05
C008053,Joseph Lewis,kirkjames@example.net,7705202868,1982-09-29
C008054,Debbie Thomas,gilbert02@example.org,6424985341,1986-03-06
C008055,Kristi Hardy,alexanderkimberly@example.net,2833752647,1988-09-28
C008056,Michelle Crawford,fisherchristina@example.com,1101361323,1982-01-18
C008057,Todd Morton,christinejimenez@example.org,6601032017,1961-11-17
C008058,David Nguyen,weaverrebecca@example.net,7317516076,1990-03-31
C008059,Jennifer Price,meagan39@example.net,2237317976,1990-05-15
C008060,Audrey Harding,kennethsantos@example.com,6135803797,1980-06-06
C008061,Sydney Owens,wilkersonrebecca@example.net,1678176647,1991-11-19
C008062,Kirk Perez,larsenhaley@example.com,2929231109,1955-06-18
C008063,Andrew Mack,aschwartz@example.net,8234763041,1969-06-01
C008064,Aaron Mays,javiermoss@example.com,5748976582,1998-01-09
C008065,Anthony Bennett,thomasjordan@example.com,3260255266,1991-09-28
C008066,Samantha Bell,andrewrobinson@example.org,2586660646,1997-07-28
C008067,Alex Gregory,sosagavin@example.org,9253057361,1975-09-23
C008068,Alex Macdonald,lucaspaul@example.net,4956140389,2000-09-23
C008069,Eric Hensley,erinreyes@example.net,3497484924,1958-07-11
C008070,Abigail Thomas,bjones@example.com,2741365037,1966-10-11
C008071,Kimberly Evans,bryanadams@example.org,7060587348,1962-01-25
C008072,Cory Johnson,andrew70@example.net,9280907889,1955-03-14
C008073,Lori Figueroa,elittle@example.com,0751600517,1969-06-18
C008074,Scott Graham,craigfernandez@example.com,5305786419,1979-11-11
C008075,Joshua Little,meredithchoi@example.com,8276216764,1998-10-10
C008076,Kyle Chavez,vgibson@example.com,0243912165,2002-12-04
C008077,Tracy Mitchell,peter29@example.net,0054177804,1981-02-24
C008078,Casey Perez,kendraluna@example.org,5239390902,1961-01-27
C008079,Gina James,antonio92@example.com,9335211117,1952-03-24
C008080,David Moore,monicabolton@example.net,3968319159,1963-01-29
C008081,Mrs. Sara Thomas MD,wmedina@example.net,7182272631,1969-12-02
C008082,Taylor Sanchez,cnguyen@example.com,6827201254,1971-08-30
C008083,Brittany Campbell,larsonjacob@example.org,7544579449,1991-07-23
C008084,Robert Perez,johnhunter@example.org,2795924089,1978-04-20
C008085,Grace Sanchez,mcleancory@example.com,6344550859,1967-05-15
C008086,Kirsten Pierce,rachel75@example.net,1234282604,1961-11-05
C008087,Franklin Howell,munozrichard@example.org,6974319205,1982-07-22
C008088,Joshua Maxwell,nealjuan@example.org,0667880729,1964-03-03
C008089,Julia Johnston,rodriguezrebecca@example.org,8715563801,1964-02-04
C008090,Robert Rowland Jr.,davidweber@example.com,9281839960,1978-03-15
C008091,Julie Zimmerman,garciatony@example.com,0621045363,1992-11-22
C008092,John Cook,jessica07@example.org,4499325161,1970-06-28
C008093,Adam Williams,raymondjose@example.net,0093176846,1979-03-06
C008094,Troy Baker,christyreilly@example.org,6887580545,1959-09-21
C008095,Mark Gaines,angela53@example.org,4190692654,1980-01-12
C008096,Monica Davis,eugenehicks@example.org,8459319463,1983-10-24
C008097,Bruce Zuniga,jfitzpatrick@example.com,1067462108,1977-12-17
C008098,Sean Cooper,hpineda@example.org,5795778311,2004-04-07
C008099,Joanne Edwards,ylynch@example.com,8967900478,1955-04-07
C008100,Dawn Torres,valenzuelatracey@example.org,5174864626,1957-06-27
C008101,Stephanie Morgan,jeremy26@example.org,7021130105,1970-05-24
C008102,Jessica Hobbs,matthew49@example.org,9367496810,1961-03-12
C008103,Mrs. Amanda Martinez,stephaniewatson@example.net,4519724959,1989-10-23
C008104,Cynthia Joseph,jesse85@example.com,7297407068,2004-12-23
C008105,Brent Olson,mglenn@example.net,6545260782,1997-10-16
C008106,Michelle Padilla,gregory56@example.org,7319283406,1957-07-03
C008107,Steven Collins,christophersanchez@example.org,9263074774,1960-01-22
C008108,Jennifer Lee,jared39@example.com,5593857684,1978-02-22
C008109,David Walls,elawrence@example.net,8362820617,1969-02-01
C008110,Mrs. Hannah Klein,mitchellpatrick@example.com,1337413064,1961-03-06
C008111,Nicole Harris,christopher73@example.org,6112235212,1968-06-06
C008112,Michelle Jenkins DDS,joshuamcknight@example.org,5477917484,1985-04-23
C008113,Craig Cisneros,jeffreyaguirre@example.net,1794922684,1971-08-31
C008114,Karen Brown,andrew45@example.com,8167984636,1992-02-07
C008115,Roger Rivera,gonzalezdarren@example.org,2604324894,1959-05-25
C008116,Steven Harding,zbates@example.net,1698250733,1964-07-05
C008117,Elizabeth Fowler,kevin68@example.org,4206452297,1966-09-18
C008118,Dave Brock,zgarza@example.org,7985684918,1969-10-06
C008119,Kevin Hudson,qdavis@example.org,0655925267,1982-05-28
C008120,Joshua Roach,casepatrick@example.com,1727203079,2002-06-18
C008121,Mary Johnson,zmartinez@example.net,0420993297,1967-12-16
C008122,Gloria Ferguson,delgadoelizabeth@example.com,6415647066,1973-02-01
C008123,James Suarez,jhawkins@example.net,2869523685,1958-03-30
C008124,Steven Hernandez,andersondustin@example.org,4046285101,1987-04-16
C008125,Adam Scott,kdavis@example.net,8825712898,1959-10-25
C008126,Benjamin Austin,travis76@example.com,4959098699,1970-09-08
C008127,Misty Moody,sbryant@example.net,7209258156,1982-02-15
C008128,Jose Johnson,bbaker@example.net,2163621881,1963-06-13
C008129,Joseph Robertson,whitechristopher@example.com,5277280520,1984-05-23
C008130,Holly Mercer,kimberlyboyd@example.com,9066928895,2004-04-10
C008131,Trevor Parker,qgibson@example.com,8231801421,1973-07-08
C008132,Vincent Williams,cmitchell@example.org,2894225442,1960-08-12
C008133,Jeanette Allen,tiffany82@example.net,3712064256,1954-02-24
C008134,Melissa White,tiffanywilson@example.net,0386491465,1967-07-30
C008135,Brittany Smith,kyletownsend@example.com,8903561884,1996-12-02
C008136,Kristen Bowen,idyer@example.org,0563562183,1956-11-05
C008137,Stephanie Johnson,bakersara@example.com,2006581972,1980-12-24
C008138,Johnny Mills,robertmosley@example.org,6952181048,1993-11-21
C008139,Kelly Mendez,oowens@example.net,7943558639,1990-06-24
C008140,Samantha Alvarez,rwatson@example.net,9294081578,2000-08-16
C008141,Valerie Green,ebrown@example.org,8415924969,1968-01-15
C008142,Tanner Zimmerman,ojordan@example.net,3350740874,1989-04-08
C008143,Molly Harris,williamsjacqueline@example.com,4786890326,1969-11-30
C008144,David Thomas,ericafischer@example.com,2697834685,2002-03-01
C008145,Natalie Smith,kgraham@example.com,3977738246,1984-12-11
C008146,Stephanie Watkins,carpenterbethany@example.org,5129420102,1969-04-21
C008147,Brianna Garcia,hesseric@example.net,4382977991,1962-03-02
C008148,Kara Martinez,robbinsjohn@example.com,2098697008,1978-09-02
C008149,Mary Price,garrettcynthia@example.org,2732341133,1971-09-11
C008150,Cynthia Guzman,stewartlogan@example.com,8724338790,1984-08-14
C008151,Kevin Hunt,qkidd@example.org,3619135305,1973-09-02
C008152,Jessica Lopez,ingrambradley@example.com,4553352474,2003-08-01
C008153,Denise Gallegos,christinariley@example.com,0247142235,1969-10-22
C008154,Laurie Welch,wgrant@example.com,9287373416,1990-05-20
C008155,William Thomas,kathleenpage@example.org,1856345546,1964-02-04
C008156,Laura Chavez,nelsonangel@example.net,0796520617,1995-07-04
C008157,Savannah Clark,epittman@example.net,2245963782,1968-08-22
C008158,Carla Cooper,lynchlaura@example.org,9210008403,1978-08-30
C008159,William Wilson,fernandezmark@example.com,1789174553,1971-02-14
C008160,Laura Washington,sarah95@example.org,6319315049,1999-03-11
C008161,Alejandro Cannon,amberrobinson@example.com,5028645703,1950-11-06
C008162,Zachary Johnson,myoung@example.net,9935057006,1964-08-15
C008163,Taylor White,amycombs@example.net,6082250295,1963-10-25
C008164,Julia Rojas,sharonpayne@example.net,0842584734,1997-04-24
C008165,Molly Taylor,rothjennifer@example.net,6437034328,1985-01-25
C008166,Shawn Moore,kaylawilliams@example.org,1240154144,1976-01-12
C008167,Anthony Nelson,ericthornton@example.org,3955630944,1980-11-13
C008168,Monica Smith,hmcdaniel@example.net,2368664460,1968-05-24
C008169,Lisa Brewer,whitney29@example.com,0737375090,1997-09-08
C008170,David Marquez,amandaperez@example.org,7614576320,1967-01-23
C008171,Adam Ashley,garrett29@example.com,5438647954,2000-04-05
C008172,Travis Gray,robertcruz@example.com,6559070667,1974-07-08
C008173,Daniel Dickerson,stephanie84@example.net,5498711367,1955-02-07
C008174,Ashley Wilson,durankelly@example.org,9463084627,1973-12-07
C008175,Noah Harris,fbest@example.org,2283916510,1989-01-12
C008176,Michael Murphy,jeff57@example.org,5915115019,1993-11-01
C008177,Jennifer Mendez,kelsey86@example.net,2370921892,1980-12-07
C008178,Juan Walsh,louis62@example.net,3367253061,2004-03-21
C008179,Shane Carey,smithbethany@example.org,1367388360,1959-12-14
C008180,Timothy Briggs,michaeldavidson@example.net,1165990611,1982-05-30
C008181,Russell Hampton,nicole99@example.com,2305098723,1983-03-18
C008182,Brian Fuller,rdominguez@example.com,9760446541,1973-11-20
C008183,Whitney Meyer,nathan15@example.net,8113079289,1980-02-05
C008184,Deborah Martin,todd46@example.org,9671120866,1965-07-24
C008185,Aaron Ford,iking@example.com,8154431680,2002-07-26
C008186,Benjamin King,walkerlauren@example.com,6743500560,1983-12-12
C008187,Lisa Martinez,rhonda44@example.net,8945378187,1976-06-18
C008188,Jason Rojas,yolandaarmstrong@example.org,9784613201,1996-02-06
C008189,Megan Stone MD,gardnertyler@example.com,1268304067,1965-09-28
C008190,Randall Brown,bryangarza@example.org,4584117920,2003-08-04
C008191,Sara Hines,miranda56@example.com,5754894705,1975-01-31
C008192,Lauren Richards,dlewis@example.com,4892130656,1966-11-27
C008193,Tammy Moore,cartersusan@example.org,3031522612,1970-11-11
C008194,Trevor Morales,joshuaporter@example.org,9999399168,1981-03-10
C008195,Sheila Kline,ramirezjames@example.net,3886639814,1998-02-16
C008196,Monique Baker,holly84@example.com,1853845489,1997-08-11
C008197,Elizabeth Cochran,oking@example.org,5601798600,1969-10-06
C008198,Kevin Sims,sandrarobinson@example.net,5241100549,1974-08-09
C008199,Kristen Mcdonald,whitealice@example.com,4562502420,1961-07-05
C008200,Andrea Wu,adamslauren@example.com,0768631129,1975-06-04
C008201,Robert Hanson,ylopez@example.org,6920412042,1983-10-17
C008202,Mark Bennett,jessicaanderson@example.com,0968477106,1951-04-13
C008203,Diana Moore,dcampbell@example.org,2387903443,2003-03-10
C008204,Danielle Murray,wilsonkaren@example.com,5936980729,1994-10-25
C008205,Rodney Choi,slopez@example.net,2060315644,1963-03-12
C008206,Deanna Stout,fjefferson@example.net,5018122983,1979-05-11
C008207,Brianna Nelson,ybeasley@example.com,4304303808,1957-04-22
C008208,Teresa Morales,stephanie33@example.net,2716871319,1962-12-16
C008209,Amanda Perez,justin11@example.net,3607330056,1990-03-07
C008210,Benjamin Clarke,mschroeder@example.com,9220882793,2004-03-30
C008211,Amanda Simpson,wrightdonna@example.com,7018316646,1982-04-11
C008212,Jennifer Villegas MD,shelbysimon@example.com,1198664949,1964-07-15
C008213,Edwin Wilson,robinlyons@example.net,9907490263,1968-01-28
C008214,Joshua Clark,stricklandlisa@example.net,4642182949,1977-10-16
C008215,Mark Allen,robin53@example.com,3600323822,1961-12-18
C008216,Sandra Moore,anthony64@example.com,6791469542,2001-06-17
C008217,Steve Hardin,dlloyd@example.com,3070680224,1996-07-16
C008218,Carol Smith,alexandra60@example.org,9283519883,1957-09-01
C008219,John Turner,bweber@example.net,4822308153,1996-01-07
C008220,Amanda Palmer,mooremelanie@example.net,3401824969,1986-05-28
C008221,Mrs. Michelle Whitaker,hollowayalexander@example.com,6826440033,1985-04-19
C008222,Kathryn Peterson,patrick71@example.com,9849174637,1972-09-28
C008223,Vanessa Robertson,pwood@example.net,5691963743,1974-04-03
C008224,Kelli Hoover,denise98@example.net,3285634972,1999-06-03
C008225,Brian Marshall,gentrykimberly@example.com,0084966600,1960-02-18
C008226,Mark Jackson,fcontreras@example.com,1679955530,1975-03-07
C008227,Debra Johnson,awhite@example.com,3193739555,1967-01-17
C008228,Christine Howell,wayne48@example.org,0403709968,1969-02-21
C008229,Ashley Casey DDS,john67@example.com,7362822780,1976-01-02
C008230,Cindy Callahan,paularamos@example.org,2547121891,1983-01-24
C008231,Natalie Tate,lopezangel@example.com,1280024967,1977-07-31
C008232,Curtis Anderson,wcalhoun@example.net,6748832614,1980-05-09
C008233,Samantha Hudson,andreabrandt@example.org,3637656233,2003-03-17
C008234,Roy Smith,joseph94@example.com,3121542936,2003-09-22
C008235,Katherine Baker,dianadavis@example.net,3834655752,1956-01-10
C008236,Jennifer Gonzalez,john09@example.net,5686623335,1973-12-15
C008237,Heather Banks,katelynfarmer@example.net,2490959602,2001-04-05
C008238,Ryan Vincent,knappdarren@example.com,0422447548,2005-07-13
C008239,Diane Small,bmcdonald@example.org,2414297702,1999-10-28
C008240,Mckenzie Noble,derekhill@example.net,1090471567,1972-05-11
C008241,Laura Pena,amandagilmore@example.com,9460882919,2005-05-14
C008242,Natasha Johnson,zhumphrey@example.net,2503085035,1971-08-28
C008243,Andrew Cole,cmartinez@example.net,5397415448,1955-03-01
C008244,Ernest Johnson,danielhuffman@example.net,4950762235,1994-04-16
C008245,Jessica Stewart,daniel22@example.com,3528496055,1993-03-09
C008246,James Jones,kpatterson@example.com,9687416718,1992-02-11
C008247,Michael Chan,cindygreen@example.net,4200699108,1962-12-30
C008248,Katie Freeman,jnielsen@example.org,8656086094,1973-05-11
C008249,Erin Rodriguez,khayes@example.org,8103806573,1957-03-21
C008250,Alexandra Cook,scott48@example.org,3066075054,1967-03-19
C008251,Grant Martin,nrivera@example.net,0009905232,1977-12-31
C008252,Edward Evans,jessicaward@example.org,2208073977,1985-06-27
C008253,Kathleen Gray,reidbrandon@example.org,7912568403,2003-08-21
C008254,Gregory Thompson,john46@example.com,6301413404,1963-05-11
C008255,Eugene Hughes,colejennifer@example.org,8957172336,2000-10-19
C008256,Kristen Lawson,marshalljennifer@example.com,0151402960,1965-07-12
C008257,Derek Stephens,eharris@example.net,9919382815,2003-05-29
C008258,Jeremy Jones,brittanywhite@example.net,6268860888,1982-03-16
C008259,Theresa Beltran,ryan93@example.com,1974746684,1987-10-08
C008260,Michael Morgan,lori46@example.org,0085094049,2000-12-18
C008261,Chris Greene,abigail89@example.com,6103037063,1953-08-10
C008262,Ryan Bauer,nicholaswatson@example.org,5735879228,1956-10-17
C008263,Jessica Clark,benjaminporter@example.com,3361187577,1950-11-20
C008264,Jeffrey Davis,judy26@example.net,4659897297,1998-03-04
C008265,David Lee,earlirwin@example.net,6905668275,1990-07-14
C008266,Russell Scott,scottmunoz@example.net,3672651097,1956-06-26
C008267,Amber Grant,angel13@example.net,7498475384,1997-06-14
C008268,Paul Smith,melissa85@example.org,5927912268,1968-08-30
C008269,Jesse Miller,nicolelewis@example.net,8487255155,1979-03-04
C008270,Lisa Hodges,qford@example.com,5814460292,1962-01-11
C008271,Andrew Robertson,andrehall@example.com,3246420861,1965-06-23
C008272,Terri Anderson,brittany75@example.org,0577937632,1997-07-05
C008273,Manuel Morrow,aharding@example.org,9173254320,1994-04-01
C008274,Todd Keith,thorntondanielle@example.net,2116221115,2003-09-05
C008275,Christina Malone,aprilmartin@example.org,5001893171,1999-01-21
C008276,Justin Morris,sherry56@example.org,9651623240,1956-12-13
C008277,Daniel Mcdonald,jamie43@example.org,8700236988,1952-11-22
C008278,Brenda Gonzalez,coreyhernandez@example.net,7086736190,2005-07-12
C008279,Christine Tucker,alyssa84@example.org,3784166358,1978-05-16
C008280,Johnny Brennan,kennethwhite@example.net,1820213175,1967-03-28
C008281,David Gonzalez,watsonkevin@example.org,8596142187,1966-07-25
C008282,Michael Wheeler,kwinters@example.com,0257936865,1969-12-23
C008283,Kristie Turner DVM,laura15@example.net,1481590479,2003-09-02
C008284,Catherine Baldwin,kperez@example.org,7670968629,1999-11-12
C008285,Jessica Olsen,penasusan@example.net,0292299973,1976-09-29
C008286,Chad Schmidt,hsnow@example.net,1294865581,1991-07-04
C008287,Sean Shah,myersjennifer@example.net,5227335294,1951-03-15
C008288,Sean Harris,dcarey@example.org,1224209932,1989-08-09
C008289,Joe Martinez,ylowe@example.net,6090514676,1983-05-07
C008290,Donna Case,elizabethglenn@example.net,1218051174,1993-08-02
C008291,Timothy White,lyoung@example.net,3157729139,1956-08-21
C008292,Sandra Duncan,donald95@example.org,0298341227,1967-11-23
C008293,Aaron Greer,steveharris@example.com,1129253021,1966-08-14
C008294,Shannon Howard,heaththomas@example.net,7341231949,2003-11-18
C008295,Susan Ware,jcortez@example.net,2404702586,1971-11-19
C008296,Jennifer Harris,richard98@example.net,9029777576,1998-06-20
C008297,Marcus Jones,james24@example.net,0127816521,1971-07-21
C008298,Stephanie Bridges,danielchristopher@example.org,9781814360,1960-03-24
C008299,Lisa Davis,caseychristian@example.org,6735454773,1953-05-19
C008300,Shaun Novak,xpadilla@example.net,1338067083,1991-02-21
C008301,David Russo,kennedysteve@example.net,2005790258,1970-04-22
C008302,Tyler Cunningham,victorparker@example.com,7673251080,1987-03-23
C008303,Sylvia Lewis,evelynpoole@example.com,2558363234,2003-11-13
C008304,Mary Huffman,carolynwilkinson@example.com,2603816172,1958-06-30
C008305,William Jones,xturner@example.org,5987317260,1964-04-23
C008306,Joel Scott,erik07@example.com,9611818810,1980-06-24
C008307,Michael Wright,krystaltorres@example.com,0500133475,1952-03-07
C008308,Linda Reed,barbaramiller@example.org,9219281341,1974-02-02
C008309,Elizabeth Smith,andrewsivan@example.net,9753724246,1975-07-07
C008310,Jennifer Peterson,ljohnson@example.org,4573829183,1997-02-12
C008311,Christie Simmons,pstark@example.org,9917699985,1952-08-21
C008312,Paul Fuller,brittneyjones@example.com,1274450413,1973-03-03
C008313,Marcia Douglas,floreskara@example.com,4702531436,1995-04-01
C008314,Robert Alvarado,uyoung@example.net,1051193332,1982-01-05
C008315,Michael Chavez,tuckertaylor@example.net,3357400247,1980-10-11
C008316,Stephen Kennedy,scotttony@example.org,4671258351,1994-12-18
C008317,Michael Cruz,peterwright@example.org,0512534452,1956-10-13
C008318,George Grant,pbentley@example.net,3684935785,1962-01-26
C008319,Tamara Jones,barry94@example.net,1824751983,1963-04-14
C008320,Daryl Hogan,derrickpitts@example.net,2256524396,1991-02-07
C008321,Joanna Brown,zross@example.org,2943055782,1956-08-03
C008322,Elizabeth Parsons,kelly76@example.com,6296861692,1974-01-02
C008323,Emily Reeves,brownfrederick@example.org,8664631945,1971-05-01
C008324,Kayla Shannon,nlucas@example.net,3089165485,1971-03-28
C008325,Richard Gonzalez,floydrobert@example.net,0099335265,2003-03-21
C008326,Jason Montoya,jamesford@example.com,7171218450,1954-03-11
C008327,Carolyn Chung,brandon40@example.org,8613675786,1952-12-07
C008328,Debra Marquez,frivers@example.org,3898302994,2003-12-06
C008329,Robert Young,heatherkerr@example.net,5083979980,1997-11-15
C008330,Kristina Brown,hpatterson@example.net,5062581719,1973-02-15
C008331,Carol Parsons,drakescott@example.net,2944105560,1983-02-23
C008332,Christopher Perez,williamsmatthew@example.com,5812258978,2000-02-14
C008333,Paige Anderson,courtney70@example.net,7647486286,1966-10-07
C008334,Marcia Bryan,bennettjacob@example.org,2593621882,1996-10-26
C008335,Heather Hebert,johnsonjeremy@example.com,1966594720,1996-08-10
C008336,Megan Martinez,wjones@example.net,0694461039,1962-03-25
C008337,Johnny Kelly,jasonmoore@example.com,2781490632,1968-05-06
C008338,Shannon Moreno,jdoyle@example.net,2759385203,1964-05-05
C008339,Allison Ramos,seth70@example.org,1888480434,1957-02-01
C008340,Denise Simpson,patriciamartin@example.net,8500253313,2002-04-28
C008341,Melanie Alvarez,oliviatorres@example.org,0508427995,1957-06-08
C008342,Robert Mckenzie,derrickwagner@example.com,8836433307,1986-12-04
C008343,Cassandra Reyes,xmartinez@example.net,9007717732,1999-01-22
C008344,Ruben Cruz,qmorgan@example.org,3213081213,1952-10-07
C008345,Roberta Taylor,tiffany81@example.org,4107968265,1974-08-27
C008346,Christopher Mcconnell,curtis92@example.net,4328409590,2001-01-27
C008347,Steven Gonzalez,oliverstephanie@example.com,0257884238,1951-03-25
C008348,Erika Hernandez,vneal@example.net,8273422995,1970-10-01
C008349,Dawn Rodriguez,goodwintamara@example.org,8809612222,1968-10-23
C008350,Michelle Bates,blakekelly@example.org,1142286124,1953-05-07
C008351,Nicholas Davidson,audrey36@example.org,4161941797,1952-12-18
C008352,Patricia Norris,lucas66@example.org,0549215562,1977-01-08
C008353,Matthew Silva MD,etorres@example.com,3114788344,1991-07-18
C008354,Christopher Howard,wjones@example.org,3384428761,1988-05-03
C008355,Trevor Davis,janet15@example.org,5070897047,1954-07-29
C008356,Erin Smith,tammylopez@example.net,1707505163,1961-06-30
C008357,Stacy Lindsey,tasha14@example.org,5649451603,1972-02-05
C008358,Kelly Roth,christopherfisher@example.com,1918504892,1993-07-20
C008359,Brenda Santos,renee24@example.org,9873318590,1954-10-12
C008360,Stacy Reynolds,michael97@example.net,2835197620,1976-12-27
C008361,Jamie Davis,schmittrachel@example.org,1382925590,1962-10-11
C008362,Sharon Brooks,patricia49@example.net,1194470029,1971-01-11
C008363,Jackie Lopez,stacyperry@example.org,4624956875,1979-10-31
C008364,Howard Griffin,shannonsawyer@example.net,3876267010,1963-08-05
C008365,Ann Williams,nathanielwilcox@example.com,2285953366,1988-07-30
C008366,Karen Bailey,alison18@example.com,2772711605,2003-08-11
C008367,Joshua Cole,jonathangarcia@example.org,3142217322,1972-05-28
C008368,Carla Cruz,allison60@example.net,9931431480,1966-04-10
C008369,William Rogers,traceylong@example.org,8374524535,1960-06-03
C008370,Kevin Hebert,starkphyllis@example.com,7016470026,1980-10-01
C008371,Victor Bowers,ericfuller@example.com,0235416972,1963-05-10
C008372,Justin Snow,stephaniemcgrath@example.org,6368056755,1964-08-30
C008373,Thomas Collins,littlemark@example.com,4229029258,1995-01-30
C008374,John Russell,vargasamanda@example.com,2211259210,1959-10-22
C008375,Benjamin Crawford,xlong@example.org,6078441871,1958-05-15
C008376,Erika Morrison,ngrant@example.org,4486797095,1981-03-06
C008377,Judith Bright,aboyd@example.net,8823759273,1983-01-30
C008378,Kara Garrison,fbarnes@example.com,5116569492,1952-02-25
C008379,Nicholas Powell,jenniferschwartz@example.org,5681628379,1986-12-28
C008380,Laura Eaton,jstewart@example.org,8473493358,1951-12-06
C008381,Steve Morris,baileyjasmine@example.org,8066108511,1997-04-09
C008382,Eric Wagner,lcooper@example.org,0200852414,1991-09-24
C008383,Elizabeth Bennett,jennifer90@example.com,7040188159,2003-10-23
C008384,Nancy Vazquez,mollyvelasquez@example.com,6545213697,1974-05-15
C008385,Stephanie Lewis,walkerrobert@example.org,9116902500,1996-12-11
C008386,Rebecca Pierce,dstrong@example.net,6639542160,1958-12-27
C008387,Mr. Mitchell Lawrence,andersondiana@example.com,0656621704,2003-06-04
C008388,Richard Clark,nicolebaker@example.com,9712901168,1987-12-06
C008389,Joe Smith,mary12@example.net,6673469062,1971-03-30
C008390,Jennifer Vasquez,matthew58@example.com,2318815247,1973-04-10
C008391,Daniel Robinson,brandon57@example.org,2664376252,1959-04-17
C008392,Beth Hall,larseneric@example.net,1709588202,1966-12-16
C008393,David Miller,pberger@example.org,5592418611,1955-11-14
C008394,Amy Randall,jonathan39@example.org,8812234920,1971-07-04
C008395,Douglas Willis,garnerrobert@example.org,5354658969,1969-09-13
C008396,John Thompson,byrdjacqueline@example.com,3444616923,1999-08-18
C008397,Mr. Jordan Berry,phillipmills@example.net,8868272381,1982-12-11
C008398,Patricia Norton,henryburnett@example.org,2963535265,2001-11-07
C008399,Nicholas Cook,esmith@example.com,4124103164,1998-06-05
C008400,James Bender,andersonlarry@example.net,6363066406,1955-02-26
C008401,Trevor Allen,esmith@example.net,5999376162,1965-04-25
C008402,Pamela Matthews,pspence@example.com,7883965408,1977-02-21
C008403,Natalie Aguirre,poncejoanna@example.net,0861821810,2000-04-12
C008404,Sandra Ross,uhansen@example.org,1613176420,1967-06-26
C008405,Joshua Peterson,gwalker@example.org,8158562858,2003-06-13
C008406,Terry Carr DVM,amandahunter@example.net,0358893762,1953-12-03
C008407,Matthew Pierce,michelle40@example.com,7218606480,1958-05-27
C008408,Sherry Buchanan,johnsondaniel@example.com,9240404430,1970-10-28
C008409,Douglas Molina,erickim@example.net,2082192323,1982-05-28
C008410,Michael King,mathewalvarado@example.com,1092755637,1971-11-01
C008411,Jonathan Daniels,alexandermartin@example.org,5595372332,1961-12-03
C008412,Alexis King,frank25@example.com,7151298371,1953-04-01
C008413,Michele Banks,gutierrezbenjamin@example.org,4647159983,1983-03-28
C008414,Jillian Hendricks,mcknightgerald@example.org,5410904436,1974-05-04
C008415,Sara Gomez,michaelfernandez@example.net,9579802391,1993-06-07
C008416,Ernest Herrera,mccannlisa@example.org,3304657220,1969-12-11
C008417,Evan Berry,washingtondouglas@example.net,8729548663,1971-04-17
C008418,Keith Wood,hernandezmarcia@example.net,1582133074,1988-12-29
C008419,Laura Duncan,rebeccaortiz@example.com,9253555238,1993-06-20
C008420,Tina Daniel,carlos73@example.org,5020573850,2001-03-15
C008421,Jose Sanchez,solomonkimberly@example.org,8434945625,1961-06-01
C008422,Patricia Reyes,angela88@example.net,5859350316,1951-08-16
C008423,Tracy Smith,andrewmoran@example.net,1031637827,1960-02-05
C008424,Nathan Avila,colliervincent@example.com,9497702387,1958-06-05
C008425,Rachel Wilson,busheric@example.com,5058752788,1969-08-08
C008426,Donna Sharp,russellquinn@example.com,4780502469,1954-11-18
C008427,Sarah Potter,whitekristin@example.com,7059029099,1998-07-28
C008428,Carlos Ramirez,allisonrose@example.net,9877454410,1951-10-10
C008429,Alexandra Malone,qmoore@example.org,9744997326,1953-08-20
C008430,Kimberly Hill,lho@example.com,9453536043,1955-09-30
C008431,Jason Carr,ahardy@example.net,3244507506,1969-07-09
C008432,Christopher Nelson,margaret63@example.net,1098749484,1982-04-30
C008433,Jennifer Perry,antoniobell@example.com,5445619488,1994-12-06
C008434,Troy Nguyen,colemanjulia@example.com,3211548960,1985-07-16
C008435,Stacy Johnson,heatherdennis@example.com,3323049430,1988-01-29
C008436,Pamela Duncan,kimberly02@example.net,5559139052,1996-01-19
C008437,Dan Blake,opalmer@example.net,6073981391,2005-01-15
C008438,Ronald Anthony,ramoschristopher@example.net,0544851262,1979-05-12
C008439,Ryan Smith,karenhall@example.com,2938268081,1992-12-09
C008440,Diane Juarez,murraymatthew@example.com,0996045691,1981-06-08
C008441,Kimberly Hernandez,jlopez@example.net,0217245559,1973-05-28
C008442,Samantha Dennis,stacey47@example.org,7072054415,1973-07-21
C008443,Laurie Boyd,ljohnson@example.net,7771789274,1986-03-19
C008444,Cindy Smith,michaelsmith@example.com,1004380213,1974-04-26
C008445,Richard Sosa,alexis75@example.com,5244402153,1994-05-15
C008446,Jordan Hester,kennethanderson@example.org,9803009963,1995-03-02
C008447,Lucas Ramos,wtaylor@example.org,2120120864,1961-10-24
C008448,John Johnson,brian65@example.com,4464376066,1980-03-31
C008449,Sarah Myers,derrick96@example.com,7414407820,1962-07-16
C008450,Pamela Bennett,wolfjamie@example.net,6153539723,1986-07-23
C008451,Vincent Sexton,gdrake@example.net,6108551714,2004-09-23
C008452,Destiny Johnson,qmoody@example.org,8783071880,1965-09-30
C008453,Anthony Bates,scott39@example.com,8895406344,1994-06-27
C008454,Jeffrey Collins,gmayo@example.org,1777623458,1960-11-30
C008455,Brandy Peters,wmyers@example.com,7325002173,1959-03-16
C008456,Samuel Gonzalez,derek51@example.com,2692791602,1964-10-13
C008457,Mr. Alan Green MD,adamturner@example.net,0129895204,1970-12-07
C008458,Jamie Harris,reginasimmons@example.com,1353931589,1952-02-09
C008459,Carolyn Bruce,hernandeztara@example.net,5714809097,1969-08-22
C008460,Latoya Morales,angelareeves@example.net,1293439062,1970-11-30
C008461,Lisa Smith,chad09@example.org,9987120996,1987-03-26
C008462,Eric Davila,rpayne@example.com,7773177859,1986-07-07
C008463,Margaret Friedman,avelez@example.org,0328431920,1980-06-09
C008464,James Jones,larsenjennifer@example.net,3680290805,1975-02-12
C008465,Tiffany Bryant,tranjennifer@example.com,8018901441,2003-03-01
C008466,Harold Mcbride,todd06@example.org,9924238515,1972-12-27
C008467,David Miller,andersonkathleen@example.net,6794392849,1969-03-14
C008468,Victoria Parks,erinsmith@example.com,1773806129,1960-03-04
C008469,Ryan Howe,hlarson@example.net,3516120554,1989-07-14
C008470,Scott Jenkins,rickymoore@example.org,6668221923,1996-06-26
C008471,Stanley Marshall,bethanynewman@example.com,8813448447,1979-08-05
C008472,Andrea Vazquez,maryvasquez@example.org,9537731802,1980-10-17
C008473,Michael Sullivan,smithmatthew@example.org,2079681349,1977-02-20
C008474,Samantha Harris,jeffery43@example.com,5585478632,1980-07-06
C008475,Jessica Gonzalez,emily23@example.com,4811412973,1975-08-05
C008476,Jason Chase,jmiranda@example.org,0350966166,1958-09-15
C008477,Joshua Duran,steven93@example.org,1977143706,1988-12-07
C008478,Darrell Fox,lcruz@example.org,8236974101,1966-06-26
C008479,James Diaz,gregory21@example.org,1466844129,1976-03-26
C008480,Darrell Velazquez,tamara37@example.net,8382206568,1954-10-10
C008481,Elizabeth Brown,seanbrown@example.com,3191383056,1976-10-14
C008482,Jennifer Clay,danieltownsend@example.net,5103589441,2003-03-05
C008483,Ashley Hart,jacob92@example.com,6823094260,1992-06-15
C008484,Eduardo Spence,obriencourtney@example.com,4412159718,1982-11-30
C008485,Philip Atkins,noah01@example.net,3319402153,1983-11-21
C008486,Antonio Reed,lwalter@example.net,4293561658,1960-01-20
C008487,Patrick Morrow,cantuwesley@example.net,2366941272,1999-01-01
C008488,Stephen Smith,eblack@example.com,0864806618,1980-08-03
C008489,Antonio Richardson,lisasmith@example.org,3942048369,1965-07-16
C008490,Andrew Wells,roberto96@example.org,2657147050,1981-07-26
C008491,Brandi Schmitt,schroederdennis@example.org,8152804219,1966-03-19
C008492,Katherine Tucker,philipgarcia@example.com,1371479561,2003-03-04
C008493,Adam Lowe,deanbrady@example.org,8643694999,1965-01-05
C008494,Micheal Colon,wardjon@example.net,2214338700,1983-03-25
C008495,Paul Foster,elara@example.net,7095000671,1988-10-01
C008496,Christopher Brown,ewebb@example.net,8000109956,1973-05-07
C008497,Shawn Johnson,valerie90@example.net,4022979042,1986-11-16
C008498,Sarah Hobbs,shelly42@example.net,5098683424,1975-11-18
C008499,Eric Petersen,raymondhensley@example.org,8309667126,1967-01-29
C008500,Laura Rose,stacymiddleton@example.org,1339400324,1989-08-16
C008501,Derek Villanueva,christine94@example.org,9900431356,1997-10-13
C008502,Michelle Mendoza,kennethrice@example.net,7583834563,1974-06-04
C008503,Xavier Dorsey,wbrown@example.org,9467901797,1966-09-15
C008504,Paul Fischer,dawnperez@example.com,3913113314,1984-09-15
C008505,Mike York,feliciabates@example.com,9082890235,1976-08-26
C008506,Victoria Melton,colonlindsey@example.net,1252542161,1997-02-27
C008507,Jose Wall,james34@example.com,4081365490,2002-04-24
C008508,Douglas Summers,raymondreid@example.com,0053737758,1953-01-05
C008509,Christina Grant,emilymiller@example.com,8381403690,1964-04-06
C008510,David Clark,theresajensen@example.com,9350604118,1975-06-27
C008511,Jose Jones,myersalison@example.com,7877128691,1987-12-27
C008512,Betty Scott,olsonsteven@example.com,3342144365,1977-10-07
C008513,Sarah Mccormick,qroman@example.org,8375656426,1970-12-30
C008514,Sarah Tran,ryangarcia@example.com,9604242456,1971-06-27
C008515,James Cantu,richardkirsten@example.com,0923465413,1992-02-04
C008516,Douglas Livingston,lisacontreras@example.org,5977216402,1987-05-16
C008517,Matthew Daniel,sarah37@example.org,9647429828,1969-08-03
C008518,Stephanie Guerrero MD,kentfuller@example.net,1745705310,1995-07-22
C008519,Eric Wilson,tiffanyallen@example.net,3592637289,1986-07-31
C008520,Stephen Key,xwilkerson@example.com,0664242808,1985-11-18
C008521,Debra Berg,hernandezmatthew@example.com,2438165087,1991-08-20
C008522,Katrina Santiago,ysoto@example.org,6954810236,1964-11-29
C008523,Gabriel Spence,debraharris@example.net,5794186020,1967-01-04
C008524,Timothy Coleman,annaschmidt@example.org,5424888820,1959-07-30
C008525,Michael White MD,thomas75@example.net,7740607938,1972-05-19
C008526,Rhonda Cardenas,kevin09@example.org,9721521190,1972-01-06
C008527,Peter Knight,mary42@example.com,0959904261,2001-07-04
C008528,Steven Diaz,lwallace@example.net,1540976947,1970-06-14
C008529,Michael Hurley,sandrastone@example.com,5357391685,1964-06-16
C008530,Andrew Martinez,kenneth58@example.net,1682025223,1965-02-28
C008531,Christopher Maldonado,duarteamanda@example.com,2746731558,1992-09-26
C008532,Diana Walker,cvelasquez@example.net,4301412743,1968-05-06
C008533,Alex Hebert,avillanueva@example.org,1723882937,1956-05-04
C008534,Jordan Stone,alucero@example.net,9257918670,1952-05-27
C008535,David Nelson,englishsteven@example.com,4002795533,1958-02-28
C008536,Carmen Jimenez,johnrussell@example.com,3633106919,1964-07-07
C008537,Susan Austin,edeleon@example.net,1356981320,1999-04-02
C008538,Tammy Chan,martinsmith@example.net,3204911524,1963-09-23
C008539,Terry Gibbs,yevans@example.net,4709299643,1999-12-03
C008540,Patrick Phillips,ruthcoleman@example.net,6646868307,1958-09-01
C008541,Nicole Brennan,wmerritt@example.net,3859948369,1977-11-18
C008542,Jimmy Henderson,eware@example.net,0349626730,2000-01-24
C008543,Matthew Wright,james71@example.net,5139255935,2000-02-26
C008544,Kelly Gilbert,gregory95@example.org,8030762581,1984-02-05
C008545,Margaret Watkins,john20@example.net,3496348265,1977-11-14
C008546,Jason Graham,ashley01@example.net,4844773589,2005-07-11
C008547,Nicolas Dillon,megan67@example.org,2395059533,1962-07-24
C008548,Derrick Perez,jessica00@example.org,8327125672,1974-10-02
C008549,Christina Klein,riggsjohn@example.net,7455391641,1956-10-28
C008550,Debbie Salazar,hday@example.org,4911845128,1993-05-19
C008551,Danny Cunningham,brandihodges@example.com,2121859191,1995-02-23
C008552,Courtney Bishop,glennrogers@example.net,9446790727,1956-10-05
C008553,James Martin,daniel33@example.net,3359904494,1992-01-28
C008554,Colleen Ware,georgepatrick@example.com,9577739078,1954-07-08
C008555,Gina Baird,weisscarrie@example.net,1679294571,1995-12-12
C008556,Lindsey Gomez,brownmark@example.net,9910902033,1982-01-19
C008557,Debra Griffin,voliver@example.net,2241839584,1984-04-26
C008558,Aaron Burnett,ashlee93@example.org,5927311668,1969-10-19
C008559,Christina Johnson,kford@example.net,8909447539,1975-02-21
C008560,Karen James,glenn11@example.net,6886831467,1960-08-08
C008561,Alicia Randolph,fbutler@example.com,9548464316,1983-09-10
C008562,Nicole Velez,robertmoore@example.org,7686751892,1968-11-06
C008563,Brittany Anderson,johnsonjesse@example.net,3779541925,2005-08-20
C008564,Jeffrey Mcbride,todd04@example.net,0917400930,1975-06-10
C008565,Heather Hardy,andrea53@example.net,1090655330,1958-01-27
C008566,Gregory Moyer,gary34@example.com,8574075332,1978-06-16
C008567,James Bowers,virginiacantrell@example.net,0609757877,1992-10-29
C008568,Eric Moore,valerieedwards@example.net,4519399541,1957-02-13
C008569,Ann Pratt,casey03@example.org,7281088453,2003-02-01
C008570,Raven Lee,emilybartlett@example.com,4291002461,1990-06-13
C008571,Kelly Goodwin,nelsonharry@example.com,4288705734,1977-11-09
C008572,Justin Taylor,dorseylarry@example.org,3012127066,1981-02-21
C008573,Chase Turner,harrisdeanna@example.org,2146132880,1990-08-12
C008574,Samantha Russell,omoore@example.org,7487131516,1997-09-07
C008575,Amanda Thompson,garzacraig@example.org,5897047785,1952-08-18
C008576,Alyssa Wallace,cgarcia@example.org,6055874991,1970-01-03
C008577,Dr. Deborah Davis DDS,eric64@example.com,8700726905,1954-11-27
C008578,Blake Lewis,jonathanjohnson@example.org,7612822082,1992-10-16
C008579,Austin Williams,richmondbrittany@example.org,7268150359,1978-08-15
C008580,Kimberly Watts,tkelly@example.net,3056279827,1967-11-11
C008581,James Wells,brandonmunoz@example.org,4360423515,1982-03-30
C008582,Donald Olson,hevans@example.com,8129838146,1965-08-05
C008583,Melody Stewart,hmays@example.org,2636132701,1979-06-21
C008584,Larry Chandler,melvinstark@example.net,2718327856,1968-02-20
C008585,Nathan Harris,jbradshaw@example.net,4886302929,1952-04-07
C008586,Tommy Scott,matthew55@example.net,8956879455,1970-03-30
C008587,Christopher Wells,brianrosales@example.org,2618965074,1958-01-29
C008588,Deborah Bond,bcruz@example.org,4438633371,1962-12-28
C008589,Cynthia Barron,jessica25@example.com,3653565475,1996-01-21
C008590,Patricia Gonzalez,deannakirk@example.net,4186354945,1971-01-06
C008591,Nicholas Smith,leekimberly@example.com,4947849088,1999-05-18
C008592,Peggy Escobar,dbraun@example.net,0006663769,1998-02-04
C008593,Jennifer Lee,catherinemccormick@example.net,9475758099,1975-12-28
C008594,Krystal Porter,tylersims@example.com,6126354252,1960-11-11
C008595,Cheryl Brown,lhill@example.com,1446949180,1968-05-15
C008596,Diane Howard,hayeschristopher@example.net,9905299358,1957-01-23
C008597,Jonathan Burns,andersonpaul@example.com,7322921300,1967-10-22
C008598,Charles Herrera,cynthia36@example.com,7763025147,1987-02-02
C008599,Melvin Hale,marcus36@example.com,1011246791,1996-07-16
C008600,Rebecca Cervantes,tmcdaniel@example.com,6640606032,1962-05-31
C008601,Mrs. Amanda Carter DDS,fernando33@example.net,5340914087,1951-05-04
C008602,Derek Hill,joe22@example.net,5784071491,1992-01-04
C008603,Matthew Matthews,tabitha46@example.net,5122621881,1998-05-27
C008604,Sabrina Brown,debra00@example.com,2754668573,1991-11-11
C008605,Joseph Hopkins,meyersronald@example.net,8771371112,1969-08-16
C008606,Jennifer Dixon,cjames@example.com,3699770024,1987-06-27
C008607,Joshua Hicks,daniel34@example.net,2087208670,1962-06-16
C008608,Charles Anderson,hannahrobles@example.com,3587214072,2001-10-01
C008609,Jacob Olson,gloverkristine@example.org,7362751251,2001-03-20
C008610,Jessica Matthews,wallacejohn@example.org,1291606326,1980-12-09
C008611,Terri Mendoza,breanna40@example.org,0569215106,1957-04-30
C008612,Jacob Thompson,jesus65@example.net,3886522492,1964-07-09
C008613,James Coleman,christinedoyle@example.org,9833102161,1999-01-01
C008614,Daniel Nolan,daniel84@example.com,6360425780,1981-03-15
C008615,Andrew Molina,eric41@example.com,8784794387,1996-01-18
C008616,Shawn Christian,john68@example.com,5000439747,1974-08-07
C008617,Scott Williams,fischermelanie@example.org,4618205734,1994-11-04
C008618,Daniel Lowe,tlewis@example.com,9607209969,1983-10-22
C008619,Jose Lamb,phillipsjohn@example.org,7741413090,2002-04-30
C008620,Justin Johnson,gsmith@example.com,0040437051,1952-07-11
C008621,Shannon Rivera,llopez@example.net,6671883444,1952-07-19
C008622,Brian Parsons,lharrison@example.com,4747363776,2002-07-06
C008623,Eric Costa,lukehamilton@example.org,4085187561,1958-01-21
C008624,Karen Turner,gilbertmichelle@example.net,0591597800,2003-04-23
C008625,Kevin Ellis,markmorgan@example.net,7250667417,1959-12-02
C008626,Maria Rios,tammylevy@example.org,7739896105,1988-06-04
C008627,Stephanie Johnson,margaret13@example.com,2625950688,1985-07-10
C008628,Adam Perez,pambarrera@example.net,9013985872,1961-02-06
C008629,Regina Sanchez,christophercontreras@example.com,5315294606,1970-11-08
C008630,Jennifer Hernandez,smithelizabeth@example.com,2809990207,1972-01-04
C008631,Joshua Ramirez,shawnbooth@example.com,3833368394,1998-01-15
C008632,Anthony Green,melanieswanson@example.net,6405244989,1986-06-26
C008633,Michael Morton,alvin33@example.net,7101041321,1957-07-06
C008634,Charles Meyers,brian07@example.com,8515079596,1970-02-22
C008635,Diana Williams,kevin36@example.com,7700617093,1973-12-29
C008636,Heather Newman,halehaley@example.com,8896227885,1997-08-30
C008637,Patrick Cooper,amber38@example.org,1635474542,1980-10-29
C008638,Timothy Henry,hsharp@example.com,4964034765,1997-01-03
C008639,Stephanie Hamilton,hamiltonwilliam@example.org,8502949209,2003-10-17
C008640,David Rios,atkinsvictor@example.org,6465141244,2001-04-30
C008641,Christopher Baxter,juarezhannah@example.com,3400353932,2005-02-20
C008642,Paul Nguyen,maureen59@example.org,9088947872,1988-03-25
C008643,Hannah Moreno,geraldbryant@example.net,8190517694,1968-03-22
C008644,Lauren Carlson,justin84@example.net,4442417942,1987-10-11
C008645,Kim Dawson,joe10@example.com,2292481989,1958-03-09
C008646,Melissa White,meyersallen@example.net,7857367717,1977-12-05
C008647,Howard Lawrence,abeltran@example.net,6972070043,1996-06-07
C008648,Ryan Suarez,taylor82@example.net,5300657116,1974-05-19
C008649,Scott Jones,shelby58@example.com,9473870882,1960-03-27
C008650,Tyler Wilson,tonya59@example.org,1806190514,1961-10-22
C008651,Jonathan Larson,fprice@example.net,1798807820,1964-12-24
C008652,William Tanner,bmorris@example.org,9926504105,1974-08-31
C008653,Shannon Kennedy,johnsonmaria@example.net,6429256768,1984-07-04
C008654,Deborah Johnson,hsexton@example.org,9309068898,1952-05-29
C008655,Elizabeth Waller,cassandra40@example.com,3150969798,1987-06-29
C008656,George Fowler,sandovalmatthew@example.org,0548345822,2005-01-30
C008657,Scott Montes,sarah28@example.com,7711658273,1983-02-28
C008658,Heather Reed,richardbarber@example.org,0839398972,1981-08-24
C008659,Gabriel Daniels,patrick18@example.org,1722821167,1977-01-12
C008660,Jesse Carlson,umathis@example.net,0915772521,1973-11-13
C008661,Judith Webb,daniellecook@example.org,3886642760,1972-07-03
C008662,Tina Bond,tammydiaz@example.org,6248499047,1952-07-30
C008663,Bonnie Jones,edouglas@example.com,0345606288,1952-02-11
C008664,Tommy Thomas,manderson@example.net,0085498881,1978-01-15
C008665,Jeanne Coleman,josehall@example.net,1870142804,1987-06-05
C008666,Kevin Fuller,lisamiller@example.com,7575970524,2003-09-14
C008667,Angela Morales,joellopez@example.net,9053325015,1962-07-24
C008668,Stephen Fields,uroberts@example.net,2340778045,1981-08-29
C008669,Sheila Ramirez,ricky24@example.com,5191216464,1997-03-07
C008670,Sherry Ball,mcdonaldwilliam@example.net,4206032672,1980-07-20
C008671,Amy Baker,cooperethan@example.com,5392424259,2005-09-16
C008672,Joseph Leon,knightchristine@example.com,7089860305,1994-11-17
C008673,Darren Williams,xvelez@example.net,7413773480,1967-02-01
C008674,Kendra Arroyo,kristine47@example.org,1035185554,1969-02-09
C008675,Pamela Freeman,paul81@example.org,5354811992,1961-12-27
C008676,Brian Shaw,rhess@example.com,0409370847,1988-09-04
C008677,Amy Thomas,colton51@example.org,6676310837,1988-02-19
C008678,Nicole Becker,stephenortega@example.com,9305251563,1968-04-18
C008679,Frank Jackson,nelsonheather@example.net,9889788860,1955-03-12
C008680,Joshua Hess,sean27@example.net,2075907277,1983-09-01
C008681,Teresa Garcia DVM,carsonroger@example.com,5487517243,1956-03-23
C008682,Austin Krueger,millsjose@example.com,0306343988,1995-06-29
C008683,Jessica Booth,zmooney@example.org,5986631649,2001-04-02
C008684,Katrina Bowman,megan55@example.org,7403283333,1951-04-06
C008685,Cindy Johnson,brandonpowers@example.net,9745724374,1981-05-03
C008686,Michele Ramirez,rosejohnson@example.org,6651607853,1992-05-13
C008687,Whitney Figueroa,russobrian@example.org,3899903354,1967-05-26
C008688,Jamie Davis,harttina@example.com,4032779747,1983-09-11
C008689,Gary Thomas DVM,millerjason@example.com,8344672783,2005-06-07
C008690,Jose Chan,aaronsmith@example.net,6533671626,1983-08-14
C008691,Sarah Alvarez,danielthornton@example.com,4198802045,1980-03-12
C008692,Joseph Osborn,hmccarthy@example.com,3958963286,1955-11-02
C008693,Kayla Gonzales,jonpearson@example.com,8425749758,2002-10-18
C008694,Eric Spencer,anne15@example.net,1162187888,1962-01-14
C008695,Joseph Cook,erinoliver@example.com,7901681993,1955-02-22
C008696,Carolyn Shepard,devin45@example.org,2661786528,1979-11-18
C008697,Joshua Morse,robinsonmarc@example.org,0491845448,1965-07-15
C008698,Kelly Luna,dunnmichael@example.net,4292399339,1975-01-28
C008699,Donald Villegas,tperez@example.net,6703308780,1953-01-03
C008700,Laura Kim,melissahudson@example.com,4546143518,1969-06-01
C008701,Sheila Jones,pmelendez@example.com,0728110229,1985-10-17
C008702,Lauren Perry,lawrencekelly@example.com,9218323470,1976-03-24
C008703,Gary Bishop,marydawson@example.com,3147472301,1971-08-27
C008704,Hayden Garcia,markjohnson@example.net,1897014129,1973-01-30
C008705,John Johnson,allen68@example.net,5695472925,2003-08-12
C008706,Terry Acosta,emily63@example.org,9871736569,2001-02-08
C008707,Taylor Ross,lrodgers@example.com,9086322771,1987-08-23
C008708,Shannon Green,clowe@example.com,1420040941,1955-09-08
C008709,Johnny Brown,lindsey87@example.org,6315970948,1988-03-16
C008710,Mark Fisher,walldavid@example.net,7078997203,1968-04-23
C008711,Jose Vasquez,sherry25@example.net,0294125539,1968-01-15
C008712,Philip Carr,pagebreanna@example.org,8908879688,1951-08-06
C008713,Fernando Austin,caitlynlewis@example.org,3705295438,1991-11-26
C008714,Jordan Edwards,dianethompson@example.org,9706535123,2001-04-29
C008715,Warren Shields,patellogan@example.com,0422470494,1970-02-21
C008716,Amanda Davidson,elizabethward@example.net,5777595992,1965-01-11
C008717,Kathy Campbell,qcarlson@example.com,0162337480,2004-06-07
C008718,Ryan Coleman,edwardsrobert@example.org,2378499603,2000-02-22
C008719,Wendy Hernandez,peggylogan@example.org,2528589413,1952-05-31
C008720,Jim Miller,katie94@example.net,3518422785,1991-07-27
C008721,Emily Palmer,aprilcunningham@example.com,5482369290,1969-02-04
C008722,Danny Diaz,paul84@example.org,8959837847,1950-10-09
C008723,Cynthia Abbott,sarah95@example.com,4437428060,1984-12-07
C008724,Yvette Rhodes,imartin@example.org,6789859040,1961-03-31
C008725,Cassandra Johnson,fordpaul@example.net,5448659448,1961-09-04
C008726,Kathleen Smith,marcia24@example.net,1735757363,1990-12-23
C008727,Jaime Martinez,cayers@example.org,3902383408,1967-02-11
C008728,Gabriela Todd,vanessa06@example.net,4421491356,1992-04-25
C008729,Regina Ellis,xyoung@example.org,4171201411,1966-11-29
C008730,Alyssa Thomas,justin34@example.org,1385245932,1975-01-28
C008731,Dr. Rachel Wagner MD,jonathan63@example.org,0305707674,1966-03-10
C008732,Laura Reyes,jacksondenise@example.com,3895052167,1996-05-04
C008733,Angela Peters,nolandonald@example.net,1589019115,1981-01-15
C008734,Elizabeth Miller MD,mandy41@example.com,9879748735,1976-05-24
C008735,Lisa Dickson,dcruz@example.org,6771453167,1961-05-25
C008736,Janet Rodriguez,whitechristine@example.net,4868858675,2004-03-25
C008737,Isaac Smith,danielcervantes@example.net,6821733615,1972-05-07
C008738,Luis Hayes,austincollins@example.com,5050342305,1978-12-27
C008739,George Smith,andrea05@example.net,4911916021,1967-10-13
C008740,Timothy Swanson,johnsonangela@example.org,2052909448,1974-01-08
C008741,Richard Norris,michael40@example.org,3813628504,1981-11-14
C008742,Jacob Smith,aharris@example.net,5683687576,1983-04-23
C008743,Bonnie York,cvaughn@example.com,6722782465,1983-01-11
C008744,David Wood,judithreed@example.com,5662621418,1954-07-25
C008745,Brandon West,browningalison@example.net,8468573757,1986-06-04
C008746,Anthony Martin,pjones@example.com,4184609485,1962-02-28
C008747,Ricky Rogers,heatherbuckley@example.com,6928842871,1979-07-22
C008748,John Fernandez,ashleystewart@example.org,9283073718,1998-08-22
C008749,Brooke Diaz,ruizmike@example.org,8485705320,1983-09-05
C008750,Michael Hansen,holtolivia@example.org,4154245598,1973-08-06
C008751,Lisa Chavez,hollybailey@example.com,8013852209,1952-11-16
C008752,Ruth Mcdaniel,harrisbrandon@example.com,9645589996,1994-10-30
C008753,Dana Stevens MD,aholt@example.com,2713915835,1988-03-12
C008754,Nicole Matthews,michelle74@example.com,7284152083,1988-08-03
C008755,Melanie Hayes,ccarter@example.com,5300825297,1990-10-01
C008756,Valerie Daniels,katie13@example.net,0758978114,1974-06-03
C008757,Sabrina Page,barnesjacqueline@example.org,5055002445,1977-12-19
C008758,Johnny Gonzalez,ihoffman@example.com,1648167772,1988-08-17
C008759,Matthew Montoya,russell26@example.org,1609107772,1971-02-21
C008760,Michael Boone,autumnhernandez@example.org,7797954395,1968-01-24
C008761,Amber Walsh,barbara74@example.net,8724072053,1968-04-10
C008762,Steven Barnes,tmaxwell@example.com,3470652808,1965-03-09
C008763,David Walker,burgessangela@example.org,9763346446,2003-12-28
C008764,Tiffany Collins,xford@example.org,5340476304,1986-03-08
C008765,Eric Holt,robersonjonathan@example.com,6812501879,1989-06-08
C008766,Joseph King,kathleenware@example.org,6805855134,1996-02-04
C008767,Tonya Beasley,william98@example.net,7841595539,1964-07-14
C008768,Gregory Nunez,michellejames@example.org,6451967649,1973-08-27
C008769,Robert Moon,nealsherry@example.com,3878928235,2005-08-11
C008770,Kelly Green,arthur09@example.com,6000097686,1979-11-29
C008771,Heather Perez,robinmartinez@example.net,2773157292,1976-01-18
C008772,Brittany David,jeremy29@example.org,0918539450,1963-08-16
C008773,Nathaniel Lee,jasonavery@example.org,2998619610,1968-03-14
C008774,Justin Williams,belljennifer@example.net,6726678368,1992-02-01
C008775,Dean Sparks,danielle28@example.net,7147804694,1959-05-05
C008776,Angela Jones,kathryn96@example.com,3350078479,1962-07-08
C008777,David Miller,david21@example.com,0212555371,1968-08-02
C008778,Joshua Combs,matthewwright@example.com,8999672354,1955-04-28
C008779,John Olson,nperry@example.org,2592375411,1972-05-18
C008780,Yvette Riggs,johnhawkins@example.org,2732291262,1956-08-20
C008781,Meghan Dunn,sharon00@example.org,9900678478,1984-11-12
C008782,Alan Smith,leah82@example.com,0989829480,1961-07-04
C008783,Joseph Young,donna35@example.org,6347230668,1999-02-28
C008784,Stephanie Wolf,moralesmary@example.com,1269293627,1986-04-17
C008785,Jesse Murphy,huffmandaniel@example.com,9752599357,1954-02-25
C008786,Bryan Davis,angelafrancis@example.com,2332189442,2003-10-10
C008787,Derek Fernandez,matthewholmes@example.org,5419708126,1972-07-16
C008788,Brenda Ramirez,ronald90@example.net,0096786187,1975-10-24
C008789,Adam Jackson,janet43@example.org,0872972114,1997-02-02
C008790,Erica Archer,moraleskathryn@example.org,0306607793,1982-08-29
C008791,George Odom,andrewsalazar@example.net,1459025515,1979-10-18
C008792,Todd Lewis,kscott@example.org,5169961543,1977-04-23
C008793,Jeffrey Taylor,tim89@example.com,3276060497,1968-06-18
C008794,Christian Hopkins,dgregory@example.net,1424350003,1971-01-11
C008795,Heather Holland,arthurnguyen@example.com,4536624925,1969-08-25
C008796,Karen Short,jennifercarr@example.net,9661339345,1957-10-07
C008797,Michelle Trevino,sburton@example.net,1446466291,1975-12-27
C008798,Kristine Wang,thomasshea@example.com,1811496181,1982-05-29
C008799,Paul Ramirez,enelson@example.com,5173311702,1954-04-24
C008800,Benjamin Tran,jeffleon@example.org,5736183530,1968-08-18
C008801,Patricia Salazar,thomascoffey@example.net,4248391215,1983-08-08
C008802,Karen Clark,otaylor@example.org,1094348995,1957-10-17
C008803,Joshua Fox,austinbradley@example.com,2776623116,1985-11-09
C008804,Gregg Lopez,alindsey@example.org,9985206740,1957-01-13
C008805,Derrick Bailey,megan10@example.com,9990198775,1961-12-20
C008806,Martin Reed,jameswilliamson@example.org,2635891414,1999-05-09
C008807,Sherry Miller,littlejohn@example.com,2901714949,1991-02-24
C008808,Jessica Price,iwalton@example.com,5510700171,1988-12-21
C008809,Lisa Sanders,sdean@example.net,7290710005,1980-06-13
C008810,Mark Parker,edwardsmike@example.net,9221731135,1952-07-06
C008811,Michael Mckenzie,shanehunter@example.com,4219189914,1995-09-15
C008812,Derek Moore,mariaherrera@example.net,3870281938,1990-10-21
C008813,Mr. Nathan Jones,rcollins@example.org,6046621009,1972-03-30
C008814,Jose Moran,michael47@example.net,3477058817,1964-04-17
C008815,Jeffrey Gardner,brian38@example.com,0642845904,1980-05-07
C008816,Julie Mason,omclean@example.net,9357228311,1953-03-26
C008817,Scott Stephenson,brady62@example.com,8755495859,1971-12-10
C008818,Lisa Jackson,wcherry@example.org,1326138455,1997-06-12
C008819,Elizabeth Prince,qhowe@example.org,6125675101,1974-05-21
C008820,David Glenn,bcrawford@example.net,9215033047,2003-07-01
C008821,Anita Mathis,randyjackson@example.net,4795837899,1985-07-03
C008822,Amy Greene,andersonrenee@example.net,3729971774,1980-01-06
C008823,James Edwards,michaelmia@example.net,6105606420,2003-05-02
C008824,Nathan Wilson,eric78@example.org,3784363100,1969-10-04
C008825,Sherry Johnson PhD,wellseric@example.net,4335529462,1981-05-23
C008826,Heidi Gay,curtismichelle@example.org,3770705517,1951-01-21
C008827,Jeffrey Norman,yross@example.net,7841469948,1976-03-27
C008828,Robin Thomas,forbesmary@example.net,5117992071,2001-07-28
C008829,Ashley Miller,jacobskenneth@example.com,1263393476,1972-10-11
C008830,Mr. Peter Baker,alyssa43@example.net,0875509418,1951-08-11
C008831,Ryan Mccoy,christine85@example.org,7045028144,1991-05-17
C008832,Marisa Salinas,laurawinters@example.com,0297893309,1954-03-18
C008833,Michael Munoz,uhiggins@example.org,9993665204,2001-11-12
C008834,David Esparza,welchjennifer@example.com,0601004438,1968-09-05
C008835,Brianna Ruiz,william51@example.org,7201904404,1992-02-22
C008836,Tammie James,znichols@example.com,0840923491,1978-09-13
C008837,Gabriella Torres,vreese@example.com,3557585170,1965-12-26
C008838,Andrew Hartman,nicole59@example.net,8671574217,1989-06-26
C008839,Karen Harris,rwilson@example.org,2891176272,1998-11-19
C008840,Mark Lewis,klee@example.org,2048476335,1966-09-18
C008841,William Oneill,stephanie38@example.com,9719267140,1952-11-09
C008842,Jason Sanchez,ann24@example.net,7426593822,1986-01-31
C008843,James Smith,zmiller@example.com,2632149940,1995-02-09
C008844,Mr. Paul Bray,bhines@example.net,2467288578,1973-06-08
C008845,John Petty,thomascisneros@example.net,5389674987,1995-02-20
C008846,Mr. Spencer Vargas,avaughn@example.com,8999683183,1986-03-31
C008847,Charles Alvarez,serranobrent@example.org,9040654631,1959-11-10
C008848,Michael Holmes,stephanielamb@example.org,0688180527,1992-10-21
C008849,Kathy Brown,williammayer@example.org,0193808770,1996-04-21
C008850,Dean Smith,brandonstanton@example.net,7485284017,1978-11-13
C008851,Robin Robbins,ygriffin@example.com,1677568237,1983-09-25
C008852,Natalie Strickland,josephgonzalez@example.net,9915170629,1970-08-24
C008853,Mary Morrison,kimberlyspears@example.org,8139340545,1985-12-13
C008854,Susan Gallegos,phelpskristi@example.org,5314313604,1992-08-15
C008855,Kathleen Patel,brownchristina@example.net,8418882355,1951-04-05
C008856,John Jones,patricia36@example.org,4787615064,1964-09-13
C008857,Charles Fields,ryancharles@example.com,3602088269,1967-03-11
C008858,Linda Green,glarsen@example.com,7477522147,1980-06-20
C008859,Isabella Lopez,carriewalter@example.com,8823792268,1988-07-12
C008860,Judy Davis,robersonbrian@example.net,5549573134,2001-02-11
C008861,Sandra Robertson,nolanandrew@example.org,0764692723,1984-06-03
C008862,Brian Hunt,jmarshall@example.net,2007571515,1997-07-20
C008863,Penny Barnett,mthomas@example.org,2473389202,1958-12-05
C008864,Erik Williams,jose80@example.com,9991835127,1986-01-04
C008865,Jessica Boyd,whitejames@example.com,2702290090,1961-02-26
C008866,Kelly Hammond,morganrodgers@example.com,2315465898,1957-07-02
C008867,Katie Humphrey,christyjuarez@example.com,9901397503,1968-02-28
C008868,Jennifer Hood,dmolina@example.org,7103156925,2002-10-15
C008869,Michelle Love,kalvarado@example.org,3569493092,2001-04-19
C008870,Dana Johnson,denisephillips@example.net,6859814002,2005-08-23
C008871,Kim Wood,petersonyvonne@example.com,8634902588,1956-11-04
C008872,John Campbell,schultzrachel@example.org,9208823793,1961-08-30
C008873,Tiffany George,samantha38@example.net,8358220143,1997-04-07
C008874,Robert Brooks,hduke@example.com,2399008266,1971-07-25
C008875,Melissa Clark,april52@example.com,9827856664,1986-01-03
C008876,Joshua Miller,sheilaturner@example.com,9375766312,1985-12-08
C008877,Matthew Jones,andrew63@example.com,8132414270,1997-10-22
C008878,Carrie Gomez,jonestimothy@example.net,2059918798,1991-03-03
C008879,Philip Matthews,cruzandrew@example.org,5654617198,2005-08-25
C008880,Becky Wood,danieltucker@example.org,5539552337,1959-11-14
C008881,Ryan Jones,rhodesmichael@example.org,4228702824,2002-01-14
C008882,Gabriel Soto,christina09@example.org,7551281209,1960-01-01
C008883,Tiffany Fletcher,cmiles@example.com,5361767634,1964-03-16
C008884,Jennifer Castaneda,stacy33@example.org,7245332262,1993-09-18
C008885,Angela Brown,olyons@example.com,7458236688,1956-12-05
C008886,Mr. Gabriel White,randysmith@example.org,9563007746,1968-02-09
C008887,Jason Brooks,robin16@example.com,8299352406,2000-02-01
C008888,Patrick Martinez,jason41@example.com,6930847094,1965-06-01
C008889,Timothy Oliver,henrylewis@example.org,3421676763,1998-12-21
C008890,Dr. Susan Rivera,leeannette@example.org,8563387593,1974-08-26
C008891,William Schneider,karen16@example.net,3702606024,1963-12-13
C008892,Stephen Scott,matthewfreeman@example.net,1052372600,1983-10-19
C008893,Dr. David Hogan,brittneyporter@example.net,5843777730,1977-11-13
C008894,Olivia Bennett,bradley25@example.org,7162597211,1961-06-08
C008895,Ryan Anderson,michael60@example.net,7502275656,1971-12-28
C008896,Jessica Harris,michelle26@example.com,8078269622,1969-08-09
C008897,Mikayla Graham,michele05@example.net,1380941479,1993-11-09
C008898,Kayla Nelson,inielsen@example.org,4552785364,1992-08-23
C008899,Melissa Wright,gonzalezjohn@example.org,3510719567,1964-09-18
C008900,Evan Jackson,jenniferlynch@example.com,1478445008,1975-05-14
C008901,Sarah Ford,usmith@example.org,4542699325,1962-12-09
C008902,Krista Rosales,maureen35@example.com,2423757090,1965-06-27
C008903,Kenneth Wilkinson,joshua39@example.com,5473272227,1968-09-26
C008904,Amy Oliver,nichole94@example.com,5987514930,1979-12-13
C008905,Paul Adams,cynthia80@example.org,1175367506,1954-06-04
C008906,Kimberly Gay,rsnow@example.net,0604973570,1957-07-28
C008907,Chris Wong,danphillips@example.org,5340785535,1989-11-29
C008908,Dr. Paul Garcia,bgonzalez@example.net,0685747465,1959-03-06
C008909,Robert Payne,owilliams@example.com,4136356115,1968-02-07
C008910,David Bell,spaul@example.com,7787399981,1992-04-12
C008911,Julia Nelson MD,basslaura@example.com,7370250625,1951-08-10
C008912,Perry Castro,sharonwilliams@example.com,6077807657,1996-07-24
C008913,Eric Holt,debrapeterson@example.com,2601573678,1970-11-24
C008914,Mark Waters,lfisher@example.net,9723449361,1992-03-08
C008915,James Ortega,tinareid@example.net,3636550859,1966-09-17
C008916,Nicholas Charles,swise@example.com,2974007172,1971-05-30
C008917,Meghan Moyer,curtissarah@example.net,2171827644,1962-02-02
C008918,Michael Martin,laceyholland@example.com,2098964247,2003-08-03
C008919,Edwin Thomas,katierodriguez@example.net,1772180577,1971-02-11
C008920,Brian Nelson,stevenpayne@example.com,4149653464,1989-04-11
C008921,Danielle Perez,madisonclark@example.com,6391934586,1996-07-16
C008922,Diana Brown,seth26@example.net,7204622173,1990-10-20
C008923,Mallory Burns,pagevictoria@example.com,0572709942,1962-07-11
C008924,Megan Cox,kelly33@example.org,5457837812,1990-02-15
C008925,Stephanie Roberts,websterrachael@example.com,7987997364,1997-10-19
C008926,Brandon Moody,ariel98@example.net,4646865221,1969-01-23
C008927,Melinda Smith,ramosmichelle@example.org,2710617211,1952-12-07
C008928,Michael Park,tmccarthy@example.com,6658409266,1956-01-12
C008929,Sharon Salazar,tracygomez@example.net,3221351242,1963-01-23
C008930,Andrea Lopez,schultzthomas@example.com,9891237966,1981-10-24
C008931,Emily Dennis,ckrueger@example.org,7546602471,1967-12-26
C008932,Kathryn Parker,qjohnson@example.org,3692970463,2005-07-20
C008933,Lauren Howell,garciaregina@example.net,3908205834,1954-11-11
C008934,Hannah Greene,ruth63@example.org,1840339390,1992-05-02
C008935,Tiffany Hodge,xdickerson@example.com,6079777658,2002-09-28
C008936,Norman Hendrix,gaguilar@example.org,7453056050,1987-09-20
C008937,Daisy Mcintosh,arthur33@example.com,8945275927,1969-01-06
C008938,Emily Hopkins,justinquinn@example.net,6701186447,1956-01-04
C008939,John Williams,dwalker@example.com,3468832694,1965-06-03
C008940,Brian Lopez,kpierce@example.net,0231369988,1967-12-01
C008941,Erin Schneider,romanjohn@example.org,8880472520,1963-01-06
C008942,Mrs. Tiffany Brown,sandraphillips@example.net,3782242517,1980-04-20
C008943,Jason Robinson,john78@example.net,8937340232,1970-07-25
C008944,Sheri Shelton,lewisemily@example.net,3789684599,2002-08-21
C008945,Shelly Hall,michael12@example.org,1907656343,1985-09-25
C008946,William Martin,popejennifer@example.org,2779616241,1989-05-30
C008947,Stephanie Thomas DVM,gortiz@example.com,3712568497,1960-05-05
C008948,Jill Clark,allisonbetty@example.com,1673739127,1987-12-05
C008949,Nicholas Green,jwatson@example.net,8492515174,2004-09-02
C008950,Mr. Charles Lucas,william47@example.org,2188541415,1954-01-10
C008951,Jennifer Williams,hartrebecca@example.com,3970284322,1969-04-23
C008952,Jacob Parker,victoria81@example.com,4254492248,1983-09-21
C008953,Sydney Ballard,perrydawn@example.org,6311118928,1963-07-14
C008954,Tina Collier,ddavis@example.org,9850132979,2001-06-11
C008955,Lauren Campbell,jonathan73@example.com,5599583415,1957-08-30
C008956,Keith Johnston,petersonmark@example.net,8717515112,1957-06-09
C008957,Charlotte Carter,rhodeslaura@example.org,9200755166,2002-01-25
C008958,Lauren Hartman,nina40@example.net,6295743746,1987-09-28
C008959,Alexander Leblanc,glenda44@example.com,7349463517,1972-08-22
C008960,Sarah Wilkinson,allenkristen@example.net,8590267552,1957-01-16
C008961,Robert Bryant,greerronald@example.org,7147064340,1956-03-15
C008962,Deborah Smith,hobrien@example.com,1972062275,1967-04-12
C008963,Jonathan Sparks DDS,iduncan@example.org,3310158339,1994-07-08
C008964,Willie Morris,fwyatt@example.net,1140360046,1968-09-25
C008965,Scott Thomas,hancockyvonne@example.org,7061556981,1986-02-15
C008966,Matthew Mcdonald,adam77@example.org,7875602853,1963-07-10
C008967,Lisa Christensen,mcintoshmark@example.net,0327119082,1990-06-24
C008968,Lisa Harding,zbrooks@example.org,0021019454,1961-04-03
C008969,Maria Gilbert,browngregory@example.net,0344256643,1964-10-29
C008970,Malik Coleman,beth20@example.com,7043664146,2000-08-28
C008971,Kenneth Jones,kimberlyschroeder@example.com,4098649103,1985-03-11
C008972,Lisa Clark,tiffany41@example.org,6985837972,1984-12-25
C008973,Christopher Merritt,michaelrivera@example.net,3513617803,1971-03-09
C008974,Jose Mcdaniel,duartealan@example.com,5397673848,2000-05-13
C008975,Cynthia Alvarez,steven59@example.org,3764974828,1974-11-22
C008976,George Wallace,eli@example.com,5030922493,1994-10-08
C008977,Amanda Wright,sthomas@example.org,1799744829,1984-10-03
C008978,Kevin Richmond,ohays@example.org,9681102016,1975-02-15
C008979,David Burns,taylorpamela@example.net,1716020077,1952-01-12
C008980,Heather Harris,margaretmyers@example.net,3262978578,1968-12-11
C008981,Steven Lewis,walshjohnny@example.com,6153157886,2005-03-03
C008982,Anthony Thornton,sharon87@example.com,1237542804,1955-10-11
C008983,Wayne Bell MD,mike66@example.com,9986313825,1975-12-15
C008984,Daniel Hall,phelpserica@example.org,9960586394,1983-04-14
C008985,Randall Bright,lisarose@example.org,4254572859,2005-04-23
C008986,Ethan Elliott,mbrown@example.com,8053862044,1980-02-28
C008987,Tammy Fuller,juarezveronica@example.org,7828126089,1968-11-11
C008988,Ryan Robinson,kathleenanderson@example.org,0327182686,1993-03-04
C008989,Derrick Brown,taylorapril@example.org,8566043085,1956-07-30
C008990,Veronica Williams,umack@example.com,7418033337,1978-11-08
C008991,James Johnson,lindasandoval@example.net,5487439037,1985-01-24
C008992,James Lam,cookdustin@example.net,0996122534,1979-02-13
C008993,Tanya Jimenez MD,michaelcherry@example.com,6518672266,1971-08-13
C008994,Andrew Richardson,sierra92@example.com,9402641086,1983-05-02
C008995,Janet Murphy,christopherortiz@example.org,6124472648,1979-09-27
C008996,Dylan Hill,richard65@example.com,9822500138,1984-02-13
C008997,Brandon Ward,pshannon@example.org,2204927370,1969-12-05
C008998,Nicholas Khan,fitzpatrickjeremy@example.com,4548202492,1986-04-10
C008999,Ronald Andrews,rmedina@example.org,2764688158,1970-01-31
C009000,Laurie White,justinwise@example.org,2765621797,1988-10-24
C009001,Nathan Phillips,jonesamy@example.com,7693007076,1967-01-03
C009002,Timothy Stewart,hollyelliott@example.com,1146312932,1959-07-07
C009003,Kevin Gordon,stacey88@example.net,4816497447,1974-06-24
C009004,Jerry Burns MD,johnnyphillips@example.net,8044036429,1956-10-31
C009005,Rachel Oconnor,xanderson@example.net,7644665984,1973-08-20
C009006,Brandy Grimes,kim05@example.net,0656406574,1992-06-28
C009007,Nicole Johnson,derrickhall@example.com,9080899905,2005-04-29
C009008,Kelly Gordon,millermatthew@example.com,0477468625,2004-06-07
C009009,Calvin Dunn,zachary84@example.com,3609154087,1958-09-08
C009010,Lisa May,wsmith@example.org,2012214218,1995-07-09
C009011,David Kerr,webbamber@example.com,1605208673,1962-02-22
C009012,Tom Mcdonald,john01@example.org,4695670815,2000-01-11
C009013,Kristen Gilbert,mayermatthew@example.org,6056360569,2005-05-25
C009014,Yvonne Dorsey,leeelizabeth@example.org,3863044810,1982-03-25
C009015,Ms. Darlene Green,reedricky@example.org,0266604780,1993-07-08
C009016,Mr. Danny Davis,turnerkevin@example.com,2663306934,2000-04-23
C009017,Kenneth Vang,masonvillegas@example.org,2273720203,1985-09-30
C009018,Pamela Walker,morrisvictor@example.net,2070921758,1952-01-23
C009019,Brenda Gomez,cwilliams@example.com,2396149781,1971-01-10
C009020,Jacqueline Lopez,chad39@example.org,5725755424,1958-09-26
C009021,Rebecca Matthews,qturner@example.com,6485525812,1966-02-01
C009022,Russell Fritz,dean77@example.net,5064737821,1968-09-22
C009023,Jesse Shaffer,njohnson@example.com,5255650431,1981-09-22
C009024,Dr. Cheryl Jackson,samanthahodge@example.com,0343889019,1977-04-20
C009025,Diana Le,christopher93@example.org,6956611477,1963-10-10
C009026,Mary Evans,sharon03@example.com,3895456235,1963-08-13
C009027,David Carlson,careygerald@example.org,1450982856,1965-10-21
C009028,Ann Benitez,hugheserin@example.net,6561636378,1981-05-06
C009029,Lauren Mendez,smithpatrick@example.net,1663351460,1992-11-21
C009030,John Collins,olivia07@example.com,8250459850,1962-10-01
C009031,Lisa Taylor,pwatkins@example.org,1691866435,1988-04-22
C009032,Samantha Bridges MD,cheyenne51@example.com,8893660371,1971-01-15
C009033,Devin Nelson,andrea58@example.com,0391340215,1979-02-09
C009034,Jeffrey Ellison,harrisonmichelle@example.net,3666044827,1959-01-10
C009035,Karen Bentley,russelllarry@example.net,8379298975,1955-02-17
C009036,Rebecca Spence,millsbrett@example.org,3497531397,1980-10-23
C009037,Elizabeth Dean,cpearson@example.net,0152970371,1958-08-12
C009038,John Taylor,leeelizabeth@example.net,7061295083,1987-12-21
C009039,Paul Flynn,craigfarrell@example.com,1445633746,1955-02-19
C009040,Crystal Harris,ofranco@example.org,1192344457,1953-05-25
C009041,Sarah Sparks,marquezcrystal@example.net,4346992161,1952-01-19
C009042,Isaac Watson,kari57@example.com,1967101454,1959-07-21
C009043,Marcus Rose,hayesjohnny@example.org,1660405837,1981-10-09
C009044,Sean Chan,tammyroach@example.com,8691873785,1985-09-05
C009045,Ryan Kennedy,xball@example.org,2893325638,1963-12-11
C009046,Nicholas Rodriguez,cshields@example.com,9729600772,1990-08-06
C009047,Mr. Joseph Jenkins,sparker@example.com,3895404891,1952-09-23
C009048,Christina Lawrence,jamie72@example.org,2987442520,1953-06-02
C009049,Stacy Simpson,taylormatthew@example.org,4851240496,1969-09-15
C009050,Andrew Young,qgonzales@example.org,6188846232,1975-08-03
C009051,Matthew King,ibeck@example.org,0556772009,1969-02-22
C009052,Grace Wong,buchananjessica@example.org,5882148874,1977-04-25
C009053,Brian Johnson,travis01@example.com,3509899266,1980-05-28
C009054,Margaret Williams,stephaniewilliams@example.net,1702930465,1984-05-02
C009055,Craig Horne,fweaver@example.net,8373220577,1986-08-01
C009056,Brent Leon,meyerjoshua@example.net,5493715628,1969-09-20
C009057,James Choi,jphillips@example.net,8401785447,1982-08-29
C009058,Lisa Ramos,taterobert@example.net,3601116170,1963-02-10
C009059,Catherine Jones,riverajulie@example.net,6878731680,1990-01-01
C009060,Daniel Smith,jenny26@example.com,0042735402,1973-10-31
C009061,Thomas Randall,kayla60@example.net,2197339152,1990-10-15
C009062,Michael Reyes,davidmeyer@example.org,9996243159,1966-08-25
C009063,Shawn Soto,lpayne@example.net,3043058640,1970-08-13
C009064,Ryan Todd Jr.,christinejones@example.net,5396705511,1995-07-06
C009065,Mitchell Brooks,christopherdougherty@example.com,4108792263,1952-02-20
C009066,David Gallegos,waltondalton@example.com,0356175598,1981-09-29
C009067,Melissa Perkins,samuel19@example.org,9486583130,1981-04-26
C009068,Christina Morse,kevin61@example.net,1616307969,1969-04-09
C009069,Bradley Bruce,jjones@example.org,8326178930,1976-06-06
C009070,Kenneth Proctor,williamsclayton@example.net,7556318806,1992-06-14
C009071,Suzanne Ayers,jesushernandez@example.org,0607366230,1999-12-27
C009072,Kayla Perry,michelle23@example.org,2254579035,1975-03-02
C009073,Matthew Moore,sandra23@example.org,3559088112,1982-10-19
C009074,Justin Johnson,annyoung@example.com,8642369130,1967-11-23
C009075,Megan Vazquez,brandonreeves@example.com,2135711261,1991-01-18
C009076,Sarah Pugh,sarahevans@example.org,6871557823,1971-01-19
C009077,Donald Rowland,karenwilson@example.com,4545285135,1952-09-28
C009078,Jill Torres,stevenlee@example.net,2782916928,1989-02-14
C009079,Michele Baker,boydjeremy@example.com,9202330719,1993-12-08
C009080,Sandra Mack,russellconnie@example.org,3908985532,1951-05-30
C009081,Amanda Sanchez,grossjamie@example.com,7036627299,1975-06-07
C009082,Bryan Brandt Jr.,lopezrhonda@example.com,9183327621,1985-04-05
C009083,Eric Moore,mathewsmadeline@example.com,4461777733,1955-02-19
C009084,Marisa Miller,hendersondavid@example.org,9606972217,1977-07-29
C009085,Maria Martinez,yatescarrie@example.com,1837612784,1967-03-20
C009086,Edward Oliver,susan16@example.org,1183551294,1962-05-07
C009087,Frank Frazier,maryriley@example.org,9106687181,1958-01-21
C009088,Stephen Logan,walkerryan@example.net,1186514308,1973-10-02
C009089,Timothy Banks,rnoble@example.org,8397958574,1967-06-01
C009090,Crystal Moreno,lambertrobert@example.org,8322093390,1958-11-15
C009091,Alex Wright,kevinschwartz@example.net,9715237533,1968-07-01
C009092,Rachel Thompson,gilbertelizabeth@example.org,9074774576,1996-05-12
C009093,Linda Thomas,wmorrison@example.net,3657971223,1964-04-12
C009094,Michael Avila,michelereed@example.net,5084817539,1970-08-05
C009095,Jennifer Chapman,travis77@example.net,1409619639,1954-10-30
C009096,Alexander Sanders,jeffery50@example.org,5005528882,1978-05-06
C009097,Felicia Greene,lwright@example.net,0810189531,1997-10-01
C009098,Scott Yoder,seth92@example.net,0398271629,2004-09-15
C009099,Christopher Thomas,wguerra@example.net,1946865571,1987-05-20
C009100,Carol Mcdowell,jesse23@example.net,3935813229,1981-08-02
C009101,Gregory Aguirre,iyates@example.org,0441716460,1976-12-24
C009102,Juan Duncan,jamespetersen@example.com,3227625605,1975-03-13
C009103,Tyler Tran,patricia97@example.org,5689099581,1987-08-07
C009104,Susan Russell MD,mark64@example.org,0067553463,1960-02-01
C009105,Marcia Smith,jasonrodriguez@example.com,5605580370,1969-04-19
C009106,Aaron Ballard,tina36@example.com,0037812983,1985-02-05
C009107,Thomas Nguyen,rodriguezmorgan@example.com,5592858097,1991-12-17
C009108,Patrick Medina,kingdrew@example.net,9462447053,1968-01-31
C009109,Anna Stone MD,andrewcox@example.com,7534640784,2000-12-18
C009110,Timothy Beard,tonywelch@example.net,8952738741,1997-06-08
C009111,Jennifer Gonzales,thomasreynolds@example.net,1896049296,1980-11-04
C009112,Seth Stone,hoffmanluis@example.com,1973816255,1956-05-11
C009113,John Snow,allen81@example.net,1255964684,1989-11-03
C009114,Thomas Hall,lisaking@example.net,0484556900,2002-12-31
C009115,Janet Tran,wilsonmichael@example.net,8414534937,1994-04-01
C009116,Daniel Patel,nwheeler@example.net,8060099198,1992-01-24
C009117,Elizabeth Harris,wagnerdonna@example.com,4603814031,1951-05-22
C009118,Brian Robles,millercaitlin@example.org,1429607027,1968-05-11
C009119,Taylor Ingram,kathryn44@example.org,8000352124,1993-03-05
C009120,Sandra Crane,jamiefischer@example.com,2246344166,1984-04-02
C009121,Melanie Hall,xmooney@example.net,7754847906,1968-07-16
C009122,Kevin Brennan,sheilajackson@example.org,2864833120,1986-11-07
C009123,Rebekah Mckenzie,mossjames@example.org,2178925591,1985-04-14
C009124,Sara Moore,millermichael@example.com,5042161081,1968-01-08
C009125,Kristen Clayton,tara62@example.com,1169186046,1972-07-21
C009126,Eric Adams,vgreen@example.net,3493635440,1998-03-26
C009127,Kristen Mendoza,josephpotter@example.org,6392345702,1979-06-14
C009128,Melody Brown,stewartcheryl@example.net,1541019529,1997-01-08
C009129,Tina Sims,ariasthomas@example.net,0788052535,2005-08-20
C009130,Miguel Powell,esalas@example.com,4486288817,1955-02-01
C009131,Casey May,edward33@example.org,4530274964,1974-02-16
C009132,Lisa Hansen MD,ycantu@example.org,3311249186,1998-08-13
C009133,Elizabeth Warren,jeffreythomas@example.com,3553993269,2002-04-11
C009134,Timothy Kennedy,kiddkatherine@example.net,8769500664,2002-08-01
C009135,Edward Esparza,moralesaudrey@example.com,4145017098,1981-05-31
C009136,Michael Gutierrez,brittany78@example.net,4033289760,1978-08-04
C009137,Robert Hinton,mthompson@example.com,2502229929,1962-02-25
C009138,Margaret Stevenson,roy00@example.org,1912910064,1958-03-05
C009139,Matthew Henderson,jarvisdaniel@example.org,6095119585,1974-09-18
C009140,William Tran,christianstephens@example.net,6753905573,1987-09-09
C009141,Molly Brown,bakervicki@example.org,9714278556,2000-03-16
C009142,Christine Spears,alexandriaschultz@example.net,7047960179,1968-05-19
C009143,Tina Peters,brian73@example.net,3825124704,1966-12-18
C009144,Valerie Hernandez,richardsnyder@example.org,9297238835,1996-01-06
C009145,Jonathan Roberts,carlosgalloway@example.org,8982040572,1982-03-31
C009146,Lori Rodriguez,pacekelly@example.org,6774605477,1959-07-23
C009147,Vanessa Aguilar,aaron67@example.net,4443770400,2004-06-23
C009148,Anthony Watkins,nross@example.com,8193790178,1953-06-04
C009149,Ashley Burns,meganday@example.org,6168041009,1969-04-03
C009150,Hannah Stewart,christianzachary@example.org,4309912345,1960-09-27
C009151,Scott Joyce,yosborne@example.org,3030295943,1990-07-18
C009152,Ethan Jackson,nlopez@example.com,6851021580,1991-10-22
C009153,Joseph Armstrong,sarah78@example.com,7937137213,2004-03-27
C009154,Carla Buck DVM,charlesstafford@example.com,1878754275,1981-09-09
C009155,Sonya Wagner,robertbrock@example.com,4056840043,1968-06-28
C009156,Michelle Wilson,qromero@example.net,8984046613,2001-06-26
C009157,Amy Bailey,jdavis@example.org,7838745894,1950-09-24
C009158,Hunter Williams,kathydalton@example.net,8755396918,2005-06-26
C009159,Justin Payne,lmartin@example.org,0496468829,1966-12-26
C009160,Daniel Ponce,benjaminsmith@example.org,7026657779,1967-03-13
C009161,Jennifer Bailey,suzanne27@example.net,2506483134,1971-01-16
C009162,Amanda Reid,stephenbowen@example.net,1799824158,1998-12-02
C009163,Ryan Hatfield,mcgeefrederick@example.net,8734107167,2002-10-08
C009164,Elizabeth Cabrera,icole@example.net,1884578293,1998-12-12
C009165,Jennifer Valdez,mercadoelizabeth@example.net,0964064800,1969-05-03
C009166,Theresa Shields,josephstevenson@example.net,1424645220,1987-03-07
C009167,Gregory Barrera,sperry@example.net,4437275470,1964-01-20
C009168,Andrea Lee,andrew14@example.org,9113400261,2005-03-17
C009169,Susan Reyes,alejandromurphy@example.net,3932368901,1989-12-11
C009170,Robert Rodriguez,mark57@example.com,6421188330,1980-04-01
C009171,Amy Mcmahon,dbennett@example.com,2667648573,1979-05-18
C009172,Gwendolyn Martinez,ubarnes@example.com,2394722438,1960-10-23
C009173,Mr. Louis Hensley,jeremybush@example.net,6124757921,1990-09-26
C009174,Luis Dodson,arodriguez@example.net,7591993373,1978-09-11
C009175,Donna Moore,shermananthony@example.net,1639513106,1996-08-17
C009176,Samantha Black,colleenyoder@example.net,4870128015,1987-04-21
C009177,Scott Gutierrez,laura84@example.com,0337199955,1993-03-04
C009178,Carrie Perez,tammylong@example.com,7649939226,1993-02-28
C009179,Cody Perez,coxjason@example.net,4977886658,1972-07-10
C009180,Margaret Garcia,ricardoreilly@example.net,2136521021,1989-05-13
C009181,Mr. Gerald Rogers,hammondsabrina@example.net,4601982000,1962-05-16
C009182,Heather Ryan,daniel35@example.com,8117352373,1981-11-07
C009183,Daniel Cummings,benjaminlee@example.com,0465904193,1990-12-05
C009184,Jennifer Schmidt,wilsondiane@example.com,4439333099,1986-10-24
C009185,Wesley Barnes,mdean@example.net,6379034654,1975-05-24
C009186,Jennifer Clark,johnsonmegan@example.net,7173119809,1966-01-02
C009187,Gary Woodard,barbara85@example.net,0592718005,1951-09-04
C009188,Ann Miranda,richardsalicia@example.net,4804891489,1957-07-08
C009189,James Allison,willie03@example.net,9661329152,1968-11-11
C009190,Michael Lloyd DVM,genglish@example.com,4680346332,1959-08-21
C009191,Heather Harris,aprilhayes@example.com,4772779171,1987-03-27
C009192,Cory Luna,dennis85@example.org,9725404498,1997-07-31
C009193,Joyce Reed,brockkristopher@example.net,1752763794,1955-08-09
C009194,Juan Hess,marywilson@example.org,7743374857,1972-09-01
C009195,Michael Cisneros,danielbutler@example.net,5452368962,1980-04-22
C009196,Adrian Martin,brewerkenneth@example.net,0844049060,1997-01-01
C009197,Stephanie Swanson,michelle88@example.net,6008692004,1957-11-21
C009198,Brian Lane,patrickjohnson@example.com,7155585881,1992-07-02
C009199,Evan Nunez,ginajohnson@example.net,0335637880,1953-02-13
C009200,Sandra Cochran,kellywheeler@example.net,4653885551,1994-12-15
C009201,Mike Cabrera,jwhite@example.org,2837972552,1987-07-29
C009202,Nicole Durham,bradleybailey@example.com,2775568356,1994-05-28
C009203,Elizabeth Rios,eflores@example.com,6695789943,1987-11-28
C009204,Eric Reed,thomaslopez@example.net,6256004260,1976-01-16
C009205,Jeremy Miller,jgallegos@example.org,3195138115,1951-05-11
C009206,Jonathan Cruz,glenn17@example.com,8593148561,2005-02-01
C009207,Michael Cook,kellyjoseph@example.com,6404646651,1967-10-15
C009208,Carrie Jones,webersarah@example.net,1295807769,2002-12-08
C009209,Eileen Moore,dhill@example.com,8696533276,1951-01-25
C009210,Joseph Navarro,sandra66@example.org,9676268252,1974-09-25
C009211,Erin Rodgers,regina94@example.com,2719707000,1984-08-28
C009212,Brandi Leach,michelle33@example.net,1485342321,2003-12-16
C009213,Larry Montoya,wrichards@example.com,9937063307,1967-03-27
C009214,John Rose,katrinataylor@example.net,1822782489,1979-09-06
C009215,Jo Avery,santiagoscott@example.com,3327526223,1992-06-24
C009216,Tracy Mckay,brooke45@example.org,7146169154,1973-11-18
C009217,Megan Hanna,dwayne72@example.org,9685332678,1973-07-05
C009218,Maria Davis,kelly74@example.net,1248095990,1984-04-07
C009219,Diana Garcia,jodi37@example.net,5689517917,1975-06-08
C009220,Jeremiah Bowen,deanna65@example.net,0639160437,1977-03-20
C009221,Mr. Ricky Medina,jeffreynewman@example.net,8282688889,1982-12-18
C009222,Andrew Avery,eric05@example.org,3468459066,1957-06-21
C009223,Sarah Reyes,rsanchez@example.org,8406764677,1998-03-21
C009224,Anna James,ugraham@example.com,9185044507,1986-12-14
C009225,Teresa Williams,doylesamantha@example.com,2201897916,1987-03-29
C009226,Theresa Johnson,adam85@example.org,6655017773,1968-08-24
C009227,Brandon Miller,jay36@example.org,6825773608,1957-04-07
C009228,Michael Pollard,jamiegreen@example.net,7178791439,1993-05-09
C009229,Sarah Lawson,kathryn88@example.net,0809297816,1954-02-10
C009230,Joseph Walter,gwhitaker@example.net,8045121405,1978-07-30
C009231,Nicole Alvarez,ahughes@example.com,7211870847,1972-09-17
C009232,Amber Thomas,cvillarreal@example.net,5822181372,1969-03-26
C009233,Anthony Thomas,kfreeman@example.org,3200619110,1984-02-07
C009234,Ashley Hill,briannawhitney@example.org,7160784347,1997-12-23
C009235,Michelle Harper,kristieperry@example.net,4834049517,1960-03-29
C009236,Angel Holland,jacobsonwilliam@example.org,1796301570,1956-07-30
C009237,Jacob Smith,leonardheather@example.com,4917531614,2001-09-14
C009238,Shane Gutierrez,rebecca08@example.org,7877181704,1994-06-18
C009239,Christina Nguyen,wangjose@example.org,8096132541,1974-06-07
C009240,Christine Richards,bgarcia@example.com,3318093828,1988-05-27
C009241,Michael Rodriguez,ali@example.com,0723306554,1994-01-03
C009242,Bradley Lucas,hallcassandra@example.com,7709043155,1984-08-13
C009243,Jordan Gonzalez,davissandra@example.org,3171320812,1961-03-18
C009244,Richard Thomas,christopher82@example.net,4365729882,1964-08-12
C009245,Susan Brown,smithashley@example.com,0967638127,1951-12-02
C009246,Stephanie Raymond,wilsonnancy@example.net,8552433225,1989-10-30
C009247,Victoria Ramos,matthewrowe@example.com,2540167518,1984-08-06
C009248,Jeffrey Compton,cynthia26@example.org,6599009985,1955-01-22
C009249,Laurie Fernandez,tonichavez@example.org,1818459299,1975-02-22
C009250,Edward Smith,pughjacqueline@example.com,2749821675,1955-07-13
C009251,Teresa Walters,turnermichelle@example.net,7864412687,1988-06-01
C009252,Bonnie Day,stephenshaw@example.net,2741046305,2002-04-25
C009253,Teresa Ruiz,acox@example.net,4587578873,1970-02-06
C009254,Jason Bullock,sara67@example.com,8547250358,1965-03-19
C009255,Amanda Baker,reneeestes@example.com,0364817309,1982-10-25
C009256,Scott Conley,bowersbethany@example.org,0978561869,2005-07-12
C009257,Margaret Mclaughlin,marquezdonna@example.org,9583550050,2004-08-08
C009258,Terry Hunt,bwallace@example.org,7543677759,1951-01-20
C009259,Vanessa Grant,brittany48@example.net,7185452289,1989-08-24
C009260,Elizabeth Turner,lisa96@example.org,6349983457,1977-07-24
C009261,John Black,kingamanda@example.com,9254907238,1975-10-21
C009262,Susan Contreras,greenemadeline@example.net,9827413074,2005-03-19
C009263,Megan Dickson,brandywang@example.com,1086776166,1985-01-10
C009264,Jeanette Cameron,jacquelinebrown@example.org,9647826963,1991-05-28
C009265,Jennifer Cole,laraashley@example.com,1585702257,1992-06-01
C009266,Kristopher Collier,samuel76@example.com,2776376889,1985-12-22
C009267,Michelle Vasquez,perezryan@example.net,6355314082,1956-04-15
C009268,Jennifer Hall,hhudson@example.net,3748670047,1974-03-13
C009269,Joseph Martin,william11@example.org,2604517901,1969-09-04
C009270,Pamela York,carrie64@example.com,7257374831,1972-11-28
C009271,Kathryn Newman,hobbszachary@example.net,2289572135,1953-05-23
C009272,Jacob Sanders,nicholassmith@example.org,6222266826,1980-07-08
C009273,Wesley Phillips,paulisaac@example.net,3418028480,1989-05-23
C009274,Mr. Matthew Pacheco MD,jeremyortiz@example.org,3901018230,1968-11-05
C009275,Erica Brown,james70@example.com,5610671361,1979-10-31
C009276,Kimberly Newman,jo99@example.com,8709931272,1992-08-05
C009277,Megan Johnson,paulawalton@example.net,1946750328,1995-11-13
C009278,Eddie Gomez,briannalucas@example.com,1217822481,1996-09-17
C009279,Patricia Hernandez,james45@example.net,6839528463,2001-11-29
C009280,Molly Coleman,edward66@example.com,0577817066,1967-02-06
C009281,Misty Guerra,madisonmontoya@example.com,4504967982,2000-11-28
C009282,Jacqueline Quinn,morenojoanne@example.com,0587388996,1991-04-25
C009283,Steven Herrera,samanthablack@example.com,0929548269,1995-03-04
C009284,Dana Hammond,jennifercaldwell@example.net,0408389353,1954-05-04
C009285,James Fry,morrislindsay@example.org,4986912497,2000-10-02
C009286,Jessica Kirby,dickersondominique@example.com,3257001944,1993-11-20
C009287,Douglas Kelly,nicholstodd@example.org,6372972861,1977-11-20
C009288,Kelly Washington,virginiarosales@example.com,7104963817,2002-09-11
C009289,Nicholas Lopez,rebeccasullivan@example.org,7684120803,1961-11-25
C009290,Lisa Hobbs,thomasjennifer@example.org,4809286366,1970-08-27
C009291,Lisa Reyes,brett33@example.com,6564207280,1987-11-23
C009292,Dominic Holt,mcconnelljessica@example.com,8641406180,1982-05-08
C009293,Anthony Mcdonald,steelechristopher@example.org,9294362269,2005-06-05
C009294,Karen Jackson,andrew98@example.net,2059851521,1969-10-06
C009295,Jennifer Farmer,alexandra31@example.net,8642601358,1988-06-05
C009296,Robert Nelson,joshualowery@example.com,5493064504,1974-03-18
C009297,Laura Phillips,lindanielsen@example.org,3813372037,1998-09-03
C009298,Lisa Chavez,bergerjennifer@example.org,3527961377,1959-11-01
C009299,Wesley Bray,albertallen@example.org,4503109029,1970-09-27
C009300,Russell Patton,harttravis@example.org,6578883156,1987-06-25
C009301,Nicole Smith,imoore@example.com,3036350809,1951-04-10
C009302,Jay Thomas,walkerjacob@example.com,5066982278,1957-01-19
C009303,Jennifer Crawford,hcummings@example.com,0787095340,1986-10-31
C009304,Donna Patrick,vdavis@example.net,9978928500,2004-02-29
C009305,Theresa Thompson,fernandezsarah@example.com,0214401663,2000-08-15
C009306,Kristin Martinez,dalton83@example.org,0979033448,1988-09-08
C009307,Frank Hawkins,stephaniepatterson@example.com,9185403189,1975-10-29
C009308,Christopher Bush,gsosa@example.com,2597055039,1966-06-04
C009309,William Davis,thomasmartin@example.net,9476083088,1999-05-23
C009310,Vincent Ortiz,edwardrodriguez@example.net,3298668477,1999-11-11
C009311,Hailey Moss,blackandrea@example.org,3911566937,1990-07-24
C009312,Chase Flores,sextontaylor@example.com,7916349301,1982-03-09
C009313,Teresa Wallace,wlewis@example.com,6547702498,1959-03-24
C009314,Mark Turner,flemingrobin@example.com,6296165664,1998-12-20
C009315,Anthony Stanton,hschroeder@example.net,5312841084,1997-07-06
C009316,Bryan Richards,andre70@example.net,2423890264,2000-12-29
C009317,Deborah Jenkins,susan40@example.com,0294004785,1991-12-23
C009318,Meghan Rodriguez,melanie60@example.com,1524028674,1955-03-29
C009319,James Smith,melissa69@example.net,7090982547,1974-07-27
C009320,Jacob Roberts,heather48@example.com,4785284543,1982-07-24
C009321,Emily Cook,lynchtaylor@example.org,1435509994,1975-07-30
C009322,Elizabeth Jensen,miguel09@example.org,9245785903,1989-04-27
C009323,Jose Rasmussen,fcox@example.net,2694092854,1951-08-05
C009324,Susan Trujillo,wallen@example.org,5814099821,1999-04-10
C009325,Claire Cordova,diazsherri@example.org,1555291149,1974-03-27
C009326,Nicole Dunn,robertsbeth@example.com,9862582822,1980-05-05
C009327,Brian Williams,zhunter@example.org,2409396647,1955-09-25
C009328,Megan Gomez,mark52@example.com,3511000657,1998-09-25
C009329,Shannon Patel,hectorevans@example.com,5763911675,1999-07-02
C009330,Michael Nguyen,stephanie66@example.net,0049890643,2003-06-28
C009331,Christopher Krause,allensherry@example.net,3809348044,2004-09-11
C009332,Angela Wilcox,matthew01@example.com,8034431704,1981-01-23
C009333,Richard Schmidt,darrylflowers@example.org,2789657434,1981-10-09
C009334,Krystal Sullivan,michaelkennedy@example.com,7773281296,1959-03-26
C009335,Allen Martin,lauraturner@example.org,8802378273,1976-05-25
C009336,Chad Marsh,dylan51@example.org,3098814284,1986-10-15
C009337,Debbie Sullivan,michael33@example.net,4885003113,1983-12-22
C009338,Don Howard,julia15@example.com,4410454348,1992-08-09
C009339,Brian Marks,courtney08@example.org,9064675380,1952-03-05
C009340,Kevin Medina,matthewburton@example.org,6104437250,1996-05-27
C009341,Ryan Arias,pgiles@example.org,8727094877,1995-01-23
C009342,Tina Pope,michael64@example.com,3695412763,1966-04-13
C009343,Barbara Todd,hcarter@example.org,7284325401,1957-11-15
C009344,Jessica Taylor,yorkcrystal@example.net,7798767967,1971-03-15
C009345,Benjamin Ellis,terryvanessa@example.com,0945863087,1993-01-18
C009346,Katherine Ford,jmontoya@example.net,5475575775,1966-12-30
C009347,Michael Robertson,albertmatthews@example.org,1294039919,1967-12-19
C009348,Brooke Garcia,joshuaanderson@example.com,5408677566,1995-02-05
C009349,Christina Davis,carolyn41@example.net,7099932495,1964-06-25
C009350,Troy Rodriguez,maryoliver@example.org,6467255971,1956-07-10
C009351,Christina Sullivan,mendozaaustin@example.com,0736052235,1966-08-09
C009352,Christine Hill,vellis@example.org,7929598687,1980-12-22
C009353,Karen Baldwin,carpenterkenneth@example.net,9261913855,1970-03-06
C009354,Janet Walters,jenniferjames@example.com,0718978927,1962-05-02
C009355,Michael Pruitt,fernandezrachael@example.com,2570153466,1951-12-10
C009356,Clinton Davidson,victoria68@example.org,7979821879,1957-10-12
C009357,Vicki Cochran,garciajennifer@example.org,3564361486,2003-09-27
C009358,Jennifer Hebert,hunter00@example.com,8237161898,1994-05-28
C009359,Cathy Torres,michael01@example.com,6731772063,1990-03-13
C009360,Taylor Cooley,kelseylopez@example.net,4243917740,2003-02-12
C009361,Janet Miller,thomasarmstrong@example.org,2901197033,1968-09-29
C009362,Jaime Miller,daniel52@example.com,8345460416,2003-02-12
C009363,Jeffrey Chan,gordonchristina@example.net,5682357585,1962-10-09
C009364,Sue Wilson,scobb@example.org,0284295079,1954-03-26
C009365,Christina Crawford,annaevans@example.net,0006208158,1997-01-10
C009366,Nicholas Butler,samanthalarsen@example.org,8519091044,1980-11-03
C009367,Candice Gamble,whitecassie@example.net,3003831476,1963-09-02
C009368,Darrell Pierce,rwhite@example.com,4957294055,1967-07-08
C009369,Steven Bruce,cpatel@example.com,4922230660,1954-07-04
C009370,Pamela Nolan,jesus04@example.org,3225092870,1965-04-17
C009371,Nathan Daniel,raymondriddle@example.com,3263093166,1972-05-30
C009372,Regina Dennis MD,pburke@example.com,0710933042,1994-03-28
C009373,Megan Richardson,elong@example.com,4988447155,1995-09-09
C009374,Tina Wright,drobinson@example.com,5343974459,1981-06-06
C009375,Brent Turner,richardjenkins@example.org,0482293836,2002-05-19
C009376,Jonathan Henderson,jessicadavis@example.org,7434941536,1969-05-17
C009377,Julie Snyder,jwilliams@example.net,6862455561,2002-08-02
C009378,Mary Barnes,tracy12@example.org,2442506038,1966-04-08
C009379,James Miller PhD,john14@example.org,0445568839,1976-06-21
C009380,Charles Brown,nguyenian@example.net,8416217481,1977-02-25
C009381,Martha Gutierrez,diazamber@example.com,1184732580,2001-11-24
C009382,Kayla Martinez,russellmary@example.com,8875456804,1978-10-30
C009383,Jocelyn Perez,brooksbrittany@example.com,2046920110,1994-01-26
C009384,Mr. Timothy Smith,nathancurry@example.net,3280545571,1998-04-24
C009385,Brenda Harrison,james08@example.com,8482749473,2001-06-18
C009386,Leslie Mahoney DVM,wilsonmichelle@example.com,8312095214,1964-03-21
C009387,Andrea Taylor,donalddrake@example.org,3301744274,2001-05-02
C009388,Omar Wang,david02@example.net,9119034295,1994-11-04
C009389,Bryan Yoder,kristinamcguire@example.com,5409265679,1964-01-17
C009390,Julie Moore,cassandrahowell@example.net,3298065165,1986-07-20
C009391,David Andrews,kylegill@example.org,2136531494,1970-08-15
C009392,Ryan Ramsey,qanderson@example.net,6184524537,2003-11-10
C009393,Kristina Hancock,rogersvicki@example.net,1233067565,1961-04-06
C009394,Karen Conrad,grace68@example.com,4644337126,1970-02-08
C009395,Michael Thomas,laura37@example.net,9766908763,1977-04-17
C009396,James Woods,margaretmeyers@example.org,7047086773,1959-03-09
C009397,Elizabeth Anthony,spenceramber@example.com,9839827186,1962-07-21
C009398,Kevin Willis,daniel46@example.com,6044885996,1959-03-17
C009399,Laura Moore,joannaclark@example.net,4311498442,1994-06-29
C009400,Stephen Gonzalez,jenniferherring@example.com,3373011904,1983-05-10
C009401,Stephanie Taylor,peterpittman@example.org,9201238985,1981-10-07
C009402,Michele Rice,zking@example.net,4311250463,1954-08-19
C009403,Jessica Spence,natashamorris@example.com,2944798318,1970-12-01
C009404,Jeffrey Mitchell,melissa35@example.org,4699285294,1971-03-27
C009405,Nicole Johnson,heathdaniel@example.com,6558849622,1994-07-06
C009406,Christopher Rivers,stephen21@example.com,0447879935,1955-05-09
C009407,Roger Tyler,marksullivan@example.org,5716569189,1952-12-07
C009408,Mark Franklin,campbellchristy@example.net,4528543872,1965-03-25
C009409,Richard Mullins,xvargas@example.com,8400692378,1966-09-15
C009410,Miss Karen Powell,diana46@example.org,8151042340,1965-08-27
C009411,Timothy Mccoy,kennethross@example.com,2132041101,2002-09-18
C009412,Emily Williams,clementsamy@example.org,8759503038,1976-12-19
C009413,Maria Campbell,julia56@example.com,6065589420,2001-10-06
C009414,Elizabeth Blackburn,nicholas02@example.net,9429009879,1972-02-06
C009415,Susan Jones,susan75@example.net,6779493640,1953-11-10
C009416,Frederick Arnold,douglas03@example.com,0311575249,1999-09-29
C009417,Barbara Johnston,mandy31@example.org,1761714873,1993-07-08
C009418,Tamara Kelly,colton27@example.com,2452206881,1965-11-08
C009419,George Solomon,lauren96@example.org,7515051076,1977-11-10
C009420,Patricia Wright,michaeldaniels@example.org,2220952090,1991-06-10
C009421,Jennifer Miller,swansontina@example.org,5409285542,1972-11-15
C009422,Michael Smith,jacksonjames@example.org,0442895499,1962-01-03
C009423,Heather Schultz,sharonharris@example.org,4926031566,1978-08-01
C009424,Christian Campbell,jacksonvanessa@example.net,4626509008,1999-04-06
C009425,Stephen Ramos,melissa13@example.net,8321732775,1981-09-25
C009426,Daniel Joyce,rhondamelendez@example.com,4469154865,1974-05-09
C009427,Emily Romero,crawfordcharles@example.com,5355505492,1963-09-15
C009428,Joseph Pierce,nmitchell@example.com,5220096768,2000-02-23
C009429,Cindy Duncan,edwardsgregory@example.org,1154934514,1979-09-16
C009430,Brianna Mercer,jstewart@example.com,7762983747,1960-01-23
C009431,Lisa Lozano,santoschristopher@example.com,7273277546,1962-12-27
C009432,Heidi Campbell,carol54@example.com,5124029549,1992-10-01
C009433,Thomas Vargas,castrosherri@example.com,7861352964,1967-02-25
C009434,Raymond Collins,oneillmelvin@example.com,8328149809,1975-10-29
C009435,Brian Ball MD,shayes@example.org,4331096863,1959-10-13
C009436,Robert Perez,christophernguyen@example.com,6638005830,2003-12-15
C009437,Darryl Rubio,foneal@example.org,6328808912,1986-08-04
C009438,Nicole Maldonado,melissalee@example.com,3322508645,1988-03-03
C009439,Melissa Johnson,mary93@example.net,1712750776,1963-03-06
C009440,Michelle Thompson,jackieparker@example.com,1209218921,1981-08-18
C009441,Jared Wang,michael03@example.com,5882043607,1973-07-29
C009442,Gabriella Nunez,brent90@example.net,6207090247,1973-10-10
C009443,Kristy Bishop,michelle41@example.org,6279424396,1957-01-19
C009444,Barbara Taylor,jday@example.com,3391926259,1976-12-09
C009445,Ann Nunez,andrewgilbert@example.org,9370165072,1960-05-11
C009446,Michael Jones,brenda96@example.net,4840391735,1956-04-23
C009447,Adriana Green,kayleemoran@example.net,0968568291,1952-10-14
C009448,Stacey Warner,hoffmansusan@example.com,9183971835,1996-01-23
C009449,Carl Vincent,anthonycoleman@example.org,1108261875,1981-03-08
C009450,Amanda Barrett,megan77@example.net,0282296748,1998-09-26
C009451,Jennifer Sparks,znelson@example.com,0761273971,1978-06-09
C009452,Mary Pugh,myerscathy@example.com,9489920102,1992-08-14
C009453,Eric Holmes,kellyduncan@example.net,8401144151,1966-10-28
C009454,Jessica Maxwell,hmckee@example.net,9717661526,1990-05-18
C009455,Joshua Bush,jdavis@example.com,9020830640,1991-04-26
C009456,Claudia Taylor,steven07@example.net,4602053612,1963-10-04
C009457,Dustin Pierce,jamesrios@example.com,6363966383,1978-05-02
C009458,Anthony Villegas,williamsricky@example.org,4703131666,1985-06-02
C009459,Christopher Robinson,millerkristine@example.com,2383332749,1990-10-04
C009460,John Trevino,emily87@example.net,8542975837,1956-05-27
C009461,Charles Woods,johnstonkrystal@example.org,5184870566,1989-03-28
C009462,Gabrielle Larson,foxchristopher@example.net,4910729953,1990-02-17
C009463,Larry Davis,jlin@example.org,6191323671,1999-07-21
C009464,Donald Fuller,jeremygray@example.org,1523936366,1956-01-09
C009465,Joel Walter,jennifer43@example.org,4085060385,1967-10-22
C009466,Joshua Williams,raybrandon@example.net,4040785321,1973-02-01
C009467,Matthew Mercado,bradymichael@example.org,1954607106,1954-01-23
C009468,Vincent Rosario,gonzalezbarbara@example.net,2189364599,1988-06-15
C009469,Steven Bean,joannehenderson@example.org,6255477210,1971-12-01
C009470,Kayla Thomas,roberto09@example.com,5576629141,1998-01-08
C009471,Adriana Williams,djackson@example.org,1151536477,1959-09-07
C009472,Ashlee Lee,marksbrianna@example.org,2465692975,1975-10-18
C009473,Sherry Melendez,anthonyhurst@example.net,0858531173,2005-05-12
C009474,Alisha Huynh,martinnorton@example.com,3699133035,2000-06-24
C009475,Nicole Farmer,jose30@example.net,6511305836,1974-08-09
C009476,Lisa Simmons,hayesjessica@example.com,0689812054,1955-12-14
C009477,Amy Knight,danieljohnson@example.org,0744061252,1999-01-04
C009478,Amber Diaz,jeffreybauer@example.com,0132898336,1965-06-09
C009479,Jose Brooks,kclark@example.com,9554166103,1978-10-12
C009480,Dustin Ashley,thampton@example.net,6957196932,1961-07-11
C009481,Melissa Holloway,alvin16@example.net,5562849342,1991-09-23
C009482,Michael Morgan,ericfleming@example.com,8740453409,1990-12-04
C009483,Amy Jones,nicholashogan@example.org,4644851680,1986-05-21
C009484,Kevin Hernandez,bensonrobert@example.org,5407334284,1971-07-06
C009485,Steven Simmons,laura56@example.org,3809828695,1951-03-20
C009486,Aaron Garza,wmorton@example.net,1687767368,1997-06-21
C009487,Megan Holland,daryl13@example.com,2421322171,1973-12-21
C009488,Derrick Crane,browndavid@example.com,2298852854,1972-01-22
C009489,Donna Smith,mwalker@example.org,6393201800,1998-05-05
C009490,Zachary Simmons,allison50@example.org,7615216420,1997-03-10
C009491,Reginald Newman,sheila00@example.net,6529103066,1957-05-01
C009492,Derrick Cruz,angelamorgan@example.org,8917440756,1966-08-30
C009493,Justin Green,jillmartin@example.org,5084275927,1966-09-24
C009494,Christopher Warren,elizabethgreene@example.com,8816092617,1972-04-05
C009495,Michael Crawford,patrick22@example.com,0318901712,1953-04-11
C009496,Peggy Ramos,ojackson@example.com,8626273867,2005-02-10
C009497,Donald Williams,jasmine89@example.com,0379505274,1977-09-12
C009498,Robert Jordan,christinawoods@example.org,2647409301,1979-11-06
C009499,Anthony Morrison,andersonmeredith@example.org,2549927888,1955-05-01
C009500,Rodney Thompson,turnerelizabeth@example.org,8778021430,1980-05-12
C009501,Edward Williams,mary38@example.net,9625856649,1992-12-28
C009502,James Nguyen,owright@example.com,7854295436,1971-09-09
C009503,Jay Rosario,floresvanessa@example.org,1078667469,1975-04-09
C009504,Kevin Aguilar,cheryl00@example.com,4766333704,1997-11-27
C009505,Joseph Garcia,dillonjodi@example.org,2926910914,1978-04-11
C009506,Mr. Robert Lang,deborah19@example.com,0085474187,1992-06-20
C009507,Scott Cummings,andersonanthony@example.net,7387704308,1990-07-23
C009508,Paul Huynh,sherryedwards@example.net,5750087942,1953-08-14
C009509,Hector Lawson,cthompson@example.com,6044335384,1956-08-21
C009510,Robert Matthews,petersims@example.net,8609104960,1981-02-16
C009511,Jennifer Reed,larry67@example.net,2828686583,1975-12-27
C009512,Robert French,williamlindsey@example.org,1484687879,1967-08-09
C009513,Amanda Newman,rbanks@example.net,7503910417,1985-10-16
C009514,Melissa Hall,fford@example.org,9714338742,1996-08-16
C009515,Vanessa Calderon,loweryerin@example.org,4068743452,1967-07-29
C009516,Sabrina Tran,vmiddleton@example.net,3594125229,1966-05-29
C009517,Charles Lutz,plarsen@example.net,3815299133,1988-04-22
C009518,Donald Curtis,nancy17@example.org,6148405962,1962-04-21
C009519,Lisa Thompson,pamela07@example.net,3202062582,2003-01-23
C009520,Samantha Nash,williamcook@example.com,7177165540,1973-09-29
C009521,Stephanie Keller,calvinvincent@example.net,8157663899,1966-11-26
C009522,Lance Thompson,gabrielle79@example.org,2493905070,1962-01-18
C009523,Jared Garcia,kathyjacobson@example.org,3123124413,1976-06-24
C009524,Richard Hardy,spena@example.net,1517894737,2001-08-20
C009525,Amanda Calderon,marygalvan@example.org,0750924940,1952-12-06
C009526,Kevin Keller,ymanning@example.org,7067140293,1986-03-22
C009527,Kristen Beck,littlebetty@example.com,4345146748,1995-09-19
C009528,Chad Ward,pruiz@example.org,1957014541,2000-06-07
C009529,Brenda Robinson,stacey61@example.org,6755335192,1962-06-26
C009530,Nathan Fischer,shannon28@example.org,9256366942,1998-11-30
C009531,Morgan Collins,bboyd@example.org,1070868768,2001-03-14
C009532,Melissa Miller,carlossosa@example.org,5762598723,1968-02-11
C009533,James Oneill,carl62@example.net,7183016574,1969-07-10
C009534,Antonio Gonzalez,meyeremma@example.com,0456612714,1981-08-19
C009535,Derek Garcia,jennifer75@example.net,0101015254,1986-12-31
C009536,Dana Peters,kathy84@example.org,2485265218,1986-02-09
C009537,Theodore Freeman,hbarker@example.com,1950544011,1970-10-27
C009538,Jamie Dunn,jennifer50@example.net,8899515266,1952-04-30
C009539,Megan Mcmillan,lori28@example.com,4908656691,1990-05-30
C009540,Steven Singleton,nlyons@example.net,0116393732,1987-07-07
C009541,Bruce Thompson,lisa38@example.org,0363124449,2001-08-08
C009542,Kayla Sullivan,fullermichael@example.net,3526394966,1960-05-01
C009543,Trevor Francis,fernando90@example.net,9882384403,1963-10-17
C009544,Stephanie Becker,vanessa16@example.org,5432077413,1981-05-31
C009545,Benjamin Cochran,rodriguezjennifer@example.com,2346290512,1993-06-25
C009546,Stephanie Turner,turnerjacqueline@example.net,9103842664,2000-10-24
C009547,Nancy Hancock,taylorrichard@example.net,3880184823,1955-06-30
C009548,Matthew Smith,christophernorris@example.com,5678246942,1996-10-18
C009549,Steven Lane,cheyenne25@example.net,3129189220,1973-05-11
C009550,Jessica Lopez,millermaria@example.org,9113638508,1973-07-04
C009551,Michelle Kelly,philliphenry@example.com,9539553257,1961-09-12
C009552,Gabriel Mullen,yavila@example.com,5709661777,1955-05-15
C009553,Megan Arnold,xwilson@example.org,8171717367,1977-09-14
C009554,Tony Allen,bowersnicole@example.com,7098924451,1994-12-31
C009555,Summer Rice,fsingh@example.org,9013547457,1967-08-24
C009556,Shannon Phillips,sotogeorge@example.net,5796382110,1984-07-21
C009557,Lisa Harris,sara18@example.org,3449713653,1979-09-14
C009558,Christina Black,erice@example.org,3257410227,2004-02-17
C009559,Adam Thompson,marie09@example.com,5912771050,1953-03-13
C009560,George Jennings,christinagarcia@example.org,8482167639,1959-11-16
C009561,Joshua Cunningham,dillonclarence@example.net,8916450214,1975-07-08
C009562,John Hopkins,harryjackson@example.com,0856771164,2002-10-24
C009563,James Murray,joseph11@example.net,5471195916,1957-06-15
C009564,Ana Simon,jenniferblanchard@example.org,4297404187,1993-01-17
C009565,David Jones,deborah95@example.org,6693341762,1997-04-22
C009566,Kevin Riddle,ashleyjohnson@example.com,3240577364,1980-01-07
C009567,Kimberly Moody,mpham@example.org,6729382670,1963-05-07
C009568,Brandon Bradley,nfreeman@example.org,1895388637,1998-05-16
C009569,Tammy Hurst,qcross@example.org,0359158981,1988-07-23
C009570,Willie Grant DDS,sabrina01@example.net,7809490708,1973-08-09
C009571,Jerome Murray,kruegerwayne@example.com,0665154752,1982-07-07
C009572,Juan Baker,stephanie16@example.com,2597779205,1999-10-01
C009573,Melinda Conway,hdavis@example.org,8583568693,1963-05-18
C009574,Louis Marshall,evanmorales@example.net,9348585638,1974-07-09
C009575,Isaac Jackson,joshua68@example.org,5378654151,1987-07-05
C009576,Emily Miller,angelicacole@example.com,8581668698,1993-11-15
C009577,Christopher Haynes,mark24@example.com,0644147520,1996-02-07
C009578,David Rodriguez,andrewdavis@example.com,5748498332,1963-03-26
C009579,Lori Clark,washingtonjoshua@example.net,3193589429,1958-04-22
C009580,Gregory Sanchez,katherinescott@example.org,4939750423,1965-04-01
C009581,Faith Garcia,bakerbrittany@example.net,8944377868,2000-12-12
C009582,Caleb Livingston,jameswilkins@example.org,6957362763,1986-04-01
C009583,Justin Jackson,isaacsanford@example.org,8700392288,1996-07-18
C009584,Tyler Silva,patrickclements@example.org,8360324384,1977-09-08
C009585,Brittany Farrell,ramirezvicki@example.net,8335147559,1997-12-27
C009586,William Weber,marissa67@example.net,0279567155,1960-08-16
C009587,Lauren Good,destinysmith@example.net,5930586737,1989-07-01
C009588,Cindy Price,ereeves@example.org,6845399861,1958-01-16
C009589,Derek Buchanan,brycewatts@example.net,3145526515,1998-07-29
C009590,Brian Hendrix,anne00@example.org,7849280246,1980-10-25
C009591,Alyssa Donovan,jamesmorgan@example.org,9011777029,1980-06-30
C009592,Chad Ellis,campbellrebecca@example.net,1983840352,1997-12-06
C009593,Steven Chapman,stacypreston@example.org,8504975927,2004-01-30
C009594,Jamie Roberts,imcmahon@example.net,4078882504,1967-07-05
C009595,Michael Wilson,lyoung@example.org,2069626108,1992-02-12
C009596,Cameron White,amandafrost@example.org,9633876156,1986-10-08
C009597,Jonathan Murphy,johncollins@example.com,9173258292,1965-06-04
C009598,Wayne Bradford,matthew05@example.net,3630283264,1965-06-10
C009599,John Mueller,vanceluis@example.com,9579203298,1994-01-09
C009600,Regina Mccann,ysutton@example.net,1620697940,1952-03-18
C009601,Jeffrey Stanley,nicholasmyers@example.com,3689912024,1992-03-19
C009602,Scott Richmond,jason81@example.com,9638643267,1994-04-01
C009603,Jeremy Cortez,davisamber@example.net,7159981474,2005-06-24
C009604,Jon Brock,matthewmitchell@example.org,9837939254,1964-06-01
C009605,Justin Carney,briana74@example.com,7076832744,1982-02-07
C009606,Susan Brandt,roger76@example.com,9350231054,1958-05-28
C009607,Julia Baker,charlesmoore@example.org,0436257868,1968-10-31
C009608,Mercedes Long,robinsonwanda@example.org,8009871759,1957-03-03
C009609,Harry Foster,npeterson@example.org,3830327389,1985-10-12
C009610,Marc Rodriguez,olamb@example.com,5601207928,1978-06-08
C009611,Mrs. Jacqueline Orr DDS,jacobjohnson@example.com,9931905824,1958-08-03
C009612,Kevin Cohen,clairecurry@example.com,9668159306,1994-12-27
C009613,Mrs. Amber Roberts,adrian07@example.org,3323675607,1975-08-06
C009614,Nicholas Brown,thomas48@example.org,8267079511,1959-12-13
C009615,Susan Martinez,nelsonchad@example.com,0780810088,1964-03-23
C009616,James Gonzales,rosariohelen@example.net,8785312743,1976-05-22
C009617,Christine Wilson,jose94@example.com,5522827194,1979-05-27
C009618,Jessica Molina,sherry86@example.com,6894353404,1954-03-29
C009619,Amy Anderson,dawn67@example.com,3195312601,1964-01-08
C009620,Cody Gallegos,andersonjoshua@example.com,2563846336,2003-03-30
C009621,Patricia Williams,rhenderson@example.org,3329542920,1953-01-20
C009622,Joan Duran,turnerellen@example.org,9653542813,1973-01-19
C009623,Vanessa Curtis,parkermckenzie@example.com,1306961662,2005-04-01
C009624,Bridget Stone DVM,william91@example.com,0915318635,1986-11-03
C009625,Timothy Olson,jeffreylynch@example.org,4851770091,1951-12-15
C009626,Anita Olsen,jesse85@example.net,0292620902,1972-03-25
C009627,Jennifer Campbell,morr@example.net,2921559787,1998-11-06
C009628,Robyn Chapman,greerandrew@example.com,1457540944,1986-01-19
C009629,James Foley,wmartinez@example.org,1268043635,1999-12-05
C009630,William Long,valerie12@example.org,7007286771,1953-12-05
C009631,Tiffany Herman,nicholas32@example.net,2514920667,1958-12-08
C009632,Vanessa Burke,jacksonleslie@example.net,4842331456,1957-10-21
C009633,Sean Blevins,clynch@example.net,4076829005,1999-04-22
C009634,Jeremy Miranda,browndaniel@example.org,7314827043,1960-03-16
C009635,Nicole Norton,caitlin80@example.com,1680779915,1973-12-07
C009636,Ronald Palmer,rramirez@example.net,8673237098,2005-03-03
C009637,Harold Mccann,jonesrebecca@example.com,7831962272,1999-07-18
C009638,Carl Johnson,robertstyler@example.org,5418460047,1966-05-13
C009639,Jonathan Cooper,brian98@example.net,1041796827,1955-12-13
C009640,William Hoffman,richard56@example.org,0811138760,2000-12-28
C009641,Jon Flores,rodriguezjames@example.com,7597561519,1964-08-16
C009642,Paul Cole,jimmy58@example.org,8027504387,1966-10-16
C009643,Mrs. Tanya Delgado,andersonallison@example.net,3161520606,1963-10-05
C009644,Sandra Anderson,mphelps@example.net,3386094551,1991-10-18
C009645,William Gibbs,gcrawford@example.org,0959762617,1991-01-26
C009646,Tiffany Rollins,gomezkathleen@example.net,3478829924,1957-02-08
C009647,Katherine Dodson,joshuataylor@example.org,4448591525,1990-07-28
C009648,James Tapia,april41@example.net,6389921838,1967-04-10
C009649,Autumn Wagner,mollyarias@example.net,6229236396,1999-09-19
C009650,John Alexander,fdunn@example.com,9132949499,1954-02-26
C009651,Teresa Daniels,chandlerdestiny@example.com,6662426894,1952-11-17
C009652,Ashley Flores,morenoalison@example.com,5751111020,1963-07-01
C009653,Lisa Chavez,jamesgeorge@example.net,3619838862,1954-03-30
C009654,Joseph Jackson,andrew46@example.com,4529278427,1979-07-26
C009655,Don Andrade,westkevin@example.org,7796893621,2004-03-25
C009656,Benjamin Mendoza,vwiggins@example.org,6696685660,1958-10-18
C009657,Amy Wu DDS,courtney75@example.org,0290326450,1960-11-18
C009658,Tammy Hicks,jamieroman@example.org,0597726269,1999-11-19
C009659,Edward Fischer,johnny42@example.net,1615704971,1988-10-11
C009660,Julie Watson,emilygarcia@example.com,7473941763,1976-10-05
C009661,Catherine Barrett,jasonjacobson@example.net,2039437082,2004-07-09
C009662,Laura Wilkinson,colleen40@example.com,8887026498,1952-05-23
C009663,Brandi King,emilycarter@example.org,9942379048,1960-07-05
C009664,Scott Eaton,andrea56@example.org,9594303611,1963-02-11
C009665,Krista Smith,nathan81@example.com,6336637296,1958-03-30
C009666,Lori Larson,dwalters@example.com,7494814785,2001-05-21
C009667,Robert Harris,jboyd@example.org,2452540550,1989-05-07
C009668,Eileen Hooper,allenryan@example.com,5066717272,1968-09-26
C009669,Christine Miller,uthompson@example.net,9837870582,1965-01-04
C009670,Robin Morgan,walter26@example.org,4990361021,1976-01-15
C009671,James Pena,ogonzalez@example.org,9088134554,2000-06-04
C009672,James Good,tamara88@example.net,6445652199,2005-02-18
C009673,Ebony Miller,jonathan68@example.net,4419660059,1970-04-01
C009674,Frederick Perez,jdudley@example.net,2102689032,1961-01-31
C009675,Anna Alvarez,rosekatherine@example.com,4189796089,1965-05-29
C009676,Daniel Williams,vroberts@example.org,3843618557,1992-07-15
C009677,Timothy Craig,williamkhan@example.com,3647985066,1981-01-27
C009678,Heather Mitchell,carrillotroy@example.com,2106748432,1980-01-24
C009679,Paula Cuevas,csmith@example.net,4603533418,1966-06-01
C009680,Julia Perez,gary54@example.net,8985683598,1989-12-16
C009681,Edward Roman,ronaldsalinas@example.org,6107933006,1991-01-12
C009682,Joshua Carter,garciapatricia@example.org,9586891754,1965-04-16
C009683,Miss Lisa Gonzalez MD,charles09@example.net,9972114630,1980-05-17
C009684,Martha Park,michael91@example.com,6334217803,1957-01-15
C009685,Stephanie Rice,william59@example.org,2977749668,1964-07-03
C009686,Randy Smith,longcheryl@example.net,5380558934,2002-10-02
C009687,Hannah Stewart,veronicahernandez@example.net,9280316100,1978-04-17
C009688,Jeffrey Bailey,stewartalex@example.com,4436870620,1985-06-20
C009689,Tracy Williams,ruthnelson@example.org,0902582462,1952-06-08
C009690,Katie Skinner,janice26@example.com,1783333527,1995-07-02
C009691,Robert Hanson,thomashaynes@example.com,1699919831,1978-01-31
C009692,Thomas Castaneda,lsmith@example.net,5452845884,1969-03-01
C009693,Mercedes Rogers,contrerasshane@example.org,9837755748,1971-12-26
C009694,Danny Burke,jeremystokes@example.net,8328545847,1975-06-23
C009695,Miranda Webb,goldenkathryn@example.com,4405922232,1953-11-07
C009696,Katelyn Scott,andersonjeff@example.net,1278701798,1992-04-08
C009697,Javier Velasquez,kproctor@example.net,6228323880,1993-01-06
C009698,Chris Vasquez,scolon@example.com,6716926849,1953-03-14
C009699,Dr. Morgan Waller,omarbriggs@example.net,0961939194,1967-12-27
C009700,Jonathan Jenkins,williamortiz@example.net,1059251029,1999-03-17
C009701,Justin Bright,lovegloria@example.com,3439068387,1999-04-21
C009702,Ronald Nelson,tannererin@example.com,0544685304,1993-04-17
C009703,Kelsey Hernandez,stephanie11@example.org,1754520877,2000-07-25
C009704,Jay Ball,tamaracarpenter@example.org,2279280349,1963-05-23
C009705,William Clark,jennifer48@example.com,4281307468,1965-12-13
C009706,Kelly Robertson,michaelhoover@example.com,3095734697,1951-01-26
C009707,Robert Chan,arnoldvanessa@example.net,5784580876,1986-08-08
C009708,Bailey George,denise17@example.com,8151998220,1962-07-31
C009709,Stephanie Thomas,glenthomas@example.com,1728092425,1966-08-19
C009710,Ryan Frederick,lucaschristopher@example.net,3462760073,1995-04-30
C009711,Miss Leah Rivera,kayla96@example.net,0887735240,1983-01-08
C009712,Connie Kim,jack97@example.net,2337531820,1977-03-13
C009713,Diana Johnson,shawnrobinson@example.com,8607086281,1996-03-31
C009714,Vickie Mitchell MD,landrysteven@example.org,3128289585,1973-01-26
C009715,Diana Cortez,kristin37@example.org,7550571496,1984-05-30
C009716,Andrew Lucas,osbornetimothy@example.com,1224687058,1968-07-14
C009717,Brenda Adams,benderjoshua@example.com,2720207104,1988-11-03
C009718,Diana Sims,kalvarez@example.org,1878505412,1960-12-09
C009719,Robert Carrillo,kenneth67@example.org,4661385753,1961-12-01
C009720,Emily Foster,amyscott@example.com,2333542113,1988-07-12
C009721,Cynthia Elliott,paulaross@example.com,0896063895,1965-04-26
C009722,Dominic Braun,nancy46@example.com,4982938203,2005-01-06
C009723,Erik Mcclure,gabriella66@example.org,2391461609,1986-02-16
C009724,Jessica Rodriguez,cbaker@example.org,3871783852,1989-08-31
C009725,Derek Harrison,summersdanielle@example.com,4012692663,1957-10-31
C009726,George Brown,qmorgan@example.com,3026287239,1961-10-19
C009727,Rebecca Odonnell,jennifermoon@example.org,8156377297,1993-05-27
C009728,Michelle Jones,brian69@example.net,7339427951,1977-03-27
C009729,Steven Macias,seanmckay@example.com,1117770147,1987-10-13
C009730,Kimberly Ruiz,alanholland@example.net,9977473592,1972-04-25
C009731,Sharon Freeman,scott34@example.com,6551776318,1990-02-19
C009732,Jeffrey Shepherd,ywatson@example.org,2944491736,2001-05-31
C009733,Steven Smith,andrew80@example.org,5639044839,1962-02-05
C009734,Richard Walker,danielcooley@example.org,3485176701,2005-05-24
C009735,Sheri Hoover,fkim@example.com,9256117816,1991-03-26
C009736,Corey Clark,vnelson@example.org,7874488902,1999-07-14
C009737,Christopher Patrick,ashleylong@example.org,4099750395,1983-05-12
C009738,John Haynes,christopher95@example.com,8256855162,1951-09-18
C009739,James Short,dsnyder@example.com,7814802988,1998-01-27
C009740,Aaron Frey,baileyjillian@example.net,3613352428,1971-11-14
C009741,Michelle Tucker,ryansolomon@example.com,6877762495,1969-05-07
C009742,Wayne Tran,nicole94@example.com,3413891874,1991-02-02
C009743,Mark Case,adkinseric@example.com,6942803947,1982-02-26
C009744,Joshua Li,melaniehernandez@example.net,9248091484,1953-09-19
C009745,Charles Robinson,wgriffith@example.org,4616123846,1988-12-01
C009746,Anthony Hernandez,david90@example.org,1101277395,2005-06-14
C009747,Andre Brown,mgolden@example.com,1721037613,1988-04-15
C009748,Andrew Buchanan,reneesimmons@example.org,3817793922,1957-07-04
C009749,Jeffrey Dixon,lisa43@example.net,3482866304,1986-11-08
C009750,Amy Bell,yoderjasmine@example.com,6539153029,2000-01-20
C009751,Ryan Boyd,ihenson@example.net,9587972960,1975-02-21
C009752,Scott Watkins,erikthomas@example.com,5048553563,1962-01-16
C009753,Nancy Steele,sandrawalker@example.org,2988865271,1987-08-18
C009754,Sherry Smith,thomastoni@example.com,0780411027,1971-08-19
C009755,Connor Kim,smithamanda@example.com,4379661999,1991-12-02
C009756,Ernest Crane,ronalddavis@example.com,3409624589,1953-04-24
C009757,Kathy Lopez,daniellebrennan@example.net,9160275874,1990-03-28
C009758,Karen Reese,williamsoncody@example.org,6097301524,1989-05-08
C009759,Kathleen Skinner,joshua84@example.net,6584150218,1995-05-13
C009760,Megan Gonzalez,wellsstephen@example.com,8216149237,1988-01-28
C009761,Mark Johnson,paigerobinson@example.net,5409157706,1967-08-10
C009762,Mary Cooper,jonesrobert@example.net,6979320085,1972-11-01
C009763,Kim Conner,curtismiddleton@example.net,5572149954,1999-11-05
C009764,Mrs. Sarah Jenkins,hernandezwilliam@example.com,5555635513,1999-07-27
C009765,Lauren Jones,brian60@example.net,3845473517,2004-09-20
C009766,William Taylor II,jonathancraig@example.com,3142164831,1974-07-22
C009767,Nicholas Hunt,rebecca22@example.com,0292739371,1971-01-03
C009768,Jason Frank,bakerandrea@example.com,1958891613,1976-03-15
C009769,Miguel Williams,michellepatterson@example.com,4004891484,1953-10-10
C009770,Michele Collins,terrymaria@example.net,5128616671,1975-10-26
C009771,Teresa Villarreal,cunninghambryan@example.com,9152668571,1971-12-20
C009772,Troy Riley DDS,jeffrey31@example.org,6083924849,1951-01-19
C009773,Mary Duarte,osanchez@example.com,6785451452,1971-02-02
C009774,Alex Wilkins,sullivanjeffrey@example.net,5508076104,1970-10-24
C009775,Erica Glenn,fleminganthony@example.org,0207892208,1993-09-01
C009776,Michael Riley,jeffrey87@example.net,3343965897,1983-12-29
C009777,David Moore,mrose@example.org,2699108050,1957-12-08
C009778,Benjamin Vasquez,christophergarcia@example.com,0462188635,1998-03-22
C009779,Carl Sawyer,debra80@example.org,4310666792,1992-11-11
C009780,Lisa Adkins,carlboyd@example.org,6571170602,1994-08-22
C009781,Kelly Rodriguez,michellekelley@example.net,4725153767,2005-04-06
C009782,Cindy Wright,brandi99@example.net,2433267570,1959-11-01
C009783,James Wilson,stephaniereed@example.org,4586794892,1985-12-11
C009784,Elizabeth Reyes,mariatran@example.org,8010191877,1998-03-14
C009785,Hunter Fowler,melissajohnson@example.net,7350486991,1981-09-20
C009786,Kimberly Jones,joseph70@example.org,8360844102,1973-07-05
C009787,Johnny Hull,margaret37@example.net,4453764745,1955-06-05
C009788,Tony Brown,linda05@example.com,8557268323,1974-12-05
C009789,Tina Tanner,emilyharrison@example.com,5632699243,1962-04-17
C009790,Claudia Rodriguez,kathleen25@example.com,2051459382,1956-08-06
C009791,Chelsea Johnson,mark78@example.com,1070525464,1978-07-29
C009792,Ashley Lee,itravis@example.org,8339867773,1985-02-23
C009793,Rebecca Payne,durhamdaniel@example.com,1605202022,1982-01-16
C009794,Miguel Silva PhD,donnabrown@example.com,5490386330,1956-12-18
C009795,Gloria Weaver,clarkrichard@example.com,5150588483,1953-05-30
C009796,Todd Orozco,riggschristian@example.net,2492423313,1975-10-07
C009797,Charles Carrillo,heather73@example.org,9897169621,1976-11-09
C009798,Matthew Rodriguez,bryce37@example.com,4166080718,1977-06-15
C009799,Peter Rocha,millercorey@example.net,9355277123,1980-10-14
C009800,Richard Ruiz,kathrynrodriguez@example.org,1967155292,1952-10-03
C009801,Susan Hines,ghinton@example.org,8110157483,1967-02-16
C009802,Scott Park,sbrown@example.com,2259169853,1952-09-12
C009803,Carol Jones,smithtimothy@example.com,1488959668,1956-09-01
C009804,Amanda Hanson,tammy13@example.org,8880025408,1996-10-26
C009805,Jacob Smith,nwilcox@example.com,5158681829,1973-08-11
C009806,John King,dramos@example.net,0893406093,1970-09-18
C009807,Bryan Charles,jenna34@example.net,0861151554,1964-07-26
C009808,Sabrina Deleon,carterthomas@example.net,9930526462,1979-05-11
C009809,Jeffrey Nelson,russelltara@example.org,0562350583,1975-09-04
C009810,Andrea Gillespie,torreschristopher@example.net,6214533998,1991-02-10
C009811,Joshua Collier,davidgross@example.com,8682757385,1957-11-14
C009812,Victor Kane,barbarareynolds@example.org,7470472214,1998-12-07
C009813,Morgan Baker,andre33@example.net,3576151415,1966-02-06
C009814,Wanda Wu,dixonnicole@example.net,2932754456,1961-02-13
C009815,Michael Moses,bshelton@example.com,5471443215,1972-04-18
C009816,Deborah Jenkins,tracie83@example.com,1823369927,1955-10-03
C009817,Mrs. Kimberly Mccormick,kristy18@example.com,3728358564,1991-05-13
C009818,Melissa Jones,laurawilliams@example.org,3504023769,1956-12-29
C009819,Jesus Montgomery,fhogan@example.com,6717139674,1986-09-14
C009820,Cynthia Weaver,floresjason@example.net,7622068287,1978-06-21
C009821,Carl Mitchell,williamsjohnathan@example.com,8917803467,1998-04-13
C009822,Kenneth Fisher,josephreed@example.com,6448030100,1998-01-18
C009823,Michelle Norton,shelby96@example.com,3038889820,1985-04-28
C009824,Rachel Grant,lisa63@example.org,5807327502,1974-03-22
C009825,David Kennedy,kelly68@example.net,2890546048,1987-02-24
C009826,Christina Smith,schneiderleah@example.com,4722077574,1976-12-06
C009827,Michelle Martinez,karatapia@example.org,4288322449,1959-03-11
C009828,Collin Anderson,susanreid@example.com,1395209797,1995-03-20
C009829,Jasmine Coleman,kim17@example.org,1244757732,1974-02-16
C009830,Amy Garcia,ablair@example.com,6346866355,2004-10-12
C009831,Madeline Martin,robertscole@example.com,1568332314,1975-06-17
C009832,John Day,murraypamela@example.net,7030964759,1978-10-28
C009833,Morgan Martin,rivasjohn@example.com,5601836314,1990-11-23
C009834,Amy Munoz,tylerwest@example.org,0660401648,2002-03-16
C009835,Suzanne Baker,timothy29@example.com,8229926719,1956-11-23
C009836,Carla Lee,murraysteven@example.org,1446463932,1997-01-07
C009837,Victoria Lopez,garycastillo@example.net,3222069918,1965-04-18
C009838,Tyler Francis,gibsonadam@example.net,2482542284,1973-12-19
C009839,Adriana Wood,patricianicholson@example.net,1894756125,1988-02-17
C009840,Robert Garcia,wyoder@example.net,5346419443,1962-09-13
C009841,Charlene Brown,calvin85@example.net,2435882844,1962-08-09
C009842,Larry Olson,randolphtracy@example.com,1570838558,1974-02-19
C009843,Timothy Rodriguez,zramirez@example.org,1391458848,1995-04-23
C009844,Charles Williams,marshalllogan@example.com,3342633429,1981-03-06
C009845,Brandon Keller,ericawatkins@example.com,8827712600,1957-10-01
C009846,Michael Ochoa,stephanierivera@example.org,6846315341,1982-02-21
C009847,Manuel Patrick DDS,clarkekaren@example.net,2944069645,1976-09-23
C009848,Michael Lopez,brownmike@example.com,9238425431,1976-09-20
C009849,Patrick Roberts,michael27@example.org,3644375837,1965-12-08
C009850,Elizabeth Dyer,burnscatherine@example.com,4360534994,1960-11-25
C009851,Larry Pitts,meyersbenjamin@example.org,0905044218,1997-07-25
C009852,Lisa Phillips,harrisnancy@example.net,1115974359,1969-01-13
C009853,Sandra Campbell,lisajackson@example.net,8343791688,1984-07-24
C009854,Kaitlin Dunn,rebecca11@example.com,4292422050,1995-09-06
C009855,George Tanner,fosterthomas@example.net,3685489480,1981-09-26
C009856,Kayla Long,emilymorris@example.net,3162331903,1953-07-01
C009857,Carol Brown,joshua33@example.net,9337408105,1953-06-04
C009858,Wendy Hall,reevesjeffery@example.net,6330660625,1954-11-05
C009859,Robert Reese,zamorajasmine@example.com,2546270329,1977-08-11
C009860,Mary Barnes,aenglish@example.com,3978720093,1996-01-04
C009861,Hannah Clark,bjones@example.org,4553049263,1971-09-19
C009862,John Nelson,zacharymitchell@example.net,4002782483,1977-07-17
C009863,Monique Bell,ian86@example.com,2112805461,1957-09-29
C009864,Karen Cooke,klawrence@example.com,2549181307,1987-05-18
C009865,Dr. Cameron Hernandez,lwood@example.com,1622555556,1961-11-28
C009866,Alvin Hall,thomaskatie@example.net,7194112124,1986-10-11
C009867,Lindsey Rice,taylortheresa@example.com,4510860302,1987-11-11
C009868,Nicole Myers,william19@example.org,4400630029,1986-07-21
C009869,Jason Juarez,elizabethhicks@example.org,6603939415,1960-06-02
C009870,Michael Bradshaw,ashley85@example.com,0071673117,1991-05-11
C009871,Nancy Ellison,wmcdaniel@example.net,0142010689,1985-12-14
C009872,Jonathan Dixon,steven16@example.org,8670482962,2003-07-27
C009873,Charles Sanchez,kevinhernandez@example.com,8768193277,1982-09-02
C009874,Christine Jennings,anthony51@example.org,9950315924,1953-10-29
C009875,Steven Zamora,timothy45@example.org,6381427268,1985-03-20
C009876,Sara Hall,gkelly@example.org,5781472979,1959-04-05
C009877,Trevor Terry,zacharygarrett@example.net,3751646386,2004-03-28
C009878,Dale Parker,zquinn@example.net,8172384129,1966-10-06
C009879,Paige Long,dianawhite@example.com,4170807414,1962-10-03
C009880,Isaac Fisher,dunnglenda@example.com,6771320308,1998-06-18
C009881,Joseph Garza,ialvarado@example.org,3366993655,1959-08-10
C009882,Michelle Freeman,tylerwilliams@example.org,7851918005,1957-02-11
C009883,Heather Werner,reynoldsstephen@example.net,2296993366,1959-11-14
C009884,Michelle Patel,ricetiffany@example.net,3715427669,1990-03-09
C009885,Jason Thompson,florestyler@example.com,9706410644,1985-04-26
C009886,Audrey King,james90@example.com,1051399423,1968-10-28
C009887,Gabriela Burnett,courtney89@example.com,4364415738,1985-08-21
C009888,Jamie Lawson,martinandrew@example.org,5552491135,1955-01-19
C009889,Tara Smith,wendy68@example.net,0901917712,1965-10-16
C009890,Elizabeth Armstrong,graystephanie@example.net,8333819862,1988-10-22
C009891,Jonathan Donaldson,campbellbruce@example.net,3120906267,1976-09-11
C009892,Sabrina Lopez,rwood@example.net,3613391598,1971-08-03
C009893,Tonya Johnson,susan39@example.com,0335856269,2002-11-29
C009894,Dwayne Lucas,melaniemoore@example.net,6651759584,1996-09-03
C009895,Adam Williams,alexa34@example.net,9484180601,1990-04-14
C009896,James Forbes,bjohnson@example.org,7912290530,1955-10-29
C009897,Kelsey Davies,donaldclark@example.net,5475464647,1962-11-04
C009898,Shaun Hendricks,palmermatthew@example.net,7333118709,1972-06-11
C009899,Tanner King,rosaleskaren@example.org,7084471127,1952-12-27
C009900,Kelly Larson,brendatorres@example.com,6311053312,1969-02-01
C009901,Michael Johnson,vbarrera@example.net,1093531892,1956-12-28
C009902,Holly Gomez,fjacobson@example.com,0388475263,1968-09-14
C009903,Heidi Nguyen,johnstewart@example.net,3108498687,1998-11-28
C009904,Jennifer Cisneros,qtodd@example.net,3899433332,2001-05-17
C009905,Wayne Williams,reginald89@example.com,1841697237,2004-09-29
C009906,Misty Marshall MD,kimchristine@example.net,9119623151,1993-07-23
C009907,Adriana Martinez,michelle48@example.org,9188758321,1984-07-23
C009908,Sandra Avery,daniel83@example.org,8819271365,1959-01-26
C009909,James Villarreal,jill28@example.org,7666171823,1952-07-25
C009910,David Keith,briggslauren@example.com,3572384249,1984-08-08
C009911,Ivan Sanchez,bradleyferguson@example.com,9757209763,1992-01-06
C009912,Melissa Stephens,hailey19@example.net,3994460165,2004-12-04
C009913,Tony Rivera,qwatson@example.com,9667049231,1959-10-24
C009914,Tracy Villarreal,erin28@example.org,8882915101,1995-06-10
C009915,Eric Richardson,hhernandez@example.net,5068645401,1978-11-06
C009916,Sara Miller,lawsonjeffrey@example.net,9814704324,1983-10-30
C009917,Samantha Duncan,wchurch@example.net,8224184234,1951-05-25
C009918,Emily Bowman,melissa59@example.com,4765228885,2002-08-05
C009919,Steven Davis,reedanthony@example.net,6209874698,1967-07-29
C009920,Amber Rhodes,vaughankyle@example.net,2286917767,1974-04-26
C009921,Veronica Novak,harrismegan@example.net,1613703629,1989-08-25
C009922,Megan Russell MD,ryan99@example.org,7613240548,1990-10-05
C009923,Thomas Cole,bryanchang@example.org,3322347066,1955-11-30
C009924,Anthony Carter,jason25@example.net,7784506701,1952-06-08
C009925,Michael Manning,kaitlynrice@example.net,3107464558,1957-02-14
C009926,Daniel Green,frogers@example.net,2540939232,1970-08-02
C009927,Pamela Wilson,kevin94@example.org,2677504568,1971-11-11
C009928,Dorothy Jones,pdavis@example.org,1516690648,1970-06-05
C009929,Amanda Taylor,aaron08@example.org,9146568229,1969-06-29
C009930,Rebekah Malone,mtucker@example.net,8631830067,1965-09-26
C009931,Connie Oneill,warnold@example.com,5435986246,1983-07-18
C009932,John Liu,heather23@example.org,5543318461,1993-02-26
C009933,Frederick Turner,iandrews@example.com,5008201763,1977-02-14
C009934,Ernest Montgomery,brownandrea@example.com,5181312871,1954-11-24
C009935,Anna Clarke,stephen17@example.com,0381250227,1972-03-04
C009936,Bobby Larsen,dana70@example.net,6288453945,1969-09-09
C009937,Robert Price,davidalexander@example.com,3969822110,1983-06-05
C009938,Dennis Conner,ortizangela@example.com,5689582319,1995-12-11
C009939,Michael Walker,harrellbarbara@example.org,1243224441,1953-02-11
C009940,Eric Sanchez,melinda32@example.org,7369928205,1972-02-09
C009941,Antonio Anderson,clinton30@example.org,2931300634,2004-04-27
C009942,Daniel Wilson,patrickstrong@example.org,3983366497,1961-10-12
C009943,Tammy Johnson,glopez@example.com,7460403862,1954-03-25
C009944,Jared Bond,hwilson@example.net,7235273162,1954-09-12
C009945,Jason Davenport,paula45@example.com,9511962369,1966-03-29
C009946,Hailey Bridges,johnchaney@example.com,4363419874,1978-06-13
C009947,Jill Acosta,wellskristen@example.org,6593619861,1956-05-27
C009948,Heather Peterson,thompsonjoyce@example.org,3702844265,1985-05-06
C009949,Cathy Jones,nicoleford@example.net,0389229348,1965-11-16
C009950,Kevin Davis,foxtammy@example.com,4064676234,1973-02-17
C009951,Donna Brown DVM,palmernatasha@example.com,8522022777,1956-02-21
C009952,Monica Ewing,jeffersonevelyn@example.com,8292183438,1992-12-01
C009953,Katherine Webster,yfischer@example.net,3655099618,1954-05-12
C009954,Jessica Hoffman,palmerbrenda@example.com,2598852916,1993-04-14
C009955,Tina Griffin,gina37@example.org,0015448750,1968-01-10
C009956,Elizabeth Edwards,omartin@example.com,2301892448,1954-09-13
C009957,Rebecca Fleming,jeffrey89@example.org,6978653166,1999-10-25
C009958,Gary Richardson,hoganlauren@example.net,6349979030,1992-06-19
C009959,Luis Fox,oholmes@example.com,1284869444,2000-03-01
C009960,Travis Watson,kruegercraig@example.org,0167475127,1953-10-25
C009961,George Welch,zachary62@example.com,2242157671,1954-10-26
C009962,Kelly Klein,katherine14@example.com,2833596589,1973-09-12
C009963,Jennifer Brady,jesse37@example.com,1377990789,1968-04-07
C009964,Brady Fernandez,nelsonkristin@example.net,7494497181,2004-08-16
C009965,David Johnson,megannielsen@example.net,2898800773,1967-02-05
C009966,Tony Rollins,michael97@example.org,8844377145,1953-05-25
C009967,Jason Allen,lauraballard@example.net,4369824765,1968-08-09
C009968,James Combs,perezalexis@example.org,0650379216,1957-10-06
C009969,Christina Kirby,kimberly32@example.net,2627514566,1999-07-17
C009970,Linda Taylor,faith64@example.net,5675264702,1967-12-09
C009971,Christine Cruz,bweiss@example.com,7666528503,1987-10-22
C009972,Keith Leon,thomasrandall@example.org,6814935670,1966-08-08
C009973,Joseph Mitchell,melody08@example.com,1888821329,1966-10-06
C009974,Dylan Fox,qcarney@example.net,3586219775,1969-01-05
C009975,Michaela Good,emilythompson@example.org,2137475031,1968-09-01
C009976,Megan Daniel,colepope@example.com,8182715840,1964-08-05
C009977,Paul Smith,williamspeter@example.net,8792675932,1969-02-15
C009978,Sergio Hernandez,steven07@example.com,1278641855,1956-10-11
C009979,Ashley Skinner,wgibbs@example.net,2478802156,2001-02-05
C009980,Kenneth Mccarthy,patrickhernandez@example.org,9204563974,1963-03-20
C009981,Casey Watts,david48@example.org,1264685170,2002-02-26
C009982,Jeffery Forbes,angelahickman@example.org,9418981009,1968-08-29
C009983,Adam Brown,harrisdavid@example.org,6261547593,1995-12-05
C009984,Justin Robles,qhammond@example.net,7313871854,1993-07-09
C009985,Matthew Thompson,tammiebeasley@example.org,1721706055,1967-07-25
C009986,Eddie Jones,lechristopher@example.com,0836762647,1987-10-07
C009987,Ann Murphy,oneilljohn@example.net,8141647182,1954-03-17
C009988,Sean Randolph,ashleytaylor@example.com,3406072463,1961-06-27
C009989,Kendra Mcdonald,richardfrost@example.com,0111429325,1960-10-07
C009990,Andrea Gonzalez,williamsalan@example.com,8252862937,1957-10-31
C009991,Ryan Hodge,jessicapittman@example.org,1233934426,1982-12-11
C009992,Adrian Howard,danielle45@example.org,3877135260,1986-03-20
C009993,Richard Ramirez,macdonaldmary@example.net,1635609707,1998-07-20
C009994,Christopher Cook,jennifer72@example.com,5634595929,1999-01-16
C009995,Warren Bush,john70@example.net,3971138105,2000-06-12
C009996,Dawn Williams,llopez@example.org,3505635538,2005-01-28
C009997,Adam Scott,nmiller@example.org,0522549805,1983-12-02
C009998,James Baker,floresmaria@example.com,9534183946,1965-09-12
C009999,Charles Coleman,tblack@example.com,0537634271,1956-07-28
C010000,Phillip Hoover,fletchermaureen@example.org,2125371142,1975-10-14
