investigation_id,claim_id,status,priority,reason,final_decision
INV000001,CL013168,IN_PROGRESS,HIGH,policy created shortly before incident; claim amount high relative to vehicle value,
INV000002,CL028281,CLOSED,HIGH,policy created shortly before incident; claim amount high relative to vehicle value,APPROVE
INV000003,CL000626,CLOSED,MEDIUM,policy created shortly before incident,REJECT
INV000004,CL007462,CLOSED,HIGH,policy created shortly before incident; short interval since previous claim; repair shop has an elevated historical investigation rate,REQUEST_DOCUMENTS
INV000005,CL001729,IN_PROGRESS,MEDIUM,policy created shortly before incident; repair shop has an elevated historical investigation rate,
INV000006,CL007154,CLOSED,MEDIUM,policy created shortly before incident; repair shop has an elevated historical investigation rate,APPROVE
INV000007,CL000686,CLOSED,MEDIUM,policy created shortly before incident; repair shop has an elevated historical investigation rate,APPROVE
INV000008,CL010455,IN_PROGRESS,MEDIUM,policy created shortly before incident; claim amount high relative to vehicle value; short interval since previous claim,
INV000009,CL005093,CLOSED,MEDIUM,policy created shortly before incident,APPROVE
INV000010,CL004838,CLOSED,HIGH,claim amount high relative to vehicle value,INVESTIGATE_FURTHER
INV000011,CL025026,CLOSED,LOW,short interval since previous claim,INVESTIGATE_FURTHER
INV000012,CL017002,IN_PROGRESS,MEDIUM,claim amount high relative to vehicle value; short interval since previous claim; repair shop has an elevated historical investigation rate,
INV000013,CL002282,CLOSED,LOW,policy created shortly before incident; short interval since previous claim,APPROVE
INV000014,CL002786,IN_PROGRESS,HIGH,repair shop has an elevated historical investigation rate,
INV000015,CL028179,CLOSED,HIGH,short interval since previous claim,REJECT
INV000016,CL019464,IN_PROGRESS,MEDIUM,multiple previous claims on record; short interval since previous claim,
INV000017,CL018532,CLOSED,LOW,claim amount high relative to vehicle value; short interval since previous claim,INVESTIGATE_FURTHER
INV000018,CL002572,CLOSED,HIGH,short interval since previous claim; repair shop has an elevated historical investigation rate,APPROVE
INV000019,CL013160,IN_PROGRESS,LOW,claim amount high relative to vehicle value; repair shop has an elevated historical investigation rate,
INV000020,CL019807,CLOSED,MEDIUM,policy created shortly before incident; short interval since previous claim,INVESTIGATE_FURTHER
INV000021,CL018526,CLOSED,MEDIUM,policy created shortly before incident; repair shop has an elevated historical investigation rate,REJECT
INV000022,CL009471,CLOSED,MEDIUM,policy created shortly before incident,APPROVE
INV000023,CL019155,CLOSED,HIGH,policy created shortly before incident; claim amount high relative to vehicle value,APPROVE
INV000024,CL026856,CLOSED,MEDIUM,claim amount high relative to vehicle value,REQUEST_DOCUMENTS
INV000025,CL009290,CLOSED,MEDIUM,repair shop has an elevated historical investigation rate,INVESTIGATE_FURTHER
INV000026,CL013536,CLOSED,HIGH,multiple previous claims on record; short interval since previous claim; repair shop has an elevated historical investigation rate,APPROVE
INV000027,CL015326,IN_PROGRESS,MEDIUM,policy created shortly before incident; short interval since previous claim; repair shop has an elevated historical investigation rate,
INV000028,CL012259,CLOSED,LOW,policy created shortly before incident; short interval since previous claim,APPROVE
INV000029,CL017277,CLOSED,MEDIUM,claim amount high relative to vehicle value; short interval since previous claim; repair shop has an elevated historical investigation rate,REQUEST_DOCUMENTS
INV000030,CL000081,IN_PROGRESS,MEDIUM,multiple previous claims on record; short interval since previous claim; repair shop has an elevated historical investigation rate,
INV000031,CL017990,CLOSED,MEDIUM,policy created shortly before incident; claim amount high relative to vehicle value; repair shop has an elevated historical investigation rate,REQUEST_DOCUMENTS
INV000032,CL019357,CLOSED,HIGH,claim amount high relative to vehicle value; repair shop has an elevated historical investigation rate,APPROVE
INV000033,CL004935,CLOSED,MEDIUM,policy created shortly before incident,APPROVE
INV000034,CL013486,CLOSED,MEDIUM,claim amount high relative to vehicle value; short interval since previous claim; repair shop has an elevated historical investigation rate,APPROVE
INV000035,CL027089,CLOSED,MEDIUM,multiple previous claims on record; short interval since previous claim,INVESTIGATE_FURTHER
INV000036,CL029868,IN_PROGRESS,HIGH,claim amount high relative to vehicle value; multiple previous claims on record; repair shop has an elevated historical investigation rate,
INV000037,CL003884,IN_PROGRESS,MEDIUM,anomalous pattern flagged by risk model,
INV000038,CL023938,CLOSED,MEDIUM,policy created shortly before incident; short interval since previous claim,APPROVE
INV000039,CL027123,IN_PROGRESS,HIGH,multiple previous claims on record; short interval since previous claim,
INV000040,CL016797,CLOSED,HIGH,policy created shortly before incident,INVESTIGATE_FURTHER
INV000041,CL024820,CLOSED,HIGH,claim amount high relative to vehicle value; short interval since previous claim,REQUEST_DOCUMENTS
INV000042,CL018944,IN_PROGRESS,MEDIUM,claim amount high relative to vehicle value; multiple previous claims on record; short interval since previous claim,
INV000043,CL025145,CLOSED,LOW,short interval since previous claim; repair shop has an elevated historical investigation rate,APPROVE
INV000044,CL017956,IN_PROGRESS,LOW,policy created shortly before incident; claim amount high relative to vehicle value,
INV000045,CL029334,CLOSED,HIGH,multiple previous claims on record; short interval since previous claim,APPROVE
INV000046,CL015960,CLOSED,MEDIUM,claim amount high relative to vehicle value; multiple previous claims on record; short interval since previous claim,REQUEST_DOCUMENTS
INV000047,CL015000,CLOSED,MEDIUM,claim amount high relative to vehicle value; multiple previous claims on record; short interval since previous claim,APPROVE
INV000048,CL015825,CLOSED,LOW,claim amount high relative to vehicle value; repair shop has an elevated historical investigation rate,APPROVE
INV000049,CL017260,IN_PROGRESS,MEDIUM,repair shop has an elevated historical investigation rate,
INV000050,CL025263,CLOSED,MEDIUM,policy created shortly before incident; short interval since previous claim,APPROVE
INV000051,CL025872,CLOSED,MEDIUM,multiple previous claims on record; short interval since previous claim; repair shop has an elevated historical investigation rate,REQUEST_DOCUMENTS
INV000052,CL000667,IN_PROGRESS,HIGH,multiple previous claims on record; short interval since previous claim,
INV000053,CL001557,IN_PROGRESS,MEDIUM,multiple previous claims on record; short interval since previous claim,
INV000054,CL028454,CLOSED,MEDIUM,multiple previous claims on record; short interval since previous claim,APPROVE
INV000055,CL006054,CLOSED,HIGH,policy created shortly before incident,APPROVE
INV000056,CL006565,IN_PROGRESS,HIGH,multiple previous claims on record; short interval since previous claim,
INV000057,CL006784,CLOSED,MEDIUM,multiple previous claims on record; short interval since previous claim,APPROVE
INV000058,CL017048,CLOSED,MEDIUM,policy created shortly before incident; claim amount high relative to vehicle value,APPROVE
INV000059,CL015131,CLOSED,HIGH,claim amount high relative to vehicle value; repair shop has an elevated historical investigation rate,REQUEST_DOCUMENTS
INV000060,CL008305,CLOSED,MEDIUM,repair shop has an elevated historical investigation rate,REQUEST_DOCUMENTS
INV000061,CL010786,IN_PROGRESS,HIGH,anomalous pattern flagged by risk model,
INV000062,CL014915,CLOSED,MEDIUM,claim amount high relative to vehicle value,INVESTIGATE_FURTHER
INV000063,CL005015,IN_PROGRESS,LOW,multiple previous claims on record; short interval since previous claim; repair shop has an elevated historical investigation rate,
INV000064,CL015780,IN_PROGRESS,HIGH,claim amount high relative to vehicle value; multiple previous claims on record; short interval since previous claim,
INV000065,CL027441,IN_PROGRESS,MEDIUM,anomalous pattern flagged by risk model,
INV000066,CL021610,CLOSED,MEDIUM,claim amount high relative to vehicle value; multiple previous claims on record; repair shop has an elevated historical investigation rate,INVESTIGATE_FURTHER
INV000067,CL011387,CLOSED,LOW,claim amount high relative to vehicle value; multiple previous claims on record; short interval since previous claim,APPROVE
INV000068,CL023887,CLOSED,HIGH,policy created shortly before incident; claim amount high relative to vehicle value,REQUEST_DOCUMENTS
INV000069,CL020740,CLOSED,MEDIUM,multiple previous claims on record; short interval since previous claim; repair shop has an elevated historical investigation rate,INVESTIGATE_FURTHER
INV000070,CL016118,CLOSED,MEDIUM,policy created shortly before incident; short interval since previous claim,APPROVE
INV000071,CL003683,IN_PROGRESS,LOW,multiple previous claims on record; short interval since previous claim,
INV000072,CL027470,IN_PROGRESS,HIGH,policy created shortly before incident; short interval since previous claim,
INV000073,CL024345,IN_PROGRESS,HIGH,claim amount high relative to vehicle value,
INV000074,CL004001,CLOSED,MEDIUM,repair shop has an elevated historical investigation rate,APPROVE
INV000075,CL005606,CLOSED,MEDIUM,multiple previous claims on record; short interval since previous claim,REQUEST_DOCUMENTS
INV000076,CL023368,CLOSED,MEDIUM,claim amount high relative to vehicle value; multiple previous claims on record; short interval since previous claim,REQUEST_DOCUMENTS
INV000077,CL025221,IN_PROGRESS,HIGH,claim amount high relative to vehicle value,
INV000078,CL020407,IN_PROGRESS,LOW,short interval since previous claim; repair shop has an elevated historical investigation rate,
INV000079,CL008780,CLOSED,HIGH,anomalous pattern flagged by risk model,APPROVE
INV000080,CL012812,CLOSED,HIGH,policy created shortly before incident; short interval since previous claim,REJECT
INV000081,CL016098,CLOSED,MEDIUM,policy created shortly before incident; short interval since previous claim; repair shop has an elevated historical investigation rate,INVESTIGATE_FURTHER
INV000082,CL028221,IN_PROGRESS,LOW,short interval since previous claim,
INV000083,CL022365,IN_PROGRESS,HIGH,multiple previous claims on record,
INV000084,CL004225,CLOSED,HIGH,policy created shortly before incident; claim amount high relative to vehicle value,APPROVE
INV000085,CL008094,IN_PROGRESS,LOW,short interval since previous claim; repair shop has an elevated historical investigation rate,
INV000086,CL000532,CLOSED,MEDIUM,multiple previous claims on record; short interval since previous claim; repair shop has an elevated historical investigation rate,APPROVE
INV000087,CL008695,IN_PROGRESS,MEDIUM,multiple previous claims on record; repair shop has an elevated historical investigation rate,
INV000088,CL014992,CLOSED,MEDIUM,short interval since previous claim; repair shop has an elevated historical investigation rate,REJECT
INV000089,CL020992,CLOSED,MEDIUM,short interval since previous claim; repair shop has an elevated historical investigation rate,REQUEST_DOCUMENTS
INV000090,CL026582,IN_PROGRESS,MEDIUM,short interval since previous claim,
INV000091,CL026149,IN_PROGRESS,MEDIUM,multiple previous claims on record; short interval since previous claim,
INV000092,CL009920,CLOSED,LOW,policy created shortly before incident; repair shop has an elevated historical investigation rate,APPROVE
INV000093,CL006865,CLOSED,MEDIUM,repair shop has an elevated historical investigation rate,APPROVE
INV000094,CL000286,IN_PROGRESS,HIGH,multiple previous claims on record; short interval since previous claim; repair shop has an elevated historical investigation rate,
INV000095,CL009465,CLOSED,LOW,multiple previous claims on record; repair shop has an elevated historical investigation rate,INVESTIGATE_FURTHER
INV000096,CL011006,CLOSED,LOW,policy created shortly before incident,REJECT
INV000097,CL005927,IN_PROGRESS,HIGH,short interval since previous claim,
INV000098,CL011558,CLOSED,HIGH,multiple previous claims on record; short interval since previous claim,REQUEST_DOCUMENTS
INV000099,CL010397,IN_PROGRESS,MEDIUM,policy created shortly before incident; claim amount high relative to vehicle value; short interval since previous claim; repair shop has an elevated historical investigation rate,
INV000100,CL004276,CLOSED,MEDIUM,claim amount high relative to vehicle value; short interval since previous claim,INVESTIGATE_FURTHER
INV000101,CL026049,IN_PROGRESS,MEDIUM,policy created shortly before incident; short interval since previous claim,
INV000102,CL014274,CLOSED,MEDIUM,claim amount high relative to vehicle value; multiple previous claims on record; short interval since previous claim,INVESTIGATE_FURTHER
INV000103,CL018087,CLOSED,HIGH,claim amount high relative to vehicle value,APPROVE
INV000104,CL018064,CLOSED,HIGH,multiple previous claims on record; repair shop has an elevated historical investigation rate,REQUEST_DOCUMENTS
INV000105,CL003120,IN_PROGRESS,LOW,multiple previous claims on record; short interval since previous claim; repair shop has an elevated historical investigation rate,
INV000106,CL008525,CLOSED,LOW,multiple previous claims on record; short interval since previous claim,APPROVE
INV000107,CL029781,IN_PROGRESS,MEDIUM,multiple previous claims on record; short interval since previous claim; repair shop has an elevated historical investigation rate,
INV000108,CL006852,CLOSED,MEDIUM,policy created shortly before incident,INVESTIGATE_FURTHER
INV000109,CL008810,IN_PROGRESS,HIGH,claim amount high relative to vehicle value; multiple previous claims on record; short interval since previous claim; repair shop has an elevated historical investigation rate,
INV000110,CL009736,CLOSED,LOW,repair shop has an elevated historical investigation rate,REJECT
INV000111,CL014100,IN_PROGRESS,LOW,short interval since previous claim,
INV000112,CL000665,IN_PROGRESS,LOW,claim amount high relative to vehicle value,
INV000113,CL018480,CLOSED,LOW,multiple previous claims on record; short interval since previous claim,REQUEST_DOCUMENTS
INV000114,CL014862,CLOSED,LOW,policy created shortly before incident; short interval since previous claim,APPROVE
INV000115,CL014716,IN_PROGRESS,HIGH,anomalous pattern flagged by risk model,
INV000116,CL002229,IN_PROGRESS,MEDIUM,policy created shortly before incident; repair shop has an elevated historical investigation rate,
INV000117,CL013401,CLOSED,HIGH,short interval since previous claim,REQUEST_DOCUMENTS
INV000118,CL024200,CLOSED,MEDIUM,multiple previous claims on record; short interval since previous claim; repair shop has an elevated historical investigation rate,APPROVE
INV000119,CL018288,CLOSED,MEDIUM,multiple previous claims on record; short interval since previous claim,APPROVE
INV000120,CL003865,CLOSED,LOW,multiple previous claims on record; short interval since previous claim; repair shop has an elevated historical investigation rate,APPROVE
INV000121,CL023620,CLOSED,MEDIUM,policy created shortly before incident; repair shop has an elevated historical investigation rate,APPROVE
INV000122,CL002436,CLOSED,MEDIUM,short interval since previous claim,REJECT
INV000123,CL028338,CLOSED,MEDIUM,policy created shortly before incident; repair shop has an elevated historical investigation rate,INVESTIGATE_FURTHER
INV000124,CL011124,CLOSED,MEDIUM,policy created shortly before incident; multiple previous claims on record; short interval since previous claim; repair shop has an elevated historical investigation rate,REQUEST_DOCUMENTS
INV000125,CL015371,CLOSED,HIGH,policy created shortly before incident; short interval since previous claim; repair shop has an elevated historical investigation rate,REJECT
INV000126,CL016453,CLOSED,HIGH,policy created shortly before incident,INVESTIGATE_FURTHER
INV000127,CL013864,IN_PROGRESS,LOW,multiple previous claims on record; short interval since previous claim,
INV000128,CL019880,CLOSED,MEDIUM,anomalous pattern flagged by risk model,INVESTIGATE_FURTHER
INV000129,CL016886,IN_PROGRESS,LOW,policy created shortly before incident; claim amount high relative to vehicle value,
INV000130,CL013156,IN_PROGRESS,MEDIUM,multiple previous claims on record; short interval since previous claim; repair shop has an elevated historical investigation rate,
INV000131,CL019699,IN_PROGRESS,LOW,claim amount high relative to vehicle value; multiple previous claims on record; short interval since previous claim,
INV000132,CL016432,IN_PROGRESS,MEDIUM,policy created shortly before incident; claim amount high relative to vehicle value; short interval since previous claim,
INV000133,CL025196,CLOSED,HIGH,short interval since previous claim; repair shop has an elevated historical investigation rate,REQUEST_DOCUMENTS
INV000134,CL015833,CLOSED,MEDIUM,claim amount high relative to vehicle value; repair shop has an elevated historical investigation rate,APPROVE
INV000135,CL013758,CLOSED,MEDIUM,claim amount high relative to vehicle value; multiple previous claims on record,REQUEST_DOCUMENTS
INV000136,CL028909,CLOSED,LOW,policy created shortly before incident; short interval since previous claim,APPROVE
INV000137,CL016113,IN_PROGRESS,LOW,policy created shortly before incident,
INV000138,CL027282,CLOSED,LOW,multiple previous claims on record; short interval since previous claim,APPROVE
INV000139,CL023036,CLOSED,LOW,anomalous pattern flagged by risk model,INVESTIGATE_FURTHER
INV000140,CL001034,IN_PROGRESS,LOW,short interval since previous claim; repair shop has an elevated historical investigation rate,
INV000141,CL020575,IN_PROGRESS,HIGH,claim amount high relative to vehicle value; short interval since previous claim,
INV000142,CL013434,CLOSED,MEDIUM,claim amount high relative to vehicle value; multiple previous claims on record,REQUEST_DOCUMENTS
INV000143,CL008952,CLOSED,MEDIUM,short interval since previous claim,APPROVE
INV000144,CL012291,CLOSED,LOW,short interval since previous claim; repair shop has an elevated historical investigation rate,REQUEST_DOCUMENTS
INV000145,CL025383,CLOSED,MEDIUM,policy created shortly before incident; multiple previous claims on record; short interval since previous claim,APPROVE
INV000146,CL013584,IN_PROGRESS,MEDIUM,multiple previous claims on record; short interval since previous claim; repair shop has an elevated historical investigation rate,
INV000147,CL028318,CLOSED,HIGH,claim amount high relative to vehicle value; multiple previous claims on record; short interval since previous claim,APPROVE
INV000148,CL003491,CLOSED,HIGH,claim amount high relative to vehicle value; short interval since previous claim; repair shop has an elevated historical investigation rate,APPROVE
INV000149,CL022432,IN_PROGRESS,LOW,multiple previous claims on record; short interval since previous claim; repair shop has an elevated historical investigation rate,
INV000150,CL029807,IN_PROGRESS,HIGH,multiple previous claims on record; short interval since previous claim,
INV000151,CL015173,IN_PROGRESS,HIGH,multiple previous claims on record; short interval since previous claim,
INV000152,CL011554,CLOSED,HIGH,multiple previous claims on record; short interval since previous claim,APPROVE
INV000153,CL018249,IN_PROGRESS,MEDIUM,policy created shortly before incident; multiple previous claims on record; short interval since previous claim,
INV000154,CL004383,IN_PROGRESS,MEDIUM,multiple previous claims on record; short interval since previous claim; repair shop has an elevated historical investigation rate,
INV000155,CL028923,IN_PROGRESS,MEDIUM,short interval since previous claim; repair shop has an elevated historical investigation rate,
INV000156,CL008604,IN_PROGRESS,MEDIUM,policy created shortly before incident; short interval since previous claim; repair shop has an elevated historical investigation rate,
INV000157,CL017770,IN_PROGRESS,MEDIUM,policy created shortly before incident; claim amount high relative to vehicle value,
INV000158,CL023666,CLOSED,MEDIUM,multiple previous claims on record; repair shop has an elevated historical investigation rate,APPROVE
INV000159,CL009342,CLOSED,HIGH,claim amount high relative to vehicle value; multiple previous claims on record; short interval since previous claim; repair shop has an elevated historical investigation rate,INVESTIGATE_FURTHER
INV000160,CL028174,CLOSED,HIGH,multiple previous claims on record; short interval since previous claim; repair shop has an elevated historical investigation rate,INVESTIGATE_FURTHER
INV000161,CL010880,CLOSED,LOW,policy created shortly before incident; claim amount high relative to vehicle value,REQUEST_DOCUMENTS
INV000162,CL008100,CLOSED,MEDIUM,claim amount high relative to vehicle value; multiple previous claims on record,REJECT
INV000163,CL016725,CLOSED,MEDIUM,multiple previous claims on record; short interval since previous claim; repair shop has an elevated historical investigation rate,APPROVE
INV000164,CL001680,IN_PROGRESS,HIGH,multiple previous claims on record,
INV000165,CL014858,CLOSED,HIGH,multiple previous claims on record; short interval since previous claim,REJECT
INV000166,CL011477,CLOSED,MEDIUM,multiple previous claims on record; short interval since previous claim,APPROVE
INV000167,CL016179,CLOSED,LOW,policy created shortly before incident; short interval since previous claim; repair shop has an elevated historical investigation rate,REQUEST_DOCUMENTS
INV000168,CL026843,IN_PROGRESS,HIGH,multiple previous claims on record; short interval since previous claim,
INV000169,CL012636,CLOSED,HIGH,multiple previous claims on record; short interval since previous claim,APPROVE
INV000170,CL017469,CLOSED,HIGH,multiple previous claims on record; short interval since previous claim,REQUEST_DOCUMENTS
INV000171,CL011751,CLOSED,MEDIUM,short interval since previous claim,INVESTIGATE_FURTHER
INV000172,CL008493,IN_PROGRESS,MEDIUM,policy created shortly before incident; repair shop has an elevated historical investigation rate,
INV000173,CL004105,IN_PROGRESS,LOW,claim amount high relative to vehicle value; multiple previous claims on record; short interval since previous claim,
INV000174,CL006642,IN_PROGRESS,MEDIUM,repair shop has an elevated historical investigation rate,
INV000175,CL000701,CLOSED,HIGH,policy created shortly before incident; multiple previous claims on record; short interval since previous claim,REQUEST_DOCUMENTS
INV000176,CL005533,CLOSED,MEDIUM,short interval since previous claim,APPROVE
INV000177,CL028127,IN_PROGRESS,MEDIUM,multiple previous claims on record; short interval since previous claim; repair shop has an elevated historical investigation rate,
INV000178,CL007991,CLOSED,HIGH,multiple previous claims on record; short interval since previous claim; repair shop has an elevated historical investigation rate,INVESTIGATE_FURTHER
INV000179,CL007250,CLOSED,LOW,claim amount high relative to vehicle value; multiple previous claims on record; short interval since previous claim,APPROVE
INV000180,CL026532,CLOSED,MEDIUM,claim amount high relative to vehicle value; multiple previous claims on record; short interval since previous claim,APPROVE
INV000181,CL028582,IN_PROGRESS,HIGH,policy created shortly before incident; short interval since previous claim; repair shop has an elevated historical investigation rate,
INV000182,CL019473,IN_PROGRESS,MEDIUM,claim amount high relative to vehicle value; short interval since previous claim; repair shop has an elevated historical investigation rate,
INV000183,CL007347,CLOSED,MEDIUM,multiple previous claims on record; short interval since previous claim,REQUEST_DOCUMENTS
INV000184,CL008675,CLOSED,MEDIUM,multiple previous claims on record; short interval since previous claim,REJECT
INV000185,CL000985,IN_PROGRESS,HIGH,repair shop has an elevated historical investigation rate,
INV000186,CL017218,CLOSED,MEDIUM,policy created shortly before incident,REJECT
INV000187,CL001718,CLOSED,HIGH,multiple previous claims on record; short interval since previous claim,REJECT
INV000188,CL010711,CLOSED,MEDIUM,claim amount high relative to vehicle value; multiple previous claims on record; short interval since previous claim; repair shop has an elevated historical investigation rate,APPROVE
INV000189,CL016577,CLOSED,MEDIUM,multiple previous claims on record; short interval since previous claim,APPROVE
INV000190,CL015488,IN_PROGRESS,HIGH,multiple previous claims on record; short interval since previous claim,
INV000191,CL028934,CLOSED,LOW,short interval since previous claim,INVESTIGATE_FURTHER
INV000192,CL027169,CLOSED,MEDIUM,short interval since previous claim,INVESTIGATE_FURTHER
INV000193,CL004519,CLOSED,HIGH,claim amount high relative to vehicle value,REQUEST_DOCUMENTS
INV000194,CL000735,CLOSED,MEDIUM,short interval since previous claim; repair shop has an elevated historical investigation rate,APPROVE
INV000195,CL014241,IN_PROGRESS,HIGH,claim amount high relative to vehicle value; multiple previous claims on record,
INV000196,CL023792,CLOSED,HIGH,anomalous pattern flagged by risk model,REJECT
INV000197,CL012762,IN_PROGRESS,HIGH,claim amount high relative to vehicle value; multiple previous claims on record; short interval since previous claim; repair shop has an elevated historical investigation rate,
INV000198,CL004348,CLOSED,HIGH,multiple previous claims on record; repair shop has an elevated historical investigation rate,INVESTIGATE_FURTHER
INV000199,CL008537,CLOSED,HIGH,multiple previous claims on record; short interval since previous claim; repair shop has an elevated historical investigation rate,APPROVE
INV000200,CL028131,CLOSED,MEDIUM,repair shop has an elevated historical investigation rate,REQUEST_DOCUMENTS
INV000201,CL012014,CLOSED,LOW,multiple previous claims on record; short interval since previous claim,APPROVE
INV000202,CL011840,IN_PROGRESS,LOW,multiple previous claims on record,
INV000203,CL013384,CLOSED,HIGH,anomalous pattern flagged by risk model,INVESTIGATE_FURTHER
INV000204,CL017305,CLOSED,LOW,claim amount high relative to vehicle value,REQUEST_DOCUMENTS
INV000205,CL011980,CLOSED,MEDIUM,claim amount high relative to vehicle value; multiple previous claims on record; short interval since previous claim,APPROVE
INV000206,CL026897,IN_PROGRESS,MEDIUM,repair shop has an elevated historical investigation rate,
INV000207,CL024945,CLOSED,HIGH,multiple previous claims on record; repair shop has an elevated historical investigation rate,REJECT
INV000208,CL006090,IN_PROGRESS,HIGH,multiple previous claims on record,
INV000209,CL012978,CLOSED,HIGH,claim amount high relative to vehicle value; multiple previous claims on record; repair shop has an elevated historical investigation rate,REJECT
INV000210,CL001935,CLOSED,HIGH,policy created shortly before incident,APPROVE
INV000211,CL026459,CLOSED,LOW,policy created shortly before incident; short interval since previous claim; repair shop has an elevated historical investigation rate,REQUEST_DOCUMENTS
INV000212,CL025313,IN_PROGRESS,MEDIUM,multiple previous claims on record; short interval since previous claim,
INV000213,CL024608,CLOSED,MEDIUM,multiple previous claims on record; short interval since previous claim,INVESTIGATE_FURTHER
INV000214,CL014046,CLOSED,LOW,multiple previous claims on record; short interval since previous claim; repair shop has an elevated historical investigation rate,APPROVE
INV000215,CL025727,IN_PROGRESS,MEDIUM,claim amount high relative to vehicle value; multiple previous claims on record; short interval since previous claim; repair shop has an elevated historical investigation rate,
INV000216,CL017517,IN_PROGRESS,HIGH,short interval since previous claim; repair shop has an elevated historical investigation rate,
INV000217,CL010710,IN_PROGRESS,MEDIUM,claim amount high relative to vehicle value; multiple previous claims on record; short interval since previous claim,
INV000218,CL019720,CLOSED,MEDIUM,repair shop has an elevated historical investigation rate,APPROVE
INV000219,CL017550,CLOSED,HIGH,policy created shortly before incident,REQUEST_DOCUMENTS
INV000220,CL005692,CLOSED,MEDIUM,multiple previous claims on record; short interval since previous claim,INVESTIGATE_FURTHER
INV000221,CL007680,IN_PROGRESS,LOW,claim amount high relative to vehicle value; multiple previous claims on record; short interval since previous claim,
INV000222,CL004902,IN_PROGRESS,MEDIUM,claim amount high relative to vehicle value; multiple previous claims on record,
INV000223,CL016478,CLOSED,LOW,short interval since previous claim; repair shop has an elevated historical investigation rate,APPROVE
INV000224,CL009322,IN_PROGRESS,MEDIUM,claim amount high relative to vehicle value; multiple previous claims on record; short interval since previous claim; repair shop has an elevated historical investigation rate,
INV000225,CL011389,CLOSED,HIGH,claim amount high relative to vehicle value; multiple previous claims on record; short interval since previous claim,REQUEST_DOCUMENTS
INV000226,CL025917,CLOSED,LOW,multiple previous claims on record; short interval since previous claim,APPROVE
INV000227,CL003107,CLOSED,LOW,multiple previous claims on record; short interval since previous claim,APPROVE
INV000228,CL029766,CLOSED,LOW,multiple previous claims on record,REQUEST_DOCUMENTS
INV000229,CL013210,CLOSED,HIGH,short interval since previous claim; repair shop has an elevated historical investigation rate,APPROVE
INV000230,CL008105,IN_PROGRESS,MEDIUM,claim amount high relative to vehicle value; multiple previous claims on record; short interval since previous claim,
INV000231,CL014043,CLOSED,HIGH,claim amount high relative to vehicle value; multiple previous claims on record; short interval since previous claim; repair shop has an elevated historical investigation rate,APPROVE
INV000232,CL004686,CLOSED,HIGH,multiple previous claims on record; short interval since previous claim,INVESTIGATE_FURTHER
INV000233,CL006202,IN_PROGRESS,MEDIUM,multiple previous claims on record; short interval since previous claim,
INV000234,CL015165,IN_PROGRESS,LOW,multiple previous claims on record,
INV000235,CL002132,CLOSED,MEDIUM,short interval since previous claim,REQUEST_DOCUMENTS
INV000236,CL025463,CLOSED,LOW,claim amount high relative to vehicle value; multiple previous claims on record,APPROVE
INV000237,CL028565,CLOSED,LOW,anomalous pattern flagged by risk model,INVESTIGATE_FURTHER
INV000238,CL003026,CLOSED,MEDIUM,claim amount high relative to vehicle value; multiple previous claims on record,REQUEST_DOCUMENTS
INV000239,CL027984,IN_PROGRESS,HIGH,multiple previous claims on record,
INV000240,CL007289,CLOSED,MEDIUM,policy created shortly before incident,REJECT
INV000241,CL019491,CLOSED,MEDIUM,claim amount high relative to vehicle value,APPROVE
INV000242,CL013949,CLOSED,MEDIUM,claim amount high relative to vehicle value; multiple previous claims on record; short interval since previous claim; repair shop has an elevated historical investigation rate,APPROVE
INV000243,CL002173,CLOSED,MEDIUM,multiple previous claims on record; repair shop has an elevated historical investigation rate,APPROVE
INV000244,CL005112,IN_PROGRESS,LOW,multiple previous claims on record; short interval since previous claim,
INV000245,CL002359,IN_PROGRESS,MEDIUM,anomalous pattern flagged by risk model,
INV000246,CL019118,CLOSED,LOW,multiple previous claims on record; short interval since previous claim,INVESTIGATE_FURTHER
INV000247,CL002676,CLOSED,HIGH,claim amount high relative to vehicle value; multiple previous claims on record; short interval since previous claim,APPROVE
INV000248,CL029167,IN_PROGRESS,MEDIUM,claim amount high relative to vehicle value,
INV000249,CL005901,CLOSED,MEDIUM,claim amount high relative to vehicle value; multiple previous claims on record; short interval since previous claim,APPROVE
INV000250,CL025843,CLOSED,MEDIUM,short interval since previous claim,APPROVE
INV000251,CL014247,CLOSED,HIGH,multiple previous claims on record; short interval since previous claim; repair shop has an elevated historical investigation rate,REQUEST_DOCUMENTS
INV000252,CL014818,CLOSED,MEDIUM,multiple previous claims on record; repair shop has an elevated historical investigation rate,INVESTIGATE_FURTHER
INV000253,CL028555,IN_PROGRESS,HIGH,multiple previous claims on record; short interval since previous claim,
INV000254,CL011801,IN_PROGRESS,MEDIUM,multiple previous claims on record,
INV000255,CL005431,IN_PROGRESS,HIGH,short interval since previous claim,
INV000256,CL011106,CLOSED,HIGH,claim amount high relative to vehicle value; multiple previous claims on record; short interval since previous claim,REJECT
INV000257,CL006534,IN_PROGRESS,MEDIUM,claim amount high relative to vehicle value; multiple previous claims on record; short interval since previous claim,
INV000258,CL016769,CLOSED,MEDIUM,claim amount high relative to vehicle value; multiple previous claims on record,INVESTIGATE_FURTHER
INV000259,CL001787,CLOSED,LOW,multiple previous claims on record; short interval since previous claim,REQUEST_DOCUMENTS
INV000260,CL011287,CLOSED,MEDIUM,claim amount high relative to vehicle value; multiple previous claims on record; repair shop has an elevated historical investigation rate,APPROVE
INV000261,CL007888,IN_PROGRESS,HIGH,multiple previous claims on record,
INV000262,CL014733,CLOSED,HIGH,multiple previous claims on record; short interval since previous claim,APPROVE
INV000263,CL029089,IN_PROGRESS,HIGH,multiple previous claims on record; short interval since previous claim; repair shop has an elevated historical investigation rate,
INV000264,CL018680,CLOSED,LOW,claim amount high relative to vehicle value; multiple previous claims on record; short interval since previous claim,APPROVE
INV000265,CL006037,IN_PROGRESS,MEDIUM,policy created shortly before incident; claim amount high relative to vehicle value; multiple previous claims on record; short interval since previous claim,
INV000266,CL010568,CLOSED,MEDIUM,policy created shortly before incident,APPROVE
INV000267,CL011414,IN_PROGRESS,MEDIUM,policy created shortly before incident; claim amount high relative to vehicle value; repair shop has an elevated historical investigation rate,
INV000268,CL006692,CLOSED,HIGH,claim amount high relative to vehicle value; multiple previous claims on record; short interval since previous claim,APPROVE
INV000269,CL028473,CLOSED,HIGH,short interval since previous claim,INVESTIGATE_FURTHER
INV000270,CL025965,IN_PROGRESS,MEDIUM,claim amount high relative to vehicle value; multiple previous claims on record,
INV000271,CL020436,CLOSED,MEDIUM,multiple previous claims on record; short interval since previous claim; repair shop has an elevated historical investigation rate,APPROVE
INV000272,CL023839,CLOSED,MEDIUM,claim amount high relative to vehicle value; multiple previous claims on record; short interval since previous claim,APPROVE
INV000273,CL004892,CLOSED,HIGH,claim amount high relative to vehicle value; multiple previous claims on record; short interval since previous claim,INVESTIGATE_FURTHER
INV000274,CL027899,CLOSED,LOW,multiple previous claims on record; short interval since previous claim,REQUEST_DOCUMENTS
INV000275,CL003456,CLOSED,HIGH,multiple previous claims on record,APPROVE
INV000276,CL021742,CLOSED,MEDIUM,claim amount high relative to vehicle value; short interval since previous claim; repair shop has an elevated historical investigation rate,REQUEST_DOCUMENTS
INV000277,CL012696,IN_PROGRESS,MEDIUM,anomalous pattern flagged by risk model,
INV000278,CL006500,IN_PROGRESS,LOW,multiple previous claims on record; short interval since previous claim; repair shop has an elevated historical investigation rate,
INV000279,CL005568,IN_PROGRESS,LOW,multiple previous claims on record; short interval since previous claim; repair shop has an elevated historical investigation rate,
INV000280,CL007507,CLOSED,LOW,anomalous pattern flagged by risk model,APPROVE
INV000281,CL028013,CLOSED,HIGH,claim amount high relative to vehicle value; repair shop has an elevated historical investigation rate,REQUEST_DOCUMENTS
INV000282,CL009024,CLOSED,LOW,policy created shortly before incident; short interval since previous claim,APPROVE
INV000283,CL004785,CLOSED,MEDIUM,multiple previous claims on record; short interval since previous claim; repair shop has an elevated historical investigation rate,INVESTIGATE_FURTHER
INV000284,CL010434,CLOSED,MEDIUM,claim amount high relative to vehicle value; multiple previous claims on record,REJECT
INV000285,CL018552,CLOSED,MEDIUM,multiple previous claims on record; short interval since previous claim,APPROVE
INV000286,CL028040,CLOSED,HIGH,anomalous pattern flagged by risk model,APPROVE
INV000287,CL021734,CLOSED,MEDIUM,claim amount high relative to vehicle value; multiple previous claims on record; short interval since previous claim; repair shop has an elevated historical investigation rate,REJECT
INV000288,CL020562,CLOSED,HIGH,policy created shortly before incident; repair shop has an elevated historical investigation rate,APPROVE
INV000289,CL011179,IN_PROGRESS,MEDIUM,multiple previous claims on record; short interval since previous claim,
INV000290,CL015873,CLOSED,MEDIUM,policy created shortly before incident; short interval since previous claim,INVESTIGATE_FURTHER
INV000291,CL018263,CLOSED,MEDIUM,repair shop has an elevated historical investigation rate,APPROVE
INV000292,CL010157,CLOSED,HIGH,multiple previous claims on record; short interval since previous claim; repair shop has an elevated historical investigation rate,REJECT
INV000293,CL007921,IN_PROGRESS,MEDIUM,claim amount high relative to vehicle value; repair shop has an elevated historical investigation rate,
INV000294,CL009236,CLOSED,MEDIUM,multiple previous claims on record; short interval since previous claim,APPROVE
INV000295,CL010380,CLOSED,MEDIUM,claim amount high relative to vehicle value; multiple previous claims on record; short interval since previous claim,INVESTIGATE_FURTHER
INV000296,CL023989,CLOSED,MEDIUM,policy created shortly before incident; multiple previous claims on record; short interval since previous claim,APPROVE
INV000297,CL023544,CLOSED,HIGH,policy created shortly before incident; claim amount high relative to vehicle value; short interval since previous claim,REJECT
INV000298,CL006265,CLOSED,HIGH,policy created shortly before incident; multiple previous claims on record; short interval since previous claim,APPROVE
INV000299,CL002057,CLOSED,MEDIUM,multiple previous claims on record; short interval since previous claim,REQUEST_DOCUMENTS
INV000300,CL021279,IN_PROGRESS,MEDIUM,claim amount high relative to vehicle value; multiple previous claims on record; repair shop has an elevated historical investigation rate,
INV000301,CL024727,CLOSED,MEDIUM,policy created shortly before incident; multiple previous claims on record; short interval since previous claim,REJECT
INV000302,CL024653,IN_PROGRESS,MEDIUM,multiple previous claims on record; short interval since previous claim; repair shop has an elevated historical investigation rate,
INV000303,CL016292,CLOSED,LOW,short interval since previous claim,INVESTIGATE_FURTHER
INV000304,CL023759,CLOSED,MEDIUM,multiple previous claims on record; repair shop has an elevated historical investigation rate,REQUEST_DOCUMENTS
INV000305,CL000795,CLOSED,MEDIUM,policy created shortly before incident; claim amount high relative to vehicle value; short interval since previous claim,APPROVE
INV000306,CL005765,CLOSED,MEDIUM,claim amount high relative to vehicle value; multiple previous claims on record; repair shop has an elevated historical investigation rate,REQUEST_DOCUMENTS
INV000307,CL017022,CLOSED,MEDIUM,claim amount high relative to vehicle value; multiple previous claims on record,REQUEST_DOCUMENTS
INV000308,CL023570,CLOSED,HIGH,multiple previous claims on record; short interval since previous claim,APPROVE
INV000309,CL017158,IN_PROGRESS,MEDIUM,policy created shortly before incident; multiple previous claims on record; short interval since previous claim; repair shop has an elevated historical investigation rate,
INV000310,CL025040,CLOSED,MEDIUM,policy created shortly before incident; claim amount high relative to vehicle value,REQUEST_DOCUMENTS
INV000311,CL015428,IN_PROGRESS,LOW,multiple previous claims on record; short interval since previous claim; repair shop has an elevated historical investigation rate,
INV000312,CL018041,IN_PROGRESS,HIGH,short interval since previous claim,
INV000313,CL009621,CLOSED,HIGH,claim amount high relative to vehicle value; multiple previous claims on record; short interval since previous claim,INVESTIGATE_FURTHER
INV000314,CL023879,CLOSED,HIGH,multiple previous claims on record; short interval since previous claim,INVESTIGATE_FURTHER
INV000315,CL026347,CLOSED,MEDIUM,multiple previous claims on record; short interval since previous claim; repair shop has an elevated historical investigation rate,APPROVE
INV000316,CL015837,IN_PROGRESS,MEDIUM,claim amount high relative to vehicle value; repair shop has an elevated historical investigation rate,
INV000317,CL006936,CLOSED,LOW,policy created shortly before incident; multiple previous claims on record; short interval since previous claim,APPROVE
INV000318,CL020682,IN_PROGRESS,HIGH,policy created shortly before incident; repair shop has an elevated historical investigation rate,
INV000319,CL004422,CLOSED,HIGH,claim amount high relative to vehicle value; multiple previous claims on record; short interval since previous claim,REQUEST_DOCUMENTS
INV000320,CL010346,CLOSED,LOW,claim amount high relative to vehicle value; multiple previous claims on record; short interval since previous claim,REJECT
INV000321,CL018449,CLOSED,MEDIUM,multiple previous claims on record; short interval since previous claim; repair shop has an elevated historical investigation rate,APPROVE
INV000322,CL022195,CLOSED,LOW,policy created shortly before incident,REJECT
INV000323,CL008711,CLOSED,MEDIUM,multiple previous claims on record; short interval since previous claim,REJECT
INV000324,CL029073,CLOSED,MEDIUM,multiple previous claims on record; short interval since previous claim,APPROVE
INV000325,CL029076,CLOSED,HIGH,policy created shortly before incident; claim amount high relative to vehicle value; short interval since previous claim,APPROVE
INV000326,CL007849,CLOSED,HIGH,policy created shortly before incident; multiple previous claims on record; short interval since previous claim,APPROVE
INV000327,CL019562,IN_PROGRESS,HIGH,anomalous pattern flagged by risk model,
INV000328,CL029363,CLOSED,HIGH,short interval since previous claim; repair shop has an elevated historical investigation rate,APPROVE
INV000329,CL018693,IN_PROGRESS,HIGH,claim amount high relative to vehicle value,
INV000330,CL023428,CLOSED,LOW,claim amount high relative to vehicle value; multiple previous claims on record; short interval since previous claim,APPROVE
INV000331,CL018983,CLOSED,MEDIUM,claim amount high relative to vehicle value; short interval since previous claim; repair shop has an elevated historical investigation rate,APPROVE
INV000332,CL007997,CLOSED,MEDIUM,multiple previous claims on record,REQUEST_DOCUMENTS
INV000333,CL012237,CLOSED,MEDIUM,repair shop has an elevated historical investigation rate,APPROVE
INV000334,CL008969,IN_PROGRESS,MEDIUM,claim amount high relative to vehicle value; multiple previous claims on record; short interval since previous claim,
INV000335,CL013131,IN_PROGRESS,HIGH,claim amount high relative to vehicle value; multiple previous claims on record; short interval since previous claim; repair shop has an elevated historical investigation rate,
INV000336,CL005776,CLOSED,MEDIUM,multiple previous claims on record; short interval since previous claim; repair shop has an elevated historical investigation rate,REQUEST_DOCUMENTS
INV000337,CL005027,CLOSED,MEDIUM,claim amount high relative to vehicle value; multiple previous claims on record; short interval since previous claim,REQUEST_DOCUMENTS
INV000338,CL012765,CLOSED,HIGH,claim amount high relative to vehicle value; multiple previous claims on record; short interval since previous claim,APPROVE
INV000339,CL025809,CLOSED,MEDIUM,claim amount high relative to vehicle value,INVESTIGATE_FURTHER
INV000340,CL016372,CLOSED,MEDIUM,multiple previous claims on record; short interval since previous claim,REQUEST_DOCUMENTS
INV000341,CL008491,CLOSED,MEDIUM,claim amount high relative to vehicle value,APPROVE
INV000342,CL025133,CLOSED,MEDIUM,multiple previous claims on record; short interval since previous claim,APPROVE
INV000343,CL013600,CLOSED,MEDIUM,claim amount high relative to vehicle value; multiple previous claims on record; short interval since previous claim; repair shop has an elevated historical investigation rate,REQUEST_DOCUMENTS
INV000344,CL021614,CLOSED,MEDIUM,multiple previous claims on record; repair shop has an elevated historical investigation rate,REQUEST_DOCUMENTS
INV000345,CL004364,CLOSED,MEDIUM,multiple previous claims on record; short interval since previous claim,REQUEST_DOCUMENTS
INV000346,CL011805,CLOSED,MEDIUM,short interval since previous claim; repair shop has an elevated historical investigation rate,REJECT
INV000347,CL029656,CLOSED,MEDIUM,claim amount high relative to vehicle value; multiple previous claims on record,APPROVE
INV000348,CL022594,IN_PROGRESS,HIGH,multiple previous claims on record; short interval since previous claim; repair shop has an elevated historical investigation rate,
INV000349,CL002404,CLOSED,LOW,multiple previous claims on record,INVESTIGATE_FURTHER
INV000350,CL020295,IN_PROGRESS,MEDIUM,multiple previous claims on record; short interval since previous claim,
INV000351,CL010191,CLOSED,HIGH,policy created shortly before incident; claim amount high relative to vehicle value; repair shop has an elevated historical investigation rate,REQUEST_DOCUMENTS
INV000352,CL005083,CLOSED,MEDIUM,multiple previous claims on record; short interval since previous claim; repair shop has an elevated historical investigation rate,REQUEST_DOCUMENTS
INV000353,CL008578,CLOSED,MEDIUM,policy created shortly before incident; multiple previous claims on record; short interval since previous claim; repair shop has an elevated historical investigation rate,APPROVE
INV000354,CL028745,IN_PROGRESS,MEDIUM,short interval since previous claim; repair shop has an elevated historical investigation rate,
INV000355,CL010109,IN_PROGRESS,LOW,short interval since previous claim,
INV000356,CL025890,CLOSED,MEDIUM,multiple previous claims on record; short interval since previous claim; repair shop has an elevated historical investigation rate,APPROVE
INV000357,CL023541,CLOSED,MEDIUM,claim amount high relative to vehicle value; multiple previous claims on record; short interval since previous claim; repair shop has an elevated historical investigation rate,REJECT
INV000358,CL023023,CLOSED,MEDIUM,claim amount high relative to vehicle value; multiple previous claims on record; repair shop has an elevated historical investigation rate,APPROVE
INV000359,CL027257,CLOSED,LOW,claim amount high relative to vehicle value; multiple previous claims on record,APPROVE
INV000360,CL002936,IN_PROGRESS,LOW,multiple previous claims on record; short interval since previous claim,
INV000361,CL016597,CLOSED,MEDIUM,multiple previous claims on record; short interval since previous claim,APPROVE
INV000362,CL024664,IN_PROGRESS,HIGH,policy created shortly before incident; claim amount high relative to vehicle value; short interval since previous claim,
INV000363,CL003953,CLOSED,MEDIUM,claim amount high relative to vehicle value; multiple previous claims on record; short interval since previous claim; repair shop has an elevated historical investigation rate,APPROVE
INV000364,CL003102,CLOSED,HIGH,multiple previous claims on record; short interval since previous claim; repair shop has an elevated historical investigation rate,APPROVE
INV000365,CL012824,CLOSED,HIGH,claim amount high relative to vehicle value; multiple previous claims on record; repair shop has an elevated historical investigation rate,INVESTIGATE_FURTHER
INV000366,CL010090,CLOSED,HIGH,multiple previous claims on record,APPROVE
INV000367,CL025765,IN_PROGRESS,MEDIUM,policy created shortly before incident; multiple previous claims on record; short interval since previous claim,
INV000368,CL024498,IN_PROGRESS,LOW,short interval since previous claim; repair shop has an elevated historical investigation rate,
INV000369,CL006469,CLOSED,HIGH,multiple previous claims on record; short interval since previous claim,APPROVE
INV000370,CL002999,CLOSED,MEDIUM,multiple previous claims on record; short interval since previous claim,APPROVE
INV000371,CL002087,CLOSED,MEDIUM,claim amount high relative to vehicle value; multiple previous claims on record; short interval since previous claim,REQUEST_DOCUMENTS
INV000372,CL022992,CLOSED,MEDIUM,policy created shortly before incident; claim amount high relative to vehicle value; short interval since previous claim,INVESTIGATE_FURTHER
INV000373,CL019774,CLOSED,HIGH,multiple previous claims on record; short interval since previous claim,APPROVE
INV000374,CL026124,CLOSED,HIGH,multiple previous claims on record,APPROVE
INV000375,CL002373,IN_PROGRESS,HIGH,multiple previous claims on record,
INV000376,CL029082,IN_PROGRESS,MEDIUM,claim amount high relative to vehicle value; multiple previous claims on record,
INV000377,CL027532,CLOSED,MEDIUM,claim amount high relative to vehicle value; multiple previous claims on record,APPROVE
INV000378,CL010696,CLOSED,HIGH,claim amount high relative to vehicle value; multiple previous claims on record; short interval since previous claim; repair shop has an elevated historical investigation rate,APPROVE
INV000379,CL004327,CLOSED,HIGH,claim amount high relative to vehicle value; multiple previous claims on record; short interval since previous claim,APPROVE
INV000380,CL027826,CLOSED,MEDIUM,multiple previous claims on record; short interval since previous claim; repair shop has an elevated historical investigation rate,APPROVE
INV000381,CL025774,CLOSED,LOW,claim amount high relative to vehicle value; multiple previous claims on record; short interval since previous claim; repair shop has an elevated historical investigation rate,APPROVE
INV000382,CL025105,CLOSED,MEDIUM,multiple previous claims on record,APPROVE
INV000383,CL014919,CLOSED,LOW,multiple previous claims on record; short interval since previous claim; repair shop has an elevated historical investigation rate,APPROVE
INV000384,CL011668,CLOSED,MEDIUM,multiple previous claims on record; short interval since previous claim; repair shop has an elevated historical investigation rate,APPROVE
INV000385,CL021915,IN_PROGRESS,HIGH,claim amount high relative to vehicle value,
INV000386,CL023810,IN_PROGRESS,MEDIUM,claim amount high relative to vehicle value; multiple previous claims on record; short interval since previous claim,
INV000387,CL015245,CLOSED,HIGH,anomalous pattern flagged by risk model,REQUEST_DOCUMENTS
INV000388,CL006582,CLOSED,LOW,multiple previous claims on record; short interval since previous claim; repair shop has an elevated historical investigation rate,REJECT
INV000389,CL001975,CLOSED,HIGH,claim amount high relative to vehicle value,REQUEST_DOCUMENTS
INV000390,CL027864,CLOSED,MEDIUM,multiple previous claims on record; short interval since previous claim; repair shop has an elevated historical investigation rate,APPROVE
INV000391,CL017563,IN_PROGRESS,LOW,policy created shortly before incident; short interval since previous claim; repair shop has an elevated historical investigation rate,
INV000392,CL018356,CLOSED,HIGH,multiple previous claims on record; short interval since previous claim,INVESTIGATE_FURTHER
INV000393,CL008854,CLOSED,MEDIUM,claim amount high relative to vehicle value; multiple previous claims on record; short interval since previous claim,REQUEST_DOCUMENTS
INV000394,CL009720,IN_PROGRESS,MEDIUM,claim amount high relative to vehicle value; short interval since previous claim,
INV000395,CL019742,CLOSED,MEDIUM,claim amount high relative to vehicle value; multiple previous claims on record; short interval since previous claim; repair shop has an elevated historical investigation rate,APPROVE
INV000396,CL021728,IN_PROGRESS,HIGH,multiple previous claims on record; short interval since previous claim,
INV000397,CL020236,CLOSED,LOW,claim amount high relative to vehicle value; multiple previous claims on record; repair shop has an elevated historical investigation rate,REQUEST_DOCUMENTS
INV000398,CL020105,IN_PROGRESS,HIGH,multiple previous claims on record; short interval since previous claim; repair shop has an elevated historical investigation rate,
INV000399,CL010687,CLOSED,MEDIUM,multiple previous claims on record; short interval since previous claim; repair shop has an elevated historical investigation rate,APPROVE
INV000400,CL000320,IN_PROGRESS,MEDIUM,multiple previous claims on record; short interval since previous claim,
INV000401,CL020103,IN_PROGRESS,HIGH,multiple previous claims on record; repair shop has an elevated historical investigation rate,
INV000402,CL012538,IN_PROGRESS,HIGH,multiple previous claims on record; short interval since previous claim; repair shop has an elevated historical investigation rate,
INV000403,CL017777,CLOSED,LOW,multiple previous claims on record; short interval since previous claim; repair shop has an elevated historical investigation rate,APPROVE
INV000404,CL001355,CLOSED,LOW,claim amount high relative to vehicle value; multiple previous claims on record; short interval since previous claim,APPROVE
INV000405,CL027800,CLOSED,MEDIUM,claim amount high relative to vehicle value,APPROVE
INV000406,CL025789,CLOSED,HIGH,policy created shortly before incident,APPROVE
INV000407,CL002421,IN_PROGRESS,MEDIUM,multiple previous claims on record; repair shop has an elevated historical investigation rate,
INV000408,CL012247,CLOSED,HIGH,anomalous pattern flagged by risk model,REQUEST_DOCUMENTS
INV000409,CL005613,IN_PROGRESS,LOW,policy created shortly before incident; short interval since previous claim,
INV000410,CL018844,IN_PROGRESS,MEDIUM,short interval since previous claim; repair shop has an elevated historical investigation rate,
INV000411,CL010031,IN_PROGRESS,MEDIUM,claim amount high relative to vehicle value; multiple previous claims on record; short interval since previous claim,
INV000412,CL000262,IN_PROGRESS,MEDIUM,multiple previous claims on record,
INV000413,CL026074,IN_PROGRESS,MEDIUM,claim amount high relative to vehicle value; multiple previous claims on record; short interval since previous claim,
INV000414,CL019192,CLOSED,MEDIUM,claim amount high relative to vehicle value; multiple previous claims on record,REQUEST_DOCUMENTS
INV000415,CL001208,CLOSED,LOW,multiple previous claims on record; short interval since previous claim,APPROVE
INV000416,CL007142,IN_PROGRESS,HIGH,multiple previous claims on record; short interval since previous claim,
INV000417,CL020929,IN_PROGRESS,LOW,multiple previous claims on record; short interval since previous claim,
INV000418,CL012597,IN_PROGRESS,HIGH,multiple previous claims on record; short interval since previous claim,
INV000419,CL002890,CLOSED,HIGH,claim amount high relative to vehicle value; multiple previous claims on record,APPROVE
INV000420,CL013205,CLOSED,HIGH,multiple previous claims on record; short interval since previous claim,APPROVE
INV000421,CL012792,CLOSED,LOW,claim amount high relative to vehicle value,APPROVE
INV000422,CL024907,CLOSED,LOW,multiple previous claims on record; short interval since previous claim,APPROVE
INV000423,CL002355,IN_PROGRESS,MEDIUM,multiple previous claims on record; short interval since previous claim,
INV000424,CL007841,CLOSED,HIGH,multiple previous claims on record; short interval since previous claim,APPROVE
INV000425,CL022056,CLOSED,HIGH,multiple previous claims on record; short interval since previous claim,REQUEST_DOCUMENTS
INV000426,CL020029,IN_PROGRESS,MEDIUM,policy created shortly before incident; repair shop has an elevated historical investigation rate,
INV000427,CL017569,CLOSED,LOW,claim amount high relative to vehicle value; multiple previous claims on record; short interval since previous claim; repair shop has an elevated historical investigation rate,APPROVE
INV000428,CL004181,IN_PROGRESS,LOW,multiple previous claims on record; short interval since previous claim; repair shop has an elevated historical investigation rate,
INV000429,CL026430,CLOSED,MEDIUM,multiple previous claims on record; short interval since previous claim,REJECT
INV000430,CL006224,CLOSED,MEDIUM,policy created shortly before incident; repair shop has an elevated historical investigation rate,REJECT
INV000431,CL009027,CLOSED,MEDIUM,multiple previous claims on record,REQUEST_DOCUMENTS
INV000432,CL025707,CLOSED,HIGH,multiple previous claims on record,APPROVE
INV000433,CL029135,CLOSED,LOW,short interval since previous claim,INVESTIGATE_FURTHER
INV000434,CL023827,CLOSED,LOW,multiple previous claims on record; repair shop has an elevated historical investigation rate,REQUEST_DOCUMENTS
INV000435,CL013428,IN_PROGRESS,MEDIUM,multiple previous claims on record; short interval since previous claim,
INV000436,CL017514,CLOSED,MEDIUM,anomalous pattern flagged by risk model,REQUEST_DOCUMENTS
INV000437,CL020950,IN_PROGRESS,MEDIUM,claim amount high relative to vehicle value; multiple previous claims on record; short interval since previous claim,
INV000438,CL013347,CLOSED,MEDIUM,multiple previous claims on record; repair shop has an elevated historical investigation rate,APPROVE
INV000439,CL005230,IN_PROGRESS,HIGH,policy created shortly before incident; claim amount high relative to vehicle value; multiple previous claims on record; short interval since previous claim,
INV000440,CL017605,CLOSED,MEDIUM,multiple previous claims on record,APPROVE
INV000441,CL029354,CLOSED,HIGH,multiple previous claims on record; short interval since previous claim; repair shop has an elevated historical investigation rate,APPROVE
INV000442,CL022824,CLOSED,HIGH,anomalous pattern flagged by risk model,APPROVE
INV000443,CL020391,IN_PROGRESS,MEDIUM,multiple previous claims on record; short interval since previous claim,
INV000444,CL002169,IN_PROGRESS,HIGH,claim amount high relative to vehicle value; multiple previous claims on record; short interval since previous claim,
INV000445,CL028791,CLOSED,LOW,multiple previous claims on record; repair shop has an elevated historical investigation rate,REQUEST_DOCUMENTS
INV000446,CL017806,IN_PROGRESS,MEDIUM,multiple previous claims on record; short interval since previous claim; repair shop has an elevated historical investigation rate,
INV000447,CL022840,CLOSED,HIGH,short interval since previous claim,INVESTIGATE_FURTHER
INV000448,CL012008,CLOSED,HIGH,multiple previous claims on record; short interval since previous claim,REQUEST_DOCUMENTS
INV000449,CL025673,CLOSED,MEDIUM,policy created shortly before incident; multiple previous claims on record; short interval since previous claim,REQUEST_DOCUMENTS
INV000450,CL002374,IN_PROGRESS,MEDIUM,multiple previous claims on record,
INV000451,CL015360,CLOSED,LOW,claim amount high relative to vehicle value; multiple previous claims on record; short interval since previous claim,APPROVE
INV000452,CL023823,IN_PROGRESS,MEDIUM,multiple previous claims on record; short interval since previous claim; repair shop has an elevated historical investigation rate,
INV000453,CL024940,CLOSED,HIGH,short interval since previous claim,APPROVE
INV000454,CL007711,CLOSED,LOW,multiple previous claims on record,INVESTIGATE_FURTHER
INV000455,CL018850,CLOSED,MEDIUM,multiple previous claims on record; short interval since previous claim; repair shop has an elevated historical investigation rate,APPROVE
INV000456,CL008720,IN_PROGRESS,LOW,multiple previous claims on record,
INV000457,CL000121,CLOSED,MEDIUM,multiple previous claims on record; short interval since previous claim; repair shop has an elevated historical investigation rate,APPROVE
INV000458,CL027091,IN_PROGRESS,HIGH,multiple previous claims on record,
INV000459,CL026726,CLOSED,HIGH,multiple previous claims on record; short interval since previous claim; repair shop has an elevated historical investigation rate,APPROVE
INV000460,CL026937,CLOSED,HIGH,multiple previous claims on record; short interval since previous claim,APPROVE
INV000461,CL002463,CLOSED,MEDIUM,policy created shortly before incident; repair shop has an elevated historical investigation rate,INVESTIGATE_FURTHER
INV000462,CL018572,CLOSED,HIGH,multiple previous claims on record; repair shop has an elevated historical investigation rate,APPROVE
INV000463,CL001762,CLOSED,LOW,multiple previous claims on record; short interval since previous claim,INVESTIGATE_FURTHER
INV000464,CL012341,CLOSED,MEDIUM,multiple previous claims on record; repair shop has an elevated historical investigation rate,APPROVE
INV000465,CL012822,CLOSED,LOW,multiple previous claims on record; short interval since previous claim; repair shop has an elevated historical investigation rate,INVESTIGATE_FURTHER
INV000466,CL016422,IN_PROGRESS,MEDIUM,policy created shortly before incident; short interval since previous claim; repair shop has an elevated historical investigation rate,
INV000467,CL019788,CLOSED,LOW,multiple previous claims on record; repair shop has an elevated historical investigation rate,APPROVE
INV000468,CL025450,CLOSED,MEDIUM,multiple previous claims on record,APPROVE
INV000469,CL023718,CLOSED,HIGH,multiple previous claims on record,REQUEST_DOCUMENTS
INV000470,CL004963,IN_PROGRESS,MEDIUM,claim amount high relative to vehicle value; multiple previous claims on record; repair shop has an elevated historical investigation rate,
INV000471,CL020176,IN_PROGRESS,HIGH,anomalous pattern flagged by risk model,
INV000472,CL029942,CLOSED,LOW,multiple previous claims on record; repair shop has an elevated historical investigation rate,APPROVE
INV000473,CL004808,IN_PROGRESS,MEDIUM,multiple previous claims on record; short interval since previous claim,
INV000474,CL008788,CLOSED,MEDIUM,multiple previous claims on record; short interval since previous claim,INVESTIGATE_FURTHER
INV000475,CL017295,CLOSED,HIGH,multiple previous claims on record; repair shop has an elevated historical investigation rate,REJECT
INV000476,CL023632,CLOSED,LOW,claim amount high relative to vehicle value; multiple previous claims on record; short interval since previous claim,INVESTIGATE_FURTHER
INV000477,CL016197,IN_PROGRESS,MEDIUM,multiple previous claims on record; short interval since previous claim; repair shop has an elevated historical investigation rate,
INV000478,CL005413,CLOSED,MEDIUM,multiple previous claims on record; short interval since previous claim; repair shop has an elevated historical investigation rate,REQUEST_DOCUMENTS
INV000479,CL011264,CLOSED,MEDIUM,claim amount high relative to vehicle value; multiple previous claims on record; short interval since previous claim,REJECT
INV000480,CL019549,CLOSED,HIGH,claim amount high relative to vehicle value; multiple previous claims on record; short interval since previous claim,APPROVE
INV000481,CL012855,CLOSED,HIGH,multiple previous claims on record; short interval since previous claim; repair shop has an elevated historical investigation rate,REQUEST_DOCUMENTS
INV000482,CL023914,IN_PROGRESS,HIGH,claim amount high relative to vehicle value; multiple previous claims on record; short interval since previous claim,
INV000483,CL000265,CLOSED,MEDIUM,claim amount high relative to vehicle value; multiple previous claims on record; short interval since previous claim,REQUEST_DOCUMENTS
INV000484,CL010164,CLOSED,HIGH,claim amount high relative to vehicle value; multiple previous claims on record; short interval since previous claim,REJECT
INV000485,CL005709,CLOSED,MEDIUM,claim amount high relative to vehicle value; short interval since previous claim,INVESTIGATE_FURTHER
INV000486,CL000176,IN_PROGRESS,MEDIUM,claim amount high relative to vehicle value; multiple previous claims on record,
INV000487,CL017669,CLOSED,MEDIUM,multiple previous claims on record; repair shop has an elevated historical investigation rate,APPROVE
INV000488,CL020392,CLOSED,LOW,multiple previous claims on record; short interval since previous claim; repair shop has an elevated historical investigation rate,APPROVE
INV000489,CL023421,IN_PROGRESS,MEDIUM,short interval since previous claim; repair shop has an elevated historical investigation rate,
INV000490,CL026275,CLOSED,LOW,multiple previous claims on record; short interval since previous claim; repair shop has an elevated historical investigation rate,APPROVE
INV000491,CL018239,CLOSED,LOW,multiple previous claims on record; short interval since previous claim; repair shop has an elevated historical investigation rate,REQUEST_DOCUMENTS
INV000492,CL024798,IN_PROGRESS,HIGH,claim amount high relative to vehicle value,
INV000493,CL014793,IN_PROGRESS,MEDIUM,claim amount high relative to vehicle value; multiple previous claims on record,
INV000494,CL001799,CLOSED,MEDIUM,multiple previous claims on record; short interval since previous claim,APPROVE
INV000495,CL016158,CLOSED,HIGH,claim amount high relative to vehicle value; multiple previous claims on record; short interval since previous claim; repair shop has an elevated historical investigation rate,APPROVE
INV000496,CL001961,CLOSED,LOW,claim amount high relative to vehicle value; multiple previous claims on record; repair shop has an elevated historical investigation rate,REJECT
INV000497,CL008842,CLOSED,MEDIUM,multiple previous claims on record; short interval since previous claim,APPROVE
INV000498,CL011159,IN_PROGRESS,MEDIUM,policy created shortly before incident,
INV000499,CL024980,IN_PROGRESS,MEDIUM,short interval since previous claim,
INV000500,CL016547,IN_PROGRESS,LOW,multiple previous claims on record; short interval since previous claim; repair shop has an elevated historical investigation rate,
INV000501,CL008957,CLOSED,MEDIUM,multiple previous claims on record; short interval since previous claim; repair shop has an elevated historical investigation rate,INVESTIGATE_FURTHER
INV000502,CL008572,CLOSED,MEDIUM,multiple previous claims on record; short interval since previous claim,REQUEST_DOCUMENTS
INV000503,CL001698,IN_PROGRESS,MEDIUM,claim amount high relative to vehicle value; multiple previous claims on record; short interval since previous claim,
INV000504,CL009898,IN_PROGRESS,LOW,claim amount high relative to vehicle value; multiple previous claims on record; repair shop has an elevated historical investigation rate,
INV000505,CL004029,CLOSED,MEDIUM,multiple previous claims on record; short interval since previous claim; repair shop has an elevated historical investigation rate,REQUEST_DOCUMENTS
INV000506,CL012874,IN_PROGRESS,LOW,claim amount high relative to vehicle value; multiple previous claims on record; repair shop has an elevated historical investigation rate,
INV000507,CL003155,IN_PROGRESS,HIGH,repair shop has an elevated historical investigation rate,
INV000508,CL010554,CLOSED,HIGH,anomalous pattern flagged by risk model,REQUEST_DOCUMENTS
INV000509,CL017151,IN_PROGRESS,MEDIUM,claim amount high relative to vehicle value; multiple previous claims on record; short interval since previous claim,
INV000510,CL018306,CLOSED,HIGH,multiple previous claims on record; short interval since previous claim,INVESTIGATE_FURTHER
INV000511,CL013105,CLOSED,HIGH,claim amount high relative to vehicle value; multiple previous claims on record; short interval since previous claim; repair shop has an elevated historical investigation rate,APPROVE
INV000512,CL001036,CLOSED,MEDIUM,multiple previous claims on record; short interval since previous claim,APPROVE
INV000513,CL005657,CLOSED,MEDIUM,claim amount high relative to vehicle value; multiple previous claims on record; repair shop has an elevated historical investigation rate,INVESTIGATE_FURTHER
INV000514,CL018554,IN_PROGRESS,MEDIUM,anomalous pattern flagged by risk model,
INV000515,CL026381,IN_PROGRESS,HIGH,short interval since previous claim; repair shop has an elevated historical investigation rate,
INV000516,CL012917,IN_PROGRESS,MEDIUM,multiple previous claims on record; short interval since previous claim; repair shop has an elevated historical investigation rate,
INV000517,CL006888,CLOSED,HIGH,multiple previous claims on record; short interval since previous claim,INVESTIGATE_FURTHER
INV000518,CL013732,CLOSED,HIGH,multiple previous claims on record; short interval since previous claim,INVESTIGATE_FURTHER
INV000519,CL027482,CLOSED,HIGH,multiple previous claims on record; short interval since previous claim; repair shop has an elevated historical investigation rate,APPROVE
INV000520,CL000270,CLOSED,MEDIUM,multiple previous claims on record; short interval since previous claim,APPROVE
INV000521,CL003943,IN_PROGRESS,HIGH,anomalous pattern flagged by risk model,
INV000522,CL015330,CLOSED,MEDIUM,anomalous pattern flagged by risk model,APPROVE
INV000523,CL002548,CLOSED,HIGH,policy created shortly before incident; claim amount high relative to vehicle value; multiple previous claims on record,INVESTIGATE_FURTHER
INV000524,CL003185,CLOSED,HIGH,multiple previous claims on record; short interval since previous claim; repair shop has an elevated historical investigation rate,REQUEST_DOCUMENTS
INV000525,CL014613,CLOSED,HIGH,repair shop has an elevated historical investigation rate,REQUEST_DOCUMENTS
INV000526,CL016551,IN_PROGRESS,LOW,multiple previous claims on record,
INV000527,CL001230,CLOSED,MEDIUM,multiple previous claims on record,APPROVE
INV000528,CL002497,IN_PROGRESS,MEDIUM,claim amount high relative to vehicle value,
INV000529,CL015126,CLOSED,MEDIUM,claim amount high relative to vehicle value; multiple previous claims on record; short interval since previous claim,REQUEST_DOCUMENTS
INV000530,CL019500,CLOSED,MEDIUM,multiple previous claims on record; short interval since previous claim,REQUEST_DOCUMENTS
INV000531,CL004786,CLOSED,MEDIUM,multiple previous claims on record; short interval since previous claim,APPROVE
INV000532,CL028048,CLOSED,MEDIUM,short interval since previous claim,REQUEST_DOCUMENTS
INV000533,CL001224,CLOSED,HIGH,claim amount high relative to vehicle value; multiple previous claims on record; short interval since previous claim; repair shop has an elevated historical investigation rate,APPROVE
INV000534,CL022227,CLOSED,LOW,claim amount high relative to vehicle value; multiple previous claims on record,APPROVE
INV000535,CL024074,IN_PROGRESS,LOW,multiple previous claims on record; short interval since previous claim,
INV000536,CL001760,CLOSED,LOW,claim amount high relative to vehicle value; multiple previous claims on record; repair shop has an elevated historical investigation rate,APPROVE
INV000537,CL004114,IN_PROGRESS,LOW,multiple previous claims on record,
INV000538,CL003896,CLOSED,HIGH,claim amount high relative to vehicle value; multiple previous claims on record,INVESTIGATE_FURTHER
INV000539,CL010992,IN_PROGRESS,MEDIUM,multiple previous claims on record; short interval since previous claim,
INV000540,CL019449,IN_PROGRESS,HIGH,claim amount high relative to vehicle value; multiple previous claims on record; short interval since previous claim,
INV000541,CL023022,CLOSED,MEDIUM,multiple previous claims on record; repair shop has an elevated historical investigation rate,APPROVE
INV000542,CL010563,IN_PROGRESS,LOW,multiple previous claims on record; short interval since previous claim,
INV000543,CL005000,CLOSED,MEDIUM,multiple previous claims on record; short interval since previous claim,REQUEST_DOCUMENTS
INV000544,CL015677,CLOSED,HIGH,multiple previous claims on record; short interval since previous claim,APPROVE
INV000545,CL015424,CLOSED,MEDIUM,short interval since previous claim; repair shop has an elevated historical investigation rate,REQUEST_DOCUMENTS
INV000546,CL016359,CLOSED,MEDIUM,claim amount high relative to vehicle value; multiple previous claims on record; repair shop has an elevated historical investigation rate,INVESTIGATE_FURTHER
INV000547,CL010948,CLOSED,MEDIUM,claim amount high relative to vehicle value; multiple previous claims on record,REJECT
INV000548,CL018660,CLOSED,HIGH,multiple previous claims on record,APPROVE
INV000549,CL014237,CLOSED,LOW,multiple previous claims on record,INVESTIGATE_FURTHER
INV000550,CL008806,CLOSED,LOW,multiple previous claims on record,INVESTIGATE_FURTHER
INV000551,CL001337,CLOSED,HIGH,multiple previous claims on record,APPROVE
INV000552,CL013579,CLOSED,HIGH,multiple previous claims on record,INVESTIGATE_FURTHER
INV000553,CL027859,CLOSED,HIGH,multiple previous claims on record; short interval since previous claim; repair shop has an elevated historical investigation rate,INVESTIGATE_FURTHER
INV000554,CL018817,IN_PROGRESS,MEDIUM,policy created shortly before incident; multiple previous claims on record; repair shop has an elevated historical investigation rate,
INV000555,CL028733,CLOSED,HIGH,multiple previous claims on record,APPROVE
INV000556,CL018023,IN_PROGRESS,HIGH,multiple previous claims on record; short interval since previous claim; repair shop has an elevated historical investigation rate,
INV000557,CL028118,IN_PROGRESS,LOW,multiple previous claims on record; short interval since previous claim,
INV000558,CL014139,IN_PROGRESS,HIGH,policy created shortly before incident; repair shop has an elevated historical investigation rate,
INV000559,CL007381,IN_PROGRESS,LOW,policy created shortly before incident; repair shop has an elevated historical investigation rate,
INV000560,CL010140,CLOSED,LOW,multiple previous claims on record; short interval since previous claim,INVESTIGATE_FURTHER
INV000561,CL014833,CLOSED,LOW,claim amount high relative to vehicle value; multiple previous claims on record; repair shop has an elevated historical investigation rate,APPROVE
INV000562,CL011324,IN_PROGRESS,MEDIUM,claim amount high relative to vehicle value; multiple previous claims on record; repair shop has an elevated historical investigation rate,
INV000563,CL027694,CLOSED,LOW,claim amount high relative to vehicle value; multiple previous claims on record; short interval since previous claim,APPROVE
INV000564,CL019110,CLOSED,MEDIUM,policy created shortly before incident; repair shop has an elevated historical investigation rate,INVESTIGATE_FURTHER
INV000565,CL029648,IN_PROGRESS,MEDIUM,multiple previous claims on record; short interval since previous claim,
INV000566,CL028384,CLOSED,MEDIUM,multiple previous claims on record; short interval since previous claim,INVESTIGATE_FURTHER
INV000567,CL029598,CLOSED,HIGH,multiple previous claims on record; short interval since previous claim,APPROVE
INV000568,CL004752,CLOSED,MEDIUM,claim amount high relative to vehicle value; multiple previous claims on record,REQUEST_DOCUMENTS
INV000569,CL011929,CLOSED,MEDIUM,claim amount high relative to vehicle value; multiple previous claims on record; repair shop has an elevated historical investigation rate,INVESTIGATE_FURTHER
INV000570,CL027998,CLOSED,HIGH,multiple previous claims on record; repair shop has an elevated historical investigation rate,APPROVE
INV000571,CL016467,IN_PROGRESS,MEDIUM,multiple previous claims on record; short interval since previous claim,
INV000572,CL028610,CLOSED,HIGH,policy created shortly before incident; claim amount high relative to vehicle value; multiple previous claims on record; short interval since previous claim; repair shop has an elevated historical investigation rate,INVESTIGATE_FURTHER
INV000573,CL017157,CLOSED,HIGH,multiple previous claims on record; short interval since previous claim; repair shop has an elevated historical investigation rate,APPROVE
INV000574,CL008755,CLOSED,MEDIUM,repair shop has an elevated historical investigation rate,APPROVE
INV000575,CL020255,CLOSED,MEDIUM,multiple previous claims on record; short interval since previous claim,APPROVE
INV000576,CL008569,CLOSED,HIGH,multiple previous claims on record; short interval since previous claim,APPROVE
INV000577,CL011665,CLOSED,MEDIUM,multiple previous claims on record; short interval since previous claim,APPROVE
INV000578,CL002751,IN_PROGRESS,MEDIUM,multiple previous claims on record; short interval since previous claim,
INV000579,CL025309,IN_PROGRESS,HIGH,multiple previous claims on record; short interval since previous claim,
INV000580,CL024010,IN_PROGRESS,MEDIUM,multiple previous claims on record; short interval since previous claim; repair shop has an elevated historical investigation rate,
INV000581,CL007128,CLOSED,HIGH,anomalous pattern flagged by risk model,REJECT
INV000582,CL009869,IN_PROGRESS,MEDIUM,claim amount high relative to vehicle value; multiple previous claims on record,
INV000583,CL017729,CLOSED,MEDIUM,claim amount high relative to vehicle value; repair shop has an elevated historical investigation rate,REQUEST_DOCUMENTS
INV000584,CL022652,CLOSED,MEDIUM,multiple previous claims on record; short interval since previous claim,APPROVE
INV000585,CL005504,IN_PROGRESS,HIGH,multiple previous claims on record; short interval since previous claim,
INV000586,CL017018,CLOSED,LOW,multiple previous claims on record; short interval since previous claim,APPROVE
INV000587,CL009942,IN_PROGRESS,MEDIUM,short interval since previous claim; repair shop has an elevated historical investigation rate,
INV000588,CL000707,IN_PROGRESS,HIGH,multiple previous claims on record; short interval since previous claim; repair shop has an elevated historical investigation rate,
INV000589,CL012421,CLOSED,MEDIUM,multiple previous claims on record; short interval since previous claim,APPROVE
INV000590,CL028198,CLOSED,LOW,multiple previous claims on record; short interval since previous claim,APPROVE
INV000591,CL013249,IN_PROGRESS,MEDIUM,claim amount high relative to vehicle value,
INV000592,CL017694,IN_PROGRESS,LOW,multiple previous claims on record; short interval since previous claim,
INV000593,CL005924,IN_PROGRESS,LOW,claim amount high relative to vehicle value; short interval since previous claim,
INV000594,CL021632,CLOSED,LOW,multiple previous claims on record; short interval since previous claim; repair shop has an elevated historical investigation rate,INVESTIGATE_FURTHER
INV000595,CL013609,CLOSED,HIGH,short interval since previous claim; repair shop has an elevated historical investigation rate,REJECT
INV000596,CL027986,IN_PROGRESS,MEDIUM,multiple previous claims on record; short interval since previous claim,
INV000597,CL028402,CLOSED,HIGH,multiple previous claims on record; short interval since previous claim,REQUEST_DOCUMENTS
INV000598,CL005839,CLOSED,HIGH,multiple previous claims on record; short interval since previous claim,APPROVE
INV000599,CL004669,CLOSED,MEDIUM,claim amount high relative to vehicle value; multiple previous claims on record; short interval since previous claim,APPROVE
INV000600,CL023565,CLOSED,MEDIUM,multiple previous claims on record; short interval since previous claim,REQUEST_DOCUMENTS
INV000601,CL001151,CLOSED,MEDIUM,multiple previous claims on record; short interval since previous claim,APPROVE
INV000602,CL024182,CLOSED,HIGH,multiple previous claims on record; short interval since previous claim; repair shop has an elevated historical investigation rate,REQUEST_DOCUMENTS
INV000603,CL015458,CLOSED,HIGH,repair shop has an elevated historical investigation rate,REQUEST_DOCUMENTS
INV000604,CL004047,CLOSED,MEDIUM,claim amount high relative to vehicle value; multiple previous claims on record; short interval since previous claim; repair shop has an elevated historical investigation rate,APPROVE
INV000605,CL005706,IN_PROGRESS,LOW,claim amount high relative to vehicle value; multiple previous claims on record; short interval since previous claim,
INV000606,CL018144,CLOSED,MEDIUM,multiple previous claims on record; short interval since previous claim,APPROVE
INV000607,CL017126,IN_PROGRESS,MEDIUM,policy created shortly before incident; claim amount high relative to vehicle value,
INV000608,CL008544,IN_PROGRESS,MEDIUM,anomalous pattern flagged by risk model,
INV000609,CL029271,IN_PROGRESS,MEDIUM,multiple previous claims on record; short interval since previous claim; repair shop has an elevated historical investigation rate,
INV000610,CL020402,IN_PROGRESS,MEDIUM,claim amount high relative to vehicle value; multiple previous claims on record; short interval since previous claim,
INV000611,CL017155,CLOSED,HIGH,multiple previous claims on record; short interval since previous claim; repair shop has an elevated historical investigation rate,APPROVE
INV000612,CL008214,CLOSED,LOW,anomalous pattern flagged by risk model,REQUEST_DOCUMENTS
INV000613,CL014323,IN_PROGRESS,MEDIUM,short interval since previous claim; repair shop has an elevated historical investigation rate,
INV000614,CL006417,CLOSED,MEDIUM,multiple previous claims on record; short interval since previous claim; repair shop has an elevated historical investigation rate,REQUEST_DOCUMENTS
INV000615,CL027682,IN_PROGRESS,LOW,multiple previous claims on record; short interval since previous claim,
INV000616,CL007019,CLOSED,MEDIUM,claim amount high relative to vehicle value; multiple previous claims on record,APPROVE
INV000617,CL029052,CLOSED,LOW,multiple previous claims on record,INVESTIGATE_FURTHER
INV000618,CL026707,CLOSED,MEDIUM,repair shop has an elevated historical investigation rate,REQUEST_DOCUMENTS
INV000619,CL010534,CLOSED,LOW,multiple previous claims on record; short interval since previous claim; repair shop has an elevated historical investigation rate,INVESTIGATE_FURTHER
INV000620,CL001706,CLOSED,HIGH,claim amount high relative to vehicle value; multiple previous claims on record,REQUEST_DOCUMENTS
INV000621,CL010672,CLOSED,LOW,claim amount high relative to vehicle value; multiple previous claims on record; short interval since previous claim,APPROVE
INV000622,CL024941,CLOSED,MEDIUM,multiple previous claims on record; short interval since previous claim,APPROVE
INV000623,CL018626,CLOSED,LOW,claim amount high relative to vehicle value; multiple previous claims on record; short interval since previous claim,APPROVE
INV000624,CL007240,CLOSED,MEDIUM,claim amount high relative to vehicle value; multiple previous claims on record,APPROVE
INV000625,CL022166,CLOSED,HIGH,multiple previous claims on record; short interval since previous claim; repair shop has an elevated historical investigation rate,APPROVE
INV000626,CL023194,CLOSED,HIGH,multiple previous claims on record; short interval since previous claim,INVESTIGATE_FURTHER
INV000627,CL000261,CLOSED,HIGH,multiple previous claims on record; short interval since previous claim,REQUEST_DOCUMENTS
INV000628,CL018540,IN_PROGRESS,HIGH,claim amount high relative to vehicle value; multiple previous claims on record; short interval since previous claim,
INV000629,CL023232,CLOSED,MEDIUM,multiple previous claims on record; short interval since previous claim,APPROVE
INV000630,CL009781,IN_PROGRESS,MEDIUM,anomalous pattern flagged by risk model,
INV000631,CL021291,CLOSED,HIGH,policy created shortly before incident; multiple previous claims on record,REQUEST_DOCUMENTS
INV000632,CL001044,CLOSED,MEDIUM,multiple previous claims on record; short interval since previous claim,REQUEST_DOCUMENTS
INV000633,CL025355,IN_PROGRESS,MEDIUM,policy created shortly before incident; claim amount high relative to vehicle value; multiple previous claims on record,
INV000634,CL029610,CLOSED,LOW,multiple previous claims on record; short interval since previous claim,APPROVE
INV000635,CL009362,CLOSED,HIGH,multiple previous claims on record; short interval since previous claim,APPROVE
INV000636,CL007476,CLOSED,HIGH,multiple previous claims on record; short interval since previous claim,REJECT
INV000637,CL016923,IN_PROGRESS,LOW,multiple previous claims on record; short interval since previous claim,
INV000638,CL003696,IN_PROGRESS,MEDIUM,repair shop has an elevated historical investigation rate,
INV000639,CL019446,CLOSED,HIGH,claim amount high relative to vehicle value; multiple previous claims on record,APPROVE
INV000640,CL006556,CLOSED,MEDIUM,claim amount high relative to vehicle value; multiple previous claims on record; short interval since previous claim,INVESTIGATE_FURTHER
INV000641,CL023694,CLOSED,LOW,multiple previous claims on record; short interval since previous claim,INVESTIGATE_FURTHER
INV000642,CL024627,IN_PROGRESS,MEDIUM,multiple previous claims on record; short interval since previous claim; repair shop has an elevated historical investigation rate,
INV000643,CL000759,IN_PROGRESS,MEDIUM,multiple previous claims on record; short interval since previous claim; repair shop has an elevated historical investigation rate,
INV000644,CL005629,IN_PROGRESS,MEDIUM,policy created shortly before incident; multiple previous claims on record; short interval since previous claim,
INV000645,CL019339,IN_PROGRESS,MEDIUM,repair shop has an elevated historical investigation rate,
INV000646,CL003345,CLOSED,LOW,multiple previous claims on record; short interval since previous claim; repair shop has an elevated historical investigation rate,APPROVE
INV000647,CL002398,CLOSED,MEDIUM,multiple previous claims on record; repair shop has an elevated historical investigation rate,APPROVE
INV000648,CL010818,CLOSED,MEDIUM,multiple previous claims on record; short interval since previous claim; repair shop has an elevated historical investigation rate,INVESTIGATE_FURTHER
INV000649,CL005336,IN_PROGRESS,MEDIUM,multiple previous claims on record; short interval since previous claim; repair shop has an elevated historical investigation rate,
INV000650,CL022628,IN_PROGRESS,HIGH,claim amount high relative to vehicle value; repair shop has an elevated historical investigation rate,
INV000651,CL013456,CLOSED,HIGH,short interval since previous claim; repair shop has an elevated historical investigation rate,APPROVE
INV000652,CL019133,IN_PROGRESS,HIGH,claim amount high relative to vehicle value; multiple previous claims on record; short interval since previous claim,
INV000653,CL003889,CLOSED,MEDIUM,multiple previous claims on record,APPROVE
INV000654,CL005261,IN_PROGRESS,MEDIUM,policy created shortly before incident; claim amount high relative to vehicle value; multiple previous claims on record; repair shop has an elevated historical investigation rate,
INV000655,CL025630,CLOSED,HIGH,multiple previous claims on record; short interval since previous claim; repair shop has an elevated historical investigation rate,APPROVE
INV000656,CL015881,CLOSED,LOW,claim amount high relative to vehicle value; multiple previous claims on record,REQUEST_DOCUMENTS
INV000657,CL020944,CLOSED,HIGH,multiple previous claims on record; short interval since previous claim; repair shop has an elevated historical investigation rate,APPROVE
INV000658,CL025999,CLOSED,MEDIUM,multiple previous claims on record; short interval since previous claim,APPROVE
INV000659,CL016410,CLOSED,HIGH,multiple previous claims on record; short interval since previous claim,APPROVE
INV000660,CL009155,IN_PROGRESS,MEDIUM,multiple previous claims on record; short interval since previous claim,
INV000661,CL005671,IN_PROGRESS,MEDIUM,multiple previous claims on record; short interval since previous claim,
INV000662,CL009312,CLOSED,LOW,multiple previous claims on record; short interval since previous claim; repair shop has an elevated historical investigation rate,REQUEST_DOCUMENTS
INV000663,CL019657,IN_PROGRESS,LOW,multiple previous claims on record; short interval since previous claim; repair shop has an elevated historical investigation rate,
INV000664,CL021257,CLOSED,HIGH,claim amount high relative to vehicle value; multiple previous claims on record; short interval since previous claim,REQUEST_DOCUMENTS
INV000665,CL026380,IN_PROGRESS,HIGH,multiple previous claims on record; short interval since previous claim; repair shop has an elevated historical investigation rate,
INV000666,CL006138,IN_PROGRESS,HIGH,policy created shortly before incident; short interval since previous claim,
INV000667,CL011160,CLOSED,HIGH,repair shop has an elevated historical investigation rate,REQUEST_DOCUMENTS
INV000668,CL024056,CLOSED,MEDIUM,short interval since previous claim; repair shop has an elevated historical investigation rate,REJECT
INV000669,CL019254,CLOSED,HIGH,multiple previous claims on record; short interval since previous claim,INVESTIGATE_FURTHER
INV000670,CL005232,IN_PROGRESS,HIGH,multiple previous claims on record; short interval since previous claim; repair shop has an elevated historical investigation rate,
INV000671,CL029026,IN_PROGRESS,LOW,multiple previous claims on record; short interval since previous claim,
INV000672,CL021689,CLOSED,LOW,anomalous pattern flagged by risk model,REQUEST_DOCUMENTS
INV000673,CL011973,CLOSED,LOW,claim amount high relative to vehicle value; multiple previous claims on record,APPROVE
INV000674,CL002330,IN_PROGRESS,LOW,multiple previous claims on record,
INV000675,CL010347,CLOSED,MEDIUM,policy created shortly before incident; multiple previous claims on record; short interval since previous claim,APPROVE
INV000676,CL018482,CLOSED,HIGH,claim amount high relative to vehicle value; multiple previous claims on record; short interval since previous claim,REQUEST_DOCUMENTS
INV000677,CL003976,IN_PROGRESS,LOW,repair shop has an elevated historical investigation rate,
INV000678,CL016964,IN_PROGRESS,HIGH,multiple previous claims on record; short interval since previous claim,
INV000679,CL008009,IN_PROGRESS,MEDIUM,claim amount high relative to vehicle value; multiple previous claims on record,
INV000680,CL015965,CLOSED,MEDIUM,policy created shortly before incident; short interval since previous claim,APPROVE
INV000681,CL027774,CLOSED,MEDIUM,multiple previous claims on record,APPROVE
INV000682,CL022648,CLOSED,HIGH,claim amount high relative to vehicle value; multiple previous claims on record; short interval since previous claim,REJECT
INV000683,CL000745,CLOSED,LOW,multiple previous claims on record; short interval since previous claim,INVESTIGATE_FURTHER
INV000684,CL011162,IN_PROGRESS,MEDIUM,claim amount high relative to vehicle value; multiple previous claims on record; short interval since previous claim; repair shop has an elevated historical investigation rate,
INV000685,CL026354,CLOSED,MEDIUM,claim amount high relative to vehicle value; multiple previous claims on record,APPROVE
INV000686,CL021545,CLOSED,HIGH,claim amount high relative to vehicle value,REJECT
INV000687,CL025575,CLOSED,HIGH,multiple previous claims on record; short interval since previous claim; repair shop has an elevated historical investigation rate,APPROVE
INV000688,CL022187,CLOSED,LOW,claim amount high relative to vehicle value; multiple previous claims on record; short interval since previous claim,REQUEST_DOCUMENTS
INV000689,CL029958,IN_PROGRESS,HIGH,claim amount high relative to vehicle value; multiple previous claims on record,
INV000690,CL003447,CLOSED,MEDIUM,multiple previous claims on record,INVESTIGATE_FURTHER
INV000691,CL000359,CLOSED,MEDIUM,claim amount high relative to vehicle value; repair shop has an elevated historical investigation rate,INVESTIGATE_FURTHER
INV000692,CL007589,CLOSED,MEDIUM,short interval since previous claim; repair shop has an elevated historical investigation rate,APPROVE
INV000693,CL007884,CLOSED,LOW,multiple previous claims on record; repair shop has an elevated historical investigation rate,APPROVE
INV000694,CL005406,CLOSED,MEDIUM,multiple previous claims on record; repair shop has an elevated historical investigation rate,APPROVE
INV000695,CL014881,IN_PROGRESS,MEDIUM,multiple previous claims on record; repair shop has an elevated historical investigation rate,
INV000696,CL006330,IN_PROGRESS,MEDIUM,repair shop has an elevated historical investigation rate,
INV000697,CL013232,IN_PROGRESS,HIGH,multiple previous claims on record; short interval since previous claim,
INV000698,CL003929,CLOSED,MEDIUM,multiple previous claims on record; short interval since previous claim,REQUEST_DOCUMENTS
INV000699,CL008671,CLOSED,HIGH,claim amount high relative to vehicle value; multiple previous claims on record; short interval since previous claim,APPROVE
INV000700,CL011714,CLOSED,MEDIUM,policy created shortly before incident; multiple previous claims on record; short interval since previous claim,REQUEST_DOCUMENTS
INV000701,CL008909,CLOSED,MEDIUM,multiple previous claims on record; short interval since previous claim; repair shop has an elevated historical investigation rate,REQUEST_DOCUMENTS
INV000702,CL019222,IN_PROGRESS,LOW,claim amount high relative to vehicle value; multiple previous claims on record,
INV000703,CL021508,CLOSED,MEDIUM,anomalous pattern flagged by risk model,INVESTIGATE_FURTHER
INV000704,CL001716,CLOSED,MEDIUM,claim amount high relative to vehicle value; multiple previous claims on record; short interval since previous claim,REQUEST_DOCUMENTS
INV000705,CL027245,IN_PROGRESS,HIGH,claim amount high relative to vehicle value; multiple previous claims on record; short interval since previous claim,
INV000706,CL001305,CLOSED,MEDIUM,repair shop has an elevated historical investigation rate,INVESTIGATE_FURTHER
INV000707,CL028840,CLOSED,MEDIUM,multiple previous claims on record; short interval since previous claim; repair shop has an elevated historical investigation rate,INVESTIGATE_FURTHER
INV000708,CL007129,CLOSED,MEDIUM,claim amount high relative to vehicle value; multiple previous claims on record; repair shop has an elevated historical investigation rate,INVESTIGATE_FURTHER
INV000709,CL002250,IN_PROGRESS,MEDIUM,multiple previous claims on record; short interval since previous claim; repair shop has an elevated historical investigation rate,
INV000710,CL027730,CLOSED,HIGH,claim amount high relative to vehicle value; multiple previous claims on record,REQUEST_DOCUMENTS
INV000711,CL012303,CLOSED,MEDIUM,anomalous pattern flagged by risk model,REQUEST_DOCUMENTS
INV000712,CL001056,CLOSED,LOW,multiple previous claims on record; short interval since previous claim,INVESTIGATE_FURTHER
INV000713,CL007792,CLOSED,MEDIUM,multiple previous claims on record,APPROVE
INV000714,CL018609,IN_PROGRESS,MEDIUM,multiple previous claims on record; short interval since previous claim,
INV000715,CL009307,CLOSED,HIGH,claim amount high relative to vehicle value; multiple previous claims on record; short interval since previous claim; repair shop has an elevated historical investigation rate,APPROVE
INV000716,CL006824,CLOSED,MEDIUM,multiple previous claims on record; short interval since previous claim,INVESTIGATE_FURTHER
INV000717,CL027088,CLOSED,LOW,multiple previous claims on record; short interval since previous claim; repair shop has an elevated historical investigation rate,APPROVE
INV000718,CL007368,CLOSED,MEDIUM,multiple previous claims on record; short interval since previous claim,REQUEST_DOCUMENTS
INV000719,CL013812,CLOSED,MEDIUM,multiple previous claims on record; short interval since previous claim,APPROVE
INV000720,CL018882,IN_PROGRESS,MEDIUM,multiple previous claims on record; short interval since previous claim,
INV000721,CL005181,IN_PROGRESS,MEDIUM,short interval since previous claim,
INV000722,CL029617,CLOSED,MEDIUM,multiple previous claims on record,APPROVE
INV000723,CL001824,IN_PROGRESS,LOW,claim amount high relative to vehicle value; multiple previous claims on record; short interval since previous claim,
INV000724,CL013537,CLOSED,HIGH,multiple previous claims on record; short interval since previous claim,REQUEST_DOCUMENTS
INV000725,CL025957,CLOSED,LOW,multiple previous claims on record; short interval since previous claim,REQUEST_DOCUMENTS
INV000726,CL019190,CLOSED,HIGH,multiple previous claims on record; short interval since previous claim,REQUEST_DOCUMENTS
INV000727,CL019273,CLOSED,HIGH,claim amount high relative to vehicle value; multiple previous claims on record; short interval since previous claim,REQUEST_DOCUMENTS
INV000728,CL017046,CLOSED,MEDIUM,multiple previous claims on record; short interval since previous claim,APPROVE
INV000729,CL006510,IN_PROGRESS,LOW,anomalous pattern flagged by risk model,
INV000730,CL004903,IN_PROGRESS,HIGH,multiple previous claims on record; short interval since previous claim; repair shop has an elevated historical investigation rate,
INV000731,CL012176,CLOSED,HIGH,claim amount high relative to vehicle value; multiple previous claims on record; short interval since previous claim,APPROVE
INV000732,CL024469,CLOSED,MEDIUM,claim amount high relative to vehicle value; multiple previous claims on record,APPROVE
INV000733,CL028572,IN_PROGRESS,MEDIUM,multiple previous claims on record; repair shop has an elevated historical investigation rate,
INV000734,CL015382,CLOSED,LOW,multiple previous claims on record; short interval since previous claim,REJECT
INV000735,CL009095,CLOSED,MEDIUM,multiple previous claims on record; short interval since previous claim,REQUEST_DOCUMENTS
INV000736,CL020043,CLOSED,MEDIUM,short interval since previous claim,INVESTIGATE_FURTHER
INV000737,CL019013,IN_PROGRESS,MEDIUM,short interval since previous claim,
INV000738,CL029778,CLOSED,MEDIUM,multiple previous claims on record; short interval since previous claim; repair shop has an elevated historical investigation rate,APPROVE
INV000739,CL011529,CLOSED,HIGH,multiple previous claims on record; short interval since previous claim,REQUEST_DOCUMENTS
INV000740,CL001030,CLOSED,HIGH,multiple previous claims on record; short interval since previous claim; repair shop has an elevated historical investigation rate,REJECT
INV000741,CL009260,CLOSED,LOW,multiple previous claims on record; short interval since previous claim; repair shop has an elevated historical investigation rate,APPROVE
INV000742,CL022340,CLOSED,MEDIUM,claim amount high relative to vehicle value; multiple previous claims on record; short interval since previous claim,REJECT
INV000743,CL020460,CLOSED,LOW,multiple previous claims on record,REQUEST_DOCUMENTS
INV000744,CL017541,IN_PROGRESS,MEDIUM,claim amount high relative to vehicle value; multiple previous claims on record,
INV000745,CL013973,CLOSED,HIGH,repair shop has an elevated historical investigation rate,INVESTIGATE_FURTHER
INV000746,CL003001,IN_PROGRESS,LOW,multiple previous claims on record; short interval since previous claim,
INV000747,CL012996,IN_PROGRESS,HIGH,policy created shortly before incident; short interval since previous claim; repair shop has an elevated historical investigation rate,
INV000748,CL022717,IN_PROGRESS,HIGH,multiple previous claims on record; short interval since previous claim; repair shop has an elevated historical investigation rate,
INV000749,CL026109,CLOSED,HIGH,repair shop has an elevated historical investigation rate,APPROVE
INV000750,CL005730,IN_PROGRESS,LOW,multiple previous claims on record; short interval since previous claim; repair shop has an elevated historical investigation rate,
INV000751,CL029283,IN_PROGRESS,MEDIUM,multiple previous claims on record; short interval since previous claim; repair shop has an elevated historical investigation rate,
INV000752,CL012635,IN_PROGRESS,MEDIUM,multiple previous claims on record; short interval since previous claim,
INV000753,CL029584,CLOSED,MEDIUM,multiple previous claims on record; short interval since previous claim; repair shop has an elevated historical investigation rate,INVESTIGATE_FURTHER
INV000754,CL017798,IN_PROGRESS,LOW,claim amount high relative to vehicle value; multiple previous claims on record; short interval since previous claim; repair shop has an elevated historical investigation rate,
INV000755,CL023288,CLOSED,LOW,multiple previous claims on record; short interval since previous claim,APPROVE
INV000756,CL011488,CLOSED,MEDIUM,multiple previous claims on record; short interval since previous claim,INVESTIGATE_FURTHER
INV000757,CL018840,CLOSED,HIGH,multiple previous claims on record; repair shop has an elevated historical investigation rate,INVESTIGATE_FURTHER
INV000758,CL003123,CLOSED,LOW,short interval since previous claim; repair shop has an elevated historical investigation rate,INVESTIGATE_FURTHER
INV000759,CL000017,IN_PROGRESS,LOW,policy created shortly before incident; multiple previous claims on record; short interval since previous claim; repair shop has an elevated historical investigation rate,
INV000760,CL028908,CLOSED,HIGH,multiple previous claims on record; short interval since previous claim,APPROVE
INV000761,CL008254,IN_PROGRESS,MEDIUM,multiple previous claims on record; short interval since previous claim; repair shop has an elevated historical investigation rate,
INV000762,CL011768,CLOSED,MEDIUM,multiple previous claims on record; short interval since previous claim,REQUEST_DOCUMENTS
INV000763,CL010371,CLOSED,MEDIUM,multiple previous claims on record,APPROVE
INV000764,CL029344,IN_PROGRESS,MEDIUM,claim amount high relative to vehicle value; multiple previous claims on record; short interval since previous claim,
INV000765,CL028832,CLOSED,HIGH,claim amount high relative to vehicle value; multiple previous claims on record; short interval since previous claim; repair shop has an elevated historical investigation rate,REJECT
INV000766,CL012080,IN_PROGRESS,MEDIUM,multiple previous claims on record; repair shop has an elevated historical investigation rate,
INV000767,CL020566,IN_PROGRESS,MEDIUM,multiple previous claims on record; repair shop has an elevated historical investigation rate,
INV000768,CL025447,IN_PROGRESS,MEDIUM,multiple previous claims on record; short interval since previous claim,
INV000769,CL010033,CLOSED,HIGH,multiple previous claims on record,APPROVE
INV000770,CL007482,CLOSED,HIGH,multiple previous claims on record,REQUEST_DOCUMENTS
INV000771,CL004436,CLOSED,LOW,multiple previous claims on record; short interval since previous claim; repair shop has an elevated historical investigation rate,APPROVE
INV000772,CL012266,IN_PROGRESS,HIGH,multiple previous claims on record,
INV000773,CL019567,CLOSED,MEDIUM,claim amount high relative to vehicle value; multiple previous claims on record; short interval since previous claim,APPROVE
INV000774,CL011880,CLOSED,LOW,claim amount high relative to vehicle value; multiple previous claims on record; short interval since previous claim,REJECT
INV000775,CL026608,IN_PROGRESS,MEDIUM,claim amount high relative to vehicle value; multiple previous claims on record,
INV000776,CL008232,CLOSED,HIGH,multiple previous claims on record; repair shop has an elevated historical investigation rate,REQUEST_DOCUMENTS
INV000777,CL023596,IN_PROGRESS,MEDIUM,policy created shortly before incident; multiple previous claims on record,
INV000778,CL000469,CLOSED,HIGH,multiple previous claims on record; short interval since previous claim,APPROVE
INV000779,CL009138,IN_PROGRESS,LOW,claim amount high relative to vehicle value; multiple previous claims on record,
INV000780,CL004916,CLOSED,MEDIUM,claim amount high relative to vehicle value; multiple previous claims on record; short interval since previous claim,REQUEST_DOCUMENTS
INV000781,CL011620,CLOSED,MEDIUM,claim amount high relative to vehicle value; multiple previous claims on record,REQUEST_DOCUMENTS
INV000782,CL012093,CLOSED,MEDIUM,short interval since previous claim,APPROVE
INV000783,CL027212,CLOSED,MEDIUM,multiple previous claims on record; short interval since previous claim,APPROVE
INV000784,CL006416,CLOSED,HIGH,claim amount high relative to vehicle value; multiple previous claims on record; short interval since previous claim,APPROVE
INV000785,CL012211,CLOSED,MEDIUM,multiple previous claims on record; repair shop has an elevated historical investigation rate,REQUEST_DOCUMENTS
INV000786,CL026571,CLOSED,LOW,claim amount high relative to vehicle value; multiple previous claims on record; short interval since previous claim,APPROVE
INV000787,CL016326,IN_PROGRESS,MEDIUM,claim amount high relative to vehicle value; multiple previous claims on record; short interval since previous claim,
INV000788,CL022116,CLOSED,MEDIUM,repair shop has an elevated historical investigation rate,INVESTIGATE_FURTHER
INV000789,CL028201,CLOSED,HIGH,anomalous pattern flagged by risk model,APPROVE
INV000790,CL024470,CLOSED,HIGH,policy created shortly before incident,INVESTIGATE_FURTHER
INV000791,CL024543,CLOSED,HIGH,claim amount high relative to vehicle value; repair shop has an elevated historical investigation rate,REQUEST_DOCUMENTS
INV000792,CL004289,CLOSED,MEDIUM,claim amount high relative to vehicle value,APPROVE
INV000793,CL024495,IN_PROGRESS,MEDIUM,claim amount high relative to vehicle value; short interval since previous claim; repair shop has an elevated historical investigation rate,
INV000794,CL006088,IN_PROGRESS,MEDIUM,short interval since previous claim; repair shop has an elevated historical investigation rate,
INV000795,CL024619,CLOSED,MEDIUM,multiple previous claims on record; short interval since previous claim; repair shop has an elevated historical investigation rate,APPROVE
INV000796,CL011395,CLOSED,HIGH,claim amount high relative to vehicle value; multiple previous claims on record; short interval since previous claim,APPROVE
INV000797,CL026177,CLOSED,HIGH,multiple previous claims on record; short interval since previous claim,REQUEST_DOCUMENTS
INV000798,CL000495,CLOSED,MEDIUM,policy created shortly before incident; short interval since previous claim; repair shop has an elevated historical investigation rate,INVESTIGATE_FURTHER
INV000799,CL027757,IN_PROGRESS,MEDIUM,multiple previous claims on record; short interval since previous claim,
INV000800,CL011793,CLOSED,MEDIUM,claim amount high relative to vehicle value; multiple previous claims on record; repair shop has an elevated historical investigation rate,APPROVE
INV000801,CL001140,CLOSED,HIGH,claim amount high relative to vehicle value; multiple previous claims on record; short interval since previous claim; repair shop has an elevated historical investigation rate,REJECT
INV000802,CL005658,IN_PROGRESS,MEDIUM,multiple previous claims on record; short interval since previous claim,
INV000803,CL003048,CLOSED,MEDIUM,multiple previous claims on record; short interval since previous claim; repair shop has an elevated historical investigation rate,INVESTIGATE_FURTHER
INV000804,CL012315,CLOSED,MEDIUM,multiple previous claims on record; short interval since previous claim; repair shop has an elevated historical investigation rate,APPROVE
INV000805,CL026595,CLOSED,LOW,multiple previous claims on record; short interval since previous claim,INVESTIGATE_FURTHER
INV000806,CL020744,CLOSED,MEDIUM,multiple previous claims on record; short interval since previous claim,APPROVE
INV000807,CL027344,IN_PROGRESS,MEDIUM,multiple previous claims on record; short interval since previous claim,
INV000808,CL012316,CLOSED,LOW,claim amount high relative to vehicle value; multiple previous claims on record; short interval since previous claim; repair shop has an elevated historical investigation rate,REJECT
INV000809,CL010611,IN_PROGRESS,LOW,multiple previous claims on record,
INV000810,CL017341,CLOSED,MEDIUM,anomalous pattern flagged by risk model,INVESTIGATE_FURTHER
INV000811,CL016625,CLOSED,MEDIUM,claim amount high relative to vehicle value; repair shop has an elevated historical investigation rate,APPROVE
INV000812,CL008065,CLOSED,MEDIUM,multiple previous claims on record; short interval since previous claim,REQUEST_DOCUMENTS
INV000813,CL025054,CLOSED,MEDIUM,multiple previous claims on record; repair shop has an elevated historical investigation rate,APPROVE
INV000814,CL020415,IN_PROGRESS,MEDIUM,multiple previous claims on record; short interval since previous claim; repair shop has an elevated historical investigation rate,
INV000815,CL013369,IN_PROGRESS,MEDIUM,claim amount high relative to vehicle value; short interval since previous claim; repair shop has an elevated historical investigation rate,
INV000816,CL019497,CLOSED,LOW,multiple previous claims on record; repair shop has an elevated historical investigation rate,REJECT
INV000817,CL010643,CLOSED,MEDIUM,policy created shortly before incident; multiple previous claims on record; short interval since previous claim; repair shop has an elevated historical investigation rate,REQUEST_DOCUMENTS
INV000818,CL029006,CLOSED,HIGH,short interval since previous claim; repair shop has an elevated historical investigation rate,REQUEST_DOCUMENTS
INV000819,CL010724,CLOSED,MEDIUM,multiple previous claims on record; short interval since previous claim,REQUEST_DOCUMENTS
INV000820,CL025855,CLOSED,MEDIUM,multiple previous claims on record; short interval since previous claim,REQUEST_DOCUMENTS
INV000821,CL003016,IN_PROGRESS,MEDIUM,multiple previous claims on record; short interval since previous claim,
INV000822,CL016472,IN_PROGRESS,MEDIUM,multiple previous claims on record; repair shop has an elevated historical investigation rate,
INV000823,CL011479,CLOSED,HIGH,multiple previous claims on record; short interval since previous claim,APPROVE
INV000824,CL002007,CLOSED,HIGH,multiple previous claims on record,APPROVE
INV000825,CL014380,CLOSED,MEDIUM,multiple previous claims on record; short interval since previous claim,APPROVE
INV000826,CL001855,IN_PROGRESS,MEDIUM,multiple previous claims on record; short interval since previous claim,
INV000827,CL015883,CLOSED,MEDIUM,anomalous pattern flagged by risk model,APPROVE
INV000828,CL020426,CLOSED,MEDIUM,multiple previous claims on record; short interval since previous claim,APPROVE
INV000829,CL004521,IN_PROGRESS,MEDIUM,multiple previous claims on record; short interval since previous claim,
INV000830,CL026590,CLOSED,HIGH,multiple previous claims on record; short interval since previous claim; repair shop has an elevated historical investigation rate,REQUEST_DOCUMENTS
INV000831,CL024150,CLOSED,MEDIUM,multiple previous claims on record; repair shop has an elevated historical investigation rate,REJECT
INV000832,CL016970,CLOSED,MEDIUM,multiple previous claims on record; short interval since previous claim; repair shop has an elevated historical investigation rate,INVESTIGATE_FURTHER
INV000833,CL020345,CLOSED,MEDIUM,claim amount high relative to vehicle value; multiple previous claims on record,INVESTIGATE_FURTHER
INV000834,CL004395,CLOSED,MEDIUM,claim amount high relative to vehicle value; multiple previous claims on record; short interval since previous claim,REQUEST_DOCUMENTS
INV000835,CL003028,CLOSED,MEDIUM,multiple previous claims on record; short interval since previous claim; repair shop has an elevated historical investigation rate,APPROVE
INV000836,CL008224,CLOSED,LOW,policy created shortly before incident; multiple previous claims on record,INVESTIGATE_FURTHER
INV000837,CL012250,CLOSED,MEDIUM,claim amount high relative to vehicle value; multiple previous claims on record; short interval since previous claim,APPROVE
INV000838,CL000352,CLOSED,LOW,claim amount high relative to vehicle value; multiple previous claims on record; short interval since previous claim,REJECT
INV000839,CL018184,CLOSED,HIGH,multiple previous claims on record; short interval since previous claim,APPROVE
INV000840,CL003340,CLOSED,MEDIUM,claim amount high relative to vehicle value; multiple previous claims on record,APPROVE
INV000841,CL017088,CLOSED,HIGH,claim amount high relative to vehicle value; multiple previous claims on record; short interval since previous claim,INVESTIGATE_FURTHER
INV000842,CL003515,IN_PROGRESS,MEDIUM,multiple previous claims on record; short interval since previous claim,
INV000843,CL007566,IN_PROGRESS,LOW,multiple previous claims on record; short interval since previous claim,
INV000844,CL029532,IN_PROGRESS,MEDIUM,claim amount high relative to vehicle value; short interval since previous claim,
INV000845,CL011703,CLOSED,MEDIUM,multiple previous claims on record; short interval since previous claim,APPROVE
INV000846,CL024145,IN_PROGRESS,MEDIUM,policy created shortly before incident; short interval since previous claim,
INV000847,CL029717,CLOSED,MEDIUM,multiple previous claims on record; short interval since previous claim; repair shop has an elevated historical investigation rate,APPROVE
INV000848,CL009171,IN_PROGRESS,LOW,claim amount high relative to vehicle value; multiple previous claims on record; short interval since previous claim; repair shop has an elevated historical investigation rate,
INV000849,CL027242,CLOSED,MEDIUM,multiple previous claims on record; short interval since previous claim,INVESTIGATE_FURTHER
INV000850,CL021302,IN_PROGRESS,LOW,multiple previous claims on record,
INV000851,CL012101,CLOSED,MEDIUM,multiple previous claims on record; short interval since previous claim,APPROVE
INV000852,CL002783,IN_PROGRESS,HIGH,multiple previous claims on record; short interval since previous claim; repair shop has an elevated historical investigation rate,
INV000853,CL007171,CLOSED,HIGH,multiple previous claims on record,APPROVE
INV000854,CL012293,IN_PROGRESS,LOW,claim amount high relative to vehicle value; multiple previous claims on record; short interval since previous claim,
INV000855,CL010167,IN_PROGRESS,MEDIUM,multiple previous claims on record; short interval since previous claim,
INV000856,CL019556,IN_PROGRESS,MEDIUM,claim amount high relative to vehicle value; multiple previous claims on record; short interval since previous claim; repair shop has an elevated historical investigation rate,
INV000857,CL000068,IN_PROGRESS,MEDIUM,multiple previous claims on record; repair shop has an elevated historical investigation rate,
INV000858,CL003259,CLOSED,MEDIUM,multiple previous claims on record; short interval since previous claim,APPROVE
INV000859,CL022122,CLOSED,HIGH,policy created shortly before incident; short interval since previous claim,REQUEST_DOCUMENTS
INV000860,CL027896,IN_PROGRESS,MEDIUM,claim amount high relative to vehicle value; multiple previous claims on record,
INV000861,CL029967,CLOSED,MEDIUM,multiple previous claims on record,REJECT
INV000862,CL024625,CLOSED,MEDIUM,multiple previous claims on record; repair shop has an elevated historical investigation rate,REQUEST_DOCUMENTS
INV000863,CL017062,CLOSED,HIGH,policy created shortly before incident; repair shop has an elevated historical investigation rate,APPROVE
INV000864,CL015956,IN_PROGRESS,MEDIUM,claim amount high relative to vehicle value; multiple previous claims on record; repair shop has an elevated historical investigation rate,
INV000865,CL024044,CLOSED,MEDIUM,multiple previous claims on record; short interval since previous claim,REQUEST_DOCUMENTS
INV000866,CL016341,CLOSED,HIGH,multiple previous claims on record; short interval since previous claim,REJECT
INV000867,CL015109,CLOSED,HIGH,multiple previous claims on record; short interval since previous claim,APPROVE
INV000868,CL025242,IN_PROGRESS,LOW,multiple previous claims on record; short interval since previous claim,
INV000869,CL001194,CLOSED,HIGH,multiple previous claims on record; short interval since previous claim; repair shop has an elevated historical investigation rate,APPROVE
INV000870,CL010761,CLOSED,MEDIUM,multiple previous claims on record; short interval since previous claim; repair shop has an elevated historical investigation rate,INVESTIGATE_FURTHER
INV000871,CL019184,CLOSED,MEDIUM,claim amount high relative to vehicle value; multiple previous claims on record,APPROVE
INV000872,CL007776,IN_PROGRESS,LOW,claim amount high relative to vehicle value; multiple previous claims on record,
INV000873,CL015154,CLOSED,HIGH,multiple previous claims on record,APPROVE
INV000874,CL013123,CLOSED,MEDIUM,multiple previous claims on record; short interval since previous claim,REQUEST_DOCUMENTS
INV000875,CL024190,CLOSED,HIGH,multiple previous claims on record; short interval since previous claim,REQUEST_DOCUMENTS
INV000876,CL022793,IN_PROGRESS,MEDIUM,multiple previous claims on record; short interval since previous claim; repair shop has an elevated historical investigation rate,
INV000877,CL013820,CLOSED,LOW,multiple previous claims on record; short interval since previous claim,APPROVE
INV000878,CL001871,CLOSED,LOW,multiple previous claims on record; short interval since previous claim,INVESTIGATE_FURTHER
INV000879,CL012513,CLOSED,MEDIUM,multiple previous claims on record; short interval since previous claim,APPROVE
INV000880,CL027103,CLOSED,MEDIUM,short interval since previous claim,REQUEST_DOCUMENTS
INV000881,CL005866,CLOSED,MEDIUM,multiple previous claims on record,REQUEST_DOCUMENTS
INV000882,CL024604,CLOSED,MEDIUM,multiple previous claims on record,REQUEST_DOCUMENTS
INV000883,CL015955,CLOSED,MEDIUM,claim amount high relative to vehicle value; multiple previous claims on record; short interval since previous claim,REQUEST_DOCUMENTS
INV000884,CL004108,CLOSED,HIGH,claim amount high relative to vehicle value; short interval since previous claim,APPROVE
INV000885,CL020326,IN_PROGRESS,MEDIUM,claim amount high relative to vehicle value; multiple previous claims on record; short interval since previous claim,
INV000886,CL017081,CLOSED,HIGH,multiple previous claims on record; repair shop has an elevated historical investigation rate,REQUEST_DOCUMENTS
INV000887,CL013370,CLOSED,MEDIUM,multiple previous claims on record; short interval since previous claim,REJECT
INV000888,CL021562,CLOSED,HIGH,claim amount high relative to vehicle value; multiple previous claims on record,INVESTIGATE_FURTHER
INV000889,CL007051,CLOSED,HIGH,multiple previous claims on record; short interval since previous claim,INVESTIGATE_FURTHER
INV000890,CL003041,IN_PROGRESS,MEDIUM,multiple previous claims on record; short interval since previous claim,
INV000891,CL003333,IN_PROGRESS,MEDIUM,multiple previous claims on record; repair shop has an elevated historical investigation rate,
INV000892,CL011178,IN_PROGRESS,LOW,claim amount high relative to vehicle value; multiple previous claims on record; short interval since previous claim; repair shop has an elevated historical investigation rate,
INV000893,CL023199,CLOSED,HIGH,multiple previous claims on record; short interval since previous claim,APPROVE
INV000894,CL001029,CLOSED,HIGH,short interval since previous claim,REQUEST_DOCUMENTS
INV000895,CL011757,IN_PROGRESS,HIGH,claim amount high relative to vehicle value; multiple previous claims on record,
INV000896,CL002987,CLOSED,MEDIUM,multiple previous claims on record; short interval since previous claim,INVESTIGATE_FURTHER
INV000897,CL029613,CLOSED,MEDIUM,multiple previous claims on record; short interval since previous claim; repair shop has an elevated historical investigation rate,INVESTIGATE_FURTHER
INV000898,CL028602,IN_PROGRESS,LOW,claim amount high relative to vehicle value; multiple previous claims on record; short interval since previous claim; repair shop has an elevated historical investigation rate,
INV000899,CL027340,CLOSED,LOW,claim amount high relative to vehicle value; multiple previous claims on record; repair shop has an elevated historical investigation rate,REQUEST_DOCUMENTS
INV000900,CL001663,IN_PROGRESS,MEDIUM,claim amount high relative to vehicle value; multiple previous claims on record; short interval since previous claim,
INV000901,CL025851,IN_PROGRESS,LOW,policy created shortly before incident; multiple previous claims on record; short interval since previous claim; repair shop has an elevated historical investigation rate,
INV000902,CL026270,IN_PROGRESS,MEDIUM,multiple previous claims on record; short interval since previous claim,
INV000903,CL004965,CLOSED,LOW,claim amount high relative to vehicle value; multiple previous claims on record; short interval since previous claim; repair shop has an elevated historical investigation rate,APPROVE
INV000904,CL013262,CLOSED,MEDIUM,policy created shortly before incident; multiple previous claims on record; short interval since previous claim,REQUEST_DOCUMENTS
INV000905,CL012299,IN_PROGRESS,HIGH,multiple previous claims on record; short interval since previous claim,
INV000906,CL007104,CLOSED,HIGH,multiple previous claims on record; short interval since previous claim,REQUEST_DOCUMENTS
INV000907,CL011008,IN_PROGRESS,HIGH,multiple previous claims on record; short interval since previous claim,
INV000908,CL008504,CLOSED,MEDIUM,multiple previous claims on record; short interval since previous claim,APPROVE
INV000909,CL020331,IN_PROGRESS,HIGH,claim amount high relative to vehicle value; multiple previous claims on record,
INV000910,CL010647,IN_PROGRESS,MEDIUM,claim amount high relative to vehicle value; repair shop has an elevated historical investigation rate,
INV000911,CL005564,IN_PROGRESS,MEDIUM,multiple previous claims on record; short interval since previous claim,
INV000912,CL026032,CLOSED,HIGH,claim amount high relative to vehicle value,APPROVE
INV000913,CL023090,CLOSED,HIGH,multiple previous claims on record; short interval since previous claim,REQUEST_DOCUMENTS
INV000914,CL027663,IN_PROGRESS,LOW,multiple previous claims on record; short interval since previous claim,
INV000915,CL025243,IN_PROGRESS,MEDIUM,policy created shortly before incident,
INV000916,CL010899,CLOSED,MEDIUM,repair shop has an elevated historical investigation rate,REJECT
INV000917,CL006841,CLOSED,HIGH,claim amount high relative to vehicle value; multiple previous claims on record; short interval since previous claim,REQUEST_DOCUMENTS
INV000918,CL019801,IN_PROGRESS,HIGH,multiple previous claims on record; short interval since previous claim; repair shop has an elevated historical investigation rate,
INV000919,CL005021,CLOSED,MEDIUM,multiple previous claims on record,APPROVE
INV000920,CL006805,IN_PROGRESS,MEDIUM,policy created shortly before incident; multiple previous claims on record; short interval since previous claim; repair shop has an elevated historical investigation rate,
INV000921,CL004072,IN_PROGRESS,MEDIUM,multiple previous claims on record; short interval since previous claim; repair shop has an elevated historical investigation rate,
INV000922,CL021738,IN_PROGRESS,MEDIUM,multiple previous claims on record; repair shop has an elevated historical investigation rate,
INV000923,CL017494,CLOSED,HIGH,multiple previous claims on record,REQUEST_DOCUMENTS
INV000924,CL026805,CLOSED,MEDIUM,claim amount high relative to vehicle value; multiple previous claims on record; short interval since previous claim,APPROVE
INV000925,CL020766,CLOSED,MEDIUM,multiple previous claims on record,REJECT
INV000926,CL007635,CLOSED,HIGH,policy created shortly before incident; claim amount high relative to vehicle value; short interval since previous claim,INVESTIGATE_FURTHER
INV000927,CL002147,CLOSED,LOW,claim amount high relative to vehicle value; multiple previous claims on record; short interval since previous claim,INVESTIGATE_FURTHER
INV000928,CL004670,CLOSED,HIGH,policy created shortly before incident; claim amount high relative to vehicle value,APPROVE
INV000929,CL026526,IN_PROGRESS,HIGH,multiple previous claims on record; short interval since previous claim; repair shop has an elevated historical investigation rate,
INV000930,CL013666,CLOSED,MEDIUM,repair shop has an elevated historical investigation rate,REJECT
INV000931,CL002758,CLOSED,LOW,claim amount high relative to vehicle value; multiple previous claims on record; short interval since previous claim,APPROVE
INV000932,CL003454,CLOSED,LOW,claim amount high relative to vehicle value; repair shop has an elevated historical investigation rate,APPROVE
INV000933,CL024670,IN_PROGRESS,LOW,claim amount high relative to vehicle value; multiple previous claims on record; short interval since previous claim,
INV000934,CL004431,IN_PROGRESS,LOW,multiple previous claims on record; short interval since previous claim; repair shop has an elevated historical investigation rate,
INV000935,CL028760,CLOSED,MEDIUM,multiple previous claims on record; short interval since previous claim,REQUEST_DOCUMENTS
INV000936,CL001086,CLOSED,LOW,claim amount high relative to vehicle value; short interval since previous claim,APPROVE
INV000937,CL009779,CLOSED,LOW,multiple previous claims on record; short interval since previous claim,APPROVE
INV000938,CL001887,CLOSED,MEDIUM,claim amount high relative to vehicle value; multiple previous claims on record; short interval since previous claim,APPROVE
INV000939,CL027402,IN_PROGRESS,MEDIUM,multiple previous claims on record; short interval since previous claim; repair shop has an elevated historical investigation rate,
INV000940,CL020136,CLOSED,MEDIUM,multiple previous claims on record,INVESTIGATE_FURTHER
INV000941,CL021262,CLOSED,MEDIUM,multiple previous claims on record; repair shop has an elevated historical investigation rate,APPROVE
INV000942,CL003523,IN_PROGRESS,HIGH,multiple previous claims on record,
INV000943,CL026465,CLOSED,MEDIUM,policy created shortly before incident; multiple previous claims on record; short interval since previous claim,APPROVE
INV000944,CL011995,CLOSED,MEDIUM,claim amount high relative to vehicle value; multiple previous claims on record; short interval since previous claim,INVESTIGATE_FURTHER
INV000945,CL020884,IN_PROGRESS,MEDIUM,multiple previous claims on record; short interval since previous claim,
INV000946,CL022667,IN_PROGRESS,MEDIUM,claim amount high relative to vehicle value; multiple previous claims on record,
INV000947,CL002295,CLOSED,LOW,multiple previous claims on record; short interval since previous claim,APPROVE
INV000948,CL000920,CLOSED,HIGH,multiple previous claims on record; short interval since previous claim; repair shop has an elevated historical investigation rate,INVESTIGATE_FURTHER
INV000949,CL027338,CLOSED,MEDIUM,claim amount high relative to vehicle value; multiple previous claims on record; short interval since previous claim,INVESTIGATE_FURTHER
INV000950,CL010721,IN_PROGRESS,MEDIUM,multiple previous claims on record; short interval since previous claim,
INV000951,CL025131,CLOSED,HIGH,multiple previous claims on record; short interval since previous claim,REJECT
INV000952,CL007736,IN_PROGRESS,HIGH,claim amount high relative to vehicle value; multiple previous claims on record; short interval since previous claim,
INV000953,CL019908,CLOSED,HIGH,multiple previous claims on record; short interval since previous claim; repair shop has an elevated historical investigation rate,APPROVE
INV000954,CL000680,CLOSED,HIGH,policy created shortly before incident; claim amount high relative to vehicle value,APPROVE
INV000955,CL020626,IN_PROGRESS,LOW,multiple previous claims on record; short interval since previous claim; repair shop has an elevated historical investigation rate,
INV000956,CL021190,CLOSED,LOW,policy created shortly before incident; multiple previous claims on record; short interval since previous claim,REJECT
INV000957,CL011822,CLOSED,LOW,claim amount high relative to vehicle value; multiple previous claims on record; short interval since previous claim,REJECT
INV000958,CL002476,CLOSED,HIGH,multiple previous claims on record; short interval since previous claim; repair shop has an elevated historical investigation rate,REQUEST_DOCUMENTS
INV000959,CL026887,CLOSED,MEDIUM,multiple previous claims on record; short interval since previous claim,APPROVE
INV000960,CL022408,IN_PROGRESS,MEDIUM,policy created shortly before incident; multiple previous claims on record; short interval since previous claim; repair shop has an elevated historical investigation rate,
INV000961,CL029132,CLOSED,HIGH,repair shop has an elevated historical investigation rate,APPROVE
INV000962,CL010803,CLOSED,MEDIUM,claim amount high relative to vehicle value; multiple previous claims on record; short interval since previous claim,REQUEST_DOCUMENTS
INV000963,CL022727,CLOSED,HIGH,multiple previous claims on record; short interval since previous claim,INVESTIGATE_FURTHER
INV000964,CL006376,CLOSED,LOW,multiple previous claims on record; short interval since previous claim,REQUEST_DOCUMENTS
INV000965,CL011145,CLOSED,MEDIUM,policy created shortly before incident; multiple previous claims on record; short interval since previous claim,REQUEST_DOCUMENTS
INV000966,CL028068,CLOSED,MEDIUM,multiple previous claims on record; short interval since previous claim,APPROVE
INV000967,CL019538,IN_PROGRESS,LOW,policy created shortly before incident,
INV000968,CL004710,IN_PROGRESS,HIGH,claim amount high relative to vehicle value; multiple previous claims on record; short interval since previous claim; repair shop has an elevated historical investigation rate,
INV000969,CL004442,IN_PROGRESS,LOW,claim amount high relative to vehicle value; short interval since previous claim; repair shop has an elevated historical investigation rate,
INV000970,CL008179,CLOSED,MEDIUM,policy created shortly before incident; claim amount high relative to vehicle value,INVESTIGATE_FURTHER
INV000971,CL017664,CLOSED,LOW,claim amount high relative to vehicle value; short interval since previous claim,REQUEST_DOCUMENTS
INV000972,CL005096,CLOSED,MEDIUM,multiple previous claims on record; short interval since previous claim,REQUEST_DOCUMENTS
INV000973,CL010700,IN_PROGRESS,LOW,multiple previous claims on record; repair shop has an elevated historical investigation rate,
INV000974,CL011033,CLOSED,HIGH,multiple previous claims on record,REQUEST_DOCUMENTS
INV000975,CL025743,CLOSED,HIGH,multiple previous claims on record; short interval since previous claim; repair shop has an elevated historical investigation rate,APPROVE
INV000976,CL010713,CLOSED,MEDIUM,claim amount high relative to vehicle value; multiple previous claims on record; short interval since previous claim; repair shop has an elevated historical investigation rate,APPROVE
INV000977,CL005864,CLOSED,LOW,claim amount high relative to vehicle value; multiple previous claims on record; short interval since previous claim,APPROVE
INV000978,CL002573,CLOSED,HIGH,multiple previous claims on record; short interval since previous claim,APPROVE
INV000979,CL029313,CLOSED,HIGH,anomalous pattern flagged by risk model,REQUEST_DOCUMENTS
INV000980,CL007393,CLOSED,HIGH,policy created shortly before incident; short interval since previous claim,APPROVE
INV000981,CL029407,CLOSED,MEDIUM,multiple previous claims on record; short interval since previous claim,REQUEST_DOCUMENTS
INV000982,CL013213,CLOSED,MEDIUM,multiple previous claims on record; repair shop has an elevated historical investigation rate,INVESTIGATE_FURTHER
INV000983,CL003924,CLOSED,MEDIUM,policy created shortly before incident; multiple previous claims on record; short interval since previous claim; repair shop has an elevated historical investigation rate,INVESTIGATE_FURTHER
INV000984,CL029290,CLOSED,MEDIUM,multiple previous claims on record,APPROVE
INV000985,CL023144,IN_PROGRESS,MEDIUM,multiple previous claims on record,
INV000986,CL009483,IN_PROGRESS,MEDIUM,multiple previous claims on record; short interval since previous claim,
INV000987,CL020510,CLOSED,LOW,claim amount high relative to vehicle value; multiple previous claims on record; short interval since previous claim,REQUEST_DOCUMENTS
INV000988,CL025199,CLOSED,MEDIUM,multiple previous claims on record; short interval since previous claim; repair shop has an elevated historical investigation rate,APPROVE
INV000989,CL022498,CLOSED,MEDIUM,policy created shortly before incident,REJECT
INV000990,CL003743,IN_PROGRESS,LOW,claim amount high relative to vehicle value; multiple previous claims on record; short interval since previous claim,
INV000991,CL019614,CLOSED,MEDIUM,multiple previous claims on record; short interval since previous claim,INVESTIGATE_FURTHER
INV000992,CL007579,IN_PROGRESS,HIGH,multiple previous claims on record; short interval since previous claim; repair shop has an elevated historical investigation rate,
INV000993,CL002120,IN_PROGRESS,MEDIUM,multiple previous claims on record; short interval since previous claim,
INV000994,CL015725,CLOSED,HIGH,multiple previous claims on record; short interval since previous claim; repair shop has an elevated historical investigation rate,APPROVE
INV000995,CL028779,IN_PROGRESS,MEDIUM,multiple previous claims on record; short interval since previous claim,
INV000996,CL016239,CLOSED,HIGH,multiple previous claims on record; short interval since previous claim; repair shop has an elevated historical investigation rate,APPROVE
INV000997,CL007972,IN_PROGRESS,MEDIUM,short interval since previous claim; repair shop has an elevated historical investigation rate,
INV000998,CL009892,CLOSED,HIGH,claim amount high relative to vehicle value; short interval since previous claim,REQUEST_DOCUMENTS
INV000999,CL001184,CLOSED,LOW,multiple previous claims on record; short interval since previous claim,INVESTIGATE_FURTHER
INV001000,CL006950,CLOSED,MEDIUM,multiple previous claims on record; short interval since previous claim; repair shop has an elevated historical investigation rate,REQUEST_DOCUMENTS
INV001001,CL000909,IN_PROGRESS,MEDIUM,claim amount high relative to vehicle value; multiple previous claims on record; short interval since previous claim,
INV001002,CL021196,CLOSED,MEDIUM,multiple previous claims on record; short interval since previous claim; repair shop has an elevated historical investigation rate,APPROVE
INV001003,CL026377,CLOSED,HIGH,multiple previous claims on record; repair shop has an elevated historical investigation rate,REQUEST_DOCUMENTS
INV001004,CL026284,CLOSED,HIGH,multiple previous claims on record,REQUEST_DOCUMENTS
INV001005,CL027526,CLOSED,HIGH,multiple previous claims on record; short interval since previous claim,REJECT
INV001006,CL025799,CLOSED,HIGH,multiple previous claims on record; short interval since previous claim,APPROVE
INV001007,CL001568,CLOSED,MEDIUM,multiple previous claims on record; short interval since previous claim,INVESTIGATE_FURTHER
INV001008,CL006369,CLOSED,MEDIUM,multiple previous claims on record; repair shop has an elevated historical investigation rate,INVESTIGATE_FURTHER
INV001009,CL021601,CLOSED,MEDIUM,multiple previous claims on record; repair shop has an elevated historical investigation rate,APPROVE
INV001010,CL008937,CLOSED,MEDIUM,multiple previous claims on record; short interval since previous claim; repair shop has an elevated historical investigation rate,INVESTIGATE_FURTHER
INV001011,CL012740,CLOSED,HIGH,claim amount high relative to vehicle value; repair shop has an elevated historical investigation rate,INVESTIGATE_FURTHER
INV001012,CL020674,CLOSED,MEDIUM,multiple previous claims on record; short interval since previous claim,REQUEST_DOCUMENTS
INV001013,CL010258,IN_PROGRESS,MEDIUM,multiple previous claims on record; short interval since previous claim; repair shop has an elevated historical investigation rate,
INV001014,CL015812,CLOSED,MEDIUM,multiple previous claims on record; repair shop has an elevated historical investigation rate,REQUEST_DOCUMENTS
INV001015,CL014799,IN_PROGRESS,MEDIUM,multiple previous claims on record; repair shop has an elevated historical investigation rate,
INV001016,CL029660,CLOSED,MEDIUM,policy created shortly before incident; claim amount high relative to vehicle value,REJECT
INV001017,CL014669,IN_PROGRESS,MEDIUM,claim amount high relative to vehicle value; multiple previous claims on record; repair shop has an elevated historical investigation rate,
INV001018,CL000423,CLOSED,MEDIUM,multiple previous claims on record; repair shop has an elevated historical investigation rate,REQUEST_DOCUMENTS
INV001019,CL023416,IN_PROGRESS,MEDIUM,anomalous pattern flagged by risk model,
INV001020,CL006506,IN_PROGRESS,MEDIUM,multiple previous claims on record; short interval since previous claim,
INV001021,CL016217,CLOSED,LOW,multiple previous claims on record; repair shop has an elevated historical investigation rate,INVESTIGATE_FURTHER
INV001022,CL021210,CLOSED,MEDIUM,claim amount high relative to vehicle value,INVESTIGATE_FURTHER
INV001023,CL023866,IN_PROGRESS,MEDIUM,claim amount high relative to vehicle value; multiple previous claims on record; repair shop has an elevated historical investigation rate,
INV001024,CL022510,CLOSED,HIGH,anomalous pattern flagged by risk model,APPROVE
INV001025,CL000520,CLOSED,MEDIUM,multiple previous claims on record,REQUEST_DOCUMENTS
INV001026,CL012079,CLOSED,LOW,claim amount high relative to vehicle value; multiple previous claims on record; short interval since previous claim; repair shop has an elevated historical investigation rate,REQUEST_DOCUMENTS
INV001027,CL006097,CLOSED,LOW,multiple previous claims on record; short interval since previous claim,INVESTIGATE_FURTHER
INV001028,CL018516,CLOSED,MEDIUM,claim amount high relative to vehicle value; multiple previous claims on record; short interval since previous claim,APPROVE
INV001029,CL013565,CLOSED,LOW,multiple previous claims on record; short interval since previous claim,REJECT
INV001030,CL015362,CLOSED,HIGH,multiple previous claims on record; short interval since previous claim,APPROVE
INV001031,CL028545,CLOSED,MEDIUM,multiple previous claims on record; short interval since previous claim; repair shop has an elevated historical investigation rate,REJECT
INV001032,CL028161,IN_PROGRESS,MEDIUM,claim amount high relative to vehicle value; multiple previous claims on record; repair shop has an elevated historical investigation rate,
INV001033,CL007474,CLOSED,MEDIUM,multiple previous claims on record; short interval since previous claim; repair shop has an elevated historical investigation rate,APPROVE
INV001034,CL015396,IN_PROGRESS,MEDIUM,claim amount high relative to vehicle value; multiple previous claims on record; short interval since previous claim,
INV001035,CL011511,CLOSED,MEDIUM,short interval since previous claim; repair shop has an elevated historical investigation rate,INVESTIGATE_FURTHER
INV001036,CL012438,CLOSED,MEDIUM,multiple previous claims on record; short interval since previous claim; repair shop has an elevated historical investigation rate,INVESTIGATE_FURTHER
INV001037,CL012268,IN_PROGRESS,MEDIUM,claim amount high relative to vehicle value; multiple previous claims on record,
INV001038,CL029545,CLOSED,MEDIUM,multiple previous claims on record; short interval since previous claim; repair shop has an elevated historical investigation rate,REQUEST_DOCUMENTS
INV001039,CL016356,IN_PROGRESS,MEDIUM,multiple previous claims on record; short interval since previous claim,
INV001040,CL023617,IN_PROGRESS,LOW,claim amount high relative to vehicle value; short interval since previous claim,
INV001041,CL013191,CLOSED,MEDIUM,multiple previous claims on record; short interval since previous claim,REQUEST_DOCUMENTS
INV001042,CL013963,IN_PROGRESS,MEDIUM,anomalous pattern flagged by risk model,
INV001043,CL010058,IN_PROGRESS,HIGH,claim amount high relative to vehicle value; multiple previous claims on record,
INV001044,CL007951,IN_PROGRESS,LOW,multiple previous claims on record; short interval since previous claim; repair shop has an elevated historical investigation rate,
INV001045,CL022855,IN_PROGRESS,HIGH,policy created shortly before incident; repair shop has an elevated historical investigation rate,
INV001046,CL013374,CLOSED,LOW,multiple previous claims on record; short interval since previous claim; repair shop has an elevated historical investigation rate,APPROVE
INV001047,CL016027,CLOSED,LOW,multiple previous claims on record; repair shop has an elevated historical investigation rate,INVESTIGATE_FURTHER
INV001048,CL006441,IN_PROGRESS,HIGH,multiple previous claims on record; short interval since previous claim,
INV001049,CL028784,CLOSED,HIGH,multiple previous claims on record; repair shop has an elevated historical investigation rate,APPROVE
INV001050,CL009036,IN_PROGRESS,MEDIUM,policy created shortly before incident; claim amount high relative to vehicle value; multiple previous claims on record,
INV001051,CL004561,CLOSED,LOW,multiple previous claims on record; repair shop has an elevated historical investigation rate,APPROVE
INV001052,CL002354,IN_PROGRESS,MEDIUM,policy created shortly before incident; multiple previous claims on record; short interval since previous claim; repair shop has an elevated historical investigation rate,
INV001053,CL014319,CLOSED,LOW,multiple previous claims on record; short interval since previous claim,APPROVE
INV001054,CL019602,CLOSED,HIGH,claim amount high relative to vehicle value; multiple previous claims on record; short interval since previous claim,INVESTIGATE_FURTHER
INV001055,CL029793,CLOSED,HIGH,multiple previous claims on record; short interval since previous claim; repair shop has an elevated historical investigation rate,INVESTIGATE_FURTHER
INV001056,CL005886,IN_PROGRESS,MEDIUM,claim amount high relative to vehicle value; multiple previous claims on record; short interval since previous claim,
INV001057,CL027048,CLOSED,HIGH,multiple previous claims on record; short interval since previous claim,APPROVE
INV001058,CL010457,IN_PROGRESS,HIGH,multiple previous claims on record,
INV001059,CL006118,CLOSED,HIGH,multiple previous claims on record; short interval since previous claim; repair shop has an elevated historical investigation rate,INVESTIGATE_FURTHER
INV001060,CL028478,IN_PROGRESS,MEDIUM,multiple previous claims on record; short interval since previous claim,
INV001061,CL028788,CLOSED,MEDIUM,multiple previous claims on record; short interval since previous claim,REQUEST_DOCUMENTS
INV001062,CL004707,CLOSED,MEDIUM,multiple previous claims on record,APPROVE
INV001063,CL002223,IN_PROGRESS,LOW,multiple previous claims on record; short interval since previous claim; repair shop has an elevated historical investigation rate,
INV001064,CL026233,CLOSED,MEDIUM,claim amount high relative to vehicle value; multiple previous claims on record; short interval since previous claim,APPROVE
INV001065,CL005744,CLOSED,MEDIUM,claim amount high relative to vehicle value; short interval since previous claim,REJECT
INV001066,CL027994,IN_PROGRESS,MEDIUM,multiple previous claims on record; short interval since previous claim,
INV001067,CL024307,IN_PROGRESS,MEDIUM,multiple previous claims on record; short interval since previous claim; repair shop has an elevated historical investigation rate,
INV001068,CL012787,CLOSED,HIGH,claim amount high relative to vehicle value; multiple previous claims on record; short interval since previous claim,REJECT
INV001069,CL024034,IN_PROGRESS,HIGH,multiple previous claims on record; short interval since previous claim,
INV001070,CL015891,IN_PROGRESS,MEDIUM,claim amount high relative to vehicle value; multiple previous claims on record; short interval since previous claim,
INV001071,CL023355,IN_PROGRESS,HIGH,multiple previous claims on record; short interval since previous claim,
INV001072,CL027632,CLOSED,HIGH,multiple previous claims on record; repair shop has an elevated historical investigation rate,REJECT
INV001073,CL020643,IN_PROGRESS,MEDIUM,multiple previous claims on record; short interval since previous claim,
INV001074,CL010040,IN_PROGRESS,MEDIUM,claim amount high relative to vehicle value; multiple previous claims on record; repair shop has an elevated historical investigation rate,
INV001075,CL014366,CLOSED,MEDIUM,multiple previous claims on record; short interval since previous claim; repair shop has an elevated historical investigation rate,REJECT
INV001076,CL020994,IN_PROGRESS,HIGH,claim amount high relative to vehicle value; multiple previous claims on record; short interval since previous claim,
INV001077,CL004446,IN_PROGRESS,LOW,policy created shortly before incident,
INV001078,CL023850,CLOSED,MEDIUM,short interval since previous claim,APPROVE
INV001079,CL020868,IN_PROGRESS,HIGH,claim amount high relative to vehicle value; multiple previous claims on record; short interval since previous claim,
INV001080,CL029155,CLOSED,HIGH,multiple previous claims on record; repair shop has an elevated historical investigation rate,APPROVE
INV001081,CL000449,CLOSED,HIGH,policy created shortly before incident; claim amount high relative to vehicle value; multiple previous claims on record; short interval since previous claim,APPROVE
INV001082,CL023784,IN_PROGRESS,HIGH,claim amount high relative to vehicle value,
INV001083,CL028417,IN_PROGRESS,LOW,claim amount high relative to vehicle value; multiple previous claims on record,
INV001084,CL016567,CLOSED,LOW,claim amount high relative to vehicle value; repair shop has an elevated historical investigation rate,REQUEST_DOCUMENTS
INV001085,CL005642,IN_PROGRESS,HIGH,multiple previous claims on record,
INV001086,CL017226,CLOSED,LOW,multiple previous claims on record; short interval since previous claim,INVESTIGATE_FURTHER
INV001087,CL015232,IN_PROGRESS,HIGH,multiple previous claims on record; short interval since previous claim,
INV001088,CL013956,IN_PROGRESS,LOW,repair shop has an elevated historical investigation rate,
INV001089,CL022030,CLOSED,LOW,multiple previous claims on record; repair shop has an elevated historical investigation rate,APPROVE
INV001090,CL021973,CLOSED,LOW,claim amount high relative to vehicle value; multiple previous claims on record; short interval since previous claim,REQUEST_DOCUMENTS
INV001091,CL012617,CLOSED,HIGH,claim amount high relative to vehicle value; multiple previous claims on record,APPROVE
INV001092,CL022414,CLOSED,MEDIUM,multiple previous claims on record,APPROVE
INV001093,CL019463,IN_PROGRESS,LOW,multiple previous claims on record; short interval since previous claim,
INV001094,CL009716,CLOSED,MEDIUM,claim amount high relative to vehicle value; multiple previous claims on record; short interval since previous claim,REQUEST_DOCUMENTS
INV001095,CL018979,IN_PROGRESS,MEDIUM,multiple previous claims on record; short interval since previous claim; repair shop has an elevated historical investigation rate,
INV001096,CL021919,IN_PROGRESS,HIGH,multiple previous claims on record; short interval since previous claim; repair shop has an elevated historical investigation rate,
INV001097,CL025424,CLOSED,LOW,claim amount high relative to vehicle value; multiple previous claims on record; short interval since previous claim; repair shop has an elevated historical investigation rate,APPROVE
INV001098,CL013393,CLOSED,LOW,multiple previous claims on record; short interval since previous claim,APPROVE
INV001099,CL027275,CLOSED,LOW,anomalous pattern flagged by risk model,INVESTIGATE_FURTHER
INV001100,CL029346,CLOSED,MEDIUM,claim amount high relative to vehicle value; multiple previous claims on record; short interval since previous claim,INVESTIGATE_FURTHER
INV001101,CL019531,IN_PROGRESS,HIGH,claim amount high relative to vehicle value; multiple previous claims on record; short interval since previous claim,
INV001102,CL021370,CLOSED,MEDIUM,multiple previous claims on record; short interval since previous claim; repair shop has an elevated historical investigation rate,REQUEST_DOCUMENTS
INV001103,CL025621,CLOSED,HIGH,multiple previous claims on record; short interval since previous claim,INVESTIGATE_FURTHER
INV001104,CL007331,CLOSED,MEDIUM,multiple previous claims on record; short interval since previous claim,REQUEST_DOCUMENTS
INV001105,CL025073,CLOSED,HIGH,multiple previous claims on record; short interval since previous claim,INVESTIGATE_FURTHER
INV001106,CL024379,IN_PROGRESS,MEDIUM,multiple previous claims on record,
INV001107,CL008865,CLOSED,MEDIUM,claim amount high relative to vehicle value; multiple previous claims on record,REQUEST_DOCUMENTS
INV001108,CL028818,IN_PROGRESS,LOW,claim amount high relative to vehicle value; multiple previous claims on record; short interval since previous claim; repair shop has an elevated historical investigation rate,
INV001109,CL001886,CLOSED,HIGH,claim amount high relative to vehicle value; multiple previous claims on record; short interval since previous claim,REQUEST_DOCUMENTS
INV001110,CL017906,CLOSED,HIGH,multiple previous claims on record; repair shop has an elevated historical investigation rate,APPROVE
INV001111,CL010190,IN_PROGRESS,MEDIUM,policy created shortly before incident; multiple previous claims on record,
INV001112,CL024412,IN_PROGRESS,LOW,claim amount high relative to vehicle value; multiple previous claims on record; short interval since previous claim,
INV001113,CL022207,IN_PROGRESS,MEDIUM,multiple previous claims on record; short interval since previous claim; repair shop has an elevated historical investigation rate,
INV001114,CL007317,IN_PROGRESS,MEDIUM,multiple previous claims on record; short interval since previous claim; repair shop has an elevated historical investigation rate,
INV001115,CL026077,CLOSED,MEDIUM,multiple previous claims on record,REQUEST_DOCUMENTS
INV001116,CL016633,CLOSED,MEDIUM,claim amount high relative to vehicle value,APPROVE
INV001117,CL021835,IN_PROGRESS,HIGH,claim amount high relative to vehicle value; multiple previous claims on record; short interval since previous claim; repair shop has an elevated historical investigation rate,
INV001118,CL029939,CLOSED,HIGH,anomalous pattern flagged by risk model,APPROVE
INV001119,CL023299,CLOSED,MEDIUM,claim amount high relative to vehicle value; multiple previous claims on record; short interval since previous claim,APPROVE
INV001120,CL021627,CLOSED,MEDIUM,claim amount high relative to vehicle value; multiple previous claims on record; short interval since previous claim; repair shop has an elevated historical investigation rate,REJECT
INV001121,CL010328,CLOSED,HIGH,claim amount high relative to vehicle value; multiple previous claims on record,INVESTIGATE_FURTHER
INV001122,CL009733,CLOSED,MEDIUM,claim amount high relative to vehicle value; multiple previous claims on record; short interval since previous claim,REQUEST_DOCUMENTS
INV001123,CL018245,CLOSED,MEDIUM,multiple previous claims on record,APPROVE
INV001124,CL009264,CLOSED,MEDIUM,claim amount high relative to vehicle value; multiple previous claims on record; short interval since previous claim,APPROVE
INV001125,CL012490,CLOSED,HIGH,claim amount high relative to vehicle value; multiple previous claims on record; repair shop has an elevated historical investigation rate,INVESTIGATE_FURTHER
INV001126,CL017635,CLOSED,MEDIUM,multiple previous claims on record; short interval since previous claim; repair shop has an elevated historical investigation rate,APPROVE
INV001127,CL023579,CLOSED,MEDIUM,claim amount high relative to vehicle value; multiple previous claims on record; short interval since previous claim; repair shop has an elevated historical investigation rate,APPROVE
INV001128,CL013647,CLOSED,MEDIUM,multiple previous claims on record; short interval since previous claim,APPROVE
INV001129,CL024994,CLOSED,MEDIUM,anomalous pattern flagged by risk model,INVESTIGATE_FURTHER
INV001130,CL009300,IN_PROGRESS,MEDIUM,multiple previous claims on record; repair shop has an elevated historical investigation rate,
INV001131,CL018031,IN_PROGRESS,MEDIUM,claim amount high relative to vehicle value; multiple previous claims on record,
INV001132,CL001736,IN_PROGRESS,HIGH,multiple previous claims on record,
INV001133,CL029612,IN_PROGRESS,LOW,claim amount high relative to vehicle value; multiple previous claims on record,
INV001134,CL020305,CLOSED,MEDIUM,multiple previous claims on record; short interval since previous claim,REQUEST_DOCUMENTS
INV001135,CL000145,IN_PROGRESS,MEDIUM,claim amount high relative to vehicle value; multiple previous claims on record; short interval since previous claim,
INV001136,CL027464,IN_PROGRESS,LOW,multiple previous claims on record; short interval since previous claim; repair shop has an elevated historical investigation rate,
INV001137,CL011223,IN_PROGRESS,MEDIUM,claim amount high relative to vehicle value; multiple previous claims on record; short interval since previous claim; repair shop has an elevated historical investigation rate,
INV001138,CL021481,IN_PROGRESS,MEDIUM,multiple previous claims on record; short interval since previous claim; repair shop has an elevated historical investigation rate,
INV001139,CL006633,CLOSED,LOW,multiple previous claims on record; short interval since previous claim; repair shop has an elevated historical investigation rate,APPROVE
INV001140,CL021454,CLOSED,MEDIUM,multiple previous claims on record; short interval since previous claim; repair shop has an elevated historical investigation rate,APPROVE
INV001141,CL009150,IN_PROGRESS,MEDIUM,multiple previous claims on record; short interval since previous claim; repair shop has an elevated historical investigation rate,
INV001142,CL015397,CLOSED,HIGH,multiple previous claims on record; short interval since previous claim,REQUEST_DOCUMENTS
INV001143,CL009247,CLOSED,LOW,multiple previous claims on record; short interval since previous claim; repair shop has an elevated historical investigation rate,APPROVE
INV001144,CL002524,CLOSED,HIGH,claim amount high relative to vehicle value; multiple previous claims on record,REQUEST_DOCUMENTS
INV001145,CL027450,CLOSED,LOW,claim amount high relative to vehicle value; multiple previous claims on record; short interval since previous claim,APPROVE
INV001146,CL029469,IN_PROGRESS,HIGH,claim amount high relative to vehicle value; multiple previous claims on record; short interval since previous claim; repair shop has an elevated historical investigation rate,
INV001147,CL009461,CLOSED,LOW,multiple previous claims on record; short interval since previous claim,APPROVE
INV001148,CL008032,CLOSED,HIGH,multiple previous claims on record; short interval since previous claim,REQUEST_DOCUMENTS
INV001149,CL018451,IN_PROGRESS,MEDIUM,claim amount high relative to vehicle value; repair shop has an elevated historical investigation rate,
INV001150,CL017162,CLOSED,MEDIUM,multiple previous claims on record; short interval since previous claim,INVESTIGATE_FURTHER
INV001151,CL002791,IN_PROGRESS,MEDIUM,multiple previous claims on record; short interval since previous claim; repair shop has an elevated historical investigation rate,
INV001152,CL000807,IN_PROGRESS,MEDIUM,claim amount high relative to vehicle value; multiple previous claims on record; short interval since previous claim,
INV001153,CL003390,CLOSED,HIGH,claim amount high relative to vehicle value; multiple previous claims on record,REQUEST_DOCUMENTS
INV001154,CL016055,IN_PROGRESS,MEDIUM,policy created shortly before incident; multiple previous claims on record; short interval since previous claim,
INV001155,CL029701,CLOSED,HIGH,short interval since previous claim,APPROVE
INV001156,CL012321,CLOSED,HIGH,multiple previous claims on record; short interval since previous claim,APPROVE
INV001157,CL020316,CLOSED,MEDIUM,policy created shortly before incident,INVESTIGATE_FURTHER
INV001158,CL022430,CLOSED,MEDIUM,claim amount high relative to vehicle value; multiple previous claims on record; short interval since previous claim,REQUEST_DOCUMENTS
INV001159,CL023650,IN_PROGRESS,LOW,claim amount high relative to vehicle value; multiple previous claims on record; short interval since previous claim,
INV001160,CL002477,CLOSED,LOW,claim amount high relative to vehicle value; multiple previous claims on record; short interval since previous claim,APPROVE
INV001161,CL017377,CLOSED,LOW,multiple previous claims on record; short interval since previous claim,APPROVE
INV001162,CL009828,CLOSED,LOW,multiple previous claims on record; short interval since previous claim; repair shop has an elevated historical investigation rate,REQUEST_DOCUMENTS
INV001163,CL013588,IN_PROGRESS,LOW,claim amount high relative to vehicle value; multiple previous claims on record; short interval since previous claim,
INV001164,CL018677,CLOSED,MEDIUM,multiple previous claims on record,REQUEST_DOCUMENTS
INV001165,CL026034,IN_PROGRESS,HIGH,multiple previous claims on record; short interval since previous claim; repair shop has an elevated historical investigation rate,
INV001166,CL003621,IN_PROGRESS,HIGH,policy created shortly before incident; claim amount high relative to vehicle value; repair shop has an elevated historical investigation rate,
INV001167,CL008173,CLOSED,LOW,multiple previous claims on record; short interval since previous claim,REQUEST_DOCUMENTS
INV001168,CL028543,CLOSED,LOW,multiple previous claims on record; short interval since previous claim,REQUEST_DOCUMENTS
INV001169,CL015632,CLOSED,LOW,claim amount high relative to vehicle value; multiple previous claims on record; short interval since previous claim,APPROVE
INV001170,CL010054,CLOSED,MEDIUM,multiple previous claims on record; short interval since previous claim,APPROVE
INV001171,CL008901,IN_PROGRESS,MEDIUM,multiple previous claims on record; short interval since previous claim,
INV001172,CL001269,CLOSED,LOW,claim amount high relative to vehicle value; multiple previous claims on record; short interval since previous claim,REJECT
INV001173,CL014619,CLOSED,HIGH,multiple previous claims on record; short interval since previous claim,APPROVE
INV001174,CL016222,IN_PROGRESS,HIGH,multiple previous claims on record; short interval since previous claim,
INV001175,CL023154,IN_PROGRESS,MEDIUM,claim amount high relative to vehicle value; multiple previous claims on record,
INV001176,CL026118,CLOSED,HIGH,multiple previous claims on record; short interval since previous claim,INVESTIGATE_FURTHER
INV001177,CL007083,CLOSED,HIGH,multiple previous claims on record; short interval since previous claim,REQUEST_DOCUMENTS
INV001178,CL025834,CLOSED,MEDIUM,multiple previous claims on record; short interval since previous claim,REQUEST_DOCUMENTS
INV001179,CL020799,CLOSED,MEDIUM,claim amount high relative to vehicle value; multiple previous claims on record; short interval since previous claim,REJECT
INV001180,CL017238,CLOSED,MEDIUM,anomalous pattern flagged by risk model,REQUEST_DOCUMENTS
INV001181,CL002920,IN_PROGRESS,LOW,multiple previous claims on record; short interval since previous claim,
INV001182,CL005404,IN_PROGRESS,MEDIUM,claim amount high relative to vehicle value; multiple previous claims on record,
INV001183,CL010911,IN_PROGRESS,MEDIUM,multiple previous claims on record; short interval since previous claim; repair shop has an elevated historical investigation rate,
INV001184,CL029646,IN_PROGRESS,HIGH,multiple previous claims on record; short interval since previous claim; repair shop has an elevated historical investigation rate,
INV001185,CL006646,CLOSED,MEDIUM,multiple previous claims on record; short interval since previous claim,REJECT
INV001186,CL019948,IN_PROGRESS,LOW,multiple previous claims on record; short interval since previous claim; repair shop has an elevated historical investigation rate,
INV001187,CL004041,IN_PROGRESS,HIGH,multiple previous claims on record; short interval since previous claim,
INV001188,CL019156,CLOSED,MEDIUM,claim amount high relative to vehicle value; repair shop has an elevated historical investigation rate,APPROVE
INV001189,CL016080,IN_PROGRESS,LOW,multiple previous claims on record; short interval since previous claim,
INV001190,CL004860,CLOSED,HIGH,claim amount high relative to vehicle value; multiple previous claims on record; short interval since previous claim,INVESTIGATE_FURTHER
INV001191,CL005714,CLOSED,MEDIUM,multiple previous claims on record; short interval since previous claim,REQUEST_DOCUMENTS
INV001192,CL014451,IN_PROGRESS,MEDIUM,repair shop has an elevated historical investigation rate,
INV001193,CL000434,CLOSED,MEDIUM,anomalous pattern flagged by risk model,REQUEST_DOCUMENTS
INV001194,CL000249,IN_PROGRESS,MEDIUM,multiple previous claims on record; short interval since previous claim; repair shop has an elevated historical investigation rate,
INV001195,CL029863,CLOSED,MEDIUM,multiple previous claims on record; short interval since previous claim; repair shop has an elevated historical investigation rate,APPROVE
INV001196,CL000296,IN_PROGRESS,MEDIUM,multiple previous claims on record; short interval since previous claim,
INV001197,CL007380,IN_PROGRESS,HIGH,claim amount high relative to vehicle value; repair shop has an elevated historical investigation rate,
INV001198,CL009666,IN_PROGRESS,LOW,multiple previous claims on record,
INV001199,CL019968,CLOSED,MEDIUM,multiple previous claims on record; short interval since previous claim; repair shop has an elevated historical investigation rate,APPROVE
INV001200,CL012241,CLOSED,MEDIUM,claim amount high relative to vehicle value; multiple previous claims on record; short interval since previous claim; repair shop has an elevated historical investigation rate,REQUEST_DOCUMENTS
INV001201,CL027433,CLOSED,LOW,multiple previous claims on record,REJECT
INV001202,CL006144,CLOSED,MEDIUM,short interval since previous claim,APPROVE
INV001203,CL026658,CLOSED,HIGH,short interval since previous claim; repair shop has an elevated historical investigation rate,APPROVE
INV001204,CL004366,CLOSED,HIGH,claim amount high relative to vehicle value; multiple previous claims on record; repair shop has an elevated historical investigation rate,REQUEST_DOCUMENTS
INV001205,CL028235,CLOSED,MEDIUM,policy created shortly before incident; claim amount high relative to vehicle value; short interval since previous claim,REQUEST_DOCUMENTS
INV001206,CL024668,CLOSED,MEDIUM,multiple previous claims on record; short interval since previous claim; repair shop has an elevated historical investigation rate,APPROVE
INV001207,CL028880,CLOSED,HIGH,claim amount high relative to vehicle value; multiple previous claims on record; short interval since previous claim,INVESTIGATE_FURTHER
INV001208,CL001915,CLOSED,HIGH,multiple previous claims on record; short interval since previous claim,REQUEST_DOCUMENTS
INV001209,CL000226,CLOSED,LOW,multiple previous claims on record; short interval since previous claim,APPROVE
INV001210,CL004450,IN_PROGRESS,MEDIUM,multiple previous claims on record; short interval since previous claim; repair shop has an elevated historical investigation rate,
INV001211,CL012556,CLOSED,MEDIUM,short interval since previous claim; repair shop has an elevated historical investigation rate,REQUEST_DOCUMENTS
INV001212,CL015146,CLOSED,MEDIUM,short interval since previous claim,APPROVE
INV001213,CL024194,IN_PROGRESS,LOW,multiple previous claims on record; short interval since previous claim,
INV001214,CL005281,CLOSED,MEDIUM,anomalous pattern flagged by risk model,REQUEST_DOCUMENTS
INV001215,CL027835,CLOSED,HIGH,multiple previous claims on record; repair shop has an elevated historical investigation rate,REQUEST_DOCUMENTS
INV001216,CL009564,CLOSED,MEDIUM,multiple previous claims on record; short interval since previous claim,INVESTIGATE_FURTHER
INV001217,CL023483,CLOSED,MEDIUM,claim amount high relative to vehicle value; repair shop has an elevated historical investigation rate,REQUEST_DOCUMENTS
INV001218,CL016678,CLOSED,LOW,claim amount high relative to vehicle value; multiple previous claims on record,APPROVE
INV001219,CL022083,IN_PROGRESS,LOW,policy created shortly before incident,
INV001220,CL017786,CLOSED,MEDIUM,multiple previous claims on record; short interval since previous claim,REJECT
INV001221,CL026935,CLOSED,MEDIUM,claim amount high relative to vehicle value; multiple previous claims on record; short interval since previous claim; repair shop has an elevated historical investigation rate,APPROVE
INV001222,CL003730,CLOSED,MEDIUM,claim amount high relative to vehicle value; multiple previous claims on record; short interval since previous claim,INVESTIGATE_FURTHER
INV001223,CL011494,IN_PROGRESS,MEDIUM,anomalous pattern flagged by risk model,
INV001224,CL004818,CLOSED,HIGH,policy created shortly before incident; multiple previous claims on record; short interval since previous claim,REJECT
INV001225,CL025430,CLOSED,MEDIUM,multiple previous claims on record; short interval since previous claim; repair shop has an elevated historical investigation rate,APPROVE
INV001226,CL027804,IN_PROGRESS,MEDIUM,multiple previous claims on record; short interval since previous claim; repair shop has an elevated historical investigation rate,
INV001227,CL014212,CLOSED,HIGH,multiple previous claims on record; short interval since previous claim,REJECT
INV001228,CL028077,IN_PROGRESS,MEDIUM,multiple previous claims on record; short interval since previous claim,
INV001229,CL002613,CLOSED,MEDIUM,multiple previous claims on record; short interval since previous claim; repair shop has an elevated historical investigation rate,REQUEST_DOCUMENTS
INV001230,CL024071,CLOSED,LOW,multiple previous claims on record; short interval since previous claim; repair shop has an elevated historical investigation rate,APPROVE
INV001231,CL006225,CLOSED,MEDIUM,multiple previous claims on record; repair shop has an elevated historical investigation rate,APPROVE
INV001232,CL010271,CLOSED,MEDIUM,policy created shortly before incident; repair shop has an elevated historical investigation rate,REQUEST_DOCUMENTS
INV001233,CL012723,CLOSED,HIGH,multiple previous claims on record; short interval since previous claim,INVESTIGATE_FURTHER
INV001234,CL005005,CLOSED,LOW,policy created shortly before incident; multiple previous claims on record; short interval since previous claim,APPROVE
INV001235,CL027314,CLOSED,MEDIUM,claim amount high relative to vehicle value; short interval since previous claim,INVESTIGATE_FURTHER
INV001236,CL020430,IN_PROGRESS,HIGH,policy created shortly before incident; short interval since previous claim; repair shop has an elevated historical investigation rate,
INV001237,CL009648,CLOSED,MEDIUM,multiple previous claims on record; short interval since previous claim,APPROVE
INV001238,CL022135,IN_PROGRESS,MEDIUM,multiple previous claims on record; short interval since previous claim,
INV001239,CL020223,CLOSED,MEDIUM,multiple previous claims on record; short interval since previous claim,REQUEST_DOCUMENTS
INV001240,CL026305,CLOSED,MEDIUM,multiple previous claims on record; repair shop has an elevated historical investigation rate,INVESTIGATE_FURTHER
INV001241,CL012362,CLOSED,HIGH,multiple previous claims on record; repair shop has an elevated historical investigation rate,APPROVE
INV001242,CL005502,CLOSED,LOW,multiple previous claims on record; repair shop has an elevated historical investigation rate,APPROVE
INV001243,CL015200,CLOSED,MEDIUM,multiple previous claims on record; short interval since previous claim; repair shop has an elevated historical investigation rate,REQUEST_DOCUMENTS
INV001244,CL021616,IN_PROGRESS,MEDIUM,claim amount high relative to vehicle value; multiple previous claims on record,
INV001245,CL020251,IN_PROGRESS,MEDIUM,claim amount high relative to vehicle value; multiple previous claims on record; repair shop has an elevated historical investigation rate,
INV001246,CL016987,IN_PROGRESS,LOW,claim amount high relative to vehicle value; multiple previous claims on record; short interval since previous claim,
INV001247,CL001257,IN_PROGRESS,LOW,multiple previous claims on record; short interval since previous claim,
INV001248,CL011977,CLOSED,MEDIUM,multiple previous claims on record; short interval since previous claim,APPROVE
INV001249,CL004008,IN_PROGRESS,LOW,multiple previous claims on record; short interval since previous claim,
INV001250,CL008513,IN_PROGRESS,MEDIUM,multiple previous claims on record; short interval since previous claim,
INV001251,CL017834,IN_PROGRESS,MEDIUM,multiple previous claims on record; short interval since previous claim; repair shop has an elevated historical investigation rate,
INV001252,CL002924,CLOSED,HIGH,multiple previous claims on record; short interval since previous claim; repair shop has an elevated historical investigation rate,INVESTIGATE_FURTHER
INV001253,CL001065,IN_PROGRESS,MEDIUM,multiple previous claims on record; short interval since previous claim; repair shop has an elevated historical investigation rate,
INV001254,CL001590,IN_PROGRESS,MEDIUM,policy created shortly before incident; claim amount high relative to vehicle value; multiple previous claims on record; short interval since previous claim,
INV001255,CL006529,CLOSED,HIGH,multiple previous claims on record; short interval since previous claim; repair shop has an elevated historical investigation rate,APPROVE
INV001256,CL008601,CLOSED,LOW,policy created shortly before incident; multiple previous claims on record; short interval since previous claim,APPROVE
INV001257,CL027146,IN_PROGRESS,MEDIUM,policy created shortly before incident; claim amount high relative to vehicle value,
INV001258,CL023779,IN_PROGRESS,MEDIUM,multiple previous claims on record; short interval since previous claim,
INV001259,CL029822,IN_PROGRESS,LOW,anomalous pattern flagged by risk model,
INV001260,CL020861,IN_PROGRESS,HIGH,multiple previous claims on record; short interval since previous claim,
INV001261,CL027703,CLOSED,LOW,claim amount high relative to vehicle value; multiple previous claims on record,INVESTIGATE_FURTHER
INV001262,CL014441,IN_PROGRESS,HIGH,multiple previous claims on record; repair shop has an elevated historical investigation rate,
INV001263,CL005528,IN_PROGRESS,MEDIUM,short interval since previous claim,
INV001264,CL022485,CLOSED,MEDIUM,multiple previous claims on record,INVESTIGATE_FURTHER
INV001265,CL001411,CLOSED,LOW,policy created shortly before incident; multiple previous claims on record; short interval since previous claim,APPROVE
INV001266,CL010822,CLOSED,HIGH,multiple previous claims on record; short interval since previous claim,APPROVE
INV001267,CL007896,IN_PROGRESS,MEDIUM,multiple previous claims on record; repair shop has an elevated historical investigation rate,
INV001268,CL018505,CLOSED,HIGH,multiple previous claims on record; short interval since previous claim,REQUEST_DOCUMENTS
INV001269,CL016999,CLOSED,HIGH,claim amount high relative to vehicle value; short interval since previous claim,REQUEST_DOCUMENTS
INV001270,CL009345,CLOSED,HIGH,multiple previous claims on record; short interval since previous claim; repair shop has an elevated historical investigation rate,REQUEST_DOCUMENTS
INV001271,CL004145,CLOSED,HIGH,multiple previous claims on record; repair shop has an elevated historical investigation rate,APPROVE
INV001272,CL021103,CLOSED,MEDIUM,claim amount high relative to vehicle value; short interval since previous claim; repair shop has an elevated historical investigation rate,APPROVE
INV001273,CL008567,CLOSED,HIGH,multiple previous claims on record; short interval since previous claim; repair shop has an elevated historical investigation rate,APPROVE
INV001274,CL017700,CLOSED,HIGH,multiple previous claims on record; repair shop has an elevated historical investigation rate,REQUEST_DOCUMENTS
INV001275,CL001684,CLOSED,LOW,multiple previous claims on record; repair shop has an elevated historical investigation rate,REQUEST_DOCUMENTS
INV001276,CL010482,CLOSED,MEDIUM,claim amount high relative to vehicle value; multiple previous claims on record; short interval since previous claim,REQUEST_DOCUMENTS
INV001277,CL008885,IN_PROGRESS,MEDIUM,claim amount high relative to vehicle value; multiple previous claims on record,
INV001278,CL028233,CLOSED,HIGH,claim amount high relative to vehicle value,APPROVE
INV001279,CL024050,CLOSED,MEDIUM,multiple previous claims on record; short interval since previous claim,INVESTIGATE_FURTHER
INV001280,CL001400,CLOSED,LOW,multiple previous claims on record; short interval since previous claim,INVESTIGATE_FURTHER
INV001281,CL000774,CLOSED,LOW,multiple previous claims on record,REQUEST_DOCUMENTS
INV001282,CL003206,CLOSED,LOW,claim amount high relative to vehicle value; short interval since previous claim; repair shop has an elevated historical investigation rate,APPROVE
INV001283,CL019610,IN_PROGRESS,MEDIUM,multiple previous claims on record; repair shop has an elevated historical investigation rate,
INV001284,CL002828,CLOSED,MEDIUM,multiple previous claims on record,INVESTIGATE_FURTHER
INV001285,CL003264,CLOSED,HIGH,multiple previous claims on record,APPROVE
INV001286,CL024948,CLOSED,MEDIUM,multiple previous claims on record; short interval since previous claim,INVESTIGATE_FURTHER
INV001287,CL019371,IN_PROGRESS,LOW,multiple previous claims on record; short interval since previous claim,
INV001288,CL000225,CLOSED,HIGH,multiple previous claims on record; short interval since previous claim,REJECT
INV001289,CL022818,CLOSED,HIGH,multiple previous claims on record,REQUEST_DOCUMENTS
INV001290,CL005076,CLOSED,MEDIUM,policy created shortly before incident; claim amount high relative to vehicle value; multiple previous claims on record,APPROVE
INV001291,CL012473,IN_PROGRESS,LOW,multiple previous claims on record,
INV001292,CL013583,CLOSED,HIGH,claim amount high relative to vehicle value; multiple previous claims on record; short interval since previous claim,REQUEST_DOCUMENTS
INV001293,CL012427,IN_PROGRESS,MEDIUM,multiple previous claims on record; short interval since previous claim,
INV001294,CL009738,IN_PROGRESS,MEDIUM,short interval since previous claim,
INV001295,CL026902,CLOSED,HIGH,claim amount high relative to vehicle value; multiple previous claims on record,APPROVE
INV001296,CL015412,CLOSED,MEDIUM,policy created shortly before incident; multiple previous claims on record; short interval since previous claim; repair shop has an elevated historical investigation rate,REQUEST_DOCUMENTS
INV001297,CL014330,IN_PROGRESS,HIGH,multiple previous claims on record; repair shop has an elevated historical investigation rate,
INV001298,CL000676,IN_PROGRESS,MEDIUM,multiple previous claims on record,
INV001299,CL015899,CLOSED,HIGH,multiple previous claims on record; repair shop has an elevated historical investigation rate,REQUEST_DOCUMENTS
INV001300,CL003534,IN_PROGRESS,MEDIUM,multiple previous claims on record; short interval since previous claim; repair shop has an elevated historical investigation rate,
INV001301,CL004275,IN_PROGRESS,LOW,multiple previous claims on record; short interval since previous claim; repair shop has an elevated historical investigation rate,
INV001302,CL010868,CLOSED,MEDIUM,claim amount high relative to vehicle value; multiple previous claims on record; repair shop has an elevated historical investigation rate,REQUEST_DOCUMENTS
INV001303,CL022646,CLOSED,MEDIUM,multiple previous claims on record; short interval since previous claim; repair shop has an elevated historical investigation rate,APPROVE
INV001304,CL010490,CLOSED,MEDIUM,multiple previous claims on record; repair shop has an elevated historical investigation rate,APPROVE
INV001305,CL015985,IN_PROGRESS,HIGH,multiple previous claims on record; short interval since previous claim,
INV001306,CL022167,IN_PROGRESS,MEDIUM,multiple previous claims on record,
INV001307,CL009334,CLOSED,MEDIUM,multiple previous claims on record; short interval since previous claim; repair shop has an elevated historical investigation rate,APPROVE
INV001308,CL028762,CLOSED,MEDIUM,multiple previous claims on record; short interval since previous claim,REJECT
INV001309,CL021328,CLOSED,MEDIUM,multiple previous claims on record; short interval since previous claim,INVESTIGATE_FURTHER
INV001310,CL016819,IN_PROGRESS,LOW,multiple previous claims on record; short interval since previous claim; repair shop has an elevated historical investigation rate,
INV001311,CL006040,IN_PROGRESS,LOW,claim amount high relative to vehicle value; multiple previous claims on record; repair shop has an elevated historical investigation rate,
INV001312,CL004400,CLOSED,HIGH,policy created shortly before incident; multiple previous claims on record; short interval since previous claim; repair shop has an elevated historical investigation rate,REJECT
INV001313,CL021934,CLOSED,MEDIUM,multiple previous claims on record,APPROVE
INV001314,CL015943,CLOSED,MEDIUM,multiple previous claims on record; short interval since previous claim,REJECT
INV001315,CL011140,CLOSED,MEDIUM,multiple previous claims on record; short interval since previous claim,REQUEST_DOCUMENTS
INV001316,CL018896,CLOSED,LOW,short interval since previous claim,APPROVE
INV001317,CL018913,CLOSED,MEDIUM,multiple previous claims on record; short interval since previous claim; repair shop has an elevated historical investigation rate,REJECT
INV001318,CL011653,IN_PROGRESS,MEDIUM,multiple previous claims on record; short interval since previous claim,
INV001319,CL004680,IN_PROGRESS,HIGH,multiple previous claims on record,
INV001320,CL009370,CLOSED,HIGH,multiple previous claims on record; short interval since previous claim,INVESTIGATE_FURTHER
INV001321,CL007523,CLOSED,HIGH,multiple previous claims on record; short interval since previous claim; repair shop has an elevated historical investigation rate,APPROVE
INV001322,CL027369,CLOSED,MEDIUM,policy created shortly before incident; multiple previous claims on record; short interval since previous claim,APPROVE
INV001323,CL029008,CLOSED,HIGH,multiple previous claims on record; short interval since previous claim,INVESTIGATE_FURTHER
INV001324,CL006084,CLOSED,MEDIUM,claim amount high relative to vehicle value; multiple previous claims on record,REQUEST_DOCUMENTS
INV001325,CL018502,CLOSED,MEDIUM,multiple previous claims on record; short interval since previous claim,REQUEST_DOCUMENTS
INV001326,CL029921,IN_PROGRESS,MEDIUM,claim amount high relative to vehicle value; multiple previous claims on record; short interval since previous claim,
INV001327,CL010311,IN_PROGRESS,HIGH,multiple previous claims on record,
INV001328,CL009397,CLOSED,LOW,multiple previous claims on record; short interval since previous claim; repair shop has an elevated historical investigation rate,APPROVE
INV001329,CL002278,IN_PROGRESS,MEDIUM,policy created shortly before incident; multiple previous claims on record; short interval since previous claim,
INV001330,CL012007,IN_PROGRESS,HIGH,multiple previous claims on record; short interval since previous claim,
INV001331,CL024777,CLOSED,LOW,claim amount high relative to vehicle value; multiple previous claims on record; repair shop has an elevated historical investigation rate,APPROVE
INV001332,CL026959,IN_PROGRESS,MEDIUM,anomalous pattern flagged by risk model,
INV001333,CL019054,IN_PROGRESS,HIGH,multiple previous claims on record; short interval since previous claim,
INV001334,CL002213,IN_PROGRESS,MEDIUM,claim amount high relative to vehicle value; multiple previous claims on record; short interval since previous claim,
INV001335,CL022937,IN_PROGRESS,HIGH,claim amount high relative to vehicle value; multiple previous claims on record; short interval since previous claim; repair shop has an elevated historical investigation rate,
INV001336,CL028308,IN_PROGRESS,MEDIUM,anomalous pattern flagged by risk model,
INV001337,CL007799,CLOSED,LOW,multiple previous claims on record; short interval since previous claim,APPROVE
INV001338,CL020070,CLOSED,MEDIUM,multiple previous claims on record; short interval since previous claim,APPROVE
INV001339,CL003063,IN_PROGRESS,LOW,multiple previous claims on record; short interval since previous claim; repair shop has an elevated historical investigation rate,
INV001340,CL003669,CLOSED,LOW,policy created shortly before incident; multiple previous claims on record; short interval since previous claim,REQUEST_DOCUMENTS
INV001341,CL026770,CLOSED,MEDIUM,claim amount high relative to vehicle value; multiple previous claims on record; short interval since previous claim,INVESTIGATE_FURTHER
INV001342,CL027010,IN_PROGRESS,MEDIUM,multiple previous claims on record,
INV001343,CL027628,CLOSED,HIGH,policy created shortly before incident; repair shop has an elevated historical investigation rate,REQUEST_DOCUMENTS
INV001344,CL009969,IN_PROGRESS,MEDIUM,multiple previous claims on record; short interval since previous claim,
INV001345,CL029071,IN_PROGRESS,MEDIUM,policy created shortly before incident; claim amount high relative to vehicle value; multiple previous claims on record; short interval since previous claim,
INV001346,CL013247,IN_PROGRESS,MEDIUM,claim amount high relative to vehicle value; multiple previous claims on record,
INV001347,CL021496,IN_PROGRESS,HIGH,multiple previous claims on record; short interval since previous claim,
INV001348,CL025984,CLOSED,HIGH,multiple previous claims on record; short interval since previous claim; repair shop has an elevated historical investigation rate,APPROVE
INV001349,CL010315,CLOSED,LOW,multiple previous claims on record; short interval since previous claim; repair shop has an elevated historical investigation rate,REQUEST_DOCUMENTS
INV001350,CL022859,CLOSED,HIGH,policy created shortly before incident; multiple previous claims on record; short interval since previous claim,REQUEST_DOCUMENTS
INV001351,CL025583,CLOSED,LOW,claim amount high relative to vehicle value; multiple previous claims on record; short interval since previous claim,INVESTIGATE_FURTHER
INV001352,CL004862,IN_PROGRESS,HIGH,multiple previous claims on record; short interval since previous claim,
INV001353,CL002849,CLOSED,MEDIUM,multiple previous claims on record,INVESTIGATE_FURTHER
INV001354,CL019856,CLOSED,HIGH,claim amount high relative to vehicle value; multiple previous claims on record; repair shop has an elevated historical investigation rate,REQUEST_DOCUMENTS
INV001355,CL001179,IN_PROGRESS,MEDIUM,multiple previous claims on record; short interval since previous claim,
INV001356,CL029222,CLOSED,LOW,multiple previous claims on record; short interval since previous claim,REQUEST_DOCUMENTS
INV001357,CL000755,CLOSED,HIGH,claim amount high relative to vehicle value; multiple previous claims on record; short interval since previous claim; repair shop has an elevated historical investigation rate,APPROVE
INV001358,CL025911,CLOSED,MEDIUM,claim amount high relative to vehicle value; multiple previous claims on record,APPROVE
INV001359,CL012230,CLOSED,MEDIUM,claim amount high relative to vehicle value,APPROVE
INV001360,CL012147,IN_PROGRESS,MEDIUM,multiple previous claims on record; short interval since previous claim; repair shop has an elevated historical investigation rate,
INV001361,CL023436,CLOSED,LOW,claim amount high relative to vehicle value; multiple previous claims on record; repair shop has an elevated historical investigation rate,REQUEST_DOCUMENTS
INV001362,CL020620,CLOSED,MEDIUM,anomalous pattern flagged by risk model,APPROVE
INV001363,CL026001,IN_PROGRESS,MEDIUM,claim amount high relative to vehicle value; multiple previous claims on record; short interval since previous claim; repair shop has an elevated historical investigation rate,
INV001364,CL017598,IN_PROGRESS,MEDIUM,multiple previous claims on record; short interval since previous claim; repair shop has an elevated historical investigation rate,
INV001365,CL009511,CLOSED,MEDIUM,multiple previous claims on record; short interval since previous claim,APPROVE
INV001366,CL010469,CLOSED,HIGH,claim amount high relative to vehicle value; multiple previous claims on record; short interval since previous claim,INVESTIGATE_FURTHER
INV001367,CL003144,IN_PROGRESS,MEDIUM,multiple previous claims on record; short interval since previous claim,
INV001368,CL020512,CLOSED,MEDIUM,multiple previous claims on record; short interval since previous claim; repair shop has an elevated historical investigation rate,INVESTIGATE_FURTHER
INV001369,CL003735,IN_PROGRESS,HIGH,policy created shortly before incident; multiple previous claims on record; short interval since previous claim,
INV001370,CL025010,IN_PROGRESS,MEDIUM,repair shop has an elevated historical investigation rate,
INV001371,CL016143,CLOSED,MEDIUM,multiple previous claims on record; short interval since previous claim; repair shop has an elevated historical investigation rate,REJECT
INV001372,CL006125,IN_PROGRESS,LOW,multiple previous claims on record,
INV001373,CL018538,CLOSED,MEDIUM,claim amount high relative to vehicle value; multiple previous claims on record; short interval since previous claim,APPROVE
INV001374,CL024038,CLOSED,LOW,multiple previous claims on record; short interval since previous claim,APPROVE
INV001375,CL000646,IN_PROGRESS,MEDIUM,claim amount high relative to vehicle value; multiple previous claims on record; short interval since previous claim; repair shop has an elevated historical investigation rate,
INV001376,CL010481,CLOSED,MEDIUM,multiple previous claims on record; repair shop has an elevated historical investigation rate,APPROVE
INV001377,CL025728,IN_PROGRESS,MEDIUM,multiple previous claims on record; short interval since previous claim; repair shop has an elevated historical investigation rate,
INV001378,CL018887,IN_PROGRESS,MEDIUM,claim amount high relative to vehicle value; multiple previous claims on record; short interval since previous claim,
INV001379,CL008425,IN_PROGRESS,HIGH,repair shop has an elevated historical investigation rate,
INV001380,CL009952,IN_PROGRESS,MEDIUM,claim amount high relative to vehicle value; multiple previous claims on record; short interval since previous claim,
INV001381,CL020899,CLOSED,MEDIUM,policy created shortly before incident; multiple previous claims on record,APPROVE
INV001382,CL016463,CLOSED,HIGH,multiple previous claims on record,REQUEST_DOCUMENTS
INV001383,CL014824,CLOSED,MEDIUM,claim amount high relative to vehicle value; multiple previous claims on record; short interval since previous claim,REQUEST_DOCUMENTS
INV001384,CL023418,IN_PROGRESS,HIGH,multiple previous claims on record; short interval since previous claim,
INV001385,CL007571,CLOSED,HIGH,multiple previous claims on record; short interval since previous claim; repair shop has an elevated historical investigation rate,REQUEST_DOCUMENTS
INV001386,CL020038,IN_PROGRESS,LOW,multiple previous claims on record; short interval since previous claim; repair shop has an elevated historical investigation rate,
INV001387,CL001732,CLOSED,HIGH,claim amount high relative to vehicle value; multiple previous claims on record; short interval since previous claim,INVESTIGATE_FURTHER
INV001388,CL017613,CLOSED,MEDIUM,claim amount high relative to vehicle value; multiple previous claims on record,APPROVE
INV001389,CL006498,CLOSED,HIGH,policy created shortly before incident; multiple previous claims on record; short interval since previous claim,REQUEST_DOCUMENTS
INV001390,CL025398,IN_PROGRESS,HIGH,claim amount high relative to vehicle value; multiple previous claims on record; short interval since previous claim,
INV001391,CL020419,CLOSED,HIGH,policy created shortly before incident; repair shop has an elevated historical investigation rate,APPROVE
INV001392,CL023577,CLOSED,HIGH,claim amount high relative to vehicle value; short interval since previous claim,REJECT
INV001393,CL021315,CLOSED,LOW,multiple previous claims on record; short interval since previous claim,REQUEST_DOCUMENTS
INV001394,CL026203,CLOSED,MEDIUM,claim amount high relative to vehicle value; multiple previous claims on record; short interval since previous claim,INVESTIGATE_FURTHER
INV001395,CL001850,CLOSED,MEDIUM,claim amount high relative to vehicle value; multiple previous claims on record; short interval since previous claim; repair shop has an elevated historical investigation rate,INVESTIGATE_FURTHER
INV001396,CL021358,IN_PROGRESS,MEDIUM,multiple previous claims on record; short interval since previous claim; repair shop has an elevated historical investigation rate,
INV001397,CL017230,CLOSED,HIGH,multiple previous claims on record; short interval since previous claim; repair shop has an elevated historical investigation rate,INVESTIGATE_FURTHER
INV001398,CL027683,CLOSED,MEDIUM,multiple previous claims on record; short interval since previous claim,INVESTIGATE_FURTHER
INV001399,CL028269,CLOSED,MEDIUM,short interval since previous claim,APPROVE
INV001400,CL006176,IN_PROGRESS,HIGH,multiple previous claims on record,
INV001401,CL027865,IN_PROGRESS,LOW,multiple previous claims on record; short interval since previous claim; repair shop has an elevated historical investigation rate,
INV001402,CL010540,CLOSED,MEDIUM,multiple previous claims on record; short interval since previous claim,APPROVE
INV001403,CL011841,CLOSED,MEDIUM,multiple previous claims on record; short interval since previous claim; repair shop has an elevated historical investigation rate,APPROVE
INV001404,CL019688,CLOSED,MEDIUM,multiple previous claims on record; repair shop has an elevated historical investigation rate,APPROVE
INV001405,CL026170,CLOSED,MEDIUM,multiple previous claims on record; short interval since previous claim,REQUEST_DOCUMENTS
INV001406,CL024249,IN_PROGRESS,MEDIUM,repair shop has an elevated historical investigation rate,
INV001407,CL019878,IN_PROGRESS,MEDIUM,multiple previous claims on record; repair shop has an elevated historical investigation rate,
INV001408,CL019426,IN_PROGRESS,HIGH,claim amount high relative to vehicle value; multiple previous claims on record; short interval since previous claim; repair shop has an elevated historical investigation rate,
INV001409,CL014063,IN_PROGRESS,MEDIUM,policy created shortly before incident; claim amount high relative to vehicle value; multiple previous claims on record; repair shop has an elevated historical investigation rate,
INV001410,CL002509,IN_PROGRESS,MEDIUM,multiple previous claims on record; short interval since previous claim; repair shop has an elevated historical investigation rate,
INV001411,CL001664,CLOSED,HIGH,repair shop has an elevated historical investigation rate,APPROVE
INV001412,CL002302,IN_PROGRESS,MEDIUM,policy created shortly before incident; short interval since previous claim; repair shop has an elevated historical investigation rate,
INV001413,CL012276,IN_PROGRESS,HIGH,multiple previous claims on record; short interval since previous claim,
INV001414,CL010863,CLOSED,MEDIUM,multiple previous claims on record; short interval since previous claim; repair shop has an elevated historical investigation rate,APPROVE
INV001415,CL029207,IN_PROGRESS,MEDIUM,policy created shortly before incident; claim amount high relative to vehicle value,
INV001416,CL026712,IN_PROGRESS,HIGH,claim amount high relative to vehicle value; repair shop has an elevated historical investigation rate,
INV001417,CL020379,CLOSED,HIGH,multiple previous claims on record; repair shop has an elevated historical investigation rate,INVESTIGATE_FURTHER
INV001418,CL012634,CLOSED,HIGH,claim amount high relative to vehicle value; multiple previous claims on record; short interval since previous claim,APPROVE
INV001419,CL026542,IN_PROGRESS,HIGH,multiple previous claims on record; short interval since previous claim; repair shop has an elevated historical investigation rate,
INV001420,CL002535,CLOSED,LOW,claim amount high relative to vehicle value; multiple previous claims on record; short interval since previous claim; repair shop has an elevated historical investigation rate,REJECT
INV001421,CL023387,IN_PROGRESS,MEDIUM,policy created shortly before incident; short interval since previous claim,
INV001422,CL001131,IN_PROGRESS,LOW,multiple previous claims on record; short interval since previous claim; repair shop has an elevated historical investigation rate,
INV001423,CL019359,CLOSED,HIGH,multiple previous claims on record; repair shop has an elevated historical investigation rate,REJECT
INV001424,CL010668,IN_PROGRESS,HIGH,multiple previous claims on record; short interval since previous claim; repair shop has an elevated historical investigation rate,
INV001425,CL013832,CLOSED,MEDIUM,claim amount high relative to vehicle value; multiple previous claims on record; short interval since previous claim; repair shop has an elevated historical investigation rate,APPROVE
INV001426,CL021155,CLOSED,MEDIUM,policy created shortly before incident; short interval since previous claim,REJECT
INV001427,CL002386,CLOSED,MEDIUM,multiple previous claims on record; short interval since previous claim; repair shop has an elevated historical investigation rate,APPROVE
INV001428,CL023505,CLOSED,MEDIUM,claim amount high relative to vehicle value; multiple previous claims on record; short interval since previous claim; repair shop has an elevated historical investigation rate,REQUEST_DOCUMENTS
INV001429,CL011430,IN_PROGRESS,MEDIUM,policy created shortly before incident; claim amount high relative to vehicle value; multiple previous claims on record; short interval since previous claim,
INV001430,CL011672,IN_PROGRESS,MEDIUM,policy created shortly before incident; claim amount high relative to vehicle value; multiple previous claims on record; short interval since previous claim; repair shop has an elevated historical investigation rate,
INV001431,CL005610,CLOSED,MEDIUM,policy created shortly before incident; claim amount high relative to vehicle value; multiple previous claims on record; short interval since previous claim,APPROVE
INV001432,CL019816,IN_PROGRESS,LOW,multiple previous claims on record; short interval since previous claim; repair shop has an elevated historical investigation rate,
INV001433,CL001591,IN_PROGRESS,LOW,multiple previous claims on record,
INV001434,CL025510,IN_PROGRESS,LOW,policy created shortly before incident; multiple previous claims on record; short interval since previous claim; repair shop has an elevated historical investigation rate,
INV001435,CL014611,CLOSED,MEDIUM,multiple previous claims on record; short interval since previous claim,REQUEST_DOCUMENTS
INV001436,CL025826,CLOSED,MEDIUM,multiple previous claims on record,REQUEST_DOCUMENTS
INV001437,CL023621,IN_PROGRESS,LOW,claim amount high relative to vehicle value; multiple previous claims on record; short interval since previous claim,
INV001438,CL025326,IN_PROGRESS,MEDIUM,multiple previous claims on record; short interval since previous claim; repair shop has an elevated historical investigation rate,
INV001439,CL024782,CLOSED,MEDIUM,multiple previous claims on record; short interval since previous claim,APPROVE
INV001440,CL017879,IN_PROGRESS,LOW,claim amount high relative to vehicle value; multiple previous claims on record; short interval since previous claim; repair shop has an elevated historical investigation rate,
INV001441,CL007050,CLOSED,MEDIUM,multiple previous claims on record; short interval since previous claim,APPROVE
INV001442,CL011125,CLOSED,HIGH,claim amount high relative to vehicle value; short interval since previous claim,APPROVE
INV001443,CL024650,IN_PROGRESS,MEDIUM,short interval since previous claim; repair shop has an elevated historical investigation rate,
INV001444,CL029287,IN_PROGRESS,MEDIUM,multiple previous claims on record; short interval since previous claim; repair shop has an elevated historical investigation rate,
INV001445,CL027806,CLOSED,MEDIUM,multiple previous claims on record; short interval since previous claim; repair shop has an elevated historical investigation rate,APPROVE
INV001446,CL005387,IN_PROGRESS,MEDIUM,multiple previous claims on record; short interval since previous claim,
INV001447,CL016360,CLOSED,MEDIUM,multiple previous claims on record; short interval since previous claim,REQUEST_DOCUMENTS
INV001448,CL013947,CLOSED,MEDIUM,repair shop has an elevated historical investigation rate,APPROVE
INV001449,CL004328,CLOSED,HIGH,multiple previous claims on record,APPROVE
INV001450,CL001225,CLOSED,MEDIUM,multiple previous claims on record; short interval since previous claim,APPROVE
INV001451,CL027108,IN_PROGRESS,HIGH,claim amount high relative to vehicle value; multiple previous claims on record,
INV001452,CL028178,IN_PROGRESS,HIGH,claim amount high relative to vehicle value; multiple previous claims on record,
INV001453,CL012873,IN_PROGRESS,HIGH,multiple previous claims on record; short interval since previous claim,
INV001454,CL025328,CLOSED,MEDIUM,multiple previous claims on record; short interval since previous claim,APPROVE
INV001455,CL005461,IN_PROGRESS,MEDIUM,policy created shortly before incident; claim amount high relative to vehicle value; short interval since previous claim; repair shop has an elevated historical investigation rate,
INV001456,CL012190,CLOSED,LOW,multiple previous claims on record; repair shop has an elevated historical investigation rate,REQUEST_DOCUMENTS
INV001457,CL003945,CLOSED,MEDIUM,claim amount high relative to vehicle value; multiple previous claims on record; short interval since previous claim,INVESTIGATE_FURTHER
INV001458,CL013435,CLOSED,MEDIUM,claim amount high relative to vehicle value; multiple previous claims on record; repair shop has an elevated historical investigation rate,APPROVE
INV001459,CL028334,IN_PROGRESS,LOW,multiple previous claims on record; short interval since previous claim,
INV001460,CL007606,CLOSED,LOW,claim amount high relative to vehicle value; multiple previous claims on record; short interval since previous claim,REQUEST_DOCUMENTS
INV001461,CL004231,CLOSED,MEDIUM,multiple previous claims on record; short interval since previous claim,APPROVE
INV001462,CL021015,CLOSED,MEDIUM,claim amount high relative to vehicle value; multiple previous claims on record; short interval since previous claim,INVESTIGATE_FURTHER
INV001463,CL002465,CLOSED,MEDIUM,claim amount high relative to vehicle value; short interval since previous claim; repair shop has an elevated historical investigation rate,APPROVE
INV001464,CL009396,IN_PROGRESS,HIGH,multiple previous claims on record; short interval since previous claim; repair shop has an elevated historical investigation rate,
INV001465,CL013995,CLOSED,HIGH,multiple previous claims on record; short interval since previous claim; repair shop has an elevated historical investigation rate,REQUEST_DOCUMENTS
INV001466,CL018338,IN_PROGRESS,HIGH,claim amount high relative to vehicle value; multiple previous claims on record; short interval since previous claim,
INV001467,CL002236,CLOSED,HIGH,policy created shortly before incident; multiple previous claims on record; short interval since previous claim; repair shop has an elevated historical investigation rate,REQUEST_DOCUMENTS
INV001468,CL017586,IN_PROGRESS,MEDIUM,claim amount high relative to vehicle value; multiple previous claims on record; short interval since previous claim,
INV001469,CL016345,CLOSED,HIGH,multiple previous claims on record,REQUEST_DOCUMENTS
INV001470,CL018792,CLOSED,HIGH,multiple previous claims on record; short interval since previous claim; repair shop has an elevated historical investigation rate,APPROVE
INV001471,CL001778,CLOSED,LOW,multiple previous claims on record,REQUEST_DOCUMENTS
INV001472,CL019898,CLOSED,MEDIUM,multiple previous claims on record; short interval since previous claim,APPROVE
INV001473,CL017539,CLOSED,MEDIUM,multiple previous claims on record; repair shop has an elevated historical investigation rate,INVESTIGATE_FURTHER
INV001474,CL001726,CLOSED,HIGH,claim amount high relative to vehicle value; multiple previous claims on record,APPROVE
INV001475,CL022021,CLOSED,MEDIUM,multiple previous claims on record; repair shop has an elevated historical investigation rate,REQUEST_DOCUMENTS
INV001476,CL026016,IN_PROGRESS,MEDIUM,claim amount high relative to vehicle value; multiple previous claims on record; short interval since previous claim,
INV001477,CL020210,CLOSED,HIGH,claim amount high relative to vehicle value; multiple previous claims on record; repair shop has an elevated historical investigation rate,APPROVE
INV001478,CL000327,CLOSED,LOW,claim amount high relative to vehicle value; multiple previous claims on record; short interval since previous claim,APPROVE
INV001479,CL026125,CLOSED,HIGH,claim amount high relative to vehicle value; multiple previous claims on record; short interval since previous claim,INVESTIGATE_FURTHER
INV001480,CL023028,IN_PROGRESS,MEDIUM,claim amount high relative to vehicle value; multiple previous claims on record; short interval since previous claim,
INV001481,CL018440,CLOSED,LOW,multiple previous claims on record,APPROVE
INV001482,CL027780,IN_PROGRESS,HIGH,claim amount high relative to vehicle value; multiple previous claims on record,
INV001483,CL018638,CLOSED,HIGH,multiple previous claims on record; short interval since previous claim,APPROVE
INV001484,CL015229,CLOSED,MEDIUM,multiple previous claims on record; short interval since previous claim; repair shop has an elevated historical investigation rate,APPROVE
INV001485,CL029245,CLOSED,MEDIUM,short interval since previous claim,REQUEST_DOCUMENTS
INV001486,CL018396,IN_PROGRESS,MEDIUM,multiple previous claims on record; short interval since previous claim,
INV001487,CL003840,CLOSED,HIGH,multiple previous claims on record; short interval since previous claim,REQUEST_DOCUMENTS
INV001488,CL023728,CLOSED,LOW,claim amount high relative to vehicle value; multiple previous claims on record; short interval since previous claim,APPROVE
INV001489,CL018551,CLOSED,MEDIUM,multiple previous claims on record; short interval since previous claim,APPROVE
INV001490,CL010924,CLOSED,HIGH,multiple previous claims on record; short interval since previous claim; repair shop has an elevated historical investigation rate,REJECT
INV001491,CL029382,IN_PROGRESS,HIGH,multiple previous claims on record; short interval since previous claim,
INV001492,CL004602,IN_PROGRESS,HIGH,policy created shortly before incident; claim amount high relative to vehicle value; repair shop has an elevated historical investigation rate,
INV001493,CL020546,CLOSED,HIGH,anomalous pattern flagged by risk model,APPROVE
INV001494,CL028107,CLOSED,HIGH,claim amount high relative to vehicle value; repair shop has an elevated historical investigation rate,APPROVE
INV001495,CL011615,IN_PROGRESS,MEDIUM,multiple previous claims on record; short interval since previous claim; repair shop has an elevated historical investigation rate,
INV001496,CL015157,CLOSED,HIGH,multiple previous claims on record; short interval since previous claim; repair shop has an elevated historical investigation rate,APPROVE
INV001497,CL015241,CLOSED,LOW,repair shop has an elevated historical investigation rate,APPROVE
INV001498,CL029590,CLOSED,MEDIUM,claim amount high relative to vehicle value; repair shop has an elevated historical investigation rate,APPROVE
INV001499,CL016444,CLOSED,HIGH,multiple previous claims on record; repair shop has an elevated historical investigation rate,INVESTIGATE_FURTHER
INV001500,CL004835,IN_PROGRESS,HIGH,multiple previous claims on record; short interval since previous claim,
INV001501,CL024318,CLOSED,HIGH,multiple previous claims on record; short interval since previous claim; repair shop has an elevated historical investigation rate,REQUEST_DOCUMENTS
INV001502,CL009220,IN_PROGRESS,HIGH,policy created shortly before incident,
INV001503,CL020183,IN_PROGRESS,MEDIUM,multiple previous claims on record,
INV001504,CL007435,CLOSED,MEDIUM,multiple previous claims on record; short interval since previous claim,REQUEST_DOCUMENTS
INV001505,CL004976,CLOSED,MEDIUM,claim amount high relative to vehicle value; multiple previous claims on record; repair shop has an elevated historical investigation rate,APPROVE
INV001506,CL010771,CLOSED,LOW,claim amount high relative to vehicle value; multiple previous claims on record; short interval since previous claim,APPROVE
INV001507,CL018183,CLOSED,HIGH,multiple previous claims on record,REJECT
INV001508,CL012256,CLOSED,MEDIUM,multiple previous claims on record; short interval since previous claim,APPROVE
INV001509,CL001148,IN_PROGRESS,MEDIUM,multiple previous claims on record; repair shop has an elevated historical investigation rate,
INV001510,CL003599,IN_PROGRESS,MEDIUM,claim amount high relative to vehicle value; multiple previous claims on record,
INV001511,CL005149,IN_PROGRESS,MEDIUM,claim amount high relative to vehicle value; multiple previous claims on record; short interval since previous claim; repair shop has an elevated historical investigation rate,
INV001512,CL028339,IN_PROGRESS,HIGH,policy created shortly before incident; multiple previous claims on record,
INV001513,CL024189,CLOSED,HIGH,claim amount high relative to vehicle value; multiple previous claims on record; short interval since previous claim; repair shop has an elevated historical investigation rate,REJECT
INV001514,CL013273,CLOSED,LOW,multiple previous claims on record,APPROVE
INV001515,CL021213,CLOSED,LOW,multiple previous claims on record; short interval since previous claim; repair shop has an elevated historical investigation rate,APPROVE
INV001516,CL001243,CLOSED,LOW,claim amount high relative to vehicle value; multiple previous claims on record; short interval since previous claim,APPROVE
INV001517,CL001394,CLOSED,MEDIUM,multiple previous claims on record; short interval since previous claim; repair shop has an elevated historical investigation rate,REJECT
INV001518,CL003030,IN_PROGRESS,LOW,claim amount high relative to vehicle value; multiple previous claims on record; short interval since previous claim,
INV001519,CL003575,CLOSED,MEDIUM,multiple previous claims on record; short interval since previous claim,REQUEST_DOCUMENTS
INV001520,CL011657,CLOSED,LOW,multiple previous claims on record; repair shop has an elevated historical investigation rate,REQUEST_DOCUMENTS
INV001521,CL027043,CLOSED,HIGH,multiple previous claims on record; short interval since previous claim; repair shop has an elevated historical investigation rate,INVESTIGATE_FURTHER
INV001522,CL020879,CLOSED,MEDIUM,multiple previous claims on record; short interval since previous claim,APPROVE
INV001523,CL004279,CLOSED,MEDIUM,multiple previous claims on record,INVESTIGATE_FURTHER
INV001524,CL002472,IN_PROGRESS,MEDIUM,multiple previous claims on record; short interval since previous claim; repair shop has an elevated historical investigation rate,
INV001525,CL002483,IN_PROGRESS,HIGH,claim amount high relative to vehicle value; multiple previous claims on record; short interval since previous claim,
INV001526,CL004748,CLOSED,MEDIUM,claim amount high relative to vehicle value; multiple previous claims on record,APPROVE
INV001527,CL028729,IN_PROGRESS,HIGH,short interval since previous claim,
INV001528,CL021559,IN_PROGRESS,HIGH,multiple previous claims on record,
INV001529,CL010707,CLOSED,MEDIUM,multiple previous claims on record; short interval since previous claim; repair shop has an elevated historical investigation rate,REQUEST_DOCUMENTS
INV001530,CL011355,IN_PROGRESS,HIGH,claim amount high relative to vehicle value; multiple previous claims on record,
INV001531,CL006300,IN_PROGRESS,MEDIUM,claim amount high relative to vehicle value; multiple previous claims on record; short interval since previous claim,
INV001532,CL002397,IN_PROGRESS,HIGH,claim amount high relative to vehicle value; multiple previous claims on record; short interval since previous claim,
INV001533,CL029603,IN_PROGRESS,MEDIUM,multiple previous claims on record; repair shop has an elevated historical investigation rate,
INV001534,CL026781,CLOSED,HIGH,multiple previous claims on record; short interval since previous claim,REQUEST_DOCUMENTS
INV001535,CL020257,CLOSED,HIGH,multiple previous claims on record,APPROVE
INV001536,CL016275,CLOSED,HIGH,claim amount high relative to vehicle value; multiple previous claims on record; short interval since previous claim,REJECT
INV001537,CL028814,CLOSED,HIGH,multiple previous claims on record; short interval since previous claim,REQUEST_DOCUMENTS
INV001538,CL007863,IN_PROGRESS,LOW,multiple previous claims on record; short interval since previous claim,
INV001539,CL022420,IN_PROGRESS,MEDIUM,claim amount high relative to vehicle value; multiple previous claims on record; repair shop has an elevated historical investigation rate,
INV001540,CL021758,CLOSED,MEDIUM,claim amount high relative to vehicle value; multiple previous claims on record; short interval since previous claim,APPROVE
INV001541,CL007421,CLOSED,HIGH,multiple previous claims on record; short interval since previous claim,REQUEST_DOCUMENTS
INV001542,CL004597,CLOSED,MEDIUM,multiple previous claims on record; short interval since previous claim,APPROVE
INV001543,CL007307,IN_PROGRESS,MEDIUM,claim amount high relative to vehicle value,
INV001544,CL024762,IN_PROGRESS,LOW,claim amount high relative to vehicle value; multiple previous claims on record; short interval since previous claim,
INV001545,CL002480,CLOSED,MEDIUM,multiple previous claims on record; repair shop has an elevated historical investigation rate,APPROVE
INV001546,CL019846,CLOSED,MEDIUM,multiple previous claims on record; repair shop has an elevated historical investigation rate,INVESTIGATE_FURTHER
INV001547,CL007856,CLOSED,HIGH,multiple previous claims on record; short interval since previous claim,APPROVE
INV001548,CL023881,CLOSED,MEDIUM,multiple previous claims on record; short interval since previous claim; repair shop has an elevated historical investigation rate,APPROVE
INV001549,CL007695,CLOSED,MEDIUM,claim amount high relative to vehicle value; multiple previous claims on record; short interval since previous claim; repair shop has an elevated historical investigation rate,REQUEST_DOCUMENTS
INV001550,CL013525,CLOSED,HIGH,claim amount high relative to vehicle value; multiple previous claims on record; short interval since previous claim,APPROVE
INV001551,CL008882,CLOSED,MEDIUM,claim amount high relative to vehicle value; multiple previous claims on record; short interval since previous claim,APPROVE
INV001552,CL000737,IN_PROGRESS,HIGH,multiple previous claims on record,
INV001553,CL011541,CLOSED,LOW,anomalous pattern flagged by risk model,APPROVE
INV001554,CL024211,CLOSED,LOW,multiple previous claims on record; repair shop has an elevated historical investigation rate,INVESTIGATE_FURTHER
INV001555,CL025892,CLOSED,MEDIUM,claim amount high relative to vehicle value; multiple previous claims on record; repair shop has an elevated historical investigation rate,APPROVE
INV001556,CL026545,CLOSED,HIGH,multiple previous claims on record; repair shop has an elevated historical investigation rate,APPROVE
INV001557,CL007640,CLOSED,MEDIUM,claim amount high relative to vehicle value; multiple previous claims on record; short interval since previous claim,REQUEST_DOCUMENTS
INV001558,CL022790,CLOSED,LOW,short interval since previous claim; repair shop has an elevated historical investigation rate,INVESTIGATE_FURTHER
INV001559,CL004771,CLOSED,HIGH,claim amount high relative to vehicle value; multiple previous claims on record; short interval since previous claim; repair shop has an elevated historical investigation rate,APPROVE
INV001560,CL017823,CLOSED,MEDIUM,multiple previous claims on record,APPROVE
INV001561,CL008796,IN_PROGRESS,HIGH,multiple previous claims on record; short interval since previous claim,
INV001562,CL007660,CLOSED,HIGH,claim amount high relative to vehicle value; multiple previous claims on record,APPROVE
INV001563,CL018097,IN_PROGRESS,HIGH,multiple previous claims on record; short interval since previous claim,
INV001564,CL011025,CLOSED,HIGH,claim amount high relative to vehicle value; multiple previous claims on record; short interval since previous claim,INVESTIGATE_FURTHER
INV001565,CL014246,CLOSED,MEDIUM,multiple previous claims on record; short interval since previous claim; repair shop has an elevated historical investigation rate,REQUEST_DOCUMENTS
INV001566,CL014091,CLOSED,MEDIUM,multiple previous claims on record; short interval since previous claim; repair shop has an elevated historical investigation rate,REJECT
INV001567,CL026259,CLOSED,MEDIUM,claim amount high relative to vehicle value; multiple previous claims on record,INVESTIGATE_FURTHER
INV001568,CL027910,CLOSED,MEDIUM,multiple previous claims on record; short interval since previous claim,REJECT
INV001569,CL001613,IN_PROGRESS,LOW,claim amount high relative to vehicle value; multiple previous claims on record; repair shop has an elevated historical investigation rate,
INV001570,CL028766,CLOSED,HIGH,multiple previous claims on record; short interval since previous claim; repair shop has an elevated historical investigation rate,INVESTIGATE_FURTHER
INV001571,CL026207,CLOSED,MEDIUM,claim amount high relative to vehicle value; multiple previous claims on record; short interval since previous claim,REQUEST_DOCUMENTS
INV001572,CL003080,CLOSED,LOW,multiple previous claims on record,APPROVE
INV001573,CL015107,CLOSED,MEDIUM,claim amount high relative to vehicle value; multiple previous claims on record; repair shop has an elevated historical investigation rate,APPROVE
INV001574,CL003050,CLOSED,HIGH,claim amount high relative to vehicle value; multiple previous claims on record; short interval since previous claim,INVESTIGATE_FURTHER
INV001575,CL029467,CLOSED,MEDIUM,multiple previous claims on record; short interval since previous claim,REQUEST_DOCUMENTS
INV001576,CL003242,CLOSED,LOW,policy created shortly before incident; multiple previous claims on record; short interval since previous claim,APPROVE
INV001577,CL003061,CLOSED,LOW,multiple previous claims on record; short interval since previous claim,INVESTIGATE_FURTHER
INV001578,CL016207,CLOSED,HIGH,policy created shortly before incident; multiple previous claims on record; short interval since previous claim; repair shop has an elevated historical investigation rate,INVESTIGATE_FURTHER
INV001579,CL024361,IN_PROGRESS,HIGH,claim amount high relative to vehicle value; multiple previous claims on record; short interval since previous claim; repair shop has an elevated historical investigation rate,
INV001580,CL023002,IN_PROGRESS,HIGH,multiple previous claims on record; repair shop has an elevated historical investigation rate,
INV001581,CL016277,CLOSED,HIGH,claim amount high relative to vehicle value; multiple previous claims on record; short interval since previous claim; repair shop has an elevated historical investigation rate,APPROVE
INV001582,CL008171,CLOSED,MEDIUM,claim amount high relative to vehicle value; multiple previous claims on record; short interval since previous claim,APPROVE
INV001583,CL028905,CLOSED,MEDIUM,claim amount high relative to vehicle value; short interval since previous claim,APPROVE
INV001584,CL005388,CLOSED,MEDIUM,multiple previous claims on record; short interval since previous claim; repair shop has an elevated historical investigation rate,APPROVE
INV001585,CL005036,IN_PROGRESS,HIGH,multiple previous claims on record,
INV001586,CL022976,CLOSED,MEDIUM,multiple previous claims on record; short interval since previous claim,REJECT
INV001587,CL012521,CLOSED,HIGH,multiple previous claims on record; short interval since previous claim; repair shop has an elevated historical investigation rate,REQUEST_DOCUMENTS
INV001588,CL027396,CLOSED,LOW,multiple previous claims on record,INVESTIGATE_FURTHER
INV001589,CL024382,CLOSED,MEDIUM,claim amount high relative to vehicle value; multiple previous claims on record,REQUEST_DOCUMENTS
INV001590,CL027252,IN_PROGRESS,LOW,multiple previous claims on record; short interval since previous claim; repair shop has an elevated historical investigation rate,
INV001591,CL010357,IN_PROGRESS,MEDIUM,policy created shortly before incident; repair shop has an elevated historical investigation rate,
INV001592,CL007141,CLOSED,MEDIUM,multiple previous claims on record; short interval since previous claim; repair shop has an elevated historical investigation rate,REQUEST_DOCUMENTS
INV001593,CL021768,IN_PROGRESS,MEDIUM,claim amount high relative to vehicle value; multiple previous claims on record; short interval since previous claim,
INV001594,CL022127,CLOSED,HIGH,multiple previous claims on record; short interval since previous claim,REJECT
INV001595,CL028151,CLOSED,LOW,multiple previous claims on record; short interval since previous claim,INVESTIGATE_FURTHER
INV001596,CL017234,CLOSED,HIGH,policy created shortly before incident; multiple previous claims on record; repair shop has an elevated historical investigation rate,REQUEST_DOCUMENTS
INV001597,CL016120,IN_PROGRESS,MEDIUM,multiple previous claims on record; short interval since previous claim,
INV001598,CL001556,IN_PROGRESS,MEDIUM,policy created shortly before incident,
INV001599,CL017415,IN_PROGRESS,MEDIUM,policy created shortly before incident; claim amount high relative to vehicle value; multiple previous claims on record,
INV001600,CL022244,CLOSED,LOW,claim amount high relative to vehicle value; multiple previous claims on record; short interval since previous claim,APPROVE
INV001601,CL026800,CLOSED,HIGH,multiple previous claims on record; short interval since previous claim,APPROVE
INV001602,CL020226,IN_PROGRESS,MEDIUM,multiple previous claims on record; short interval since previous claim; repair shop has an elevated historical investigation rate,
INV001603,CL005030,IN_PROGRESS,HIGH,policy created shortly before incident; multiple previous claims on record; repair shop has an elevated historical investigation rate,
INV001604,CL022731,CLOSED,HIGH,claim amount high relative to vehicle value; short interval since previous claim,APPROVE
INV001605,CL020453,IN_PROGRESS,HIGH,policy created shortly before incident; multiple previous claims on record; short interval since previous claim,
INV001606,CL026762,CLOSED,LOW,claim amount high relative to vehicle value; multiple previous claims on record; short interval since previous claim,INVESTIGATE_FURTHER
INV001607,CL019811,IN_PROGRESS,LOW,multiple previous claims on record; short interval since previous claim,
INV001608,CL021357,CLOSED,MEDIUM,multiple previous claims on record; short interval since previous claim,APPROVE
INV001609,CL014186,CLOSED,HIGH,claim amount high relative to vehicle value,INVESTIGATE_FURTHER
INV001610,CL012948,CLOSED,MEDIUM,multiple previous claims on record; repair shop has an elevated historical investigation rate,REQUEST_DOCUMENTS
INV001611,CL008294,CLOSED,MEDIUM,multiple previous claims on record; repair shop has an elevated historical investigation rate,INVESTIGATE_FURTHER
INV001612,CL001476,CLOSED,MEDIUM,policy created shortly before incident; multiple previous claims on record,APPROVE
INV001613,CL007433,IN_PROGRESS,LOW,multiple previous claims on record,
INV001614,CL019504,IN_PROGRESS,MEDIUM,multiple previous claims on record,
INV001615,CL001317,CLOSED,MEDIUM,multiple previous claims on record; short interval since previous claim,INVESTIGATE_FURTHER
INV001616,CL024207,CLOSED,MEDIUM,multiple previous claims on record; short interval since previous claim; repair shop has an elevated historical investigation rate,REJECT
INV001617,CL029735,CLOSED,MEDIUM,multiple previous claims on record; short interval since previous claim,APPROVE
INV001618,CL011976,CLOSED,HIGH,multiple previous claims on record,REJECT
INV001619,CL024801,CLOSED,LOW,multiple previous claims on record,APPROVE
INV001620,CL015627,CLOSED,MEDIUM,claim amount high relative to vehicle value; multiple previous claims on record; short interval since previous claim,INVESTIGATE_FURTHER
INV001621,CL026676,CLOSED,MEDIUM,multiple previous claims on record; short interval since previous claim; repair shop has an elevated historical investigation rate,APPROVE
INV001622,CL010691,CLOSED,MEDIUM,multiple previous claims on record; short interval since previous claim,REQUEST_DOCUMENTS
INV001623,CL028711,CLOSED,MEDIUM,multiple previous claims on record; short interval since previous claim; repair shop has an elevated historical investigation rate,INVESTIGATE_FURTHER
INV001624,CL022953,CLOSED,MEDIUM,multiple previous claims on record; short interval since previous claim,APPROVE
INV001625,CL000077,IN_PROGRESS,MEDIUM,policy created shortly before incident; claim amount high relative to vehicle value,
INV001626,CL023367,CLOSED,MEDIUM,multiple previous claims on record,REQUEST_DOCUMENTS
INV001627,CL027478,IN_PROGRESS,HIGH,claim amount high relative to vehicle value; multiple previous claims on record; short interval since previous claim,
INV001628,CL026597,CLOSED,MEDIUM,claim amount high relative to vehicle value; multiple previous claims on record,INVESTIGATE_FURTHER
INV001629,CL027128,IN_PROGRESS,MEDIUM,claim amount high relative to vehicle value; multiple previous claims on record; repair shop has an elevated historical investigation rate,
INV001630,CL007846,CLOSED,LOW,multiple previous claims on record; short interval since previous claim; repair shop has an elevated historical investigation rate,REQUEST_DOCUMENTS
INV001631,CL018628,CLOSED,HIGH,policy created shortly before incident; repair shop has an elevated historical investigation rate,APPROVE
INV001632,CL005002,CLOSED,LOW,multiple previous claims on record; short interval since previous claim,REQUEST_DOCUMENTS
INV001633,CL017516,CLOSED,HIGH,claim amount high relative to vehicle value; multiple previous claims on record,REQUEST_DOCUMENTS
INV001634,CL019791,CLOSED,HIGH,claim amount high relative to vehicle value; short interval since previous claim,APPROVE
INV001635,CL022163,IN_PROGRESS,HIGH,multiple previous claims on record,
INV001636,CL004957,CLOSED,LOW,multiple previous claims on record; short interval since previous claim,REQUEST_DOCUMENTS
INV001637,CL029210,IN_PROGRESS,MEDIUM,claim amount high relative to vehicle value; multiple previous claims on record; short interval since previous claim,
INV001638,CL000878,IN_PROGRESS,HIGH,claim amount high relative to vehicle value; multiple previous claims on record; repair shop has an elevated historical investigation rate,
INV001639,CL025653,CLOSED,HIGH,claim amount high relative to vehicle value; multiple previous claims on record; short interval since previous claim,REQUEST_DOCUMENTS
INV001640,CL018278,CLOSED,LOW,multiple previous claims on record; short interval since previous claim; repair shop has an elevated historical investigation rate,APPROVE
INV001641,CL004070,IN_PROGRESS,MEDIUM,claim amount high relative to vehicle value; multiple previous claims on record,
INV001642,CL028534,CLOSED,HIGH,multiple previous claims on record,REQUEST_DOCUMENTS
INV001643,CL010656,CLOSED,MEDIUM,multiple previous claims on record; short interval since previous claim,APPROVE
INV001644,CL020967,CLOSED,MEDIUM,multiple previous claims on record; short interval since previous claim; repair shop has an elevated historical investigation rate,REQUEST_DOCUMENTS
INV001645,CL026778,IN_PROGRESS,HIGH,multiple previous claims on record; repair shop has an elevated historical investigation rate,
INV001646,CL006174,IN_PROGRESS,HIGH,multiple previous claims on record; repair shop has an elevated historical investigation rate,
INV001647,CL020225,IN_PROGRESS,MEDIUM,claim amount high relative to vehicle value; multiple previous claims on record; short interval since previous claim,
INV001648,CL000517,IN_PROGRESS,MEDIUM,multiple previous claims on record; short interval since previous claim,
INV001649,CL014023,CLOSED,HIGH,claim amount high relative to vehicle value; multiple previous claims on record; short interval since previous claim,REQUEST_DOCUMENTS
INV001650,CL020338,CLOSED,HIGH,multiple previous claims on record; short interval since previous claim,INVESTIGATE_FURTHER
INV001651,CL022328,CLOSED,MEDIUM,multiple previous claims on record; short interval since previous claim,INVESTIGATE_FURTHER
INV001652,CL026741,CLOSED,MEDIUM,multiple previous claims on record,REJECT
INV001653,CL017272,CLOSED,MEDIUM,policy created shortly before incident; claim amount high relative to vehicle value; multiple previous claims on record; repair shop has an elevated historical investigation rate,REQUEST_DOCUMENTS
INV001654,CL002262,IN_PROGRESS,LOW,multiple previous claims on record; short interval since previous claim,
INV001655,CL022318,CLOSED,HIGH,multiple previous claims on record; short interval since previous claim,APPROVE
INV001656,CL020260,CLOSED,MEDIUM,multiple previous claims on record; short interval since previous claim,REQUEST_DOCUMENTS
INV001657,CL002365,CLOSED,LOW,short interval since previous claim; repair shop has an elevated historical investigation rate,REQUEST_DOCUMENTS
INV001658,CL014473,CLOSED,HIGH,multiple previous claims on record,APPROVE
INV001659,CL014140,IN_PROGRESS,MEDIUM,multiple previous claims on record; short interval since previous claim,
INV001660,CL024659,CLOSED,MEDIUM,multiple previous claims on record; short interval since previous claim,REQUEST_DOCUMENTS
INV001661,CL001632,CLOSED,HIGH,policy created shortly before incident; multiple previous claims on record; short interval since previous claim,APPROVE
INV001662,CL026443,CLOSED,MEDIUM,multiple previous claims on record; short interval since previous claim,REJECT
INV001663,CL014979,IN_PROGRESS,LOW,policy created shortly before incident; claim amount high relative to vehicle value; repair shop has an elevated historical investigation rate,
INV001664,CL016317,CLOSED,MEDIUM,multiple previous claims on record; short interval since previous claim; repair shop has an elevated historical investigation rate,REJECT
INV001665,CL020637,CLOSED,MEDIUM,policy created shortly before incident; short interval since previous claim,APPROVE
INV001666,CL001564,CLOSED,LOW,multiple previous claims on record; short interval since previous claim,REJECT
INV001667,CL004677,IN_PROGRESS,MEDIUM,multiple previous claims on record; short interval since previous claim; repair shop has an elevated historical investigation rate,
INV001668,CL007754,CLOSED,HIGH,multiple previous claims on record; short interval since previous claim; repair shop has an elevated historical investigation rate,REQUEST_DOCUMENTS
INV001669,CL006411,IN_PROGRESS,MEDIUM,policy created shortly before incident; repair shop has an elevated historical investigation rate,
INV001670,CL008874,IN_PROGRESS,HIGH,claim amount high relative to vehicle value; multiple previous claims on record; short interval since previous claim,
INV001671,CL003583,IN_PROGRESS,MEDIUM,policy created shortly before incident; multiple previous claims on record; short interval since previous claim,
INV001672,CL026098,CLOSED,MEDIUM,multiple previous claims on record; short interval since previous claim,APPROVE
INV001673,CL024230,IN_PROGRESS,MEDIUM,multiple previous claims on record; short interval since previous claim; repair shop has an elevated historical investigation rate,
INV001674,CL008956,CLOSED,HIGH,claim amount high relative to vehicle value; multiple previous claims on record; repair shop has an elevated historical investigation rate,INVESTIGATE_FURTHER
INV001675,CL021346,CLOSED,LOW,multiple previous claims on record; short interval since previous claim,REJECT
INV001676,CL010007,CLOSED,LOW,claim amount high relative to vehicle value; multiple previous claims on record; short interval since previous claim; repair shop has an elevated historical investigation rate,APPROVE
INV001677,CL010027,IN_PROGRESS,HIGH,policy created shortly before incident; multiple previous claims on record; repair shop has an elevated historical investigation rate,
INV001678,CL014284,CLOSED,MEDIUM,multiple previous claims on record; short interval since previous claim; repair shop has an elevated historical investigation rate,APPROVE
INV001679,CL017063,CLOSED,HIGH,multiple previous claims on record; short interval since previous claim; repair shop has an elevated historical investigation rate,APPROVE
INV001680,CL000658,CLOSED,MEDIUM,multiple previous claims on record; short interval since previous claim,REJECT
INV001681,CL015005,CLOSED,HIGH,multiple previous claims on record; short interval since previous claim,REJECT
INV001682,CL027458,CLOSED,LOW,multiple previous claims on record; short interval since previous claim; repair shop has an elevated historical investigation rate,REJECT
INV001683,CL007839,CLOSED,MEDIUM,claim amount high relative to vehicle value; multiple previous claims on record; short interval since previous claim,APPROVE
INV001684,CL022865,CLOSED,HIGH,multiple previous claims on record; short interval since previous claim,INVESTIGATE_FURTHER
INV001685,CL027359,CLOSED,HIGH,claim amount high relative to vehicle value; multiple previous claims on record; short interval since previous claim,REQUEST_DOCUMENTS
INV001686,CL026687,CLOSED,HIGH,multiple previous claims on record; short interval since previous claim,APPROVE
INV001687,CL006946,IN_PROGRESS,HIGH,multiple previous claims on record; repair shop has an elevated historical investigation rate,
INV001688,CL016869,IN_PROGRESS,MEDIUM,multiple previous claims on record,
INV001689,CL014777,IN_PROGRESS,HIGH,short interval since previous claim; repair shop has an elevated historical investigation rate,
INV001690,CL019259,IN_PROGRESS,HIGH,multiple previous claims on record; short interval since previous claim; repair shop has an elevated historical investigation rate,
INV001691,CL018294,IN_PROGRESS,LOW,multiple previous claims on record,
INV001692,CL011306,IN_PROGRESS,MEDIUM,claim amount high relative to vehicle value; multiple previous claims on record,
INV001693,CL004546,CLOSED,MEDIUM,multiple previous claims on record; short interval since previous claim; repair shop has an elevated historical investigation rate,APPROVE
INV001694,CL001888,IN_PROGRESS,MEDIUM,claim amount high relative to vehicle value; multiple previous claims on record; short interval since previous claim,
INV001695,CL025192,CLOSED,LOW,claim amount high relative to vehicle value; multiple previous claims on record; short interval since previous claim; repair shop has an elevated historical investigation rate,REQUEST_DOCUMENTS
INV001696,CL013517,CLOSED,MEDIUM,multiple previous claims on record; short interval since previous claim; repair shop has an elevated historical investigation rate,REJECT
INV001697,CL015692,CLOSED,HIGH,multiple previous claims on record,INVESTIGATE_FURTHER
INV001698,CL023491,CLOSED,MEDIUM,claim amount high relative to vehicle value; multiple previous claims on record; short interval since previous claim,APPROVE
INV001699,CL020918,IN_PROGRESS,HIGH,multiple previous claims on record; short interval since previous claim; repair shop has an elevated historical investigation rate,
INV001700,CL028133,IN_PROGRESS,HIGH,claim amount high relative to vehicle value; multiple previous claims on record,
INV001701,CL005527,CLOSED,MEDIUM,claim amount high relative to vehicle value; multiple previous claims on record; short interval since previous claim,INVESTIGATE_FURTHER
INV001702,CL003642,CLOSED,MEDIUM,multiple previous claims on record; short interval since previous claim,APPROVE
INV001703,CL019537,IN_PROGRESS,MEDIUM,policy created shortly before incident; multiple previous claims on record,
INV001704,CL020421,CLOSED,MEDIUM,policy created shortly before incident; multiple previous claims on record; short interval since previous claim; repair shop has an elevated historical investigation rate,APPROVE
INV001705,CL019237,CLOSED,LOW,multiple previous claims on record; short interval since previous claim,APPROVE
INV001706,CL012766,CLOSED,HIGH,multiple previous claims on record; short interval since previous claim,APPROVE
INV001707,CL023977,CLOSED,HIGH,multiple previous claims on record; short interval since previous claim; repair shop has an elevated historical investigation rate,REQUEST_DOCUMENTS
INV001708,CL007458,CLOSED,LOW,policy created shortly before incident; claim amount high relative to vehicle value; multiple previous claims on record; repair shop has an elevated historical investigation rate,INVESTIGATE_FURTHER
INV001709,CL013198,IN_PROGRESS,LOW,claim amount high relative to vehicle value; multiple previous claims on record; repair shop has an elevated historical investigation rate,
INV001710,CL019604,CLOSED,LOW,multiple previous claims on record; short interval since previous claim,REQUEST_DOCUMENTS
INV001711,CL024062,CLOSED,LOW,anomalous pattern flagged by risk model,APPROVE
INV001712,CL005624,CLOSED,LOW,multiple previous claims on record; short interval since previous claim,REQUEST_DOCUMENTS
INV001713,CL020865,CLOSED,MEDIUM,claim amount high relative to vehicle value; multiple previous claims on record; short interval since previous claim; repair shop has an elevated historical investigation rate,APPROVE
INV001714,CL019085,IN_PROGRESS,LOW,claim amount high relative to vehicle value; multiple previous claims on record; short interval since previous claim,
INV001715,CL029926,CLOSED,MEDIUM,claim amount high relative to vehicle value; multiple previous claims on record; short interval since previous claim,APPROVE
INV001716,CL014967,IN_PROGRESS,MEDIUM,multiple previous claims on record; short interval since previous claim,
INV001717,CL009227,IN_PROGRESS,HIGH,multiple previous claims on record; short interval since previous claim; repair shop has an elevated historical investigation rate,
INV001718,CL004664,CLOSED,MEDIUM,claim amount high relative to vehicle value; multiple previous claims on record; short interval since previous claim,INVESTIGATE_FURTHER
INV001719,CL022151,CLOSED,MEDIUM,multiple previous claims on record,INVESTIGATE_FURTHER
INV001720,CL013859,CLOSED,HIGH,claim amount high relative to vehicle value; multiple previous claims on record; short interval since previous claim; repair shop has an elevated historical investigation rate,APPROVE
INV001721,CL023875,IN_PROGRESS,HIGH,multiple previous claims on record,
INV001722,CL001983,CLOSED,MEDIUM,policy created shortly before incident; repair shop has an elevated historical investigation rate,APPROVE
INV001723,CL022729,IN_PROGRESS,MEDIUM,short interval since previous claim,
INV001724,CL029917,CLOSED,HIGH,multiple previous claims on record; short interval since previous claim,INVESTIGATE_FURTHER
INV001725,CL024387,CLOSED,LOW,multiple previous claims on record; short interval since previous claim; repair shop has an elevated historical investigation rate,APPROVE
INV001726,CL011368,CLOSED,MEDIUM,multiple previous claims on record; short interval since previous claim,APPROVE
INV001727,CL002182,IN_PROGRESS,MEDIUM,multiple previous claims on record,
INV001728,CL012310,IN_PROGRESS,MEDIUM,claim amount high relative to vehicle value; multiple previous claims on record,
INV001729,CL013083,IN_PROGRESS,MEDIUM,multiple previous claims on record,
INV001730,CL015372,CLOSED,MEDIUM,multiple previous claims on record; short interval since previous claim; repair shop has an elevated historical investigation rate,REJECT
INV001731,CL019517,CLOSED,LOW,multiple previous claims on record; short interval since previous claim,APPROVE
INV001732,CL012365,CLOSED,HIGH,policy created shortly before incident; short interval since previous claim,APPROVE
INV001733,CL000417,CLOSED,MEDIUM,multiple previous claims on record; short interval since previous claim,REQUEST_DOCUMENTS
INV001734,CL017118,CLOSED,MEDIUM,claim amount high relative to vehicle value; multiple previous claims on record; short interval since previous claim,APPROVE
INV001735,CL027607,CLOSED,HIGH,multiple previous claims on record; short interval since previous claim,REQUEST_DOCUMENTS
INV001736,CL010866,CLOSED,LOW,policy created shortly before incident; claim amount high relative to vehicle value,APPROVE
INV001737,CL027453,CLOSED,HIGH,multiple previous claims on record; repair shop has an elevated historical investigation rate,INVESTIGATE_FURTHER
INV001738,CL004741,IN_PROGRESS,HIGH,short interval since previous claim; repair shop has an elevated historical investigation rate,
INV001739,CL012046,CLOSED,HIGH,multiple previous claims on record; short interval since previous claim; repair shop has an elevated historical investigation rate,INVESTIGATE_FURTHER
INV001740,CL000630,CLOSED,MEDIUM,multiple previous claims on record; short interval since previous claim,INVESTIGATE_FURTHER
INV001741,CL003339,IN_PROGRESS,MEDIUM,claim amount high relative to vehicle value; multiple previous claims on record; short interval since previous claim,
INV001742,CL025022,CLOSED,MEDIUM,multiple previous claims on record; short interval since previous claim; repair shop has an elevated historical investigation rate,INVESTIGATE_FURTHER
INV001743,CL015114,CLOSED,MEDIUM,multiple previous claims on record; short interval since previous claim,REJECT
INV001744,CL029251,IN_PROGRESS,MEDIUM,multiple previous claims on record; short interval since previous claim,
INV001745,CL024020,CLOSED,MEDIUM,claim amount high relative to vehicle value; multiple previous claims on record; short interval since previous claim,REQUEST_DOCUMENTS
INV001746,CL018021,CLOSED,MEDIUM,policy created shortly before incident; multiple previous claims on record,APPROVE
INV001747,CL024354,CLOSED,LOW,multiple previous claims on record; short interval since previous claim,REQUEST_DOCUMENTS
INV001748,CL021609,CLOSED,HIGH,claim amount high relative to vehicle value; multiple previous claims on record; short interval since previous claim; repair shop has an elevated historical investigation rate,APPROVE
INV001749,CL018803,IN_PROGRESS,LOW,claim amount high relative to vehicle value; multiple previous claims on record; short interval since previous claim,
INV001750,CL008048,IN_PROGRESS,MEDIUM,multiple previous claims on record; short interval since previous claim,
INV001751,CL014405,CLOSED,MEDIUM,multiple previous claims on record; short interval since previous claim,APPROVE
INV001752,CL003506,CLOSED,LOW,policy created shortly before incident; claim amount high relative to vehicle value,APPROVE
INV001753,CL028187,IN_PROGRESS,MEDIUM,multiple previous claims on record,
INV001754,CL001289,CLOSED,MEDIUM,claim amount high relative to vehicle value; multiple previous claims on record; short interval since previous claim,APPROVE
INV001755,CL013091,CLOSED,MEDIUM,claim amount high relative to vehicle value; multiple previous claims on record; short interval since previous claim,APPROVE
INV001756,CL019396,CLOSED,MEDIUM,multiple previous claims on record,APPROVE
INV001757,CL017867,CLOSED,HIGH,claim amount high relative to vehicle value; multiple previous claims on record; short interval since previous claim,REJECT
INV001758,CL006739,CLOSED,MEDIUM,anomalous pattern flagged by risk model,APPROVE
INV001759,CL006332,CLOSED,HIGH,multiple previous claims on record; short interval since previous claim,APPROVE
INV001760,CL006385,CLOSED,HIGH,multiple previous claims on record; short interval since previous claim; repair shop has an elevated historical investigation rate,APPROVE
INV001761,CL020743,CLOSED,MEDIUM,multiple previous claims on record; repair shop has an elevated historical investigation rate,APPROVE
INV001762,CL027442,CLOSED,HIGH,multiple previous claims on record; short interval since previous claim; repair shop has an elevated historical investigation rate,APPROVE
INV001763,CL022277,IN_PROGRESS,MEDIUM,multiple previous claims on record; short interval since previous claim; repair shop has an elevated historical investigation rate,
INV001764,CL000386,CLOSED,LOW,claim amount high relative to vehicle value; short interval since previous claim,INVESTIGATE_FURTHER
INV001765,CL021947,IN_PROGRESS,MEDIUM,multiple previous claims on record; short interval since previous claim,
INV001766,CL028765,CLOSED,HIGH,multiple previous claims on record; short interval since previous claim,REQUEST_DOCUMENTS
INV001767,CL017578,CLOSED,LOW,multiple previous claims on record; short interval since previous claim; repair shop has an elevated historical investigation rate,INVESTIGATE_FURTHER
INV001768,CL014722,IN_PROGRESS,MEDIUM,multiple previous claims on record; repair shop has an elevated historical investigation rate,
INV001769,CL011616,IN_PROGRESS,MEDIUM,multiple previous claims on record; short interval since previous claim,
INV001770,CL018733,CLOSED,HIGH,multiple previous claims on record; short interval since previous claim,APPROVE
INV001771,CL022821,IN_PROGRESS,MEDIUM,policy created shortly before incident; multiple previous claims on record; short interval since previous claim,
INV001772,CL011256,CLOSED,LOW,policy created shortly before incident; claim amount high relative to vehicle value; repair shop has an elevated historical investigation rate,INVESTIGATE_FURTHER
INV001773,CL028175,IN_PROGRESS,LOW,multiple previous claims on record,
INV001774,CL015905,IN_PROGRESS,MEDIUM,policy created shortly before incident; claim amount high relative to vehicle value; short interval since previous claim,
INV001775,CL016729,CLOSED,MEDIUM,multiple previous claims on record; short interval since previous claim,REQUEST_DOCUMENTS
INV001776,CL013089,CLOSED,MEDIUM,multiple previous claims on record; short interval since previous claim,APPROVE
INV001777,CL025729,CLOSED,MEDIUM,multiple previous claims on record; short interval since previous claim; repair shop has an elevated historical investigation rate,REQUEST_DOCUMENTS
INV001778,CL021373,IN_PROGRESS,HIGH,multiple previous claims on record,
INV001779,CL022593,CLOSED,MEDIUM,claim amount high relative to vehicle value; multiple previous claims on record; short interval since previous claim,REQUEST_DOCUMENTS
INV001780,CL007531,CLOSED,MEDIUM,policy created shortly before incident; multiple previous claims on record; short interval since previous claim,REQUEST_DOCUMENTS
INV001781,CL000862,CLOSED,MEDIUM,policy created shortly before incident; claim amount high relative to vehicle value; short interval since previous claim; repair shop has an elevated historical investigation rate,APPROVE
INV001782,CL020615,CLOSED,MEDIUM,anomalous pattern flagged by risk model,REJECT
INV001783,CL005301,CLOSED,MEDIUM,multiple previous claims on record; short interval since previous claim,APPROVE
INV001784,CL009130,CLOSED,HIGH,multiple previous claims on record; short interval since previous claim,INVESTIGATE_FURTHER
INV001785,CL004230,IN_PROGRESS,MEDIUM,multiple previous claims on record; short interval since previous claim,
INV001786,CL003053,CLOSED,MEDIUM,claim amount high relative to vehicle value; multiple previous claims on record; short interval since previous claim; repair shop has an elevated historical investigation rate,APPROVE
INV001787,CL002770,CLOSED,LOW,multiple previous claims on record; short interval since previous claim; repair shop has an elevated historical investigation rate,APPROVE
INV001788,CL018806,CLOSED,MEDIUM,multiple previous claims on record; short interval since previous claim,APPROVE
INV001789,CL010549,IN_PROGRESS,HIGH,multiple previous claims on record; short interval since previous claim; repair shop has an elevated historical investigation rate,
INV001790,CL013783,CLOSED,MEDIUM,multiple previous claims on record; short interval since previous claim,INVESTIGATE_FURTHER
INV001791,CL009744,IN_PROGRESS,MEDIUM,multiple previous claims on record; short interval since previous claim,
INV001792,CL008395,CLOSED,HIGH,multiple previous claims on record; short interval since previous claim,REQUEST_DOCUMENTS
INV001793,CL020859,IN_PROGRESS,LOW,claim amount high relative to vehicle value; multiple previous claims on record; short interval since previous claim,
INV001794,CL020802,IN_PROGRESS,HIGH,multiple previous claims on record,
INV001795,CL009412,CLOSED,MEDIUM,multiple previous claims on record; short interval since previous claim; repair shop has an elevated historical investigation rate,APPROVE
INV001796,CL015621,IN_PROGRESS,MEDIUM,anomalous pattern flagged by risk model,
INV001797,CL026990,CLOSED,MEDIUM,claim amount high relative to vehicle value; repair shop has an elevated historical investigation rate,APPROVE
INV001798,CL024732,CLOSED,HIGH,short interval since previous claim,REQUEST_DOCUMENTS
INV001799,CL004998,IN_PROGRESS,MEDIUM,multiple previous claims on record; short interval since previous claim,
INV001800,CL027540,CLOSED,MEDIUM,policy created shortly before incident; multiple previous claims on record; short interval since previous claim,REJECT
INV001801,CL009798,CLOSED,MEDIUM,claim amount high relative to vehicle value; multiple previous claims on record; short interval since previous claim,APPROVE
INV001802,CL017968,CLOSED,LOW,multiple previous claims on record; repair shop has an elevated historical investigation rate,APPROVE
INV001803,CL016927,IN_PROGRESS,LOW,claim amount high relative to vehicle value; multiple previous claims on record,
INV001804,CL000076,CLOSED,LOW,multiple previous claims on record; short interval since previous claim; repair shop has an elevated historical investigation rate,APPROVE
INV001805,CL015224,CLOSED,MEDIUM,claim amount high relative to vehicle value; multiple previous claims on record; short interval since previous claim,REQUEST_DOCUMENTS
INV001806,CL026280,CLOSED,HIGH,claim amount high relative to vehicle value; short interval since previous claim,APPROVE
INV001807,CL012132,CLOSED,MEDIUM,claim amount high relative to vehicle value; multiple previous claims on record; short interval since previous claim; repair shop has an elevated historical investigation rate,REQUEST_DOCUMENTS
INV001808,CL014383,IN_PROGRESS,MEDIUM,claim amount high relative to vehicle value; multiple previous claims on record,
INV001809,CL014529,CLOSED,HIGH,multiple previous claims on record; short interval since previous claim,APPROVE
INV001810,CL013288,CLOSED,HIGH,multiple previous claims on record; short interval since previous claim,APPROVE
INV001811,CL022179,CLOSED,LOW,multiple previous claims on record; repair shop has an elevated historical investigation rate,REJECT
INV001812,CL018694,CLOSED,LOW,short interval since previous claim,REQUEST_DOCUMENTS
INV001813,CL029276,CLOSED,MEDIUM,policy created shortly before incident; multiple previous claims on record,REQUEST_DOCUMENTS
INV001814,CL018137,CLOSED,MEDIUM,multiple previous claims on record; short interval since previous claim,REQUEST_DOCUMENTS
INV001815,CL009306,CLOSED,HIGH,multiple previous claims on record; short interval since previous claim,REQUEST_DOCUMENTS
INV001816,CL029175,CLOSED,HIGH,multiple previous claims on record; short interval since previous claim; repair shop has an elevated historical investigation rate,APPROVE
INV001817,CL007427,IN_PROGRESS,MEDIUM,claim amount high relative to vehicle value,
INV001818,CL027658,IN_PROGRESS,MEDIUM,multiple previous claims on record; short interval since previous claim,
INV001819,CL018839,IN_PROGRESS,MEDIUM,policy created shortly before incident; multiple previous claims on record; repair shop has an elevated historical investigation rate,
INV001820,CL018934,CLOSED,LOW,claim amount high relative to vehicle value; multiple previous claims on record; short interval since previous claim,APPROVE
INV001821,CL016708,CLOSED,HIGH,multiple previous claims on record; short interval since previous claim,APPROVE
INV001822,CL004693,CLOSED,MEDIUM,claim amount high relative to vehicle value; multiple previous claims on record; repair shop has an elevated historical investigation rate,INVESTIGATE_FURTHER
INV001823,CL021692,CLOSED,LOW,multiple previous claims on record; short interval since previous claim,APPROVE
INV001824,CL026057,CLOSED,HIGH,short interval since previous claim; repair shop has an elevated historical investigation rate,APPROVE
INV001825,CL024690,IN_PROGRESS,MEDIUM,repair shop has an elevated historical investigation rate,
INV001826,CL025868,CLOSED,LOW,multiple previous claims on record; short interval since previous claim,APPROVE
INV001827,CL022339,CLOSED,HIGH,short interval since previous claim,REQUEST_DOCUMENTS
INV001828,CL005456,CLOSED,MEDIUM,multiple previous claims on record; short interval since previous claim,APPROVE
INV001829,CL029644,CLOSED,HIGH,claim amount high relative to vehicle value; multiple previous claims on record; short interval since previous claim; repair shop has an elevated historical investigation rate,APPROVE
INV001830,CL019063,CLOSED,MEDIUM,multiple previous claims on record; short interval since previous claim,REJECT
INV001831,CL007101,CLOSED,MEDIUM,multiple previous claims on record,REQUEST_DOCUMENTS
INV001832,CL027762,CLOSED,HIGH,multiple previous claims on record; short interval since previous claim; repair shop has an elevated historical investigation rate,INVESTIGATE_FURTHER
INV001833,CL014440,CLOSED,HIGH,claim amount high relative to vehicle value; short interval since previous claim; repair shop has an elevated historical investigation rate,REJECT
INV001834,CL025559,CLOSED,MEDIUM,multiple previous claims on record; repair shop has an elevated historical investigation rate,REQUEST_DOCUMENTS
INV001835,CL014795,CLOSED,MEDIUM,claim amount high relative to vehicle value; multiple previous claims on record; short interval since previous claim,REQUEST_DOCUMENTS
INV001836,CL020872,CLOSED,HIGH,policy created shortly before incident,INVESTIGATE_FURTHER
INV001837,CL015036,CLOSED,HIGH,multiple previous claims on record; short interval since previous claim; repair shop has an elevated historical investigation rate,APPROVE
INV001838,CL026780,CLOSED,MEDIUM,multiple previous claims on record; short interval since previous claim,APPROVE
INV001839,CL002089,CLOSED,MEDIUM,multiple previous claims on record; short interval since previous claim; repair shop has an elevated historical investigation rate,APPROVE
INV001840,CL026192,IN_PROGRESS,MEDIUM,multiple previous claims on record; repair shop has an elevated historical investigation rate,
INV001841,CL010443,IN_PROGRESS,HIGH,policy created shortly before incident; repair shop has an elevated historical investigation rate,
INV001842,CL019627,CLOSED,MEDIUM,claim amount high relative to vehicle value; multiple previous claims on record,REQUEST_DOCUMENTS
INV001843,CL023228,IN_PROGRESS,MEDIUM,multiple previous claims on record; short interval since previous claim,
INV001844,CL009661,IN_PROGRESS,LOW,anomalous pattern flagged by risk model,
INV001845,CL005656,CLOSED,MEDIUM,multiple previous claims on record; short interval since previous claim,APPROVE
INV001846,CL025239,CLOSED,MEDIUM,claim amount high relative to vehicle value; multiple previous claims on record; repair shop has an elevated historical investigation rate,APPROVE
INV001847,CL029539,IN_PROGRESS,HIGH,multiple previous claims on record; repair shop has an elevated historical investigation rate,
INV001848,CL018416,CLOSED,MEDIUM,multiple previous claims on record; short interval since previous claim,REQUEST_DOCUMENTS
INV001849,CL008337,CLOSED,MEDIUM,multiple previous claims on record; repair shop has an elevated historical investigation rate,INVESTIGATE_FURTHER
INV001850,CL002832,IN_PROGRESS,MEDIUM,multiple previous claims on record,
INV001851,CL009534,CLOSED,MEDIUM,claim amount high relative to vehicle value; multiple previous claims on record; repair shop has an elevated historical investigation rate,APPROVE
INV001852,CL015125,IN_PROGRESS,LOW,claim amount high relative to vehicle value; multiple previous claims on record; short interval since previous claim,
INV001853,CL008635,CLOSED,HIGH,claim amount high relative to vehicle value; multiple previous claims on record,INVESTIGATE_FURTHER
INV001854,CL021020,CLOSED,LOW,claim amount high relative to vehicle value; multiple previous claims on record; short interval since previous claim,REQUEST_DOCUMENTS
INV001855,CL017320,CLOSED,MEDIUM,multiple previous claims on record; short interval since previous claim,APPROVE
INV001856,CL028877,CLOSED,LOW,multiple previous claims on record; short interval since previous claim,APPROVE
INV001857,CL012995,IN_PROGRESS,MEDIUM,multiple previous claims on record; repair shop has an elevated historical investigation rate,
INV001858,CL002686,CLOSED,MEDIUM,multiple previous claims on record; short interval since previous claim,APPROVE
INV001859,CL000682,IN_PROGRESS,HIGH,anomalous pattern flagged by risk model,
INV001860,CL010466,IN_PROGRESS,MEDIUM,multiple previous claims on record; short interval since previous claim; repair shop has an elevated historical investigation rate,
INV001861,CL025074,IN_PROGRESS,MEDIUM,multiple previous claims on record; short interval since previous claim; repair shop has an elevated historical investigation rate,
INV001862,CL016077,IN_PROGRESS,MEDIUM,multiple previous claims on record; repair shop has an elevated historical investigation rate,
INV001863,CL013214,IN_PROGRESS,HIGH,multiple previous claims on record; short interval since previous claim,
INV001864,CL009127,IN_PROGRESS,MEDIUM,multiple previous claims on record; short interval since previous claim,
INV001865,CL001571,CLOSED,LOW,multiple previous claims on record; repair shop has an elevated historical investigation rate,INVESTIGATE_FURTHER
INV001866,CL000900,CLOSED,MEDIUM,claim amount high relative to vehicle value; multiple previous claims on record; short interval since previous claim,APPROVE
INV001867,CL010654,CLOSED,HIGH,multiple previous claims on record; short interval since previous claim,REQUEST_DOCUMENTS
INV001868,CL017352,IN_PROGRESS,LOW,claim amount high relative to vehicle value; multiple previous claims on record; short interval since previous claim,
INV001869,CL026965,IN_PROGRESS,LOW,multiple previous claims on record; short interval since previous claim; repair shop has an elevated historical investigation rate,
INV001870,CL010355,IN_PROGRESS,MEDIUM,claim amount high relative to vehicle value; multiple previous claims on record; short interval since previous claim,
INV001871,CL017480,CLOSED,LOW,multiple previous claims on record; short interval since previous claim; repair shop has an elevated historical investigation rate,REQUEST_DOCUMENTS
INV001872,CL025780,CLOSED,HIGH,multiple previous claims on record; short interval since previous claim; repair shop has an elevated historical investigation rate,REQUEST_DOCUMENTS
INV001873,CL013327,IN_PROGRESS,MEDIUM,multiple previous claims on record; short interval since previous claim; repair shop has an elevated historical investigation rate,
INV001874,CL000266,CLOSED,MEDIUM,multiple previous claims on record; short interval since previous claim,REQUEST_DOCUMENTS
INV001875,CL013133,CLOSED,MEDIUM,short interval since previous claim,APPROVE
INV001876,CL021180,CLOSED,HIGH,multiple previous claims on record,INVESTIGATE_FURTHER
INV001877,CL013003,IN_PROGRESS,MEDIUM,multiple previous claims on record; short interval since previous claim,
INV001878,CL002050,CLOSED,HIGH,claim amount high relative to vehicle value; multiple previous claims on record; short interval since previous claim,INVESTIGATE_FURTHER
INV001879,CL011072,IN_PROGRESS,HIGH,multiple previous claims on record; short interval since previous claim,
INV001880,CL001585,CLOSED,HIGH,multiple previous claims on record,APPROVE
INV001881,CL013591,CLOSED,HIGH,multiple previous claims on record; repair shop has an elevated historical investigation rate,INVESTIGATE_FURTHER
INV001882,CL012699,CLOSED,MEDIUM,multiple previous claims on record; repair shop has an elevated historical investigation rate,REQUEST_DOCUMENTS
INV001883,CL028314,IN_PROGRESS,LOW,claim amount high relative to vehicle value; multiple previous claims on record,
INV001884,CL024144,CLOSED,MEDIUM,policy created shortly before incident; short interval since previous claim,REQUEST_DOCUMENTS
INV001885,CL006908,CLOSED,MEDIUM,multiple previous claims on record; short interval since previous claim,INVESTIGATE_FURTHER
INV001886,CL004985,IN_PROGRESS,MEDIUM,claim amount high relative to vehicle value; multiple previous claims on record; short interval since previous claim,
INV001887,CL007669,CLOSED,MEDIUM,policy created shortly before incident; claim amount high relative to vehicle value; multiple previous claims on record,APPROVE
INV001888,CL013108,CLOSED,LOW,claim amount high relative to vehicle value; multiple previous claims on record; short interval since previous claim,INVESTIGATE_FURTHER
INV001889,CL008112,CLOSED,HIGH,multiple previous claims on record,REQUEST_DOCUMENTS
INV001890,CL011248,IN_PROGRESS,HIGH,claim amount high relative to vehicle value; multiple previous claims on record,
INV001891,CL010714,CLOSED,MEDIUM,claim amount high relative to vehicle value; multiple previous claims on record; short interval since previous claim,APPROVE
INV001892,CL010082,IN_PROGRESS,MEDIUM,claim amount high relative to vehicle value; multiple previous claims on record,
INV001893,CL014049,CLOSED,LOW,multiple previous claims on record; short interval since previous claim,APPROVE
INV001894,CL016227,CLOSED,MEDIUM,multiple previous claims on record,APPROVE
INV001895,CL001097,IN_PROGRESS,MEDIUM,multiple previous claims on record; short interval since previous claim,
INV001896,CL015623,IN_PROGRESS,LOW,claim amount high relative to vehicle value; multiple previous claims on record; short interval since previous claim,
INV001897,CL012149,IN_PROGRESS,MEDIUM,claim amount high relative to vehicle value; multiple previous claims on record; short interval since previous claim; repair shop has an elevated historical investigation rate,
INV001898,CL029791,CLOSED,HIGH,claim amount high relative to vehicle value; multiple previous claims on record; short interval since previous claim,REQUEST_DOCUMENTS
INV001899,CL007144,CLOSED,MEDIUM,claim amount high relative to vehicle value; multiple previous claims on record; repair shop has an elevated historical investigation rate,REQUEST_DOCUMENTS
INV001900,CL020537,CLOSED,MEDIUM,claim amount high relative to vehicle value; multiple previous claims on record,REJECT
INV001901,CL000055,CLOSED,LOW,claim amount high relative to vehicle value; short interval since previous claim,APPROVE
INV001902,CL015311,CLOSED,MEDIUM,multiple previous claims on record; short interval since previous claim,APPROVE
INV001903,CL003309,IN_PROGRESS,MEDIUM,policy created shortly before incident; multiple previous claims on record; short interval since previous claim,
INV001904,CL024603,IN_PROGRESS,LOW,multiple previous claims on record; short interval since previous claim; repair shop has an elevated historical investigation rate,
INV001905,CL015249,IN_PROGRESS,MEDIUM,multiple previous claims on record,
INV001906,CL016888,IN_PROGRESS,HIGH,claim amount high relative to vehicle value; multiple previous claims on record; repair shop has an elevated historical investigation rate,
INV001907,CL008230,CLOSED,LOW,claim amount high relative to vehicle value; multiple previous claims on record; short interval since previous claim; repair shop has an elevated historical investigation rate,REJECT
INV001908,CL016627,IN_PROGRESS,MEDIUM,multiple previous claims on record; short interval since previous claim; repair shop has an elevated historical investigation rate,
INV001909,CL014119,CLOSED,MEDIUM,multiple previous claims on record; short interval since previous claim,REJECT
INV001910,CL017654,CLOSED,MEDIUM,policy created shortly before incident; multiple previous claims on record,INVESTIGATE_FURTHER
INV001911,CL000446,CLOSED,MEDIUM,claim amount high relative to vehicle value; multiple previous claims on record; short interval since previous claim; repair shop has an elevated historical investigation rate,INVESTIGATE_FURTHER
INV001912,CL012222,IN_PROGRESS,MEDIUM,short interval since previous claim; repair shop has an elevated historical investigation rate,
INV001913,CL028103,CLOSED,HIGH,multiple previous claims on record,REJECT
INV001914,CL008026,CLOSED,MEDIUM,claim amount high relative to vehicle value; multiple previous claims on record; repair shop has an elevated historical investigation rate,REQUEST_DOCUMENTS
INV001915,CL009686,CLOSED,HIGH,multiple previous claims on record; repair shop has an elevated historical investigation rate,APPROVE
INV001916,CL013350,CLOSED,HIGH,claim amount high relative to vehicle value; multiple previous claims on record; short interval since previous claim; repair shop has an elevated historical investigation rate,INVESTIGATE_FURTHER
INV001917,CL026723,CLOSED,MEDIUM,multiple previous claims on record; short interval since previous claim,INVESTIGATE_FURTHER
INV001918,CL010770,CLOSED,HIGH,claim amount high relative to vehicle value; multiple previous claims on record; short interval since previous claim,APPROVE
INV001919,CL018714,CLOSED,LOW,multiple previous claims on record; short interval since previous claim,REQUEST_DOCUMENTS
INV001920,CL003831,CLOSED,HIGH,claim amount high relative to vehicle value; multiple previous claims on record; short interval since previous claim,APPROVE
INV001921,CL026789,CLOSED,HIGH,policy created shortly before incident; multiple previous claims on record; short interval since previous claim; repair shop has an elevated historical investigation rate,APPROVE
INV001922,CL022209,IN_PROGRESS,MEDIUM,claim amount high relative to vehicle value; multiple previous claims on record; short interval since previous claim,
INV001923,CL028285,CLOSED,MEDIUM,multiple previous claims on record; repair shop has an elevated historical investigation rate,APPROVE
INV001924,CL010833,CLOSED,LOW,multiple previous claims on record; repair shop has an elevated historical investigation rate,INVESTIGATE_FURTHER
INV001925,CL024352,IN_PROGRESS,MEDIUM,multiple previous claims on record; short interval since previous claim,
INV001926,CL028666,IN_PROGRESS,MEDIUM,claim amount high relative to vehicle value; multiple previous claims on record,
INV001927,CL001381,IN_PROGRESS,MEDIUM,multiple previous claims on record,
INV001928,CL008335,CLOSED,MEDIUM,multiple previous claims on record; short interval since previous claim; repair shop has an elevated historical investigation rate,REQUEST_DOCUMENTS
INV001929,CL014598,IN_PROGRESS,LOW,claim amount high relative to vehicle value; multiple previous claims on record; short interval since previous claim,
INV001930,CL017525,IN_PROGRESS,HIGH,claim amount high relative to vehicle value; multiple previous claims on record,
INV001931,CL011056,CLOSED,HIGH,multiple previous claims on record; short interval since previous claim,INVESTIGATE_FURTHER
INV001932,CL029505,CLOSED,LOW,multiple previous claims on record; repair shop has an elevated historical investigation rate,INVESTIGATE_FURTHER
INV001933,CL006403,CLOSED,MEDIUM,multiple previous claims on record; repair shop has an elevated historical investigation rate,REJECT
INV001934,CL021399,IN_PROGRESS,HIGH,multiple previous claims on record,
INV001935,CL001856,CLOSED,LOW,multiple previous claims on record,INVESTIGATE_FURTHER
INV001936,CL028212,IN_PROGRESS,HIGH,claim amount high relative to vehicle value; multiple previous claims on record,
INV001937,CL026733,CLOSED,MEDIUM,multiple previous claims on record,REJECT
INV001938,CL020325,IN_PROGRESS,HIGH,short interval since previous claim; repair shop has an elevated historical investigation rate,
INV001939,CL020953,CLOSED,MEDIUM,policy created shortly before incident; multiple previous claims on record; short interval since previous claim; repair shop has an elevated historical investigation rate,REQUEST_DOCUMENTS
INV001940,CL023105,IN_PROGRESS,MEDIUM,multiple previous claims on record; short interval since previous claim; repair shop has an elevated historical investigation rate,
INV001941,CL028574,IN_PROGRESS,HIGH,multiple previous claims on record,
INV001942,CL007014,IN_PROGRESS,HIGH,claim amount high relative to vehicle value; multiple previous claims on record; short interval since previous claim,
INV001943,CL017901,IN_PROGRESS,LOW,multiple previous claims on record; short interval since previous claim; repair shop has an elevated historical investigation rate,
INV001944,CL018284,CLOSED,HIGH,claim amount high relative to vehicle value; repair shop has an elevated historical investigation rate,APPROVE
INV001945,CL011925,CLOSED,MEDIUM,claim amount high relative to vehicle value; multiple previous claims on record; repair shop has an elevated historical investigation rate,APPROVE
INV001946,CL014296,CLOSED,HIGH,claim amount high relative to vehicle value; short interval since previous claim; repair shop has an elevated historical investigation rate,INVESTIGATE_FURTHER
INV001947,CL027849,CLOSED,MEDIUM,repair shop has an elevated historical investigation rate,REQUEST_DOCUMENTS
INV001948,CL002765,IN_PROGRESS,MEDIUM,multiple previous claims on record; short interval since previous claim; repair shop has an elevated historical investigation rate,
INV001949,CL005963,CLOSED,MEDIUM,claim amount high relative to vehicle value,APPROVE
INV001950,CL002872,IN_PROGRESS,MEDIUM,multiple previous claims on record; repair shop has an elevated historical investigation rate,
INV001951,CL020844,CLOSED,HIGH,claim amount high relative to vehicle value; multiple previous claims on record,INVESTIGATE_FURTHER
INV001952,CL004986,CLOSED,MEDIUM,claim amount high relative to vehicle value; multiple previous claims on record; short interval since previous claim,REQUEST_DOCUMENTS
INV001953,CL002601,CLOSED,HIGH,multiple previous claims on record; repair shop has an elevated historical investigation rate,APPROVE
INV001954,CL022932,IN_PROGRESS,HIGH,multiple previous claims on record; short interval since previous claim,
INV001955,CL015395,CLOSED,MEDIUM,multiple previous claims on record; short interval since previous claim; repair shop has an elevated historical investigation rate,REQUEST_DOCUMENTS
INV001956,CL008017,CLOSED,MEDIUM,multiple previous claims on record,APPROVE
INV001957,CL017638,CLOSED,HIGH,claim amount high relative to vehicle value; multiple previous claims on record; short interval since previous claim,REQUEST_DOCUMENTS
INV001958,CL025963,CLOSED,MEDIUM,short interval since previous claim,REQUEST_DOCUMENTS
INV001959,CL009840,CLOSED,MEDIUM,claim amount high relative to vehicle value,APPROVE
INV001960,CL016778,CLOSED,MEDIUM,multiple previous claims on record,APPROVE
INV001961,CL028196,IN_PROGRESS,MEDIUM,multiple previous claims on record; short interval since previous claim; repair shop has an elevated historical investigation rate,
INV001962,CL009867,CLOSED,MEDIUM,multiple previous claims on record; short interval since previous claim; repair shop has an elevated historical investigation rate,INVESTIGATE_FURTHER
INV001963,CL004468,IN_PROGRESS,MEDIUM,claim amount high relative to vehicle value; multiple previous claims on record; short interval since previous claim; repair shop has an elevated historical investigation rate,
INV001964,CL025422,CLOSED,HIGH,multiple previous claims on record,REQUEST_DOCUMENTS
INV001965,CL014450,IN_PROGRESS,MEDIUM,short interval since previous claim,
INV001966,CL002684,IN_PROGRESS,HIGH,multiple previous claims on record,
INV001967,CL022893,CLOSED,HIGH,claim amount high relative to vehicle value; multiple previous claims on record; short interval since previous claim; repair shop has an elevated historical investigation rate,REQUEST_DOCUMENTS
INV001968,CL029094,CLOSED,MEDIUM,policy created shortly before incident; claim amount high relative to vehicle value; multiple previous claims on record; short interval since previous claim,REJECT
INV001969,CL002591,IN_PROGRESS,LOW,multiple previous claims on record,
INV001970,CL013413,CLOSED,MEDIUM,multiple previous claims on record; short interval since previous claim,REJECT
INV001971,CL028979,CLOSED,MEDIUM,multiple previous claims on record; short interval since previous claim; repair shop has an elevated historical investigation rate,REQUEST_DOCUMENTS
INV001972,CL027307,IN_PROGRESS,MEDIUM,multiple previous claims on record; short interval since previous claim,
INV001973,CL004627,CLOSED,MEDIUM,multiple previous claims on record; repair shop has an elevated historical investigation rate,INVESTIGATE_FURTHER
INV001974,CL000405,IN_PROGRESS,MEDIUM,multiple previous claims on record; short interval since previous claim,
INV001975,CL006298,CLOSED,MEDIUM,claim amount high relative to vehicle value; multiple previous claims on record; short interval since previous claim,REJECT
INV001976,CL006738,CLOSED,MEDIUM,multiple previous claims on record; short interval since previous claim,REQUEST_DOCUMENTS
INV001977,CL004433,CLOSED,HIGH,claim amount high relative to vehicle value; multiple previous claims on record; repair shop has an elevated historical investigation rate,APPROVE
INV001978,CL021455,CLOSED,HIGH,multiple previous claims on record,APPROVE
INV001979,CL001011,IN_PROGRESS,HIGH,multiple previous claims on record; short interval since previous claim,
INV001980,CL028278,CLOSED,MEDIUM,claim amount high relative to vehicle value; multiple previous claims on record; short interval since previous claim,INVESTIGATE_FURTHER
INV001981,CL007693,IN_PROGRESS,HIGH,multiple previous claims on record,
INV001982,CL011632,CLOSED,MEDIUM,multiple previous claims on record,INVESTIGATE_FURTHER
INV001983,CL000827,IN_PROGRESS,LOW,multiple previous claims on record; short interval since previous claim; repair shop has an elevated historical investigation rate,
INV001984,CL007496,CLOSED,LOW,claim amount high relative to vehicle value; multiple previous claims on record,APPROVE
INV001985,CL005670,CLOSED,MEDIUM,claim amount high relative to vehicle value; multiple previous claims on record; short interval since previous claim,INVESTIGATE_FURTHER
INV001986,CL027375,CLOSED,HIGH,claim amount high relative to vehicle value; multiple previous claims on record,INVESTIGATE_FURTHER
INV001987,CL008772,IN_PROGRESS,LOW,multiple previous claims on record; repair shop has an elevated historical investigation rate,
INV001988,CL022058,IN_PROGRESS,MEDIUM,multiple previous claims on record; short interval since previous claim,
INV001989,CL019738,CLOSED,MEDIUM,multiple previous claims on record; repair shop has an elevated historical investigation rate,APPROVE
INV001990,CL014360,CLOSED,HIGH,claim amount high relative to vehicle value; short interval since previous claim; repair shop has an elevated historical investigation rate,REJECT
INV001991,CL021449,CLOSED,HIGH,multiple previous claims on record; short interval since previous claim,APPROVE
INV001992,CL029649,IN_PROGRESS,MEDIUM,multiple previous claims on record; short interval since previous claim,
INV001993,CL018958,CLOSED,MEDIUM,claim amount high relative to vehicle value; multiple previous claims on record; short interval since previous claim,INVESTIGATE_FURTHER
INV001994,CL005326,CLOSED,MEDIUM,multiple previous claims on record; repair shop has an elevated historical investigation rate,APPROVE
INV001995,CL004558,IN_PROGRESS,LOW,multiple previous claims on record,
INV001996,CL019557,CLOSED,HIGH,policy created shortly before incident; claim amount high relative to vehicle value; multiple previous claims on record; short interval since previous claim,APPROVE
INV001997,CL011228,CLOSED,MEDIUM,claim amount high relative to vehicle value; multiple previous claims on record,APPROVE
INV001998,CL022497,CLOSED,HIGH,policy created shortly before incident; claim amount high relative to vehicle value; multiple previous claims on record,APPROVE
INV001999,CL000331,IN_PROGRESS,MEDIUM,short interval since previous claim,
INV002000,CL010639,IN_PROGRESS,MEDIUM,claim amount high relative to vehicle value; multiple previous claims on record; repair shop has an elevated historical investigation rate,
INV002001,CL019826,IN_PROGRESS,LOW,multiple previous claims on record; short interval since previous claim,
INV002002,CL029423,IN_PROGRESS,MEDIUM,multiple previous claims on record; repair shop has an elevated historical investigation rate,
INV002003,CL012530,IN_PROGRESS,MEDIUM,multiple previous claims on record; short interval since previous claim,
INV002004,CL028464,CLOSED,HIGH,claim amount high relative to vehicle value; multiple previous claims on record; short interval since previous claim,APPROVE
INV002005,CL011037,IN_PROGRESS,MEDIUM,policy created shortly before incident; claim amount high relative to vehicle value; short interval since previous claim,
INV002006,CL019883,CLOSED,MEDIUM,claim amount high relative to vehicle value; multiple previous claims on record; short interval since previous claim,REQUEST_DOCUMENTS
INV002007,CL026360,CLOSED,HIGH,claim amount high relative to vehicle value; multiple previous claims on record; short interval since previous claim,INVESTIGATE_FURTHER
INV002008,CL023408,IN_PROGRESS,HIGH,policy created shortly before incident; claim amount high relative to vehicle value; repair shop has an elevated historical investigation rate,
INV002009,CL023554,CLOSED,MEDIUM,multiple previous claims on record,APPROVE
INV002010,CL029197,IN_PROGRESS,HIGH,multiple previous claims on record; repair shop has an elevated historical investigation rate,
INV002011,CL023126,CLOSED,LOW,claim amount high relative to vehicle value; multiple previous claims on record; short interval since previous claim,REQUEST_DOCUMENTS
INV002012,CL020767,IN_PROGRESS,HIGH,claim amount high relative to vehicle value; multiple previous claims on record; short interval since previous claim,
INV002013,CL027754,CLOSED,LOW,multiple previous claims on record; short interval since previous claim; repair shop has an elevated historical investigation rate,APPROVE
INV002014,CL013920,IN_PROGRESS,HIGH,multiple previous claims on record; short interval since previous claim,
INV002015,CL001629,IN_PROGRESS,HIGH,multiple previous claims on record; short interval since previous claim,
INV002016,CL014035,IN_PROGRESS,HIGH,claim amount high relative to vehicle value; multiple previous claims on record; short interval since previous claim; repair shop has an elevated historical investigation rate,
INV002017,CL000481,IN_PROGRESS,MEDIUM,claim amount high relative to vehicle value; multiple previous claims on record,
INV002018,CL018264,CLOSED,MEDIUM,claim amount high relative to vehicle value; multiple previous claims on record; short interval since previous claim,REQUEST_DOCUMENTS
INV002019,CL022319,CLOSED,HIGH,multiple previous claims on record; short interval since previous claim; repair shop has an elevated historical investigation rate,INVESTIGATE_FURTHER
INV002020,CL012606,IN_PROGRESS,MEDIUM,multiple previous claims on record,
INV002021,CL010442,CLOSED,MEDIUM,multiple previous claims on record; short interval since previous claim; repair shop has an elevated historical investigation rate,APPROVE
INV002022,CL029846,CLOSED,LOW,policy created shortly before incident; repair shop has an elevated historical investigation rate,APPROVE
INV002023,CL021168,CLOSED,HIGH,claim amount high relative to vehicle value; multiple previous claims on record,APPROVE
INV002024,CL019288,IN_PROGRESS,MEDIUM,policy created shortly before incident; claim amount high relative to vehicle value; multiple previous claims on record; short interval since previous claim,
INV002025,CL008003,CLOSED,HIGH,multiple previous claims on record; short interval since previous claim,REQUEST_DOCUMENTS
INV002026,CL003044,IN_PROGRESS,HIGH,multiple previous claims on record; short interval since previous claim,
INV002027,CL000101,IN_PROGRESS,MEDIUM,claim amount high relative to vehicle value; multiple previous claims on record; short interval since previous claim; repair shop has an elevated historical investigation rate,
INV002028,CL004192,CLOSED,HIGH,multiple previous claims on record; short interval since previous claim,APPROVE
INV002029,CL028764,IN_PROGRESS,LOW,multiple previous claims on record; short interval since previous claim; repair shop has an elevated historical investigation rate,
INV002030,CL024060,CLOSED,HIGH,multiple previous claims on record; short interval since previous claim,APPROVE
INV002031,CL007539,CLOSED,LOW,multiple previous claims on record; short interval since previous claim; repair shop has an elevated historical investigation rate,REJECT
INV002032,CL016486,CLOSED,LOW,claim amount high relative to vehicle value; multiple previous claims on record,INVESTIGATE_FURTHER
INV002033,CL001897,CLOSED,LOW,multiple previous claims on record; short interval since previous claim,REJECT
INV002034,CL025194,CLOSED,HIGH,multiple previous claims on record; short interval since previous claim; repair shop has an elevated historical investigation rate,APPROVE
INV002035,CL028835,IN_PROGRESS,LOW,anomalous pattern flagged by risk model,
INV002036,CL020354,CLOSED,HIGH,multiple previous claims on record; short interval since previous claim; repair shop has an elevated historical investigation rate,APPROVE
INV002037,CL010104,CLOSED,HIGH,multiple previous claims on record; short interval since previous claim,APPROVE
INV002038,CL020819,CLOSED,MEDIUM,multiple previous claims on record; short interval since previous claim,APPROVE
INV002039,CL025938,IN_PROGRESS,HIGH,multiple previous claims on record,
INV002040,CL015668,CLOSED,LOW,multiple previous claims on record; short interval since previous claim,APPROVE
INV002041,CL024956,IN_PROGRESS,LOW,multiple previous claims on record; short interval since previous claim,
INV002042,CL012106,IN_PROGRESS,HIGH,multiple previous claims on record,
INV002043,CL022090,IN_PROGRESS,MEDIUM,claim amount high relative to vehicle value; multiple previous claims on record; repair shop has an elevated historical investigation rate,
INV002044,CL015665,IN_PROGRESS,MEDIUM,multiple previous claims on record; short interval since previous claim,
INV002045,CL016078,CLOSED,HIGH,claim amount high relative to vehicle value; short interval since previous claim,REQUEST_DOCUMENTS
INV002046,CL014698,CLOSED,MEDIUM,claim amount high relative to vehicle value; multiple previous claims on record,REQUEST_DOCUMENTS
INV002047,CL010036,CLOSED,MEDIUM,multiple previous claims on record; short interval since previous claim,REQUEST_DOCUMENTS
INV002048,CL001700,CLOSED,MEDIUM,claim amount high relative to vehicle value; multiple previous claims on record; short interval since previous claim; repair shop has an elevated historical investigation rate,APPROVE
INV002049,CL018981,IN_PROGRESS,HIGH,claim amount high relative to vehicle value; multiple previous claims on record; short interval since previous claim,
INV002050,CL028511,IN_PROGRESS,LOW,policy created shortly before incident; claim amount high relative to vehicle value; multiple previous claims on record,
INV002051,CL028472,CLOSED,MEDIUM,claim amount high relative to vehicle value; repair shop has an elevated historical investigation rate,APPROVE
INV002052,CL000288,CLOSED,HIGH,policy created shortly before incident; repair shop has an elevated historical investigation rate,APPROVE
INV002053,CL004274,IN_PROGRESS,HIGH,anomalous pattern flagged by risk model,
INV002054,CL018976,CLOSED,HIGH,policy created shortly before incident; short interval since previous claim,REJECT
INV002055,CL023817,CLOSED,MEDIUM,claim amount high relative to vehicle value; multiple previous claims on record; short interval since previous claim; repair shop has an elevated historical investigation rate,INVESTIGATE_FURTHER
INV002056,CL008115,CLOSED,HIGH,claim amount high relative to vehicle value; multiple previous claims on record,APPROVE
INV002057,CL017976,IN_PROGRESS,MEDIUM,claim amount high relative to vehicle value; short interval since previous claim; repair shop has an elevated historical investigation rate,
INV002058,CL020077,IN_PROGRESS,LOW,claim amount high relative to vehicle value; short interval since previous claim; repair shop has an elevated historical investigation rate,
INV002059,CL019183,CLOSED,MEDIUM,claim amount high relative to vehicle value; multiple previous claims on record,INVESTIGATE_FURTHER
INV002060,CL018957,CLOSED,HIGH,multiple previous claims on record; short interval since previous claim,APPROVE
INV002061,CL004103,CLOSED,HIGH,policy created shortly before incident; claim amount high relative to vehicle value; short interval since previous claim,APPROVE
INV002062,CL011666,CLOSED,MEDIUM,claim amount high relative to vehicle value; multiple previous claims on record; short interval since previous claim,INVESTIGATE_FURTHER
INV002063,CL005409,CLOSED,MEDIUM,claim amount high relative to vehicle value; multiple previous claims on record; short interval since previous claim,APPROVE
INV002064,CL020831,CLOSED,LOW,multiple previous claims on record; short interval since previous claim,APPROVE
INV002065,CL009252,IN_PROGRESS,LOW,claim amount high relative to vehicle value; multiple previous claims on record,
INV002066,CL028744,CLOSED,MEDIUM,multiple previous claims on record; short interval since previous claim; repair shop has an elevated historical investigation rate,APPROVE
INV002067,CL003616,CLOSED,MEDIUM,multiple previous claims on record; short interval since previous claim,APPROVE
INV002068,CL025509,IN_PROGRESS,LOW,policy created shortly before incident; claim amount high relative to vehicle value,
INV002069,CL002620,IN_PROGRESS,HIGH,multiple previous claims on record; short interval since previous claim,
INV002070,CL001527,CLOSED,MEDIUM,short interval since previous claim,INVESTIGATE_FURTHER
INV002071,CL026067,CLOSED,LOW,claim amount high relative to vehicle value; multiple previous claims on record; short interval since previous claim,APPROVE
INV002072,CL024583,IN_PROGRESS,HIGH,short interval since previous claim,
INV002073,CL019866,IN_PROGRESS,LOW,claim amount high relative to vehicle value; multiple previous claims on record,
INV002074,CL006024,CLOSED,LOW,anomalous pattern flagged by risk model,APPROVE
INV002075,CL008166,CLOSED,MEDIUM,multiple previous claims on record; short interval since previous claim; repair shop has an elevated historical investigation rate,REJECT
INV002076,CL024146,CLOSED,LOW,multiple previous claims on record; short interval since previous claim,APPROVE
INV002077,CL020318,CLOSED,LOW,multiple previous claims on record,APPROVE
INV002078,CL017891,CLOSED,MEDIUM,multiple previous claims on record; short interval since previous claim,APPROVE
INV002079,CL023186,IN_PROGRESS,MEDIUM,policy created shortly before incident; short interval since previous claim; repair shop has an elevated historical investigation rate,
INV002080,CL014868,IN_PROGRESS,MEDIUM,short interval since previous claim,
INV002081,CL023193,CLOSED,HIGH,policy created shortly before incident; short interval since previous claim,APPROVE
INV002082,CL020211,CLOSED,MEDIUM,multiple previous claims on record; short interval since previous claim,REQUEST_DOCUMENTS
INV002083,CL026942,IN_PROGRESS,MEDIUM,multiple previous claims on record; short interval since previous claim,
INV002084,CL022830,IN_PROGRESS,MEDIUM,multiple previous claims on record,
INV002085,CL002035,CLOSED,LOW,claim amount high relative to vehicle value; multiple previous claims on record; short interval since previous claim,APPROVE
INV002086,CL022746,CLOSED,MEDIUM,multiple previous claims on record,APPROVE
INV002087,CL011749,CLOSED,LOW,multiple previous claims on record; repair shop has an elevated historical investigation rate,APPROVE
INV002088,CL023994,CLOSED,MEDIUM,multiple previous claims on record,REQUEST_DOCUMENTS
INV002089,CL001249,CLOSED,HIGH,multiple previous claims on record,REQUEST_DOCUMENTS
INV002090,CL011771,IN_PROGRESS,HIGH,multiple previous claims on record,
INV002091,CL005865,IN_PROGRESS,LOW,claim amount high relative to vehicle value; multiple previous claims on record; repair shop has an elevated historical investigation rate,
INV002092,CL008777,IN_PROGRESS,LOW,multiple previous claims on record; short interval since previous claim,
INV002093,CL013896,CLOSED,LOW,multiple previous claims on record; short interval since previous claim,APPROVE
INV002094,CL000052,IN_PROGRESS,HIGH,claim amount high relative to vehicle value; short interval since previous claim; repair shop has an elevated historical investigation rate,
INV002095,CL003905,CLOSED,MEDIUM,policy created shortly before incident; multiple previous claims on record; short interval since previous claim,APPROVE
INV002096,CL004427,CLOSED,HIGH,multiple previous claims on record; short interval since previous claim,INVESTIGATE_FURTHER
INV002097,CL027770,CLOSED,MEDIUM,policy created shortly before incident; multiple previous claims on record; repair shop has an elevated historical investigation rate,REQUEST_DOCUMENTS
INV002098,CL012591,CLOSED,HIGH,multiple previous claims on record; short interval since previous claim,APPROVE
INV002099,CL017085,CLOSED,MEDIUM,multiple previous claims on record,INVESTIGATE_FURTHER
INV002100,CL028742,CLOSED,LOW,policy created shortly before incident; multiple previous claims on record; short interval since previous claim,APPROVE
INV002101,CL008002,IN_PROGRESS,LOW,multiple previous claims on record; repair shop has an elevated historical investigation rate,
INV002102,CL000793,CLOSED,HIGH,multiple previous claims on record; short interval since previous claim,APPROVE
INV002103,CL012934,IN_PROGRESS,MEDIUM,multiple previous claims on record; short interval since previous claim,
INV002104,CL029597,CLOSED,LOW,claim amount high relative to vehicle value; multiple previous claims on record; short interval since previous claim,APPROVE
INV002105,CL025235,CLOSED,HIGH,multiple previous claims on record,APPROVE
INV002106,CL024809,CLOSED,LOW,multiple previous claims on record; short interval since previous claim,REJECT
INV002107,CL001458,CLOSED,MEDIUM,multiple previous claims on record,APPROVE
INV002108,CL015348,IN_PROGRESS,LOW,multiple previous claims on record; short interval since previous claim; repair shop has an elevated historical investigation rate,
INV002109,CL023091,CLOSED,MEDIUM,multiple previous claims on record; short interval since previous claim; repair shop has an elevated historical investigation rate,INVESTIGATE_FURTHER
INV002110,CL023688,CLOSED,HIGH,multiple previous claims on record; short interval since previous claim; repair shop has an elevated historical investigation rate,REQUEST_DOCUMENTS
INV002111,CL021755,IN_PROGRESS,LOW,multiple previous claims on record; short interval since previous claim,
INV002112,CL006542,CLOSED,MEDIUM,multiple previous claims on record; short interval since previous claim,REQUEST_DOCUMENTS
INV002113,CL024167,CLOSED,LOW,anomalous pattern flagged by risk model,REQUEST_DOCUMENTS
INV002114,CL027197,CLOSED,MEDIUM,multiple previous claims on record; repair shop has an elevated historical investigation rate,APPROVE
INV002115,CL021339,CLOSED,LOW,multiple previous claims on record; short interval since previous claim,INVESTIGATE_FURTHER
INV002116,CL028967,IN_PROGRESS,MEDIUM,claim amount high relative to vehicle value; multiple previous claims on record; short interval since previous claim,
INV002117,CL020960,CLOSED,LOW,short interval since previous claim,APPROVE
INV002118,CL018353,CLOSED,HIGH,multiple previous claims on record; short interval since previous claim,INVESTIGATE_FURTHER
INV002119,CL011486,CLOSED,HIGH,multiple previous claims on record; short interval since previous claim; repair shop has an elevated historical investigation rate,APPROVE
INV002120,CL011418,CLOSED,MEDIUM,multiple previous claims on record; short interval since previous claim,INVESTIGATE_FURTHER
INV002121,CL012068,IN_PROGRESS,HIGH,claim amount high relative to vehicle value; multiple previous claims on record,
INV002122,CL009388,IN_PROGRESS,MEDIUM,claim amount high relative to vehicle value; multiple previous claims on record,
INV002123,CL017129,CLOSED,HIGH,multiple previous claims on record; short interval since previous claim,REQUEST_DOCUMENTS
INV002124,CL024585,CLOSED,MEDIUM,multiple previous claims on record; short interval since previous claim,REJECT
INV002125,CL027358,IN_PROGRESS,MEDIUM,multiple previous claims on record; short interval since previous claim; repair shop has an elevated historical investigation rate,
INV002126,CL019403,CLOSED,HIGH,multiple previous claims on record; short interval since previous claim,INVESTIGATE_FURTHER
INV002127,CL019705,IN_PROGRESS,HIGH,repair shop has an elevated historical investigation rate,
INV002128,CL014629,CLOSED,MEDIUM,claim amount high relative to vehicle value; multiple previous claims on record; short interval since previous claim,APPROVE
INV002129,CL000278,CLOSED,MEDIUM,multiple previous claims on record; short interval since previous claim,REQUEST_DOCUMENTS
INV002130,CL024454,IN_PROGRESS,MEDIUM,multiple previous claims on record; short interval since previous claim; repair shop has an elevated historical investigation rate,
INV002131,CL021184,CLOSED,LOW,claim amount high relative to vehicle value; multiple previous claims on record,APPROVE
INV002132,CL020427,CLOSED,MEDIUM,multiple previous claims on record; short interval since previous claim; repair shop has an elevated historical investigation rate,REJECT
INV002133,CL023021,CLOSED,MEDIUM,claim amount high relative to vehicle value; short interval since previous claim,INVESTIGATE_FURTHER
INV002134,CL010935,CLOSED,MEDIUM,claim amount high relative to vehicle value; multiple previous claims on record; short interval since previous claim,REQUEST_DOCUMENTS
INV002135,CL020742,CLOSED,MEDIUM,multiple previous claims on record,REQUEST_DOCUMENTS
INV002136,CL009431,CLOSED,MEDIUM,multiple previous claims on record; short interval since previous claim,APPROVE
INV002137,CL028434,CLOSED,LOW,claim amount high relative to vehicle value; multiple previous claims on record; short interval since previous claim; repair shop has an elevated historical investigation rate,APPROVE
INV002138,CL017570,IN_PROGRESS,MEDIUM,short interval since previous claim; repair shop has an elevated historical investigation rate,
INV002139,CL026026,CLOSED,HIGH,policy created shortly before incident; short interval since previous claim; repair shop has an elevated historical investigation rate,INVESTIGATE_FURTHER
INV002140,CL009327,CLOSED,HIGH,multiple previous claims on record; repair shop has an elevated historical investigation rate,INVESTIGATE_FURTHER
INV002141,CL016211,CLOSED,MEDIUM,policy created shortly before incident; multiple previous claims on record; repair shop has an elevated historical investigation rate,REQUEST_DOCUMENTS
INV002142,CL023001,CLOSED,HIGH,policy created shortly before incident; claim amount high relative to vehicle value; multiple previous claims on record; short interval since previous claim; repair shop has an elevated historical investigation rate,REJECT
INV002143,CL008240,CLOSED,HIGH,multiple previous claims on record; short interval since previous claim,REQUEST_DOCUMENTS
INV002144,CL006791,IN_PROGRESS,HIGH,multiple previous claims on record; repair shop has an elevated historical investigation rate,
INV002145,CL008797,CLOSED,HIGH,claim amount high relative to vehicle value; multiple previous claims on record; short interval since previous claim,REQUEST_DOCUMENTS
INV002146,CL003988,CLOSED,MEDIUM,multiple previous claims on record; repair shop has an elevated historical investigation rate,APPROVE
INV002147,CL004612,CLOSED,MEDIUM,policy created shortly before incident; claim amount high relative to vehicle value; multiple previous claims on record; short interval since previous claim,APPROVE
INV002148,CL002566,CLOSED,HIGH,claim amount high relative to vehicle value; multiple previous claims on record; short interval since previous claim,APPROVE
INV002149,CL015163,CLOSED,HIGH,anomalous pattern flagged by risk model,APPROVE
INV002150,CL000672,IN_PROGRESS,LOW,multiple previous claims on record,
INV002151,CL017211,IN_PROGRESS,MEDIUM,multiple previous claims on record; short interval since previous claim,
INV002152,CL020465,CLOSED,MEDIUM,multiple previous claims on record; short interval since previous claim,INVESTIGATE_FURTHER
INV002153,CL027205,CLOSED,HIGH,claim amount high relative to vehicle value,REQUEST_DOCUMENTS
INV002154,CL003622,CLOSED,LOW,multiple previous claims on record; short interval since previous claim,INVESTIGATE_FURTHER
INV002155,CL010648,CLOSED,MEDIUM,multiple previous claims on record; short interval since previous claim,INVESTIGATE_FURTHER
INV002156,CL001307,IN_PROGRESS,MEDIUM,policy created shortly before incident; short interval since previous claim,
INV002157,CL005640,IN_PROGRESS,HIGH,anomalous pattern flagged by risk model,
INV002158,CL012738,IN_PROGRESS,MEDIUM,multiple previous claims on record; short interval since previous claim; repair shop has an elevated historical investigation rate,
INV002159,CL029700,IN_PROGRESS,HIGH,multiple previous claims on record; short interval since previous claim,
INV002160,CL028739,CLOSED,MEDIUM,claim amount high relative to vehicle value; multiple previous claims on record; short interval since previous claim,APPROVE
INV002161,CL004662,CLOSED,LOW,policy created shortly before incident; multiple previous claims on record; short interval since previous claim,REJECT
INV002162,CL005562,IN_PROGRESS,LOW,multiple previous claims on record; short interval since previous claim,
INV002163,CL007620,CLOSED,HIGH,claim amount high relative to vehicle value; multiple previous claims on record; short interval since previous claim,APPROVE
INV002164,CL013515,IN_PROGRESS,LOW,multiple previous claims on record; short interval since previous claim; repair shop has an elevated historical investigation rate,
INV002165,CL002843,CLOSED,MEDIUM,multiple previous claims on record; short interval since previous claim,INVESTIGATE_FURTHER
INV002166,CL019630,CLOSED,HIGH,multiple previous claims on record; short interval since previous claim; repair shop has an elevated historical investigation rate,INVESTIGATE_FURTHER
INV002167,CL001643,CLOSED,MEDIUM,multiple previous claims on record,APPROVE
INV002168,CL029156,CLOSED,LOW,claim amount high relative to vehicle value; multiple previous claims on record; short interval since previous claim,REQUEST_DOCUMENTS
INV002169,CL002590,CLOSED,MEDIUM,claim amount high relative to vehicle value; multiple previous claims on record; short interval since previous claim,INVESTIGATE_FURTHER
INV002170,CL022186,CLOSED,LOW,policy created shortly before incident; multiple previous claims on record; short interval since previous claim,APPROVE
INV002171,CL022928,IN_PROGRESS,MEDIUM,policy created shortly before incident; claim amount high relative to vehicle value; short interval since previous claim,
INV002172,CL000433,CLOSED,MEDIUM,claim amount high relative to vehicle value; multiple previous claims on record; short interval since previous claim; repair shop has an elevated historical investigation rate,INVESTIGATE_FURTHER
INV002173,CL029690,IN_PROGRESS,MEDIUM,multiple previous claims on record; repair shop has an elevated historical investigation rate,
INV002174,CL000110,CLOSED,MEDIUM,claim amount high relative to vehicle value; multiple previous claims on record; short interval since previous claim,INVESTIGATE_FURTHER
INV002175,CL021698,IN_PROGRESS,LOW,multiple previous claims on record; short interval since previous claim; repair shop has an elevated historical investigation rate,
INV002176,CL006974,IN_PROGRESS,LOW,multiple previous claims on record; short interval since previous claim,
INV002177,CL018327,CLOSED,MEDIUM,multiple previous claims on record; repair shop has an elevated historical investigation rate,APPROVE
INV002178,CL015648,IN_PROGRESS,MEDIUM,claim amount high relative to vehicle value; multiple previous claims on record; short interval since previous claim,
INV002179,CL027095,IN_PROGRESS,LOW,claim amount high relative to vehicle value; multiple previous claims on record,
INV002180,CL026533,CLOSED,MEDIUM,multiple previous claims on record; short interval since previous claim,REJECT
INV002181,CL008458,CLOSED,LOW,multiple previous claims on record,APPROVE
INV002182,CL006161,IN_PROGRESS,MEDIUM,multiple previous claims on record,
INV002183,CL008652,CLOSED,HIGH,multiple previous claims on record; short interval since previous claim,REQUEST_DOCUMENTS
INV002184,CL010276,CLOSED,MEDIUM,policy created shortly before incident,APPROVE
INV002185,CL025350,CLOSED,MEDIUM,multiple previous claims on record; short interval since previous claim,INVESTIGATE_FURTHER
INV002186,CL009613,CLOSED,HIGH,multiple previous claims on record; short interval since previous claim,APPROVE
INV002187,CL028890,IN_PROGRESS,HIGH,repair shop has an elevated historical investigation rate,
INV002188,CL012632,CLOSED,HIGH,policy created shortly before incident; repair shop has an elevated historical investigation rate,REJECT
INV002189,CL025631,CLOSED,MEDIUM,claim amount high relative to vehicle value; multiple previous claims on record; short interval since previous claim,INVESTIGATE_FURTHER
INV002190,CL009660,CLOSED,HIGH,multiple previous claims on record; short interval since previous claim,APPROVE
INV002191,CL026482,IN_PROGRESS,MEDIUM,claim amount high relative to vehicle value; multiple previous claims on record; short interval since previous claim,
INV002192,CL020128,CLOSED,HIGH,claim amount high relative to vehicle value; short interval since previous claim; repair shop has an elevated historical investigation rate,APPROVE
INV002193,CL000399,CLOSED,MEDIUM,claim amount high relative to vehicle value; multiple previous claims on record,INVESTIGATE_FURTHER
INV002194,CL017281,CLOSED,LOW,multiple previous claims on record; short interval since previous claim,REJECT
INV002195,CL007636,IN_PROGRESS,MEDIUM,multiple previous claims on record; short interval since previous claim,
INV002196,CL008914,CLOSED,MEDIUM,multiple previous claims on record; short interval since previous claim; repair shop has an elevated historical investigation rate,REJECT
INV002197,CL012668,CLOSED,MEDIUM,multiple previous claims on record; short interval since previous claim,REQUEST_DOCUMENTS
INV002198,CL000895,IN_PROGRESS,MEDIUM,multiple previous claims on record; repair shop has an elevated historical investigation rate,
INV002199,CL028643,CLOSED,HIGH,multiple previous claims on record; short interval since previous claim,APPROVE
INV002200,CL024753,CLOSED,HIGH,multiple previous claims on record,APPROVE
INV002201,CL028901,CLOSED,HIGH,multiple previous claims on record; short interval since previous claim,REQUEST_DOCUMENTS
INV002202,CL020703,CLOSED,MEDIUM,short interval since previous claim; repair shop has an elevated historical investigation rate,APPROVE
INV002203,CL010303,CLOSED,HIGH,multiple previous claims on record; repair shop has an elevated historical investigation rate,REQUEST_DOCUMENTS
INV002204,CL004563,CLOSED,MEDIUM,claim amount high relative to vehicle value; short interval since previous claim,APPROVE
INV002205,CL027898,CLOSED,MEDIUM,claim amount high relative to vehicle value; multiple previous claims on record; short interval since previous claim; repair shop has an elevated historical investigation rate,INVESTIGATE_FURTHER
INV002206,CL014964,CLOSED,LOW,claim amount high relative to vehicle value; multiple previous claims on record; short interval since previous claim,APPROVE
INV002207,CL003671,CLOSED,MEDIUM,claim amount high relative to vehicle value; multiple previous claims on record; short interval since previous claim,REQUEST_DOCUMENTS
INV002208,CL027029,IN_PROGRESS,MEDIUM,claim amount high relative to vehicle value; multiple previous claims on record,
INV002209,CL015757,IN_PROGRESS,HIGH,multiple previous claims on record; repair shop has an elevated historical investigation rate,
INV002210,CL017258,CLOSED,MEDIUM,policy created shortly before incident; multiple previous claims on record; short interval since previous claim,INVESTIGATE_FURTHER
INV002211,CL008841,IN_PROGRESS,MEDIUM,policy created shortly before incident,
INV002212,CL026888,CLOSED,MEDIUM,claim amount high relative to vehicle value; multiple previous claims on record; short interval since previous claim,APPROVE
INV002213,CL011854,CLOSED,HIGH,multiple previous claims on record; short interval since previous claim,APPROVE
INV002214,CL026341,CLOSED,HIGH,policy created shortly before incident; claim amount high relative to vehicle value; multiple previous claims on record,REJECT
INV002215,CL022367,CLOSED,MEDIUM,multiple previous claims on record; short interval since previous claim; repair shop has an elevated historical investigation rate,INVESTIGATE_FURTHER
INV002216,CL013276,CLOSED,LOW,policy created shortly before incident; claim amount high relative to vehicle value; multiple previous claims on record,INVESTIGATE_FURTHER
INV002217,CL022212,IN_PROGRESS,HIGH,claim amount high relative to vehicle value; multiple previous claims on record; short interval since previous claim,
INV002218,CL003807,IN_PROGRESS,LOW,multiple previous claims on record; short interval since previous claim; repair shop has an elevated historical investigation rate,
INV002219,CL029286,CLOSED,LOW,multiple previous claims on record; short interval since previous claim,APPROVE
INV002220,CL000579,CLOSED,LOW,claim amount high relative to vehicle value; multiple previous claims on record; short interval since previous claim,REJECT
INV002221,CL015491,IN_PROGRESS,LOW,claim amount high relative to vehicle value; multiple previous claims on record; short interval since previous claim,
INV002222,CL001702,IN_PROGRESS,HIGH,multiple previous claims on record; short interval since previous claim,
INV002223,CL005322,CLOSED,LOW,short interval since previous claim,REQUEST_DOCUMENTS
INV002224,CL003140,IN_PROGRESS,LOW,multiple previous claims on record; short interval since previous claim,
INV002225,CL022147,IN_PROGRESS,MEDIUM,multiple previous claims on record; short interval since previous claim; repair shop has an elevated historical investigation rate,
INV002226,CL004956,CLOSED,HIGH,multiple previous claims on record; short interval since previous claim,INVESTIGATE_FURTHER
INV002227,CL021846,CLOSED,HIGH,claim amount high relative to vehicle value; multiple previous claims on record; short interval since previous claim,APPROVE
INV002228,CL022698,CLOSED,HIGH,multiple previous claims on record; short interval since previous claim,INVESTIGATE_FURTHER
INV002229,CL026463,IN_PROGRESS,HIGH,multiple previous claims on record,
INV002230,CL028306,CLOSED,MEDIUM,multiple previous claims on record; short interval since previous claim,INVESTIGATE_FURTHER
INV002231,CL012916,IN_PROGRESS,LOW,multiple previous claims on record; short interval since previous claim,
INV002232,CL008585,CLOSED,HIGH,policy created shortly before incident; claim amount high relative to vehicle value; multiple previous claims on record; short interval since previous claim; repair shop has an elevated historical investigation rate,APPROVE
INV002233,CL020826,IN_PROGRESS,LOW,claim amount high relative to vehicle value; multiple previous claims on record; repair shop has an elevated historical investigation rate,
INV002234,CL029274,IN_PROGRESS,MEDIUM,multiple previous claims on record; short interval since previous claim; repair shop has an elevated historical investigation rate,
INV002235,CL017828,IN_PROGRESS,HIGH,claim amount high relative to vehicle value; multiple previous claims on record,
INV002236,CL027767,CLOSED,LOW,multiple previous claims on record; short interval since previous claim,APPROVE
INV002237,CL029306,CLOSED,LOW,claim amount high relative to vehicle value; short interval since previous claim,APPROVE
INV002238,CL016423,CLOSED,HIGH,multiple previous claims on record,INVESTIGATE_FURTHER
INV002239,CL029317,IN_PROGRESS,MEDIUM,multiple previous claims on record,
INV002240,CL019482,CLOSED,LOW,multiple previous claims on record; repair shop has an elevated historical investigation rate,REQUEST_DOCUMENTS
INV002241,CL001545,IN_PROGRESS,MEDIUM,claim amount high relative to vehicle value; short interval since previous claim,
INV002242,CL027948,CLOSED,LOW,multiple previous claims on record; short interval since previous claim; repair shop has an elevated historical investigation rate,APPROVE
INV002243,CL006338,CLOSED,MEDIUM,multiple previous claims on record; short interval since previous claim; repair shop has an elevated historical investigation rate,APPROVE
INV002244,CL005986,CLOSED,MEDIUM,claim amount high relative to vehicle value; multiple previous claims on record; repair shop has an elevated historical investigation rate,INVESTIGATE_FURTHER
INV002245,CL013655,CLOSED,LOW,claim amount high relative to vehicle value; multiple previous claims on record; short interval since previous claim,REQUEST_DOCUMENTS
INV002246,CL027940,CLOSED,MEDIUM,claim amount high relative to vehicle value; multiple previous claims on record; short interval since previous claim,APPROVE
INV002247,CL005850,CLOSED,HIGH,multiple previous claims on record; short interval since previous claim; repair shop has an elevated historical investigation rate,APPROVE
INV002248,CL005784,IN_PROGRESS,HIGH,claim amount high relative to vehicle value; multiple previous claims on record; short interval since previous claim,
INV002249,CL017059,IN_PROGRESS,MEDIUM,policy created shortly before incident; multiple previous claims on record; short interval since previous claim,
INV002250,CL008435,CLOSED,HIGH,claim amount high relative to vehicle value; multiple previous claims on record; short interval since previous claim,REQUEST_DOCUMENTS
INV002251,CL022385,IN_PROGRESS,MEDIUM,claim amount high relative to vehicle value; multiple previous claims on record; short interval since previous claim,
INV002252,CL015789,IN_PROGRESS,LOW,claim amount high relative to vehicle value; multiple previous claims on record; short interval since previous claim; repair shop has an elevated historical investigation rate,
INV002253,CL016249,CLOSED,MEDIUM,multiple previous claims on record; repair shop has an elevated historical investigation rate,INVESTIGATE_FURTHER
INV002254,CL003803,CLOSED,MEDIUM,claim amount high relative to vehicle value; multiple previous claims on record; short interval since previous claim; repair shop has an elevated historical investigation rate,REQUEST_DOCUMENTS
INV002255,CL003610,CLOSED,MEDIUM,multiple previous claims on record; repair shop has an elevated historical investigation rate,APPROVE
INV002256,CL026798,IN_PROGRESS,MEDIUM,multiple previous claims on record; repair shop has an elevated historical investigation rate,
INV002257,CL001308,CLOSED,MEDIUM,policy created shortly before incident; claim amount high relative to vehicle value; short interval since previous claim,APPROVE
INV002258,CL006759,CLOSED,LOW,policy created shortly before incident; claim amount high relative to vehicle value,INVESTIGATE_FURTHER
INV002259,CL016208,CLOSED,HIGH,multiple previous claims on record,INVESTIGATE_FURTHER
INV002260,CL023200,CLOSED,HIGH,multiple previous claims on record; short interval since previous claim; repair shop has an elevated historical investigation rate,REQUEST_DOCUMENTS
INV002261,CL018943,CLOSED,HIGH,multiple previous claims on record; short interval since previous claim,REQUEST_DOCUMENTS
INV002262,CL013999,CLOSED,MEDIUM,policy created shortly before incident; claim amount high relative to vehicle value; short interval since previous claim,REQUEST_DOCUMENTS
INV002263,CL015269,IN_PROGRESS,MEDIUM,multiple previous claims on record,
INV002264,CL009963,IN_PROGRESS,HIGH,multiple previous claims on record; repair shop has an elevated historical investigation rate,
INV002265,CL005651,CLOSED,MEDIUM,multiple previous claims on record,APPROVE
INV002266,CL017970,IN_PROGRESS,MEDIUM,anomalous pattern flagged by risk model,
INV002267,CL026747,IN_PROGRESS,MEDIUM,claim amount high relative to vehicle value; multiple previous claims on record; repair shop has an elevated historical investigation rate,
INV002268,CL004219,IN_PROGRESS,MEDIUM,multiple previous claims on record; short interval since previous claim,
INV002269,CL007582,CLOSED,MEDIUM,multiple previous claims on record; repair shop has an elevated historical investigation rate,APPROVE
INV002270,CL019987,CLOSED,MEDIUM,multiple previous claims on record; repair shop has an elevated historical investigation rate,APPROVE
INV002271,CL011732,IN_PROGRESS,HIGH,claim amount high relative to vehicle value; multiple previous claims on record; short interval since previous claim,
INV002272,CL021653,IN_PROGRESS,HIGH,multiple previous claims on record; short interval since previous claim; repair shop has an elevated historical investigation rate,
INV002273,CL005641,IN_PROGRESS,MEDIUM,multiple previous claims on record; short interval since previous claim,
INV002274,CL029257,IN_PROGRESS,HIGH,multiple previous claims on record; short interval since previous claim; repair shop has an elevated historical investigation rate,
INV002275,CL002594,CLOSED,HIGH,multiple previous claims on record; repair shop has an elevated historical investigation rate,APPROVE
INV002276,CL023851,CLOSED,MEDIUM,policy created shortly before incident; multiple previous claims on record,APPROVE
INV002277,CL017189,CLOSED,MEDIUM,multiple previous claims on record; repair shop has an elevated historical investigation rate,INVESTIGATE_FURTHER
INV002278,CL004445,CLOSED,HIGH,claim amount high relative to vehicle value; multiple previous claims on record; short interval since previous claim,REQUEST_DOCUMENTS
INV002279,CL006519,IN_PROGRESS,MEDIUM,claim amount high relative to vehicle value; multiple previous claims on record,
INV002280,CL026403,CLOSED,HIGH,multiple previous claims on record; short interval since previous claim,REQUEST_DOCUMENTS
INV002281,CL013316,CLOSED,MEDIUM,multiple previous claims on record; short interval since previous claim,APPROVE
INV002282,CL020619,IN_PROGRESS,HIGH,claim amount high relative to vehicle value; multiple previous claims on record; repair shop has an elevated historical investigation rate,
INV002283,CL020008,CLOSED,HIGH,claim amount high relative to vehicle value; multiple previous claims on record; short interval since previous claim,APPROVE
INV002284,CL010810,CLOSED,LOW,multiple previous claims on record,APPROVE
INV002285,CL004221,IN_PROGRESS,LOW,policy created shortly before incident; multiple previous claims on record; short interval since previous claim,
INV002286,CL015018,IN_PROGRESS,HIGH,multiple previous claims on record,
INV002287,CL028611,CLOSED,MEDIUM,multiple previous claims on record,APPROVE
INV002288,CL021717,CLOSED,MEDIUM,multiple previous claims on record; repair shop has an elevated historical investigation rate,REQUEST_DOCUMENTS
INV002289,CL001779,IN_PROGRESS,HIGH,multiple previous claims on record; short interval since previous claim,
INV002290,CL022783,CLOSED,HIGH,multiple previous claims on record; short interval since previous claim,INVESTIGATE_FURTHER
INV002291,CL009885,CLOSED,LOW,policy created shortly before incident; multiple previous claims on record,APPROVE
INV002292,CL012207,IN_PROGRESS,LOW,multiple previous claims on record,
INV002293,CL020208,CLOSED,MEDIUM,multiple previous claims on record; short interval since previous claim,APPROVE
INV002294,CL024107,CLOSED,MEDIUM,claim amount high relative to vehicle value; multiple previous claims on record,INVESTIGATE_FURTHER
INV002295,CL006971,IN_PROGRESS,MEDIUM,claim amount high relative to vehicle value; multiple previous claims on record; short interval since previous claim; repair shop has an elevated historical investigation rate,
INV002296,CL002769,IN_PROGRESS,MEDIUM,policy created shortly before incident; short interval since previous claim,
INV002297,CL001475,CLOSED,HIGH,multiple previous claims on record; repair shop has an elevated historical investigation rate,APPROVE
INV002298,CL014102,CLOSED,MEDIUM,multiple previous claims on record; short interval since previous claim; repair shop has an elevated historical investigation rate,REJECT
INV002299,CL004451,CLOSED,MEDIUM,policy created shortly before incident; claim amount high relative to vehicle value; multiple previous claims on record; short interval since previous claim,INVESTIGATE_FURTHER
INV002300,CL003637,CLOSED,HIGH,multiple previous claims on record; short interval since previous claim,APPROVE
INV002301,CL008262,IN_PROGRESS,MEDIUM,claim amount high relative to vehicle value; multiple previous claims on record,
INV002302,CL003290,IN_PROGRESS,HIGH,claim amount high relative to vehicle value; multiple previous claims on record; short interval since previous claim; repair shop has an elevated historical investigation rate,
INV002303,CL019365,IN_PROGRESS,LOW,multiple previous claims on record; repair shop has an elevated historical investigation rate,
INV002304,CL029177,IN_PROGRESS,HIGH,multiple previous claims on record; short interval since previous claim,
INV002305,CL022202,CLOSED,MEDIUM,claim amount high relative to vehicle value; multiple previous claims on record; repair shop has an elevated historical investigation rate,REJECT
INV002306,CL005875,IN_PROGRESS,LOW,multiple previous claims on record; short interval since previous claim; repair shop has an elevated historical investigation rate,
INV002307,CL006214,CLOSED,HIGH,claim amount high relative to vehicle value; multiple previous claims on record; short interval since previous claim,REQUEST_DOCUMENTS
INV002308,CL025160,IN_PROGRESS,HIGH,claim amount high relative to vehicle value; multiple previous claims on record; short interval since previous claim; repair shop has an elevated historical investigation rate,
INV002309,CL025903,CLOSED,HIGH,multiple previous claims on record; short interval since previous claim,APPROVE
INV002310,CL004357,CLOSED,LOW,claim amount high relative to vehicle value; multiple previous claims on record; short interval since previous claim,REQUEST_DOCUMENTS
INV002311,CL007117,IN_PROGRESS,LOW,multiple previous claims on record; short interval since previous claim,
INV002312,CL009016,CLOSED,HIGH,policy created shortly before incident; multiple previous claims on record,APPROVE
INV002313,CL007759,CLOSED,MEDIUM,multiple previous claims on record; short interval since previous claim,REQUEST_DOCUMENTS
INV002314,CL019644,IN_PROGRESS,MEDIUM,multiple previous claims on record; short interval since previous claim,
INV002315,CL001390,IN_PROGRESS,HIGH,claim amount high relative to vehicle value; multiple previous claims on record,
INV002316,CL015571,IN_PROGRESS,MEDIUM,multiple previous claims on record; short interval since previous claim; repair shop has an elevated historical investigation rate,
INV002317,CL013415,IN_PROGRESS,LOW,claim amount high relative to vehicle value; multiple previous claims on record,
INV002318,CL006372,IN_PROGRESS,LOW,claim amount high relative to vehicle value; multiple previous claims on record; short interval since previous claim,
INV002319,CL015558,CLOSED,HIGH,claim amount high relative to vehicle value; multiple previous claims on record; short interval since previous claim,REQUEST_DOCUMENTS
INV002320,CL024511,IN_PROGRESS,LOW,claim amount high relative to vehicle value; multiple previous claims on record; short interval since previous claim,
INV002321,CL027662,IN_PROGRESS,HIGH,claim amount high relative to vehicle value; multiple previous claims on record; short interval since previous claim,
INV002322,CL001938,IN_PROGRESS,HIGH,multiple previous claims on record,
INV002323,CL004493,CLOSED,MEDIUM,policy created shortly before incident; multiple previous claims on record; short interval since previous claim,REJECT
INV002324,CL010290,CLOSED,HIGH,multiple previous claims on record; short interval since previous claim,REQUEST_DOCUMENTS
INV002325,CL007146,CLOSED,LOW,multiple previous claims on record; short interval since previous claim; repair shop has an elevated historical investigation rate,INVESTIGATE_FURTHER
INV002326,CL009029,CLOSED,HIGH,multiple previous claims on record; short interval since previous claim,APPROVE
INV002327,CL002785,IN_PROGRESS,MEDIUM,policy created shortly before incident; claim amount high relative to vehicle value; short interval since previous claim; repair shop has an elevated historical investigation rate,
INV002328,CL019475,IN_PROGRESS,MEDIUM,claim amount high relative to vehicle value; multiple previous claims on record; short interval since previous claim,
INV002329,CL024392,CLOSED,LOW,claim amount high relative to vehicle value; multiple previous claims on record,INVESTIGATE_FURTHER
INV002330,CL027958,CLOSED,MEDIUM,multiple previous claims on record,APPROVE
INV002331,CL005285,IN_PROGRESS,HIGH,claim amount high relative to vehicle value; multiple previous claims on record,
INV002332,CL000548,CLOSED,MEDIUM,claim amount high relative to vehicle value; multiple previous claims on record; repair shop has an elevated historical investigation rate,REQUEST_DOCUMENTS
INV002333,CL025567,IN_PROGRESS,MEDIUM,multiple previous claims on record; short interval since previous claim; repair shop has an elevated historical investigation rate,
INV002334,CL009417,IN_PROGRESS,HIGH,multiple previous claims on record; short interval since previous claim; repair shop has an elevated historical investigation rate,
INV002335,CL018411,CLOSED,MEDIUM,multiple previous claims on record,APPROVE
INV002336,CL003535,CLOSED,LOW,multiple previous claims on record; repair shop has an elevated historical investigation rate,APPROVE
INV002337,CL014015,CLOSED,HIGH,multiple previous claims on record; short interval since previous claim; repair shop has an elevated historical investigation rate,INVESTIGATE_FURTHER
INV002338,CL009020,IN_PROGRESS,HIGH,multiple previous claims on record; short interval since previous claim; repair shop has an elevated historical investigation rate,
INV002339,CL027667,IN_PROGRESS,MEDIUM,multiple previous claims on record; short interval since previous claim,
INV002340,CL022802,IN_PROGRESS,LOW,multiple previous claims on record; short interval since previous claim,
INV002341,CL022100,IN_PROGRESS,LOW,multiple previous claims on record; short interval since previous claim; repair shop has an elevated historical investigation rate,
INV002342,CL017241,IN_PROGRESS,HIGH,multiple previous claims on record; short interval since previous claim,
INV002343,CL028972,IN_PROGRESS,MEDIUM,multiple previous claims on record; short interval since previous claim; repair shop has an elevated historical investigation rate,
INV002344,CL017102,CLOSED,LOW,multiple previous claims on record; repair shop has an elevated historical investigation rate,APPROVE
INV002345,CL008046,IN_PROGRESS,HIGH,multiple previous claims on record; short interval since previous claim,
INV002346,CL002468,CLOSED,HIGH,multiple previous claims on record; short interval since previous claim; repair shop has an elevated historical investigation rate,REJECT
INV002347,CL019885,IN_PROGRESS,MEDIUM,multiple previous claims on record; short interval since previous claim,
INV002348,CL015242,IN_PROGRESS,HIGH,claim amount high relative to vehicle value; multiple previous claims on record; short interval since previous claim,
INV002349,CL016711,IN_PROGRESS,HIGH,multiple previous claims on record; short interval since previous claim,
INV002350,CL021072,IN_PROGRESS,HIGH,multiple previous claims on record; short interval since previous claim; repair shop has an elevated historical investigation rate,
INV002351,CL026111,CLOSED,LOW,policy created shortly before incident; claim amount high relative to vehicle value,APPROVE
INV002352,CL021497,CLOSED,MEDIUM,multiple previous claims on record; short interval since previous claim,REJECT
INV002353,CL001808,CLOSED,HIGH,multiple previous claims on record; short interval since previous claim,REQUEST_DOCUMENTS
INV002354,CL004796,CLOSED,MEDIUM,multiple previous claims on record; repair shop has an elevated historical investigation rate,REQUEST_DOCUMENTS
INV002355,CL003828,IN_PROGRESS,HIGH,multiple previous claims on record,
INV002356,CL024255,CLOSED,HIGH,claim amount high relative to vehicle value; repair shop has an elevated historical investigation rate,APPROVE
INV002357,CL011984,CLOSED,HIGH,multiple previous claims on record; repair shop has an elevated historical investigation rate,INVESTIGATE_FURTHER
INV002358,CL018006,IN_PROGRESS,HIGH,multiple previous claims on record; short interval since previous claim,
INV002359,CL016905,CLOSED,MEDIUM,claim amount high relative to vehicle value; multiple previous claims on record; repair shop has an elevated historical investigation rate,REJECT
INV002360,CL018395,IN_PROGRESS,MEDIUM,multiple previous claims on record; short interval since previous claim,
INV002361,CL017104,CLOSED,MEDIUM,claim amount high relative to vehicle value; multiple previous claims on record; short interval since previous claim,REJECT
INV002362,CL008011,IN_PROGRESS,LOW,claim amount high relative to vehicle value,
INV002363,CL029787,IN_PROGRESS,HIGH,multiple previous claims on record; short interval since previous claim,
INV002364,CL021802,CLOSED,MEDIUM,multiple previous claims on record; short interval since previous claim; repair shop has an elevated historical investigation rate,APPROVE
INV002365,CL021431,CLOSED,HIGH,multiple previous claims on record; short interval since previous claim,APPROVE
INV002366,CL017404,CLOSED,HIGH,anomalous pattern flagged by risk model,APPROVE
INV002367,CL026815,CLOSED,LOW,multiple previous claims on record; short interval since previous claim; repair shop has an elevated historical investigation rate,REQUEST_DOCUMENTS
INV002368,CL009482,CLOSED,HIGH,multiple previous claims on record; short interval since previous claim; repair shop has an elevated historical investigation rate,APPROVE
INV002369,CL015423,CLOSED,MEDIUM,multiple previous claims on record,APPROVE
INV002370,CL029005,IN_PROGRESS,HIGH,claim amount high relative to vehicle value; multiple previous claims on record; repair shop has an elevated historical investigation rate,
INV002371,CL004713,IN_PROGRESS,LOW,claim amount high relative to vehicle value; repair shop has an elevated historical investigation rate,
INV002372,CL005505,CLOSED,HIGH,multiple previous claims on record; repair shop has an elevated historical investigation rate,REQUEST_DOCUMENTS
INV002373,CL025364,IN_PROGRESS,HIGH,claim amount high relative to vehicle value; multiple previous claims on record; short interval since previous claim,
INV002374,CL024491,IN_PROGRESS,MEDIUM,claim amount high relative to vehicle value,
INV002375,CL014125,IN_PROGRESS,MEDIUM,claim amount high relative to vehicle value; short interval since previous claim; repair shop has an elevated historical investigation rate,
INV002376,CL007396,CLOSED,MEDIUM,multiple previous claims on record; short interval since previous claim,REQUEST_DOCUMENTS
INV002377,CL029233,CLOSED,MEDIUM,multiple previous claims on record; short interval since previous claim; repair shop has an elevated historical investigation rate,INVESTIGATE_FURTHER
INV002378,CL014755,CLOSED,MEDIUM,claim amount high relative to vehicle value; multiple previous claims on record; short interval since previous claim; repair shop has an elevated historical investigation rate,APPROVE
INV002379,CL027074,CLOSED,MEDIUM,multiple previous claims on record; short interval since previous claim,REQUEST_DOCUMENTS
INV002380,CL018038,IN_PROGRESS,MEDIUM,policy created shortly before incident; multiple previous claims on record; short interval since previous claim,
INV002381,CL011076,CLOSED,LOW,claim amount high relative to vehicle value; multiple previous claims on record,REJECT
INV002382,CL002929,IN_PROGRESS,HIGH,multiple previous claims on record; short interval since previous claim,
INV002383,CL002764,IN_PROGRESS,MEDIUM,multiple previous claims on record; short interval since previous claim,
INV002384,CL002259,IN_PROGRESS,LOW,multiple previous claims on record; repair shop has an elevated historical investigation rate,
INV002385,CL018387,CLOSED,MEDIUM,multiple previous claims on record; short interval since previous claim,APPROVE
INV002386,CL003017,IN_PROGRESS,MEDIUM,multiple previous claims on record; repair shop has an elevated historical investigation rate,
INV002387,CL009330,CLOSED,HIGH,multiple previous claims on record; repair shop has an elevated historical investigation rate,APPROVE
INV002388,CL017527,IN_PROGRESS,HIGH,multiple previous claims on record; short interval since previous claim,
INV002389,CL015547,IN_PROGRESS,MEDIUM,claim amount high relative to vehicle value; multiple previous claims on record; short interval since previous claim,
INV002390,CL000970,IN_PROGRESS,LOW,claim amount high relative to vehicle value; multiple previous claims on record,
INV002391,CL006638,CLOSED,HIGH,multiple previous claims on record; short interval since previous claim,APPROVE
INV002392,CL018196,CLOSED,MEDIUM,claim amount high relative to vehicle value; multiple previous claims on record; repair shop has an elevated historical investigation rate,APPROVE
INV002393,CL017661,CLOSED,MEDIUM,multiple previous claims on record,REQUEST_DOCUMENTS
INV002394,CL026575,CLOSED,MEDIUM,multiple previous claims on record; short interval since previous claim; repair shop has an elevated historical investigation rate,REQUEST_DOCUMENTS
INV002395,CL022895,IN_PROGRESS,LOW,policy created shortly before incident; multiple previous claims on record; short interval since previous claim,
INV002396,CL017332,CLOSED,MEDIUM,multiple previous claims on record,APPROVE
INV002397,CL005305,CLOSED,HIGH,multiple previous claims on record; short interval since previous claim; repair shop has an elevated historical investigation rate,APPROVE
INV002398,CL007151,CLOSED,MEDIUM,multiple previous claims on record; short interval since previous claim; repair shop has an elevated historical investigation rate,APPROVE
INV002399,CL004319,CLOSED,MEDIUM,multiple previous claims on record; short interval since previous claim,REJECT
INV002400,CL020085,IN_PROGRESS,LOW,multiple previous claims on record; repair shop has an elevated historical investigation rate,
INV002401,CL006119,IN_PROGRESS,LOW,multiple previous claims on record; short interval since previous claim; repair shop has an elevated historical investigation rate,
INV002402,CL002442,IN_PROGRESS,HIGH,claim amount high relative to vehicle value; short interval since previous claim,
INV002403,CL022704,CLOSED,LOW,multiple previous claims on record; repair shop has an elevated historical investigation rate,REJECT
INV002404,CL024123,CLOSED,MEDIUM,anomalous pattern flagged by risk model,INVESTIGATE_FURTHER
INV002405,CL010136,CLOSED,LOW,multiple previous claims on record; short interval since previous claim,APPROVE
INV002406,CL022946,CLOSED,HIGH,multiple previous claims on record; short interval since previous claim; repair shop has an elevated historical investigation rate,APPROVE
INV002407,CL026769,CLOSED,LOW,multiple previous claims on record; short interval since previous claim; repair shop has an elevated historical investigation rate,APPROVE
INV002408,CL013396,IN_PROGRESS,HIGH,multiple previous claims on record; short interval since previous claim; repair shop has an elevated historical investigation rate,
INV002409,CL008212,CLOSED,MEDIUM,multiple previous claims on record,APPROVE
INV002410,CL012613,CLOSED,HIGH,anomalous pattern flagged by risk model,REJECT
INV002411,CL026589,IN_PROGRESS,LOW,multiple previous claims on record; short interval since previous claim,
INV002412,CL009774,IN_PROGRESS,LOW,multiple previous claims on record; short interval since previous claim,
INV002413,CL026349,IN_PROGRESS,MEDIUM,multiple previous claims on record; repair shop has an elevated historical investigation rate,
INV002414,CL006596,CLOSED,HIGH,multiple previous claims on record; short interval since previous claim,APPROVE
INV002415,CL000739,CLOSED,HIGH,claim amount high relative to vehicle value; multiple previous claims on record; short interval since previous claim,APPROVE
INV002416,CL010099,CLOSED,MEDIUM,claim amount high relative to vehicle value; multiple previous claims on record; repair shop has an elevated historical investigation rate,REQUEST_DOCUMENTS
INV002417,CL020642,CLOSED,MEDIUM,multiple previous claims on record; short interval since previous claim,APPROVE
INV002418,CL003589,CLOSED,MEDIUM,multiple previous claims on record; short interval since previous claim,REQUEST_DOCUMENTS
INV002419,CL001218,CLOSED,MEDIUM,claim amount high relative to vehicle value; multiple previous claims on record,REQUEST_DOCUMENTS
INV002420,CL020898,CLOSED,HIGH,multiple previous claims on record; short interval since previous claim; repair shop has an elevated historical investigation rate,REJECT
INV002421,CL028071,IN_PROGRESS,MEDIUM,multiple previous claims on record; short interval since previous claim,
INV002422,CL010493,CLOSED,LOW,multiple previous claims on record; repair shop has an elevated historical investigation rate,INVESTIGATE_FURTHER
INV002423,CL004536,CLOSED,MEDIUM,multiple previous claims on record; short interval since previous claim,APPROVE
INV002424,CL009748,IN_PROGRESS,MEDIUM,multiple previous claims on record; short interval since previous claim,
INV002425,CL006496,CLOSED,HIGH,multiple previous claims on record; short interval since previous claim,INVESTIGATE_FURTHER
INV002426,CL012109,IN_PROGRESS,MEDIUM,multiple previous claims on record; repair shop has an elevated historical investigation rate,
INV002427,CL017136,IN_PROGRESS,LOW,multiple previous claims on record; short interval since previous claim; repair shop has an elevated historical investigation rate,
INV002428,CL014227,IN_PROGRESS,LOW,multiple previous claims on record,
INV002429,CL028680,IN_PROGRESS,MEDIUM,multiple previous claims on record; short interval since previous claim,
INV002430,CL017326,CLOSED,HIGH,policy created shortly before incident; multiple previous claims on record; short interval since previous claim,APPROVE
INV002431,CL005313,CLOSED,LOW,multiple previous claims on record,APPROVE
INV002432,CL007815,IN_PROGRESS,LOW,policy created shortly before incident; claim amount high relative to vehicle value; multiple previous claims on record; short interval since previous claim,
INV002433,CL003054,IN_PROGRESS,LOW,multiple previous claims on record,
INV002434,CL017764,IN_PROGRESS,LOW,multiple previous claims on record,
INV002435,CL023840,IN_PROGRESS,LOW,policy created shortly before incident; multiple previous claims on record,
INV002436,CL009115,CLOSED,HIGH,claim amount high relative to vehicle value; multiple previous claims on record; short interval since previous claim; repair shop has an elevated historical investigation rate,INVESTIGATE_FURTHER
INV002437,CL007751,CLOSED,HIGH,multiple previous claims on record; short interval since previous claim,INVESTIGATE_FURTHER
INV002438,CL006649,CLOSED,HIGH,multiple previous claims on record; short interval since previous claim,REQUEST_DOCUMENTS
INV002439,CL009178,IN_PROGRESS,MEDIUM,multiple previous claims on record; repair shop has an elevated historical investigation rate,
INV002440,CL009715,IN_PROGRESS,HIGH,multiple previous claims on record; short interval since previous claim,
INV002441,CL005225,CLOSED,HIGH,multiple previous claims on record; short interval since previous claim; repair shop has an elevated historical investigation rate,APPROVE
INV002442,CL029113,IN_PROGRESS,MEDIUM,claim amount high relative to vehicle value; repair shop has an elevated historical investigation rate,
INV002443,CL006031,IN_PROGRESS,HIGH,policy created shortly before incident; multiple previous claims on record,
INV002444,CL009282,CLOSED,MEDIUM,claim amount high relative to vehicle value; multiple previous claims on record,REQUEST_DOCUMENTS
INV002445,CL012748,CLOSED,LOW,multiple previous claims on record; short interval since previous claim,APPROVE
INV002446,CL013480,IN_PROGRESS,MEDIUM,policy created shortly before incident; claim amount high relative to vehicle value; multiple previous claims on record,
INV002447,CL011270,CLOSED,LOW,multiple previous claims on record; short interval since previous claim; repair shop has an elevated historical investigation rate,INVESTIGATE_FURTHER
INV002448,CL029206,IN_PROGRESS,MEDIUM,multiple previous claims on record; short interval since previous claim; repair shop has an elevated historical investigation rate,
INV002449,CL016634,IN_PROGRESS,LOW,claim amount high relative to vehicle value; multiple previous claims on record; short interval since previous claim,
INV002450,CL000246,IN_PROGRESS,LOW,claim amount high relative to vehicle value; short interval since previous claim; repair shop has an elevated historical investigation rate,
INV002451,CL018378,CLOSED,MEDIUM,claim amount high relative to vehicle value; multiple previous claims on record,APPROVE
INV002452,CL027725,CLOSED,MEDIUM,claim amount high relative to vehicle value; multiple previous claims on record,REQUEST_DOCUMENTS
INV002453,CL014099,IN_PROGRESS,MEDIUM,claim amount high relative to vehicle value; short interval since previous claim; repair shop has an elevated historical investigation rate,
INV002454,CL001448,CLOSED,MEDIUM,policy created shortly before incident; multiple previous claims on record; repair shop has an elevated historical investigation rate,INVESTIGATE_FURTHER
INV002455,CL013027,IN_PROGRESS,MEDIUM,multiple previous claims on record,
INV002456,CL014775,CLOSED,HIGH,claim amount high relative to vehicle value; multiple previous claims on record; short interval since previous claim,INVESTIGATE_FURTHER
INV002457,CL020207,CLOSED,LOW,multiple previous claims on record; short interval since previous claim; repair shop has an elevated historical investigation rate,REQUEST_DOCUMENTS
INV002458,CL015647,CLOSED,HIGH,claim amount high relative to vehicle value; multiple previous claims on record; short interval since previous claim,APPROVE
INV002459,CL001561,CLOSED,LOW,short interval since previous claim; repair shop has an elevated historical investigation rate,REQUEST_DOCUMENTS
INV002460,CL025332,CLOSED,LOW,multiple previous claims on record; short interval since previous claim; repair shop has an elevated historical investigation rate,INVESTIGATE_FURTHER
INV002461,CL006997,IN_PROGRESS,LOW,multiple previous claims on record; short interval since previous claim; repair shop has an elevated historical investigation rate,
INV002462,CL023208,CLOSED,LOW,claim amount high relative to vehicle value; multiple previous claims on record; short interval since previous claim; repair shop has an elevated historical investigation rate,REQUEST_DOCUMENTS
INV002463,CL014640,CLOSED,HIGH,claim amount high relative to vehicle value; multiple previous claims on record; short interval since previous claim,INVESTIGATE_FURTHER
INV002464,CL029839,CLOSED,MEDIUM,multiple previous claims on record; short interval since previous claim; repair shop has an elevated historical investigation rate,APPROVE
INV002465,CL014854,CLOSED,LOW,multiple previous claims on record; short interval since previous claim,INVESTIGATE_FURTHER
INV002466,CL003010,CLOSED,LOW,policy created shortly before incident; multiple previous claims on record; repair shop has an elevated historical investigation rate,APPROVE
INV002467,CL023791,IN_PROGRESS,HIGH,multiple previous claims on record; short interval since previous claim,
INV002468,CL012485,CLOSED,HIGH,claim amount high relative to vehicle value; repair shop has an elevated historical investigation rate,INVESTIGATE_FURTHER
INV002469,CL003714,IN_PROGRESS,MEDIUM,multiple previous claims on record,
INV002470,CL020283,IN_PROGRESS,MEDIUM,claim amount high relative to vehicle value; multiple previous claims on record; short interval since previous claim; repair shop has an elevated historical investigation rate,
INV002471,CL027286,IN_PROGRESS,MEDIUM,multiple previous claims on record; short interval since previous claim; repair shop has an elevated historical investigation rate,
INV002472,CL018872,CLOSED,LOW,multiple previous claims on record; short interval since previous claim; repair shop has an elevated historical investigation rate,REJECT
INV002473,CL011878,CLOSED,HIGH,multiple previous claims on record; repair shop has an elevated historical investigation rate,APPROVE
INV002474,CL014928,CLOSED,HIGH,multiple previous claims on record,APPROVE
INV002475,CL029379,IN_PROGRESS,HIGH,multiple previous claims on record; short interval since previous claim,
INV002476,CL007641,CLOSED,LOW,claim amount high relative to vehicle value; multiple previous claims on record; short interval since previous claim,APPROVE
INV002477,CL029046,CLOSED,MEDIUM,multiple previous claims on record; short interval since previous claim,REQUEST_DOCUMENTS
INV002478,CL013881,CLOSED,LOW,multiple previous claims on record; short interval since previous claim,INVESTIGATE_FURTHER
INV002479,CL000092,IN_PROGRESS,HIGH,multiple previous claims on record; short interval since previous claim,
INV002480,CL007047,IN_PROGRESS,LOW,anomalous pattern flagged by risk model,
INV002481,CL025858,CLOSED,MEDIUM,multiple previous claims on record; short interval since previous claim; repair shop has an elevated historical investigation rate,REJECT
INV002482,CL001082,CLOSED,LOW,multiple previous claims on record; short interval since previous claim,APPROVE
INV002483,CL012642,CLOSED,HIGH,claim amount high relative to vehicle value; multiple previous claims on record; short interval since previous claim; repair shop has an elevated historical investigation rate,APPROVE
INV002484,CL014478,CLOSED,LOW,multiple previous claims on record; short interval since previous claim,APPROVE
INV002485,CL010804,CLOSED,HIGH,multiple previous claims on record; repair shop has an elevated historical investigation rate,INVESTIGATE_FURTHER
INV002486,CL008272,CLOSED,MEDIUM,multiple previous claims on record; short interval since previous claim; repair shop has an elevated historical investigation rate,APPROVE
INV002487,CL009673,CLOSED,MEDIUM,multiple previous claims on record; short interval since previous claim; repair shop has an elevated historical investigation rate,INVESTIGATE_FURTHER
INV002488,CL019065,IN_PROGRESS,MEDIUM,multiple previous claims on record,
INV002489,CL005928,CLOSED,HIGH,multiple previous claims on record,REJECT
INV002490,CL001329,CLOSED,MEDIUM,multiple previous claims on record; short interval since previous claim,INVESTIGATE_FURTHER
INV002491,CL023583,IN_PROGRESS,MEDIUM,claim amount high relative to vehicle value; multiple previous claims on record; short interval since previous claim,
INV002492,CL007096,IN_PROGRESS,MEDIUM,multiple previous claims on record; short interval since previous claim; repair shop has an elevated historical investigation rate,
INV002493,CL012332,IN_PROGRESS,HIGH,claim amount high relative to vehicle value; multiple previous claims on record,
INV002494,CL023169,CLOSED,HIGH,policy created shortly before incident; claim amount high relative to vehicle value,APPROVE
INV002495,CL012126,CLOSED,MEDIUM,multiple previous claims on record; short interval since previous claim,REQUEST_DOCUMENTS
INV002496,CL000483,CLOSED,LOW,policy created shortly before incident; multiple previous claims on record,REQUEST_DOCUMENTS
INV002497,CL020160,CLOSED,HIGH,multiple previous claims on record; repair shop has an elevated historical investigation rate,INVESTIGATE_FURTHER
INV002498,CL006945,CLOSED,MEDIUM,multiple previous claims on record; short interval since previous claim,APPROVE
INV002499,CL012204,IN_PROGRESS,MEDIUM,claim amount high relative to vehicle value; multiple previous claims on record; short interval since previous claim,
INV002500,CL024860,IN_PROGRESS,HIGH,claim amount high relative to vehicle value; short interval since previous claim,
INV002501,CL025288,CLOSED,MEDIUM,multiple previous claims on record; short interval since previous claim,APPROVE
INV002502,CL013495,CLOSED,LOW,multiple previous claims on record; short interval since previous claim,REQUEST_DOCUMENTS
INV002503,CL007740,CLOSED,HIGH,multiple previous claims on record,REQUEST_DOCUMENTS
INV002504,CL026967,CLOSED,LOW,anomalous pattern flagged by risk model,APPROVE
INV002505,CL003554,CLOSED,HIGH,multiple previous claims on record,APPROVE
INV002506,CL015600,IN_PROGRESS,MEDIUM,multiple previous claims on record; short interval since previous claim; repair shop has an elevated historical investigation rate,
INV002507,CL016485,IN_PROGRESS,MEDIUM,multiple previous claims on record; short interval since previous claim,
INV002508,CL029352,CLOSED,HIGH,multiple previous claims on record; short interval since previous claim,APPROVE
INV002509,CL001491,CLOSED,HIGH,claim amount high relative to vehicle value; multiple previous claims on record,REJECT
INV002510,CL018224,IN_PROGRESS,HIGH,multiple previous claims on record,
INV002511,CL001928,CLOSED,MEDIUM,multiple previous claims on record; short interval since previous claim; repair shop has an elevated historical investigation rate,APPROVE
INV002512,CL027331,IN_PROGRESS,MEDIUM,multiple previous claims on record; short interval since previous claim,
INV002513,CL010330,IN_PROGRESS,LOW,multiple previous claims on record; short interval since previous claim,
INV002514,CL019020,CLOSED,HIGH,multiple previous claims on record; short interval since previous claim; repair shop has an elevated historical investigation rate,REQUEST_DOCUMENTS
INV002515,CL021891,CLOSED,MEDIUM,claim amount high relative to vehicle value; multiple previous claims on record; short interval since previous claim,REQUEST_DOCUMENTS
INV002516,CL029405,CLOSED,LOW,multiple previous claims on record; short interval since previous claim; repair shop has an elevated historical investigation rate,REQUEST_DOCUMENTS
INV002517,CL013986,IN_PROGRESS,MEDIUM,multiple previous claims on record,
INV002518,CL020313,CLOSED,MEDIUM,multiple previous claims on record,REQUEST_DOCUMENTS
INV002519,CL019971,CLOSED,HIGH,repair shop has an elevated historical investigation rate,APPROVE
INV002520,CL010208,CLOSED,HIGH,multiple previous claims on record,INVESTIGATE_FURTHER
INV002521,CL029216,CLOSED,LOW,multiple previous claims on record; short interval since previous claim; repair shop has an elevated historical investigation rate,REQUEST_DOCUMENTS
INV002522,CL021266,CLOSED,LOW,short interval since previous claim,INVESTIGATE_FURTHER
INV002523,CL007689,IN_PROGRESS,MEDIUM,claim amount high relative to vehicle value; multiple previous claims on record; short interval since previous claim; repair shop has an elevated historical investigation rate,
INV002524,CL012977,CLOSED,LOW,multiple previous claims on record; short interval since previous claim,REJECT
INV002525,CL005470,IN_PROGRESS,MEDIUM,policy created shortly before incident; multiple previous claims on record; repair shop has an elevated historical investigation rate,
INV002526,CL013106,CLOSED,HIGH,multiple previous claims on record; short interval since previous claim,APPROVE
INV002527,CL026025,CLOSED,MEDIUM,claim amount high relative to vehicle value; short interval since previous claim; repair shop has an elevated historical investigation rate,REJECT
INV002528,CL011687,CLOSED,MEDIUM,multiple previous claims on record; repair shop has an elevated historical investigation rate,INVESTIGATE_FURTHER
INV002529,CL011849,CLOSED,LOW,multiple previous claims on record; repair shop has an elevated historical investigation rate,INVESTIGATE_FURTHER
INV002530,CL013504,IN_PROGRESS,MEDIUM,multiple previous claims on record; short interval since previous claim,
INV002531,CL028799,IN_PROGRESS,LOW,multiple previous claims on record; short interval since previous claim,
INV002532,CL019810,IN_PROGRESS,MEDIUM,claim amount high relative to vehicle value; multiple previous claims on record; repair shop has an elevated historical investigation rate,
INV002533,CL002655,CLOSED,MEDIUM,multiple previous claims on record; short interval since previous claim,REQUEST_DOCUMENTS
INV002534,CL025558,IN_PROGRESS,MEDIUM,multiple previous claims on record; repair shop has an elevated historical investigation rate,
INV002535,CL002342,CLOSED,MEDIUM,multiple previous claims on record; short interval since previous claim; repair shop has an elevated historical investigation rate,APPROVE
INV002536,CL025693,IN_PROGRESS,MEDIUM,multiple previous claims on record; short interval since previous claim,
INV002537,CL003968,IN_PROGRESS,MEDIUM,repair shop has an elevated historical investigation rate,
INV002538,CL017581,IN_PROGRESS,HIGH,claim amount high relative to vehicle value; multiple previous claims on record; repair shop has an elevated historical investigation rate,
INV002539,CL025840,IN_PROGRESS,HIGH,multiple previous claims on record; repair shop has an elevated historical investigation rate,
INV002540,CL005992,CLOSED,MEDIUM,multiple previous claims on record; short interval since previous claim,REQUEST_DOCUMENTS
INV002541,CL008295,CLOSED,HIGH,multiple previous claims on record; short interval since previous claim,APPROVE
INV002542,CL020980,CLOSED,HIGH,claim amount high relative to vehicle value; multiple previous claims on record; repair shop has an elevated historical investigation rate,APPROVE
INV002543,CL026198,CLOSED,LOW,multiple previous claims on record,REQUEST_DOCUMENTS
INV002544,CL021025,IN_PROGRESS,LOW,multiple previous claims on record; short interval since previous claim,
INV002545,CL017896,CLOSED,MEDIUM,claim amount high relative to vehicle value; multiple previous claims on record; short interval since previous claim,INVESTIGATE_FURTHER
INV002546,CL008964,IN_PROGRESS,HIGH,multiple previous claims on record; short interval since previous claim,
INV002547,CL026929,IN_PROGRESS,MEDIUM,claim amount high relative to vehicle value; multiple previous claims on record; short interval since previous claim; repair shop has an elevated historical investigation rate,
INV002548,CL020342,CLOSED,HIGH,claim amount high relative to vehicle value; multiple previous claims on record,APPROVE
INV002549,CL017591,CLOSED,HIGH,policy created shortly before incident; claim amount high relative to vehicle value; repair shop has an elevated historical investigation rate,REJECT
INV002550,CL027602,CLOSED,MEDIUM,multiple previous claims on record; short interval since previous claim; repair shop has an elevated historical investigation rate,REQUEST_DOCUMENTS
INV002551,CL028709,CLOSED,MEDIUM,claim amount high relative to vehicle value,APPROVE
INV002552,CL001785,IN_PROGRESS,MEDIUM,multiple previous claims on record; short interval since previous claim; repair shop has an elevated historical investigation rate,
INV002553,CL015470,CLOSED,HIGH,multiple previous claims on record; short interval since previous claim; repair shop has an elevated historical investigation rate,INVESTIGATE_FURTHER
INV002554,CL008350,CLOSED,LOW,multiple previous claims on record; short interval since previous claim,REJECT
INV002555,CL015104,CLOSED,LOW,multiple previous claims on record; short interval since previous claim,INVESTIGATE_FURTHER
INV002556,CL000258,CLOSED,MEDIUM,multiple previous claims on record; repair shop has an elevated historical investigation rate,REQUEST_DOCUMENTS
INV002557,CL010083,IN_PROGRESS,HIGH,anomalous pattern flagged by risk model,
INV002558,CL005274,CLOSED,HIGH,anomalous pattern flagged by risk model,APPROVE
INV002559,CL025113,CLOSED,MEDIUM,multiple previous claims on record; short interval since previous claim; repair shop has an elevated historical investigation rate,APPROVE
INV002560,CL020680,CLOSED,MEDIUM,multiple previous claims on record,APPROVE
INV002561,CL004075,CLOSED,HIGH,claim amount high relative to vehicle value; multiple previous claims on record,REQUEST_DOCUMENTS
INV002562,CL000287,CLOSED,MEDIUM,short interval since previous claim; repair shop has an elevated historical investigation rate,REQUEST_DOCUMENTS
INV002563,CL016033,IN_PROGRESS,LOW,claim amount high relative to vehicle value; multiple previous claims on record,
INV002564,CL005308,CLOSED,MEDIUM,claim amount high relative to vehicle value,APPROVE
INV002565,CL002767,IN_PROGRESS,MEDIUM,multiple previous claims on record,
INV002566,CL018637,CLOSED,LOW,claim amount high relative to vehicle value; multiple previous claims on record; short interval since previous claim,APPROVE
INV002567,CL016536,CLOSED,LOW,claim amount high relative to vehicle value; multiple previous claims on record; short interval since previous claim,INVESTIGATE_FURTHER
INV002568,CL008951,CLOSED,MEDIUM,multiple previous claims on record; repair shop has an elevated historical investigation rate,REJECT
INV002569,CL024696,CLOSED,MEDIUM,policy created shortly before incident; claim amount high relative to vehicle value; multiple previous claims on record,APPROVE
INV002570,CL028776,IN_PROGRESS,HIGH,policy created shortly before incident; multiple previous claims on record; short interval since previous claim; repair shop has an elevated historical investigation rate,
INV002571,CL000845,CLOSED,HIGH,multiple previous claims on record; short interval since previous claim,APPROVE
INV002572,CL001262,CLOSED,MEDIUM,policy created shortly before incident,APPROVE
INV002573,CL012162,IN_PROGRESS,HIGH,multiple previous claims on record; repair shop has an elevated historical investigation rate,
INV002574,CL013241,CLOSED,MEDIUM,claim amount high relative to vehicle value; short interval since previous claim,APPROVE
INV002575,CL013332,IN_PROGRESS,HIGH,policy created shortly before incident; multiple previous claims on record; short interval since previous claim,
INV002576,CL017458,IN_PROGRESS,MEDIUM,multiple previous claims on record,
INV002577,CL015050,CLOSED,MEDIUM,multiple previous claims on record,APPROVE
INV002578,CL026536,CLOSED,HIGH,claim amount high relative to vehicle value; multiple previous claims on record,APPROVE
INV002579,CL022711,IN_PROGRESS,HIGH,multiple previous claims on record; short interval since previous claim; repair shop has an elevated historical investigation rate,
INV002580,CL025718,IN_PROGRESS,HIGH,multiple previous claims on record; short interval since previous claim,
INV002581,CL013326,CLOSED,MEDIUM,multiple previous claims on record; short interval since previous claim,APPROVE
INV002582,CL023508,IN_PROGRESS,MEDIUM,multiple previous claims on record; short interval since previous claim,
INV002583,CL012615,CLOSED,LOW,multiple previous claims on record; repair shop has an elevated historical investigation rate,APPROVE
INV002584,CL028612,CLOSED,MEDIUM,multiple previous claims on record; short interval since previous claim; repair shop has an elevated historical investigation rate,REJECT
INV002585,CL026285,CLOSED,HIGH,multiple previous claims on record; short interval since previous claim; repair shop has an elevated historical investigation rate,APPROVE
INV002586,CL023000,IN_PROGRESS,LOW,claim amount high relative to vehicle value; multiple previous claims on record; repair shop has an elevated historical investigation rate,
INV002587,CL003311,CLOSED,LOW,claim amount high relative to vehicle value,REQUEST_DOCUMENTS
INV002588,CL026279,CLOSED,HIGH,multiple previous claims on record; short interval since previous claim,APPROVE
INV002589,CL017374,CLOSED,MEDIUM,multiple previous claims on record; short interval since previous claim,INVESTIGATE_FURTHER
INV002590,CL012031,CLOSED,LOW,multiple previous claims on record; short interval since previous claim; repair shop has an elevated historical investigation rate,INVESTIGATE_FURTHER
INV002591,CL013060,IN_PROGRESS,MEDIUM,multiple previous claims on record; short interval since previous claim; repair shop has an elevated historical investigation rate,
INV002592,CL007871,CLOSED,HIGH,multiple previous claims on record; short interval since previous claim,INVESTIGATE_FURTHER
INV002593,CL025556,IN_PROGRESS,HIGH,multiple previous claims on record; short interval since previous claim,
INV002594,CL003476,CLOSED,LOW,multiple previous claims on record; short interval since previous claim,REJECT
INV002595,CL001506,IN_PROGRESS,HIGH,multiple previous claims on record; short interval since previous claim,
INV002596,CL020736,IN_PROGRESS,MEDIUM,policy created shortly before incident; multiple previous claims on record; repair shop has an elevated historical investigation rate,
INV002597,CL016266,CLOSED,HIGH,multiple previous claims on record,APPROVE
INV002598,CL016224,CLOSED,HIGH,multiple previous claims on record; short interval since previous claim; repair shop has an elevated historical investigation rate,APPROVE
INV002599,CL001363,CLOSED,LOW,policy created shortly before incident; multiple previous claims on record; repair shop has an elevated historical investigation rate,REQUEST_DOCUMENTS
INV002600,CL006183,CLOSED,MEDIUM,policy created shortly before incident,INVESTIGATE_FURTHER
INV002601,CL012911,IN_PROGRESS,HIGH,multiple previous claims on record,
INV002602,CL013352,CLOSED,HIGH,policy created shortly before incident; multiple previous claims on record; short interval since previous claim; repair shop has an elevated historical investigation rate,APPROVE
INV002603,CL015441,CLOSED,LOW,multiple previous claims on record; repair shop has an elevated historical investigation rate,APPROVE
INV002604,CL009682,CLOSED,MEDIUM,claim amount high relative to vehicle value; multiple previous claims on record,INVESTIGATE_FURTHER
INV002605,CL017331,IN_PROGRESS,MEDIUM,multiple previous claims on record,
INV002606,CL025566,IN_PROGRESS,MEDIUM,claim amount high relative to vehicle value; multiple previous claims on record; short interval since previous claim; repair shop has an elevated historical investigation rate,
INV002607,CL013928,IN_PROGRESS,MEDIUM,multiple previous claims on record; short interval since previous claim,
INV002608,CL014504,CLOSED,MEDIUM,multiple previous claims on record,REQUEST_DOCUMENTS
INV002609,CL024600,CLOSED,HIGH,policy created shortly before incident; claim amount high relative to vehicle value,APPROVE
INV002610,CL027830,CLOSED,LOW,multiple previous claims on record; short interval since previous claim,REJECT
INV002611,CL019111,CLOSED,LOW,multiple previous claims on record; repair shop has an elevated historical investigation rate,APPROVE
INV002612,CL024859,CLOSED,MEDIUM,multiple previous claims on record; short interval since previous claim,APPROVE
INV002613,CL006149,CLOSED,HIGH,claim amount high relative to vehicle value; multiple previous claims on record; short interval since previous claim,APPROVE
INV002614,CL028158,IN_PROGRESS,MEDIUM,multiple previous claims on record; short interval since previous claim; repair shop has an elevated historical investigation rate,
INV002615,CL025271,CLOSED,MEDIUM,claim amount high relative to vehicle value; multiple previous claims on record; short interval since previous claim,INVESTIGATE_FURTHER
INV002616,CL020595,IN_PROGRESS,HIGH,multiple previous claims on record; short interval since previous claim,
INV002617,CL029372,CLOSED,MEDIUM,multiple previous claims on record; repair shop has an elevated historical investigation rate,APPROVE
INV002618,CL008867,IN_PROGRESS,HIGH,multiple previous claims on record,
INV002619,CL009979,CLOSED,MEDIUM,multiple previous claims on record; repair shop has an elevated historical investigation rate,INVESTIGATE_FURTHER
INV002620,CL021591,CLOSED,MEDIUM,repair shop has an elevated historical investigation rate,REQUEST_DOCUMENTS
INV002621,CL024692,CLOSED,HIGH,claim amount high relative to vehicle value; multiple previous claims on record; short interval since previous claim,APPROVE
INV002622,CL015516,CLOSED,MEDIUM,claim amount high relative to vehicle value; multiple previous claims on record,INVESTIGATE_FURTHER
INV002623,CL007553,CLOSED,HIGH,multiple previous claims on record; short interval since previous claim,REQUEST_DOCUMENTS
INV002624,CL015207,CLOSED,HIGH,multiple previous claims on record,REQUEST_DOCUMENTS
INV002625,CL009667,CLOSED,LOW,multiple previous claims on record; short interval since previous claim; repair shop has an elevated historical investigation rate,INVESTIGATE_FURTHER
INV002626,CL029018,CLOSED,HIGH,short interval since previous claim; repair shop has an elevated historical investigation rate,REQUEST_DOCUMENTS
INV002627,CL002275,IN_PROGRESS,HIGH,claim amount high relative to vehicle value; multiple previous claims on record; short interval since previous claim,
INV002628,CL009565,IN_PROGRESS,HIGH,claim amount high relative to vehicle value; multiple previous claims on record,
INV002629,CL016667,CLOSED,MEDIUM,multiple previous claims on record; short interval since previous claim,REQUEST_DOCUMENTS
INV002630,CL012639,IN_PROGRESS,LOW,multiple previous claims on record; short interval since previous claim,
INV002631,CL023814,IN_PROGRESS,MEDIUM,multiple previous claims on record; short interval since previous claim,
INV002632,CL010169,CLOSED,MEDIUM,multiple previous claims on record,INVESTIGATE_FURTHER
INV002633,CL006783,IN_PROGRESS,MEDIUM,claim amount high relative to vehicle value; multiple previous claims on record; repair shop has an elevated historical investigation rate,
INV002634,CL019455,CLOSED,LOW,claim amount high relative to vehicle value; multiple previous claims on record; short interval since previous claim,APPROVE
INV002635,CL022069,IN_PROGRESS,LOW,policy created shortly before incident; repair shop has an elevated historical investigation rate,
INV002636,CL003421,IN_PROGRESS,MEDIUM,multiple previous claims on record; short interval since previous claim,
INV002637,CL003808,CLOSED,HIGH,multiple previous claims on record; repair shop has an elevated historical investigation rate,REQUEST_DOCUMENTS
INV002638,CL007337,CLOSED,MEDIUM,policy created shortly before incident; short interval since previous claim,REQUEST_DOCUMENTS
INV002639,CL005577,IN_PROGRESS,LOW,multiple previous claims on record; short interval since previous claim; repair shop has an elevated historical investigation rate,
INV002640,CL016484,IN_PROGRESS,MEDIUM,multiple previous claims on record; repair shop has an elevated historical investigation rate,
INV002641,CL005098,CLOSED,HIGH,multiple previous claims on record; short interval since previous claim,APPROVE
INV002642,CL015364,IN_PROGRESS,HIGH,multiple previous claims on record; short interval since previous claim; repair shop has an elevated historical investigation rate,
INV002643,CL016051,CLOSED,HIGH,multiple previous claims on record; short interval since previous claim,APPROVE
INV002644,CL025909,CLOSED,MEDIUM,multiple previous claims on record; short interval since previous claim; repair shop has an elevated historical investigation rate,APPROVE
INV002645,CL018205,CLOSED,HIGH,multiple previous claims on record; short interval since previous claim,INVESTIGATE_FURTHER
INV002646,CL022896,IN_PROGRESS,MEDIUM,multiple previous claims on record; short interval since previous claim; repair shop has an elevated historical investigation rate,
INV002647,CL011496,IN_PROGRESS,HIGH,anomalous pattern flagged by risk model,
INV002648,CL015001,IN_PROGRESS,HIGH,multiple previous claims on record; short interval since previous claim,
INV002649,CL008944,CLOSED,LOW,multiple previous claims on record; short interval since previous claim; repair shop has an elevated historical investigation rate,INVESTIGATE_FURTHER
INV002650,CL029209,CLOSED,MEDIUM,multiple previous claims on record; short interval since previous claim,APPROVE
INV002651,CL000991,CLOSED,HIGH,claim amount high relative to vehicle value; multiple previous claims on record; short interval since previous claim,APPROVE
INV002652,CL013572,CLOSED,LOW,multiple previous claims on record; short interval since previous claim; repair shop has an elevated historical investigation rate,INVESTIGATE_FURTHER
INV002653,CL020672,CLOSED,MEDIUM,multiple previous claims on record,APPROVE
INV002654,CL000356,CLOSED,MEDIUM,multiple previous claims on record; short interval since previous claim,APPROVE
INV002655,CL014628,CLOSED,LOW,claim amount high relative to vehicle value; multiple previous claims on record; short interval since previous claim,REJECT
INV002656,CL022601,IN_PROGRESS,MEDIUM,multiple previous claims on record; short interval since previous claim,
INV002657,CL027777,CLOSED,MEDIUM,multiple previous claims on record; short interval since previous claim,INVESTIGATE_FURTHER
INV002658,CL005551,IN_PROGRESS,HIGH,multiple previous claims on record,
INV002659,CL005460,CLOSED,MEDIUM,policy created shortly before incident; multiple previous claims on record; short interval since previous claim,INVESTIGATE_FURTHER
INV002660,CL016100,CLOSED,MEDIUM,claim amount high relative to vehicle value; multiple previous claims on record; short interval since previous claim; repair shop has an elevated historical investigation rate,APPROVE
INV002661,CL027474,IN_PROGRESS,LOW,multiple previous claims on record; short interval since previous claim; repair shop has an elevated historical investigation rate,
INV002662,CL010695,CLOSED,MEDIUM,multiple previous claims on record; short interval since previous claim,REQUEST_DOCUMENTS
INV002663,CL004756,IN_PROGRESS,MEDIUM,multiple previous claims on record; short interval since previous claim; repair shop has an elevated historical investigation rate,
INV002664,CL006589,CLOSED,HIGH,multiple previous claims on record; short interval since previous claim; repair shop has an elevated historical investigation rate,REQUEST_DOCUMENTS
INV002665,CL021893,CLOSED,MEDIUM,claim amount high relative to vehicle value; multiple previous claims on record; short interval since previous claim; repair shop has an elevated historical investigation rate,REQUEST_DOCUMENTS
INV002666,CL020677,CLOSED,HIGH,policy created shortly before incident; multiple previous claims on record; short interval since previous claim,APPROVE
INV002667,CL002049,CLOSED,MEDIUM,multiple previous claims on record; short interval since previous claim,REJECT
INV002668,CL006867,CLOSED,LOW,multiple previous claims on record; short interval since previous claim,APPROVE
INV002669,CL017741,CLOSED,HIGH,multiple previous claims on record,INVESTIGATE_FURTHER
INV002670,CL021771,CLOSED,MEDIUM,multiple previous claims on record; short interval since previous claim; repair shop has an elevated historical investigation rate,REQUEST_DOCUMENTS
INV002671,CL006277,CLOSED,HIGH,multiple previous claims on record; short interval since previous claim; repair shop has an elevated historical investigation rate,APPROVE
INV002672,CL018176,IN_PROGRESS,HIGH,multiple previous claims on record; short interval since previous claim,
INV002673,CL007816,CLOSED,MEDIUM,claim amount high relative to vehicle value; multiple previous claims on record; short interval since previous claim; repair shop has an elevated historical investigation rate,APPROVE
INV002674,CL012907,CLOSED,LOW,claim amount high relative to vehicle value; multiple previous claims on record; repair shop has an elevated historical investigation rate,APPROVE
INV002675,CL011193,CLOSED,HIGH,multiple previous claims on record; short interval since previous claim,REQUEST_DOCUMENTS
INV002676,CL017820,CLOSED,MEDIUM,multiple previous claims on record; repair shop has an elevated historical investigation rate,APPROVE
INV002677,CL001155,CLOSED,HIGH,policy created shortly before incident; multiple previous claims on record; short interval since previous claim,APPROVE
INV002678,CL026129,IN_PROGRESS,HIGH,multiple previous claims on record; short interval since previous claim,
INV002679,CL005177,CLOSED,MEDIUM,multiple previous claims on record; short interval since previous claim,APPROVE
INV002680,CL007103,CLOSED,MEDIUM,multiple previous claims on record,INVESTIGATE_FURTHER
INV002681,CL013528,IN_PROGRESS,MEDIUM,multiple previous claims on record; short interval since previous claim,
INV002682,CL029238,IN_PROGRESS,MEDIUM,multiple previous claims on record; repair shop has an elevated historical investigation rate,
INV002683,CL000773,IN_PROGRESS,LOW,policy created shortly before incident; claim amount high relative to vehicle value; short interval since previous claim; repair shop has an elevated historical investigation rate,
INV002684,CL017096,CLOSED,LOW,multiple previous claims on record; repair shop has an elevated historical investigation rate,APPROVE
INV002685,CL017709,CLOSED,LOW,multiple previous claims on record; short interval since previous claim,APPROVE
INV002686,CL013549,CLOSED,MEDIUM,multiple previous claims on record,APPROVE
INV002687,CL017050,IN_PROGRESS,MEDIUM,claim amount high relative to vehicle value; multiple previous claims on record,
INV002688,CL009901,CLOSED,MEDIUM,claim amount high relative to vehicle value; short interval since previous claim,REQUEST_DOCUMENTS
INV002689,CL004005,IN_PROGRESS,MEDIUM,claim amount high relative to vehicle value; multiple previous claims on record; short interval since previous claim; repair shop has an elevated historical investigation rate,
INV002690,CL019633,CLOSED,MEDIUM,multiple previous claims on record; repair shop has an elevated historical investigation rate,APPROVE
INV002691,CL012461,CLOSED,MEDIUM,claim amount high relative to vehicle value; short interval since previous claim,REJECT
INV002692,CL017148,CLOSED,HIGH,multiple previous claims on record; short interval since previous claim,REQUEST_DOCUMENTS
INV002693,CL010806,CLOSED,MEDIUM,multiple previous claims on record; short interval since previous claim,REQUEST_DOCUMENTS
INV002694,CL018567,IN_PROGRESS,LOW,claim amount high relative to vehicle value; multiple previous claims on record; short interval since previous claim,
INV002695,CL022922,CLOSED,MEDIUM,multiple previous claims on record; short interval since previous claim,APPROVE
INV002696,CL009838,IN_PROGRESS,MEDIUM,multiple previous claims on record,
INV002697,CL023352,CLOSED,MEDIUM,short interval since previous claim,APPROVE
INV002698,CL016299,CLOSED,MEDIUM,claim amount high relative to vehicle value; multiple previous claims on record; short interval since previous claim,APPROVE
INV002699,CL004568,CLOSED,MEDIUM,multiple previous claims on record,APPROVE
INV002700,CL017322,CLOSED,MEDIUM,multiple previous claims on record; short interval since previous claim; repair shop has an elevated historical investigation rate,INVESTIGATE_FURTHER
INV002701,CL021064,IN_PROGRESS,MEDIUM,multiple previous claims on record; short interval since previous claim,
INV002702,CL002212,CLOSED,LOW,anomalous pattern flagged by risk model,APPROVE
INV002703,CL008361,CLOSED,MEDIUM,claim amount high relative to vehicle value; multiple previous claims on record; short interval since previous claim,APPROVE
INV002704,CL001003,IN_PROGRESS,MEDIUM,multiple previous claims on record; short interval since previous claim,
INV002705,CL027097,IN_PROGRESS,HIGH,multiple previous claims on record; short interval since previous claim; repair shop has an elevated historical investigation rate,
INV002706,CL018885,IN_PROGRESS,MEDIUM,claim amount high relative to vehicle value; multiple previous claims on record; short interval since previous claim; repair shop has an elevated historical investigation rate,
INV002707,CL003957,CLOSED,MEDIUM,multiple previous claims on record,APPROVE
INV002708,CL017680,IN_PROGRESS,MEDIUM,multiple previous claims on record; short interval since previous claim,
INV002709,CL004520,CLOSED,MEDIUM,multiple previous claims on record,APPROVE
INV002710,CL012939,CLOSED,MEDIUM,claim amount high relative to vehicle value; multiple previous claims on record; short interval since previous claim,INVESTIGATE_FURTHER
INV002711,CL007237,IN_PROGRESS,MEDIUM,claim amount high relative to vehicle value; multiple previous claims on record; short interval since previous claim; repair shop has an elevated historical investigation rate,
INV002712,CL003675,IN_PROGRESS,MEDIUM,claim amount high relative to vehicle value; multiple previous claims on record,
INV002713,CL027501,CLOSED,MEDIUM,policy created shortly before incident,APPROVE
INV002714,CL024408,CLOSED,HIGH,claim amount high relative to vehicle value; multiple previous claims on record; repair shop has an elevated historical investigation rate,REJECT
INV002715,CL014942,CLOSED,MEDIUM,multiple previous claims on record; short interval since previous claim,REQUEST_DOCUMENTS
INV002716,CL013440,CLOSED,HIGH,claim amount high relative to vehicle value; multiple previous claims on record,REJECT
INV002717,CL012040,CLOSED,LOW,multiple previous claims on record; short interval since previous claim; repair shop has an elevated historical investigation rate,APPROVE
INV002718,CL005830,IN_PROGRESS,HIGH,multiple previous claims on record; short interval since previous claim; repair shop has an elevated historical investigation rate,
INV002719,CL024072,IN_PROGRESS,MEDIUM,multiple previous claims on record; short interval since previous claim,
INV002720,CL019608,CLOSED,MEDIUM,multiple previous claims on record; short interval since previous claim,INVESTIGATE_FURTHER
INV002721,CL008622,IN_PROGRESS,HIGH,multiple previous claims on record; short interval since previous claim,
INV002722,CL004856,CLOSED,LOW,claim amount high relative to vehicle value; short interval since previous claim; repair shop has an elevated historical investigation rate,APPROVE
INV002723,CL000597,CLOSED,LOW,multiple previous claims on record; short interval since previous claim,INVESTIGATE_FURTHER
INV002724,CL028106,CLOSED,HIGH,multiple previous claims on record; short interval since previous claim; repair shop has an elevated historical investigation rate,APPROVE
INV002725,CL011204,IN_PROGRESS,MEDIUM,claim amount high relative to vehicle value; multiple previous claims on record; short interval since previous claim; repair shop has an elevated historical investigation rate,
INV002726,CL003698,IN_PROGRESS,MEDIUM,claim amount high relative to vehicle value; multiple previous claims on record; short interval since previous claim,
INV002727,CL003917,IN_PROGRESS,LOW,multiple previous claims on record; short interval since previous claim,
INV002728,CL029296,CLOSED,MEDIUM,multiple previous claims on record; short interval since previous claim,REQUEST_DOCUMENTS
INV002729,CL023568,IN_PROGRESS,LOW,claim amount high relative to vehicle value; multiple previous claims on record; short interval since previous claim,
INV002730,CL006257,IN_PROGRESS,MEDIUM,multiple previous claims on record; short interval since previous claim; repair shop has an elevated historical investigation rate,
INV002731,CL015758,IN_PROGRESS,MEDIUM,anomalous pattern flagged by risk model,
INV002732,CL000609,CLOSED,MEDIUM,multiple previous claims on record,APPROVE
INV002733,CL009643,CLOSED,HIGH,policy created shortly before incident; claim amount high relative to vehicle value; repair shop has an elevated historical investigation rate,APPROVE
INV002734,CL014563,IN_PROGRESS,LOW,multiple previous claims on record,
INV002735,CL003293,CLOSED,MEDIUM,claim amount high relative to vehicle value; multiple previous claims on record; short interval since previous claim,APPROVE
INV002736,CL007879,IN_PROGRESS,LOW,claim amount high relative to vehicle value; multiple previous claims on record; repair shop has an elevated historical investigation rate,
INV002737,CL017313,CLOSED,MEDIUM,policy created shortly before incident; multiple previous claims on record; short interval since previous claim; repair shop has an elevated historical investigation rate,REJECT
INV002738,CL005908,CLOSED,MEDIUM,multiple previous claims on record; short interval since previous claim,APPROVE
INV002739,CL011879,CLOSED,MEDIUM,multiple previous claims on record; short interval since previous claim,INVESTIGATE_FURTHER
INV002740,CL021041,IN_PROGRESS,MEDIUM,multiple previous claims on record; short interval since previous claim; repair shop has an elevated historical investigation rate,
INV002741,CL021136,CLOSED,MEDIUM,multiple previous claims on record; short interval since previous claim,INVESTIGATE_FURTHER
INV002742,CL015617,CLOSED,HIGH,multiple previous claims on record; repair shop has an elevated historical investigation rate,REQUEST_DOCUMENTS
INV002743,CL005738,CLOSED,MEDIUM,multiple previous claims on record; short interval since previous claim,REQUEST_DOCUMENTS
INV002744,CL004017,IN_PROGRESS,MEDIUM,multiple previous claims on record; short interval since previous claim; repair shop has an elevated historical investigation rate,
INV002745,CL002727,IN_PROGRESS,MEDIUM,multiple previous claims on record; short interval since previous claim,
INV002746,CL009496,CLOSED,HIGH,policy created shortly before incident,APPROVE
INV002747,CL024384,CLOSED,MEDIUM,multiple previous claims on record; short interval since previous claim; repair shop has an elevated historical investigation rate,APPROVE
INV002748,CL024468,IN_PROGRESS,MEDIUM,multiple previous claims on record; short interval since previous claim,
INV002749,CL019068,IN_PROGRESS,MEDIUM,claim amount high relative to vehicle value; multiple previous claims on record; short interval since previous claim,
INV002750,CL023534,IN_PROGRESS,HIGH,multiple previous claims on record; short interval since previous claim,
INV002751,CL017160,CLOSED,HIGH,policy created shortly before incident; short interval since previous claim,REQUEST_DOCUMENTS
INV002752,CL022835,CLOSED,MEDIUM,claim amount high relative to vehicle value; multiple previous claims on record; short interval since previous claim,INVESTIGATE_FURTHER
INV002753,CL012731,CLOSED,LOW,multiple previous claims on record,REQUEST_DOCUMENTS
INV002754,CL002417,IN_PROGRESS,LOW,claim amount high relative to vehicle value; multiple previous claims on record; short interval since previous claim,
INV002755,CL000896,CLOSED,HIGH,multiple previous claims on record; repair shop has an elevated historical investigation rate,REJECT
INV002756,CL019744,CLOSED,LOW,multiple previous claims on record; repair shop has an elevated historical investigation rate,REQUEST_DOCUMENTS
INV002757,CL022248,CLOSED,HIGH,claim amount high relative to vehicle value; short interval since previous claim,APPROVE
INV002758,CL006780,CLOSED,HIGH,multiple previous claims on record; repair shop has an elevated historical investigation rate,REJECT
INV002759,CL015756,IN_PROGRESS,MEDIUM,multiple previous claims on record,
INV002760,CL020457,CLOSED,LOW,anomalous pattern flagged by risk model,REQUEST_DOCUMENTS
INV002761,CL018001,CLOSED,MEDIUM,claim amount high relative to vehicle value; multiple previous claims on record; repair shop has an elevated historical investigation rate,INVESTIGATE_FURTHER
INV002762,CL009188,CLOSED,MEDIUM,claim amount high relative to vehicle value; multiple previous claims on record; repair shop has an elevated historical investigation rate,APPROVE
INV002763,CL018105,CLOSED,HIGH,policy created shortly before incident; claim amount high relative to vehicle value; multiple previous claims on record; short interval since previous claim,REJECT
INV002764,CL027763,IN_PROGRESS,HIGH,multiple previous claims on record; repair shop has an elevated historical investigation rate,
INV002765,CL027447,CLOSED,MEDIUM,multiple previous claims on record; short interval since previous claim; repair shop has an elevated historical investigation rate,REQUEST_DOCUMENTS
INV002766,CL018431,IN_PROGRESS,MEDIUM,multiple previous claims on record; short interval since previous claim,
INV002767,CL015373,CLOSED,MEDIUM,multiple previous claims on record; short interval since previous claim; repair shop has an elevated historical investigation rate,APPROVE
INV002768,CL010986,CLOSED,LOW,claim amount high relative to vehicle value; multiple previous claims on record; short interval since previous claim,INVESTIGATE_FURTHER
INV002769,CL004717,CLOSED,HIGH,multiple previous claims on record; repair shop has an elevated historical investigation rate,INVESTIGATE_FURTHER
INV002770,CL028698,IN_PROGRESS,LOW,claim amount high relative to vehicle value; multiple previous claims on record,
INV002771,CL004932,CLOSED,MEDIUM,multiple previous claims on record; short interval since previous claim,REQUEST_DOCUMENTS
INV002772,CL014889,IN_PROGRESS,MEDIUM,multiple previous claims on record; short interval since previous claim; repair shop has an elevated historical investigation rate,
INV002773,CL012095,CLOSED,LOW,multiple previous claims on record; short interval since previous claim,APPROVE
INV002774,CL024864,IN_PROGRESS,LOW,claim amount high relative to vehicle value; multiple previous claims on record; short interval since previous claim; repair shop has an elevated historical investigation rate,
INV002775,CL000893,CLOSED,HIGH,multiple previous claims on record; short interval since previous claim; repair shop has an elevated historical investigation rate,APPROVE
INV002776,CL022164,CLOSED,LOW,multiple previous claims on record; short interval since previous claim; repair shop has an elevated historical investigation rate,REQUEST_DOCUMENTS
INV002777,CL026634,IN_PROGRESS,LOW,multiple previous claims on record; short interval since previous claim; repair shop has an elevated historical investigation rate,
INV002778,CL023383,CLOSED,MEDIUM,multiple previous claims on record; repair shop has an elevated historical investigation rate,APPROVE
INV002779,CL027654,IN_PROGRESS,MEDIUM,multiple previous claims on record; short interval since previous claim,
INV002780,CL027841,IN_PROGRESS,LOW,short interval since previous claim; repair shop has an elevated historical investigation rate,
INV002781,CL001096,IN_PROGRESS,MEDIUM,multiple previous claims on record; short interval since previous claim; repair shop has an elevated historical investigation rate,
INV002782,CL027134,IN_PROGRESS,MEDIUM,multiple previous claims on record; short interval since previous claim,
INV002783,CL016340,IN_PROGRESS,MEDIUM,multiple previous claims on record,
INV002784,CL013601,CLOSED,LOW,multiple previous claims on record,REQUEST_DOCUMENTS
INV002785,CL008228,IN_PROGRESS,HIGH,multiple previous claims on record; short interval since previous claim; repair shop has an elevated historical investigation rate,
INV002786,CL009235,CLOSED,MEDIUM,claim amount high relative to vehicle value; multiple previous claims on record; short interval since previous claim,APPROVE
INV002787,CL018932,IN_PROGRESS,HIGH,multiple previous claims on record,
INV002788,CL002561,IN_PROGRESS,MEDIUM,multiple previous claims on record,
INV002789,CL006762,IN_PROGRESS,MEDIUM,multiple previous claims on record; short interval since previous claim,
INV002790,CL024216,CLOSED,HIGH,multiple previous claims on record; repair shop has an elevated historical investigation rate,APPROVE
INV002791,CL022718,IN_PROGRESS,MEDIUM,policy created shortly before incident; multiple previous claims on record; short interval since previous claim,
INV002792,CL005144,CLOSED,MEDIUM,multiple previous claims on record; short interval since previous claim; repair shop has an elevated historical investigation rate,INVESTIGATE_FURTHER
INV002793,CL004992,CLOSED,HIGH,claim amount high relative to vehicle value; multiple previous claims on record; repair shop has an elevated historical investigation rate,REJECT
INV002794,CL007765,CLOSED,LOW,multiple previous claims on record; short interval since previous claim,APPROVE
INV002795,CL012161,CLOSED,MEDIUM,multiple previous claims on record; short interval since previous claim,APPROVE
INV002796,CL002481,IN_PROGRESS,HIGH,claim amount high relative to vehicle value; multiple previous claims on record; short interval since previous claim,
INV002797,CL024299,CLOSED,HIGH,multiple previous claims on record; short interval since previous claim,APPROVE
INV002798,CL007847,CLOSED,HIGH,multiple previous claims on record,REQUEST_DOCUMENTS
INV002799,CL000854,IN_PROGRESS,MEDIUM,policy created shortly before incident; short interval since previous claim,
INV002800,CL023217,CLOSED,HIGH,claim amount high relative to vehicle value; multiple previous claims on record; short interval since previous claim,APPROVE
INV002801,CL012747,IN_PROGRESS,LOW,claim amount high relative to vehicle value; multiple previous claims on record; short interval since previous claim; repair shop has an elevated historical investigation rate,
INV002802,CL021068,CLOSED,MEDIUM,claim amount high relative to vehicle value; multiple previous claims on record; short interval since previous claim,APPROVE
INV002803,CL001536,IN_PROGRESS,MEDIUM,multiple previous claims on record; short interval since previous claim,
INV002804,CL006965,CLOSED,MEDIUM,policy created shortly before incident; claim amount high relative to vehicle value; multiple previous claims on record,INVESTIGATE_FURTHER
INV002805,CL029776,CLOSED,MEDIUM,multiple previous claims on record; repair shop has an elevated historical investigation rate,INVESTIGATE_FURTHER
INV002806,CL029384,IN_PROGRESS,HIGH,multiple previous claims on record,
INV002807,CL003611,CLOSED,HIGH,claim amount high relative to vehicle value; multiple previous claims on record; short interval since previous claim,REQUEST_DOCUMENTS
INV002808,CL011617,IN_PROGRESS,MEDIUM,multiple previous claims on record; short interval since previous claim,
INV002809,CL006590,CLOSED,MEDIUM,multiple previous claims on record; short interval since previous claim,APPROVE
INV002810,CL003984,CLOSED,MEDIUM,claim amount high relative to vehicle value; repair shop has an elevated historical investigation rate,REQUEST_DOCUMENTS
INV002811,CL008805,IN_PROGRESS,LOW,multiple previous claims on record,
INV002812,CL027512,CLOSED,MEDIUM,multiple previous claims on record; short interval since previous claim,REQUEST_DOCUMENTS
INV002813,CL009301,IN_PROGRESS,MEDIUM,multiple previous claims on record; short interval since previous claim; repair shop has an elevated historical investigation rate,
INV002814,CL027291,IN_PROGRESS,HIGH,multiple previous claims on record; short interval since previous claim,
INV002815,CL017510,CLOSED,MEDIUM,claim amount high relative to vehicle value; multiple previous claims on record; short interval since previous claim; repair shop has an elevated historical investigation rate,INVESTIGATE_FURTHER
INV002816,CL022883,IN_PROGRESS,HIGH,claim amount high relative to vehicle value; multiple previous claims on record; short interval since previous claim,
INV002817,CL015952,CLOSED,MEDIUM,multiple previous claims on record; short interval since previous claim,APPROVE
INV002818,CL029212,CLOSED,HIGH,policy created shortly before incident; repair shop has an elevated historical investigation rate,APPROVE
INV002819,CL021363,IN_PROGRESS,MEDIUM,multiple previous claims on record; short interval since previous claim,
INV002820,CL027053,CLOSED,MEDIUM,multiple previous claims on record; short interval since previous claim; repair shop has an elevated historical investigation rate,APPROVE
INV002821,CL012776,CLOSED,HIGH,multiple previous claims on record,REJECT
INV002822,CL007139,IN_PROGRESS,LOW,claim amount high relative to vehicle value; multiple previous claims on record; repair shop has an elevated historical investigation rate,
INV002823,CL016084,CLOSED,MEDIUM,multiple previous claims on record; short interval since previous claim; repair shop has an elevated historical investigation rate,APPROVE
INV002824,CL011619,IN_PROGRESS,HIGH,claim amount high relative to vehicle value; multiple previous claims on record,
INV002825,CL022660,CLOSED,MEDIUM,multiple previous claims on record; short interval since previous claim; repair shop has an elevated historical investigation rate,REJECT
INV002826,CL020788,CLOSED,HIGH,multiple previous claims on record; short interval since previous claim,INVESTIGATE_FURTHER
INV002827,CL003462,IN_PROGRESS,LOW,policy created shortly before incident; claim amount high relative to vehicle value; multiple previous claims on record; short interval since previous claim,
INV002828,CL006653,CLOSED,MEDIUM,multiple previous claims on record,APPROVE
INV002829,CL026087,CLOSED,MEDIUM,claim amount high relative to vehicle value; multiple previous claims on record,REQUEST_DOCUMENTS
INV002830,CL006479,CLOSED,MEDIUM,claim amount high relative to vehicle value; multiple previous claims on record; repair shop has an elevated historical investigation rate,INVESTIGATE_FURTHER
INV002831,CL009317,IN_PROGRESS,LOW,multiple previous claims on record; short interval since previous claim; repair shop has an elevated historical investigation rate,
INV002832,CL015238,CLOSED,MEDIUM,claim amount high relative to vehicle value; multiple previous claims on record,INVESTIGATE_FURTHER
INV002833,CL014039,IN_PROGRESS,MEDIUM,multiple previous claims on record,
INV002834,CL020951,IN_PROGRESS,HIGH,claim amount high relative to vehicle value; multiple previous claims on record; short interval since previous claim; repair shop has an elevated historical investigation rate,
INV002835,CL022997,IN_PROGRESS,MEDIUM,multiple previous claims on record; repair shop has an elevated historical investigation rate,
INV002836,CL025697,CLOSED,MEDIUM,multiple previous claims on record; short interval since previous claim,APPROVE
INV002837,CL022832,IN_PROGRESS,HIGH,policy created shortly before incident; short interval since previous claim; repair shop has an elevated historical investigation rate,
INV002838,CL016238,CLOSED,MEDIUM,policy created shortly before incident; multiple previous claims on record,REQUEST_DOCUMENTS
INV002839,CL017693,CLOSED,LOW,multiple previous claims on record; repair shop has an elevated historical investigation rate,APPROVE
INV002840,CL017037,CLOSED,LOW,claim amount high relative to vehicle value; multiple previous claims on record; short interval since previous claim,APPROVE
INV002841,CL006977,CLOSED,HIGH,claim amount high relative to vehicle value; multiple previous claims on record; short interval since previous claim,REJECT
INV002842,CL004495,IN_PROGRESS,LOW,claim amount high relative to vehicle value; multiple previous claims on record,
INV002843,CL006484,CLOSED,HIGH,claim amount high relative to vehicle value; multiple previous claims on record; short interval since previous claim,REQUEST_DOCUMENTS
INV002844,CL000350,IN_PROGRESS,MEDIUM,policy created shortly before incident; repair shop has an elevated historical investigation rate,
INV002845,CL019829,IN_PROGRESS,MEDIUM,policy created shortly before incident; claim amount high relative to vehicle value; multiple previous claims on record; short interval since previous claim,
INV002846,CL010127,IN_PROGRESS,LOW,policy created shortly before incident; multiple previous claims on record; short interval since previous claim; repair shop has an elevated historical investigation rate,
INV002847,CL011804,CLOSED,MEDIUM,policy created shortly before incident; multiple previous claims on record; short interval since previous claim,REJECT
INV002848,CL027913,IN_PROGRESS,HIGH,repair shop has an elevated historical investigation rate,
INV002849,CL013107,IN_PROGRESS,LOW,claim amount high relative to vehicle value; multiple previous claims on record; short interval since previous claim; repair shop has an elevated historical investigation rate,
INV002850,CL000441,IN_PROGRESS,HIGH,multiple previous claims on record; short interval since previous claim; repair shop has an elevated historical investigation rate,
INV002851,CL008107,CLOSED,MEDIUM,multiple previous claims on record,INVESTIGATE_FURTHER
INV002852,CL002563,CLOSED,MEDIUM,multiple previous claims on record; short interval since previous claim,APPROVE
INV002853,CL022851,CLOSED,MEDIUM,multiple previous claims on record; short interval since previous claim,APPROVE
INV002854,CL019347,CLOSED,MEDIUM,claim amount high relative to vehicle value; multiple previous claims on record; short interval since previous claim; repair shop has an elevated historical investigation rate,INVESTIGATE_FURTHER
INV002855,CL009849,CLOSED,LOW,claim amount high relative to vehicle value; multiple previous claims on record; short interval since previous claim; repair shop has an elevated historical investigation rate,APPROVE
INV002856,CL018673,CLOSED,MEDIUM,claim amount high relative to vehicle value; multiple previous claims on record; short interval since previous claim,APPROVE
INV002857,CL001998,CLOSED,LOW,multiple previous claims on record; short interval since previous claim,REQUEST_DOCUMENTS
INV002858,CL013016,IN_PROGRESS,HIGH,claim amount high relative to vehicle value; multiple previous claims on record,
INV002859,CL023836,IN_PROGRESS,MEDIUM,multiple previous claims on record; short interval since previous claim,
INV002860,CL025297,CLOSED,MEDIUM,multiple previous claims on record; short interval since previous claim,APPROVE
INV002861,CL012183,IN_PROGRESS,MEDIUM,multiple previous claims on record; short interval since previous claim,
INV002862,CL023623,IN_PROGRESS,LOW,multiple previous claims on record; short interval since previous claim,
INV002863,CL007790,CLOSED,MEDIUM,claim amount high relative to vehicle value; multiple previous claims on record; repair shop has an elevated historical investigation rate,APPROVE
INV002864,CL014974,CLOSED,MEDIUM,claim amount high relative to vehicle value; multiple previous claims on record; short interval since previous claim,REJECT
INV002865,CL029498,IN_PROGRESS,LOW,multiple previous claims on record; repair shop has an elevated historical investigation rate,
INV002866,CL021795,IN_PROGRESS,MEDIUM,multiple previous claims on record; short interval since previous claim; repair shop has an elevated historical investigation rate,
INV002867,CL015522,CLOSED,HIGH,policy created shortly before incident; multiple previous claims on record; short interval since previous claim; repair shop has an elevated historical investigation rate,INVESTIGATE_FURTHER
INV002868,CL010857,IN_PROGRESS,MEDIUM,multiple previous claims on record; short interval since previous claim,
INV002869,CL012502,CLOSED,LOW,multiple previous claims on record; short interval since previous claim,APPROVE
INV002870,CL007386,CLOSED,MEDIUM,policy created shortly before incident; multiple previous claims on record; short interval since previous claim,INVESTIGATE_FURTHER
INV002871,CL003235,CLOSED,MEDIUM,policy created shortly before incident; claim amount high relative to vehicle value; short interval since previous claim; repair shop has an elevated historical investigation rate,APPROVE
INV002872,CL003526,CLOSED,MEDIUM,multiple previous claims on record; short interval since previous claim; repair shop has an elevated historical investigation rate,APPROVE
INV002873,CL020012,IN_PROGRESS,MEDIUM,claim amount high relative to vehicle value; multiple previous claims on record,
INV002874,CL018091,CLOSED,LOW,multiple previous claims on record; short interval since previous claim,APPROVE
INV002875,CL015962,CLOSED,HIGH,multiple previous claims on record; short interval since previous claim,APPROVE
INV002876,CL012603,CLOSED,HIGH,claim amount high relative to vehicle value; multiple previous claims on record; repair shop has an elevated historical investigation rate,APPROVE
INV002877,CL026103,IN_PROGRESS,HIGH,multiple previous claims on record; short interval since previous claim,
INV002878,CL000172,CLOSED,HIGH,multiple previous claims on record; repair shop has an elevated historical investigation rate,REQUEST_DOCUMENTS
INV002879,CL012458,CLOSED,MEDIUM,multiple previous claims on record; short interval since previous claim,APPROVE
INV002880,CL013510,IN_PROGRESS,LOW,multiple previous claims on record; short interval since previous claim; repair shop has an elevated historical investigation rate,
INV002881,CL027980,IN_PROGRESS,MEDIUM,multiple previous claims on record; short interval since previous claim,
INV002882,CL028320,IN_PROGRESS,MEDIUM,multiple previous claims on record; short interval since previous claim; repair shop has an elevated historical investigation rate,
INV002883,CL020322,IN_PROGRESS,HIGH,policy created shortly before incident; multiple previous claims on record; short interval since previous claim; repair shop has an elevated historical investigation rate,
INV002884,CL004739,CLOSED,MEDIUM,policy created shortly before incident; multiple previous claims on record,APPROVE
INV002885,CL016230,IN_PROGRESS,MEDIUM,multiple previous claims on record; short interval since previous claim,
INV002886,CL014149,IN_PROGRESS,HIGH,multiple previous claims on record; repair shop has an elevated historical investigation rate,
INV002887,CL002221,CLOSED,HIGH,multiple previous claims on record; short interval since previous claim; repair shop has an elevated historical investigation rate,APPROVE
INV002888,CL027619,CLOSED,HIGH,multiple previous claims on record; short interval since previous claim,APPROVE
INV002889,CL005033,IN_PROGRESS,MEDIUM,multiple previous claims on record; short interval since previous claim; repair shop has an elevated historical investigation rate,
INV002890,CL023501,IN_PROGRESS,MEDIUM,multiple previous claims on record; repair shop has an elevated historical investigation rate,
INV002891,CL010398,CLOSED,MEDIUM,claim amount high relative to vehicle value; multiple previous claims on record; short interval since previous claim,APPROVE
INV002892,CL009223,IN_PROGRESS,MEDIUM,policy created shortly before incident,
INV002893,CL029023,CLOSED,HIGH,multiple previous claims on record; short interval since previous claim,INVESTIGATE_FURTHER
INV002894,CL029067,CLOSED,LOW,multiple previous claims on record; short interval since previous claim,APPROVE
INV002895,CL001560,CLOSED,MEDIUM,multiple previous claims on record; short interval since previous claim,REJECT
INV002896,CL020581,CLOSED,LOW,multiple previous claims on record; short interval since previous claim,REQUEST_DOCUMENTS
INV002897,CL011480,CLOSED,MEDIUM,multiple previous claims on record; short interval since previous claim; repair shop has an elevated historical investigation rate,APPROVE
INV002898,CL024871,CLOSED,HIGH,claim amount high relative to vehicle value; multiple previous claims on record,APPROVE
INV002899,CL005124,IN_PROGRESS,MEDIUM,policy created shortly before incident,
INV002900,CL018624,CLOSED,MEDIUM,repair shop has an elevated historical investigation rate,APPROVE
INV002901,CL009258,CLOSED,MEDIUM,multiple previous claims on record; short interval since previous claim; repair shop has an elevated historical investigation rate,INVESTIGATE_FURTHER
INV002902,CL015016,CLOSED,LOW,multiple previous claims on record,APPROVE
INV002903,CL012896,CLOSED,MEDIUM,claim amount high relative to vehicle value; multiple previous claims on record; short interval since previous claim,REQUEST_DOCUMENTS
INV002904,CL003836,CLOSED,HIGH,multiple previous claims on record; short interval since previous claim; repair shop has an elevated historical investigation rate,APPROVE
INV002905,CL013755,IN_PROGRESS,MEDIUM,multiple previous claims on record; short interval since previous claim,
INV002906,CL012086,CLOSED,MEDIUM,policy created shortly before incident; claim amount high relative to vehicle value; multiple previous claims on record,REJECT
INV002907,CL014667,CLOSED,MEDIUM,multiple previous claims on record; short interval since previous claim,APPROVE
INV002908,CL019725,CLOSED,MEDIUM,policy created shortly before incident; claim amount high relative to vehicle value; short interval since previous claim; repair shop has an elevated historical investigation rate,INVESTIGATE_FURTHER
INV002909,CL028841,IN_PROGRESS,LOW,multiple previous claims on record; repair shop has an elevated historical investigation rate,
INV002910,CL026626,IN_PROGRESS,HIGH,multiple previous claims on record,
INV002911,CL016176,CLOSED,HIGH,policy created shortly before incident; claim amount high relative to vehicle value; multiple previous claims on record; repair shop has an elevated historical investigation rate,INVESTIGATE_FURTHER
INV002912,CL000568,CLOSED,MEDIUM,claim amount high relative to vehicle value; multiple previous claims on record; short interval since previous claim,INVESTIGATE_FURTHER
INV002913,CL001320,IN_PROGRESS,HIGH,multiple previous claims on record,
INV002914,CL014852,IN_PROGRESS,HIGH,repair shop has an elevated historical investigation rate,
INV002915,CL021187,CLOSED,MEDIUM,multiple previous claims on record; repair shop has an elevated historical investigation rate,APPROVE
INV002916,CL025008,CLOSED,HIGH,multiple previous claims on record; repair shop has an elevated historical investigation rate,APPROVE
INV002917,CL016731,IN_PROGRESS,LOW,multiple previous claims on record; short interval since previous claim,
INV002918,CL004376,CLOSED,HIGH,multiple previous claims on record; short interval since previous claim; repair shop has an elevated historical investigation rate,APPROVE
INV002919,CL011896,IN_PROGRESS,MEDIUM,multiple previous claims on record; short interval since previous claim; repair shop has an elevated historical investigation rate,
INV002920,CL000260,IN_PROGRESS,MEDIUM,multiple previous claims on record; short interval since previous claim,
INV002921,CL002826,CLOSED,MEDIUM,multiple previous claims on record; short interval since previous claim; repair shop has an elevated historical investigation rate,APPROVE
INV002922,CL022938,IN_PROGRESS,HIGH,multiple previous claims on record; short interval since previous claim,
INV002923,CL015966,CLOSED,HIGH,multiple previous claims on record; short interval since previous claim,REQUEST_DOCUMENTS
INV002924,CL001927,CLOSED,HIGH,claim amount high relative to vehicle value; multiple previous claims on record,APPROVE
INV002925,CL006796,IN_PROGRESS,HIGH,multiple previous claims on record; short interval since previous claim,
INV002926,CL010201,CLOSED,HIGH,claim amount high relative to vehicle value; multiple previous claims on record; repair shop has an elevated historical investigation rate,REQUEST_DOCUMENTS
INV002927,CL026711,CLOSED,MEDIUM,multiple previous claims on record; short interval since previous claim; repair shop has an elevated historical investigation rate,INVESTIGATE_FURTHER
INV002928,CL012684,CLOSED,MEDIUM,multiple previous claims on record,REQUEST_DOCUMENTS
INV002929,CL003516,CLOSED,MEDIUM,claim amount high relative to vehicle value; multiple previous claims on record,REQUEST_DOCUMENTS
INV002930,CL008127,CLOSED,HIGH,multiple previous claims on record; short interval since previous claim,APPROVE
INV002931,CL029478,IN_PROGRESS,LOW,multiple previous claims on record; short interval since previous claim,
INV002932,CL018102,CLOSED,MEDIUM,multiple previous claims on record,REJECT
INV002933,CL016189,IN_PROGRESS,MEDIUM,policy created shortly before incident; multiple previous claims on record; short interval since previous claim,
INV002934,CL015859,IN_PROGRESS,MEDIUM,claim amount high relative to vehicle value; multiple previous claims on record; short interval since previous claim,
INV002935,CL022387,CLOSED,MEDIUM,multiple previous claims on record,APPROVE
INV002936,CL026972,CLOSED,MEDIUM,multiple previous claims on record; short interval since previous claim; repair shop has an elevated historical investigation rate,APPROVE
INV002937,CL008202,CLOSED,MEDIUM,multiple previous claims on record; repair shop has an elevated historical investigation rate,INVESTIGATE_FURTHER
INV002938,CL010409,CLOSED,MEDIUM,multiple previous claims on record; short interval since previous claim; repair shop has an elevated historical investigation rate,APPROVE
INV002939,CL029938,CLOSED,MEDIUM,policy created shortly before incident; multiple previous claims on record; short interval since previous claim,APPROVE
INV002940,CL013447,CLOSED,MEDIUM,multiple previous claims on record; short interval since previous claim,INVESTIGATE_FURTHER
INV002941,CL008159,CLOSED,HIGH,claim amount high relative to vehicle value; multiple previous claims on record; short interval since previous claim; repair shop has an elevated historical investigation rate,REQUEST_DOCUMENTS
INV002942,CL009056,CLOSED,MEDIUM,multiple previous claims on record,INVESTIGATE_FURTHER
INV002943,CL019333,IN_PROGRESS,MEDIUM,claim amount high relative to vehicle value; multiple previous claims on record; short interval since previous claim,
INV002944,CL013903,IN_PROGRESS,LOW,claim amount high relative to vehicle value; multiple previous claims on record; short interval since previous claim,
INV002945,CL010076,CLOSED,MEDIUM,claim amount high relative to vehicle value; multiple previous claims on record; short interval since previous claim,REQUEST_DOCUMENTS
INV002946,CL001509,CLOSED,MEDIUM,policy created shortly before incident,APPROVE
INV002947,CL016516,CLOSED,MEDIUM,multiple previous claims on record; short interval since previous claim; repair shop has an elevated historical investigation rate,APPROVE
INV002948,CL015011,CLOSED,HIGH,multiple previous claims on record; short interval since previous claim,INVESTIGATE_FURTHER
INV002949,CL000627,CLOSED,MEDIUM,multiple previous claims on record; repair shop has an elevated historical investigation rate,APPROVE
INV002950,CL024463,CLOSED,HIGH,claim amount high relative to vehicle value; multiple previous claims on record,APPROVE
INV002951,CL004465,CLOSED,MEDIUM,multiple previous claims on record; short interval since previous claim; repair shop has an elevated historical investigation rate,APPROVE
INV002952,CL024559,CLOSED,MEDIUM,multiple previous claims on record; short interval since previous claim; repair shop has an elevated historical investigation rate,INVESTIGATE_FURTHER
INV002953,CL005614,IN_PROGRESS,MEDIUM,claim amount high relative to vehicle value,
INV002954,CL011109,IN_PROGRESS,LOW,claim amount high relative to vehicle value; multiple previous claims on record; repair shop has an elevated historical investigation rate,
INV002955,CL016601,IN_PROGRESS,MEDIUM,multiple previous claims on record,
INV002956,CL016859,CLOSED,HIGH,multiple previous claims on record; repair shop has an elevated historical investigation rate,REQUEST_DOCUMENTS
INV002957,CL026551,CLOSED,LOW,multiple previous claims on record; short interval since previous claim,APPROVE
INV002958,CL002277,CLOSED,MEDIUM,claim amount high relative to vehicle value; multiple previous claims on record; repair shop has an elevated historical investigation rate,REQUEST_DOCUMENTS
INV002959,CL026732,IN_PROGRESS,MEDIUM,multiple previous claims on record; short interval since previous claim; repair shop has an elevated historical investigation rate,
INV002960,CL009157,IN_PROGRESS,HIGH,multiple previous claims on record; short interval since previous claim,
INV002961,CL001383,CLOSED,HIGH,short interval since previous claim,INVESTIGATE_FURTHER
INV002962,CL009834,CLOSED,MEDIUM,multiple previous claims on record,REQUEST_DOCUMENTS
INV002963,CL023825,CLOSED,MEDIUM,multiple previous claims on record; repair shop has an elevated historical investigation rate,APPROVE
INV002964,CL004781,CLOSED,HIGH,policy created shortly before incident; claim amount high relative to vehicle value; short interval since previous claim,REQUEST_DOCUMENTS
INV002965,CL015032,CLOSED,MEDIUM,claim amount high relative to vehicle value; multiple previous claims on record; short interval since previous claim; repair shop has an elevated historical investigation rate,INVESTIGATE_FURTHER
INV002966,CL010387,CLOSED,MEDIUM,claim amount high relative to vehicle value; multiple previous claims on record; short interval since previous claim; repair shop has an elevated historical investigation rate,APPROVE
INV002967,CL025265,CLOSED,HIGH,policy created shortly before incident; multiple previous claims on record; short interval since previous claim,APPROVE
INV002968,CL009950,CLOSED,HIGH,multiple previous claims on record; repair shop has an elevated historical investigation rate,INVESTIGATE_FURTHER
INV002969,CL008327,CLOSED,MEDIUM,short interval since previous claim,APPROVE
INV002970,CL009284,CLOSED,MEDIUM,multiple previous claims on record; short interval since previous claim,APPROVE
INV002971,CL002034,CLOSED,HIGH,multiple previous claims on record; short interval since previous claim,APPROVE
INV002972,CL020705,IN_PROGRESS,MEDIUM,multiple previous claims on record; short interval since previous claim,
INV002973,CL025017,CLOSED,HIGH,multiple previous claims on record; short interval since previous claim,INVESTIGATE_FURTHER
INV002974,CL001960,CLOSED,LOW,multiple previous claims on record,INVESTIGATE_FURTHER
INV002975,CL018438,CLOSED,MEDIUM,multiple previous claims on record; short interval since previous claim,APPROVE
INV002976,CL007865,IN_PROGRESS,LOW,multiple previous claims on record; short interval since previous claim,
INV002977,CL010138,CLOSED,MEDIUM,multiple previous claims on record; short interval since previous claim,INVESTIGATE_FURTHER
INV002978,CL019468,CLOSED,LOW,multiple previous claims on record; repair shop has an elevated historical investigation rate,APPROVE
INV002979,CL011031,CLOSED,MEDIUM,multiple previous claims on record; short interval since previous claim,APPROVE
INV002980,CL014089,CLOSED,HIGH,multiple previous claims on record; short interval since previous claim; repair shop has an elevated historical investigation rate,REQUEST_DOCUMENTS
INV002981,CL025785,CLOSED,LOW,multiple previous claims on record; short interval since previous claim,APPROVE
INV002982,CL028691,CLOSED,MEDIUM,multiple previous claims on record; short interval since previous claim,APPROVE
INV002983,CL008549,IN_PROGRESS,LOW,claim amount high relative to vehicle value; multiple previous claims on record; short interval since previous claim,
INV002984,CL027860,CLOSED,LOW,multiple previous claims on record; short interval since previous claim,APPROVE
INV002985,CL001385,CLOSED,MEDIUM,multiple previous claims on record; repair shop has an elevated historical investigation rate,APPROVE
INV002986,CL002271,IN_PROGRESS,MEDIUM,claim amount high relative to vehicle value; multiple previous claims on record; short interval since previous claim,
INV002987,CL018960,IN_PROGRESS,MEDIUM,multiple previous claims on record; short interval since previous claim,
INV002988,CL013085,IN_PROGRESS,HIGH,multiple previous claims on record; short interval since previous claim,
INV002989,CL010972,IN_PROGRESS,HIGH,multiple previous claims on record; short interval since previous claim; repair shop has an elevated historical investigation rate,
INV002990,CL006448,CLOSED,MEDIUM,anomalous pattern flagged by risk model,INVESTIGATE_FURTHER
INV002991,CL023638,CLOSED,MEDIUM,multiple previous claims on record; short interval since previous claim,APPROVE
INV002992,CL000617,IN_PROGRESS,MEDIUM,claim amount high relative to vehicle value; multiple previous claims on record,
INV002993,CL010627,CLOSED,LOW,policy created shortly before incident; multiple previous claims on record; repair shop has an elevated historical investigation rate,APPROVE
INV002994,CL005154,IN_PROGRESS,HIGH,multiple previous claims on record; short interval since previous claim; repair shop has an elevated historical investigation rate,
INV002995,CL013611,IN_PROGRESS,HIGH,multiple previous claims on record; short interval since previous claim; repair shop has an elevated historical investigation rate,
INV002996,CL003013,IN_PROGRESS,MEDIUM,policy created shortly before incident; claim amount high relative to vehicle value; repair shop has an elevated historical investigation rate,
INV002997,CL016460,IN_PROGRESS,HIGH,policy created shortly before incident; multiple previous claims on record; short interval since previous claim; repair shop has an elevated historical investigation rate,
INV002998,CL016712,CLOSED,MEDIUM,claim amount high relative to vehicle value; multiple previous claims on record,APPROVE
INV002999,CL014013,IN_PROGRESS,MEDIUM,claim amount high relative to vehicle value; multiple previous claims on record; repair shop has an elevated historical investigation rate,
INV003000,CL022829,IN_PROGRESS,MEDIUM,multiple previous claims on record; short interval since previous claim,
INV003001,CL018461,CLOSED,MEDIUM,claim amount high relative to vehicle value,REQUEST_DOCUMENTS
INV003002,CL018602,CLOSED,HIGH,claim amount high relative to vehicle value; multiple previous claims on record,INVESTIGATE_FURTHER
INV003003,CL050001,IN_PROGRESS,HIGH,policy created shortly before incident; claim amount high relative to vehicle value; multiple previous claims on record; short interval since previous claim,
INV003004,CL007086,IN_PROGRESS,MEDIUM,multiple previous claims on record; short interval since previous claim; repair shop has an elevated historical investigation rate,
INV003005,CL027313,CLOSED,MEDIUM,multiple previous claims on record; short interval since previous claim; repair shop has an elevated historical investigation rate,REQUEST_DOCUMENTS
INV003006,CL021271,CLOSED,MEDIUM,multiple previous claims on record; short interval since previous claim,APPROVE
INV003007,CL023616,IN_PROGRESS,MEDIUM,multiple previous claims on record; short interval since previous claim,
INV003008,CL025372,IN_PROGRESS,MEDIUM,multiple previous claims on record; short interval since previous claim,
INV003009,CL020196,CLOSED,HIGH,claim amount high relative to vehicle value; multiple previous claims on record; short interval since previous claim,APPROVE
INV003010,CL007060,CLOSED,LOW,multiple previous claims on record; short interval since previous claim,REJECT
INV003011,CL006987,IN_PROGRESS,MEDIUM,multiple previous claims on record; short interval since previous claim,
INV003012,CL014909,CLOSED,HIGH,claim amount high relative to vehicle value; multiple previous claims on record; short interval since previous claim,REJECT
INV003013,CL014225,IN_PROGRESS,HIGH,claim amount high relative to vehicle value; multiple previous claims on record,
INV003014,CL013892,IN_PROGRESS,MEDIUM,multiple previous claims on record; short interval since previous claim,
INV003015,CL019548,CLOSED,HIGH,anomalous pattern flagged by risk model,APPROVE
INV003016,CL029820,CLOSED,LOW,multiple previous claims on record; short interval since previous claim; repair shop has an elevated historical investigation rate,APPROVE
INV003017,CL023078,IN_PROGRESS,HIGH,claim amount high relative to vehicle value; multiple previous claims on record; short interval since previous claim,
INV003018,CL012483,CLOSED,MEDIUM,multiple previous claims on record,APPROVE
INV003019,CL004349,IN_PROGRESS,MEDIUM,claim amount high relative to vehicle value; multiple previous claims on record,
INV003020,CL005259,CLOSED,LOW,multiple previous claims on record; short interval since previous claim; repair shop has an elevated historical investigation rate,REQUEST_DOCUMENTS
INV003021,CL019543,CLOSED,MEDIUM,anomalous pattern flagged by risk model,REJECT
INV003022,CL029813,CLOSED,MEDIUM,policy created shortly before incident; claim amount high relative to vehicle value,REQUEST_DOCUMENTS
INV003023,CL016331,CLOSED,HIGH,claim amount high relative to vehicle value; multiple previous claims on record; short interval since previous claim,INVESTIGATE_FURTHER
INV003024,CL024326,IN_PROGRESS,LOW,claim amount high relative to vehicle value; multiple previous claims on record; repair shop has an elevated historical investigation rate,
INV003025,CL001083,IN_PROGRESS,MEDIUM,claim amount high relative to vehicle value; multiple previous claims on record; short interval since previous claim; repair shop has an elevated historical investigation rate,
INV003026,CL009004,CLOSED,LOW,policy created shortly before incident; multiple previous claims on record; short interval since previous claim,REQUEST_DOCUMENTS
INV003027,CL018972,CLOSED,MEDIUM,multiple previous claims on record; repair shop has an elevated historical investigation rate,REQUEST_DOCUMENTS
INV003028,CL026337,CLOSED,LOW,claim amount high relative to vehicle value; multiple previous claims on record; repair shop has an elevated historical investigation rate,INVESTIGATE_FURTHER
INV003029,CL016090,IN_PROGRESS,HIGH,short interval since previous claim,
INV003030,CL015650,IN_PROGRESS,LOW,claim amount high relative to vehicle value; multiple previous claims on record; repair shop has an elevated historical investigation rate,
INV003031,CL002810,CLOSED,MEDIUM,multiple previous claims on record; short interval since previous claim,APPROVE
INV003032,CL007891,CLOSED,HIGH,multiple previous claims on record; repair shop has an elevated historical investigation rate,INVESTIGATE_FURTHER
INV003033,CL019207,IN_PROGRESS,MEDIUM,claim amount high relative to vehicle value; multiple previous claims on record; repair shop has an elevated historical investigation rate,
INV003034,CL013261,CLOSED,MEDIUM,multiple previous claims on record; short interval since previous claim,REQUEST_DOCUMENTS
INV003035,CL010158,CLOSED,HIGH,claim amount high relative to vehicle value; short interval since previous claim,APPROVE
INV003036,CL002366,CLOSED,MEDIUM,multiple previous claims on record,INVESTIGATE_FURTHER
INV003037,CL008924,IN_PROGRESS,MEDIUM,claim amount high relative to vehicle value; multiple previous claims on record; short interval since previous claim,
INV003038,CL013167,CLOSED,HIGH,multiple previous claims on record; short interval since previous claim; repair shop has an elevated historical investigation rate,APPROVE
INV003039,CL028155,CLOSED,MEDIUM,multiple previous claims on record,REQUEST_DOCUMENTS
INV003040,CL013621,CLOSED,MEDIUM,claim amount high relative to vehicle value; multiple previous claims on record,REQUEST_DOCUMENTS
INV003041,CL001573,CLOSED,MEDIUM,multiple previous claims on record; short interval since previous claim; repair shop has an elevated historical investigation rate,APPROVE
INV003042,CL013580,IN_PROGRESS,MEDIUM,multiple previous claims on record; short interval since previous claim,
INV003043,CL007565,CLOSED,HIGH,multiple previous claims on record; short interval since previous claim,REQUEST_DOCUMENTS
INV003044,CL000041,IN_PROGRESS,LOW,multiple previous claims on record,
INV003045,CL000661,CLOSED,LOW,multiple previous claims on record; repair shop has an elevated historical investigation rate,APPROVE
INV003046,CL012568,CLOSED,HIGH,multiple previous claims on record; short interval since previous claim; repair shop has an elevated historical investigation rate,APPROVE
INV003047,CL014050,IN_PROGRESS,MEDIUM,multiple previous claims on record,
INV003048,CL007767,CLOSED,HIGH,multiple previous claims on record; short interval since previous claim; repair shop has an elevated historical investigation rate,APPROVE
INV003049,CL004247,IN_PROGRESS,MEDIUM,claim amount high relative to vehicle value; multiple previous claims on record,
INV003050,CL002869,IN_PROGRESS,HIGH,anomalous pattern flagged by risk model,
INV003051,CL014653,IN_PROGRESS,LOW,short interval since previous claim,
INV003052,CL024878,IN_PROGRESS,HIGH,multiple previous claims on record; short interval since previous claim; repair shop has an elevated historical investigation rate,
INV003053,CL022858,CLOSED,MEDIUM,multiple previous claims on record; short interval since previous claim; repair shop has an elevated historical investigation rate,APPROVE
INV003054,CL027634,CLOSED,MEDIUM,multiple previous claims on record; short interval since previous claim; repair shop has an elevated historical investigation rate,REQUEST_DOCUMENTS
INV003055,CL011003,CLOSED,HIGH,multiple previous claims on record; repair shop has an elevated historical investigation rate,REQUEST_DOCUMENTS
INV003056,CL008696,CLOSED,MEDIUM,multiple previous claims on record; short interval since previous claim,INVESTIGATE_FURTHER
INV003057,CL002717,CLOSED,MEDIUM,multiple previous claims on record,REQUEST_DOCUMENTS
INV003058,CL008677,CLOSED,MEDIUM,multiple previous claims on record; short interval since previous claim,INVESTIGATE_FURTHER
INV003059,CL010168,CLOSED,LOW,multiple previous claims on record; short interval since previous claim,APPROVE
INV003060,CL020495,CLOSED,MEDIUM,multiple previous claims on record; short interval since previous claim,INVESTIGATE_FURTHER
INV003061,CL026963,IN_PROGRESS,LOW,claim amount high relative to vehicle value; multiple previous claims on record; short interval since previous claim; repair shop has an elevated historical investigation rate,
INV003062,CL020660,CLOSED,MEDIUM,multiple previous claims on record; short interval since previous claim,APPROVE
INV003063,CL020086,IN_PROGRESS,HIGH,multiple previous claims on record; short interval since previous claim,
INV003064,CL009612,CLOSED,MEDIUM,multiple previous claims on record; short interval since previous claim,REQUEST_DOCUMENTS
INV003065,CL012706,CLOSED,LOW,multiple previous claims on record; short interval since previous claim; repair shop has an elevated historical investigation rate,APPROVE
INV003066,CL019073,IN_PROGRESS,HIGH,multiple previous claims on record; short interval since previous claim; repair shop has an elevated historical investigation rate,
INV003067,CL023986,CLOSED,MEDIUM,multiple previous claims on record; repair shop has an elevated historical investigation rate,REQUEST_DOCUMENTS
INV003068,CL017583,CLOSED,MEDIUM,multiple previous claims on record; repair shop has an elevated historical investigation rate,REJECT
INV003069,CL027168,CLOSED,LOW,claim amount high relative to vehicle value; multiple previous claims on record; repair shop has an elevated historical investigation rate,INVESTIGATE_FURTHER
INV003070,CL009475,CLOSED,MEDIUM,multiple previous claims on record; short interval since previous claim; repair shop has an elevated historical investigation rate,REQUEST_DOCUMENTS
INV003071,CL020486,CLOSED,HIGH,policy created shortly before incident; multiple previous claims on record,INVESTIGATE_FURTHER
INV003072,CL000324,CLOSED,HIGH,multiple previous claims on record; short interval since previous claim,APPROVE
INV003073,CL017186,CLOSED,HIGH,multiple previous claims on record; short interval since previous claim,REQUEST_DOCUMENTS
INV003074,CL007120,IN_PROGRESS,HIGH,claim amount high relative to vehicle value; multiple previous claims on record; repair shop has an elevated historical investigation rate,
INV003075,CL010085,CLOSED,MEDIUM,multiple previous claims on record; short interval since previous claim,REQUEST_DOCUMENTS
INV003076,CL027938,CLOSED,LOW,claim amount high relative to vehicle value,APPROVE
INV003077,CL029896,IN_PROGRESS,MEDIUM,multiple previous claims on record; short interval since previous claim; repair shop has an elevated historical investigation rate,
INV003078,CL025508,CLOSED,MEDIUM,multiple previous claims on record; short interval since previous claim,APPROVE
INV003079,CL003278,IN_PROGRESS,HIGH,multiple previous claims on record; repair shop has an elevated historical investigation rate,
INV003080,CL024892,IN_PROGRESS,MEDIUM,multiple previous claims on record; short interval since previous claim,
INV003081,CL003810,IN_PROGRESS,LOW,policy created shortly before incident; claim amount high relative to vehicle value; multiple previous claims on record,
INV003082,CL015121,CLOSED,MEDIUM,multiple previous claims on record; short interval since previous claim; repair shop has an elevated historical investigation rate,APPROVE
INV003083,CL023370,CLOSED,LOW,multiple previous claims on record; repair shop has an elevated historical investigation rate,INVESTIGATE_FURTHER
INV003084,CL008616,CLOSED,MEDIUM,multiple previous claims on record,APPROVE
INV003085,CL008368,CLOSED,LOW,multiple previous claims on record; short interval since previous claim,REQUEST_DOCUMENTS
INV003086,CL018911,IN_PROGRESS,LOW,claim amount high relative to vehicle value; multiple previous claims on record; short interval since previous claim; repair shop has an elevated historical investigation rate,
INV003087,CL015235,CLOSED,MEDIUM,policy created shortly before incident; multiple previous claims on record,REQUEST_DOCUMENTS
INV003088,CL002385,IN_PROGRESS,HIGH,multiple previous claims on record; short interval since previous claim,
INV003089,CL020616,CLOSED,LOW,claim amount high relative to vehicle value; multiple previous claims on record; repair shop has an elevated historical investigation rate,APPROVE
INV003090,CL026276,IN_PROGRESS,MEDIUM,multiple previous claims on record; short interval since previous claim; repair shop has an elevated historical investigation rate,
INV003091,CL021851,IN_PROGRESS,HIGH,claim amount high relative to vehicle value; short interval since previous claim; repair shop has an elevated historical investigation rate,
INV003092,CL009548,IN_PROGRESS,MEDIUM,multiple previous claims on record; repair shop has an elevated historical investigation rate,
INV003093,CL022748,CLOSED,HIGH,claim amount high relative to vehicle value,INVESTIGATE_FURTHER
INV003094,CL002214,CLOSED,HIGH,multiple previous claims on record; short interval since previous claim,APPROVE
INV003095,CL010730,CLOSED,LOW,multiple previous claims on record; short interval since previous claim,REQUEST_DOCUMENTS
INV003096,CL013707,CLOSED,HIGH,claim amount high relative to vehicle value; multiple previous claims on record; short interval since previous claim,REJECT
INV003097,CL017442,CLOSED,MEDIUM,claim amount high relative to vehicle value; multiple previous claims on record; repair shop has an elevated historical investigation rate,INVESTIGATE_FURTHER
INV003098,CL017842,CLOSED,MEDIUM,multiple previous claims on record; repair shop has an elevated historical investigation rate,REQUEST_DOCUMENTS
INV003099,CL028326,CLOSED,HIGH,multiple previous claims on record,REQUEST_DOCUMENTS
INV003100,CL022457,IN_PROGRESS,MEDIUM,multiple previous claims on record; short interval since previous claim,
INV003101,CL004772,CLOSED,MEDIUM,multiple previous claims on record; short interval since previous claim; repair shop has an elevated historical investigation rate,APPROVE
INV003102,CL017365,CLOSED,MEDIUM,claim amount high relative to vehicle value; short interval since previous claim,APPROVE
INV003103,CL000873,CLOSED,HIGH,repair shop has an elevated historical investigation rate,INVESTIGATE_FURTHER
INV003104,CL012355,CLOSED,LOW,multiple previous claims on record; short interval since previous claim,APPROVE
INV003105,CL010870,CLOSED,HIGH,policy created shortly before incident; claim amount high relative to vehicle value; short interval since previous claim; repair shop has an elevated historical investigation rate,INVESTIGATE_FURTHER
INV003106,CL007425,CLOSED,MEDIUM,multiple previous claims on record; short interval since previous claim,REQUEST_DOCUMENTS
INV003107,CL003916,IN_PROGRESS,HIGH,claim amount high relative to vehicle value; multiple previous claims on record; short interval since previous claim; repair shop has an elevated historical investigation rate,
INV003108,CL028806,CLOSED,HIGH,multiple previous claims on record; repair shop has an elevated historical investigation rate,REQUEST_DOCUMENTS
INV003109,CL027346,CLOSED,MEDIUM,multiple previous claims on record; short interval since previous claim,APPROVE
INV003110,CL029431,IN_PROGRESS,HIGH,multiple previous claims on record; short interval since previous claim,
INV003111,CL015863,CLOSED,HIGH,claim amount high relative to vehicle value; multiple previous claims on record; short interval since previous claim; repair shop has an elevated historical investigation rate,APPROVE
INV003112,CL006934,CLOSED,MEDIUM,claim amount high relative to vehicle value; multiple previous claims on record; short interval since previous claim,REQUEST_DOCUMENTS
INV003113,CL027070,CLOSED,LOW,claim amount high relative to vehicle value; multiple previous claims on record,APPROVE
INV003114,CL005386,CLOSED,MEDIUM,claim amount high relative to vehicle value; multiple previous claims on record; short interval since previous claim,REQUEST_DOCUMENTS
INV003115,CL013037,CLOSED,HIGH,multiple previous claims on record; short interval since previous claim,REQUEST_DOCUMENTS
INV003116,CL021378,IN_PROGRESS,MEDIUM,repair shop has an elevated historical investigation rate,
INV003117,CL004778,CLOSED,MEDIUM,multiple previous claims on record; repair shop has an elevated historical investigation rate,APPROVE
INV003118,CL012352,IN_PROGRESS,HIGH,multiple previous claims on record; short interval since previous claim,
INV003119,CL005779,CLOSED,LOW,multiple previous claims on record; short interval since previous claim,REQUEST_DOCUMENTS
INV003120,CL011812,CLOSED,HIGH,multiple previous claims on record; short interval since previous claim,INVESTIGATE_FURTHER
INV003121,CL000500,IN_PROGRESS,LOW,multiple previous claims on record; short interval since previous claim,
INV003122,CL029837,CLOSED,MEDIUM,claim amount high relative to vehicle value; multiple previous claims on record; repair shop has an elevated historical investigation rate,APPROVE
INV003123,CL027584,CLOSED,MEDIUM,multiple previous claims on record; short interval since previous claim; repair shop has an elevated historical investigation rate,APPROVE
INV003124,CL021619,IN_PROGRESS,HIGH,multiple previous claims on record; short interval since previous claim; repair shop has an elevated historical investigation rate,
INV003125,CL001993,IN_PROGRESS,HIGH,multiple previous claims on record; repair shop has an elevated historical investigation rate,
INV003126,CL001078,CLOSED,MEDIUM,policy created shortly before incident; repair shop has an elevated historical investigation rate,REQUEST_DOCUMENTS
INV003127,CL012770,CLOSED,LOW,claim amount high relative to vehicle value; multiple previous claims on record; short interval since previous claim; repair shop has an elevated historical investigation rate,APPROVE
INV003128,CL020366,CLOSED,HIGH,policy created shortly before incident; claim amount high relative to vehicle value; multiple previous claims on record,INVESTIGATE_FURTHER
INV003129,CL026268,CLOSED,MEDIUM,claim amount high relative to vehicle value; multiple previous claims on record,APPROVE
INV003130,CL005341,CLOSED,HIGH,policy created shortly before incident; claim amount high relative to vehicle value; short interval since previous claim; repair shop has an elevated historical investigation rate,APPROVE
INV003131,CL020895,CLOSED,HIGH,multiple previous claims on record,APPROVE
INV003132,CL025617,CLOSED,HIGH,claim amount high relative to vehicle value; repair shop has an elevated historical investigation rate,APPROVE
INV003133,CL024490,CLOSED,MEDIUM,policy created shortly before incident; short interval since previous claim,INVESTIGATE_FURTHER
INV003134,CL007040,IN_PROGRESS,MEDIUM,claim amount high relative to vehicle value; multiple previous claims on record; short interval since previous claim; repair shop has an elevated historical investigation rate,
INV003135,CL019882,CLOSED,MEDIUM,multiple previous claims on record; short interval since previous claim,REQUEST_DOCUMENTS
INV003136,CL020146,IN_PROGRESS,HIGH,multiple previous claims on record; short interval since previous claim; repair shop has an elevated historical investigation rate,
INV003137,CL015954,CLOSED,HIGH,multiple previous claims on record; short interval since previous claim,REQUEST_DOCUMENTS
INV003138,CL007881,IN_PROGRESS,MEDIUM,claim amount high relative to vehicle value; multiple previous claims on record; short interval since previous claim; repair shop has an elevated historical investigation rate,
INV003139,CL022313,IN_PROGRESS,LOW,short interval since previous claim; repair shop has an elevated historical investigation rate,
INV003140,CL011861,CLOSED,MEDIUM,multiple previous claims on record; short interval since previous claim; repair shop has an elevated historical investigation rate,APPROVE
INV003141,CL004377,IN_PROGRESS,MEDIUM,multiple previous claims on record; short interval since previous claim,
INV003142,CL028583,CLOSED,HIGH,repair shop has an elevated historical investigation rate,APPROVE
INV003143,CL024395,CLOSED,HIGH,multiple previous claims on record; short interval since previous claim; repair shop has an elevated historical investigation rate,INVESTIGATE_FURTHER
INV003144,CL026478,CLOSED,LOW,multiple previous claims on record,APPROVE
INV003145,CL026376,CLOSED,MEDIUM,claim amount high relative to vehicle value; multiple previous claims on record; short interval since previous claim,APPROVE
INV003146,CL015035,CLOSED,MEDIUM,multiple previous claims on record; short interval since previous claim; repair shop has an elevated historical investigation rate,APPROVE
INV003147,CL016740,CLOSED,LOW,claim amount high relative to vehicle value; multiple previous claims on record; short interval since previous claim,REQUEST_DOCUMENTS
INV003148,CL022585,CLOSED,MEDIUM,multiple previous claims on record; short interval since previous claim,APPROVE
INV003149,CL025156,CLOSED,HIGH,claim amount high relative to vehicle value; repair shop has an elevated historical investigation rate,REQUEST_DOCUMENTS
INV003150,CL017555,CLOSED,MEDIUM,claim amount high relative to vehicle value; multiple previous claims on record,INVESTIGATE_FURTHER
INV003151,CL021821,IN_PROGRESS,MEDIUM,multiple previous claims on record; short interval since previous claim; repair shop has an elevated historical investigation rate,
INV003152,CL014185,CLOSED,MEDIUM,multiple previous claims on record; short interval since previous claim,REQUEST_DOCUMENTS
INV003153,CL002033,CLOSED,HIGH,claim amount high relative to vehicle value; multiple previous claims on record; short interval since previous claim,INVESTIGATE_FURTHER
INV003154,CL007775,CLOSED,MEDIUM,multiple previous claims on record; repair shop has an elevated historical investigation rate,REQUEST_DOCUMENTS
INV003155,CL011390,IN_PROGRESS,MEDIUM,short interval since previous claim; repair shop has an elevated historical investigation rate,
INV003156,CL009884,IN_PROGRESS,HIGH,multiple previous claims on record; short interval since previous claim; repair shop has an elevated historical investigation rate,
INV003157,CL002300,CLOSED,MEDIUM,multiple previous claims on record; short interval since previous claim,INVESTIGATE_FURTHER
INV003158,CL010352,CLOSED,LOW,multiple previous claims on record; repair shop has an elevated historical investigation rate,REQUEST_DOCUMENTS
INV003159,CL001481,IN_PROGRESS,MEDIUM,anomalous pattern flagged by risk model,
INV003160,CL000583,CLOSED,HIGH,multiple previous claims on record; short interval since previous claim; repair shop has an elevated historical investigation rate,REQUEST_DOCUMENTS
INV003161,CL029945,CLOSED,HIGH,multiple previous claims on record; short interval since previous claim; repair shop has an elevated historical investigation rate,APPROVE
INV003162,CL000876,CLOSED,MEDIUM,claim amount high relative to vehicle value; repair shop has an elevated historical investigation rate,REQUEST_DOCUMENTS
INV003163,CL019978,IN_PROGRESS,LOW,claim amount high relative to vehicle value; multiple previous claims on record,
INV003164,CL028580,CLOSED,MEDIUM,multiple previous claims on record,REQUEST_DOCUMENTS
INV003165,CL016928,CLOSED,HIGH,multiple previous claims on record; short interval since previous claim; repair shop has an elevated historical investigation rate,APPROVE
INV003166,CL001559,IN_PROGRESS,LOW,multiple previous claims on record; short interval since previous claim; repair shop has an elevated historical investigation rate,
INV003167,CL003784,CLOSED,HIGH,multiple previous claims on record; short interval since previous claim,REQUEST_DOCUMENTS
INV003168,CL025314,CLOSED,MEDIUM,multiple previous claims on record; short interval since previous claim; repair shop has an elevated historical investigation rate,APPROVE
INV003169,CL013733,CLOSED,MEDIUM,multiple previous claims on record,REQUEST_DOCUMENTS
INV003170,CL007609,IN_PROGRESS,LOW,policy created shortly before incident; claim amount high relative to vehicle value; multiple previous claims on record; short interval since previous claim,
INV003171,CL005737,IN_PROGRESS,HIGH,multiple previous claims on record; short interval since previous claim,
INV003172,CL024709,CLOSED,HIGH,multiple previous claims on record,REQUEST_DOCUMENTS
INV003173,CL025476,IN_PROGRESS,MEDIUM,short interval since previous claim,
INV003174,CL010518,IN_PROGRESS,MEDIUM,multiple previous claims on record; short interval since previous claim; repair shop has an elevated historical investigation rate,
INV003175,CL016069,CLOSED,MEDIUM,multiple previous claims on record; short interval since previous claim; repair shop has an elevated historical investigation rate,APPROVE
INV003176,CL010165,IN_PROGRESS,MEDIUM,multiple previous claims on record; repair shop has an elevated historical investigation rate,
INV003177,CL011525,IN_PROGRESS,MEDIUM,claim amount high relative to vehicle value; multiple previous claims on record,
INV003178,CL014577,CLOSED,MEDIUM,anomalous pattern flagged by risk model,REQUEST_DOCUMENTS
INV003179,CL011927,IN_PROGRESS,HIGH,claim amount high relative to vehicle value; multiple previous claims on record,
INV003180,CL021563,CLOSED,LOW,multiple previous claims on record; short interval since previous claim; repair shop has an elevated historical investigation rate,APPROVE
INV003181,CL013548,CLOSED,HIGH,multiple previous claims on record,INVESTIGATE_FURTHER
INV003182,CL009525,CLOSED,HIGH,multiple previous claims on record; short interval since previous claim,REJECT
INV003183,CL000488,CLOSED,MEDIUM,repair shop has an elevated historical investigation rate,APPROVE
INV003184,CL011182,CLOSED,LOW,multiple previous claims on record,APPROVE
INV003185,CL023149,CLOSED,MEDIUM,multiple previous claims on record; short interval since previous claim,APPROVE
INV003186,CL019733,IN_PROGRESS,MEDIUM,claim amount high relative to vehicle value; multiple previous claims on record; short interval since previous claim,
INV003187,CL012243,CLOSED,MEDIUM,claim amount high relative to vehicle value,REQUEST_DOCUMENTS
INV003188,CL025493,CLOSED,LOW,claim amount high relative to vehicle value; multiple previous claims on record; short interval since previous claim,INVESTIGATE_FURTHER
INV003189,CL025307,CLOSED,MEDIUM,claim amount high relative to vehicle value; multiple previous claims on record,APPROVE
INV003190,CL002827,CLOSED,HIGH,policy created shortly before incident; claim amount high relative to vehicle value; multiple previous claims on record; short interval since previous claim,APPROVE
INV003191,CL006275,IN_PROGRESS,MEDIUM,claim amount high relative to vehicle value; multiple previous claims on record; short interval since previous claim,
INV003192,CL021193,CLOSED,MEDIUM,claim amount high relative to vehicle value; multiple previous claims on record; short interval since previous claim,INVESTIGATE_FURTHER
INV003193,CL021834,IN_PROGRESS,MEDIUM,claim amount high relative to vehicle value; multiple previous claims on record; short interval since previous claim,
INV003194,CL027655,IN_PROGRESS,HIGH,multiple previous claims on record; repair shop has an elevated historical investigation rate,
INV003195,CL015854,CLOSED,MEDIUM,claim amount high relative to vehicle value; multiple previous claims on record; short interval since previous claim,INVESTIGATE_FURTHER
INV003196,CL016751,CLOSED,MEDIUM,repair shop has an elevated historical investigation rate,REQUEST_DOCUMENTS
INV003197,CL020543,IN_PROGRESS,LOW,claim amount high relative to vehicle value; multiple previous claims on record; short interval since previous claim,
INV003198,CL016728,IN_PROGRESS,HIGH,multiple previous claims on record; repair shop has an elevated historical investigation rate,
INV003199,CL026278,CLOSED,MEDIUM,multiple previous claims on record; short interval since previous claim,APPROVE
INV003200,CL023235,IN_PROGRESS,HIGH,multiple previous claims on record; short interval since previous claim,
INV003201,CL016223,CLOSED,MEDIUM,multiple previous claims on record; repair shop has an elevated historical investigation rate,INVESTIGATE_FURTHER
INV003202,CL009804,CLOSED,MEDIUM,multiple previous claims on record; short interval since previous claim; repair shop has an elevated historical investigation rate,REQUEST_DOCUMENTS
INV003203,CL010949,CLOSED,HIGH,multiple previous claims on record; short interval since previous claim; repair shop has an elevated historical investigation rate,REQUEST_DOCUMENTS
INV003204,CL028019,CLOSED,HIGH,multiple previous claims on record; short interval since previous claim; repair shop has an elevated historical investigation rate,REJECT
INV003205,CL021354,CLOSED,MEDIUM,claim amount high relative to vehicle value; multiple previous claims on record; short interval since previous claim,APPROVE
INV003206,CL004124,CLOSED,MEDIUM,claim amount high relative to vehicle value; short interval since previous claim; repair shop has an elevated historical investigation rate,REJECT
INV003207,CL019280,CLOSED,LOW,anomalous pattern flagged by risk model,REQUEST_DOCUMENTS
INV003208,CL011745,CLOSED,MEDIUM,multiple previous claims on record,REQUEST_DOCUMENTS
INV003209,CL023922,CLOSED,HIGH,multiple previous claims on record,REJECT
INV003210,CL014958,CLOSED,HIGH,multiple previous claims on record; short interval since previous claim; repair shop has an elevated historical investigation rate,APPROVE
INV003211,CL015903,IN_PROGRESS,MEDIUM,multiple previous claims on record; short interval since previous claim,
INV003212,CL029215,CLOSED,MEDIUM,multiple previous claims on record; short interval since previous claim; repair shop has an elevated historical investigation rate,APPROVE
INV003213,CL009948,IN_PROGRESS,HIGH,multiple previous claims on record; short interval since previous claim; repair shop has an elevated historical investigation rate,
INV003214,CL009143,IN_PROGRESS,MEDIUM,multiple previous claims on record; short interval since previous claim; repair shop has an elevated historical investigation rate,
INV003215,CL026793,CLOSED,HIGH,claim amount high relative to vehicle value; multiple previous claims on record; short interval since previous claim,APPROVE
INV003216,CL009702,CLOSED,LOW,policy created shortly before incident,INVESTIGATE_FURTHER
INV003217,CL027744,IN_PROGRESS,HIGH,multiple previous claims on record; short interval since previous claim,
INV003218,CL022898,CLOSED,MEDIUM,multiple previous claims on record,REQUEST_DOCUMENTS
INV003219,CL025748,CLOSED,HIGH,multiple previous claims on record; short interval since previous claim,APPROVE
INV003220,CL022435,CLOSED,HIGH,multiple previous claims on record; short interval since previous claim; repair shop has an elevated historical investigation rate,REQUEST_DOCUMENTS
INV003221,CL007216,CLOSED,HIGH,anomalous pattern flagged by risk model,REQUEST_DOCUMENTS
INV003222,CL011724,CLOSED,MEDIUM,multiple previous claims on record; short interval since previous claim,APPROVE
INV003223,CL005696,CLOSED,LOW,policy created shortly before incident; multiple previous claims on record; short interval since previous claim,REQUEST_DOCUMENTS
INV003224,CL003483,CLOSED,LOW,multiple previous claims on record; short interval since previous claim,INVESTIGATE_FURTHER
INV003225,CL007755,IN_PROGRESS,MEDIUM,claim amount high relative to vehicle value,
INV003226,CL021792,CLOSED,MEDIUM,policy created shortly before incident; claim amount high relative to vehicle value; multiple previous claims on record; short interval since previous claim; repair shop has an elevated historical investigation rate,APPROVE
INV003227,CL016002,CLOSED,MEDIUM,policy created shortly before incident; multiple previous claims on record,REQUEST_DOCUMENTS
INV003228,CL011717,IN_PROGRESS,MEDIUM,multiple previous claims on record; short interval since previous claim; repair shop has an elevated historical investigation rate,
INV003229,CL023965,IN_PROGRESS,HIGH,claim amount high relative to vehicle value; multiple previous claims on record; short interval since previous claim; repair shop has an elevated historical investigation rate,
INV003230,CL009146,CLOSED,MEDIUM,multiple previous claims on record; repair shop has an elevated historical investigation rate,INVESTIGATE_FURTHER
INV003231,CL009688,CLOSED,LOW,multiple previous claims on record; short interval since previous claim,REQUEST_DOCUMENTS
INV003232,CL010997,IN_PROGRESS,MEDIUM,multiple previous claims on record; repair shop has an elevated historical investigation rate,
INV003233,CL017029,CLOSED,MEDIUM,policy created shortly before incident; repair shop has an elevated historical investigation rate,APPROVE
INV003234,CL006461,IN_PROGRESS,MEDIUM,multiple previous claims on record; short interval since previous claim,
INV003235,CL015722,CLOSED,HIGH,policy created shortly before incident; short interval since previous claim; repair shop has an elevated historical investigation rate,APPROVE
INV003236,CL028635,IN_PROGRESS,HIGH,multiple previous claims on record; repair shop has an elevated historical investigation rate,
INV003237,CL019490,CLOSED,LOW,claim amount high relative to vehicle value; multiple previous claims on record; short interval since previous claim,REQUEST_DOCUMENTS
INV003238,CL012275,CLOSED,MEDIUM,claim amount high relative to vehicle value; multiple previous claims on record; short interval since previous claim,APPROVE
INV003239,CL005546,CLOSED,HIGH,claim amount high relative to vehicle value; multiple previous claims on record,INVESTIGATE_FURTHER
INV003240,CL004406,CLOSED,MEDIUM,claim amount high relative to vehicle value; multiple previous claims on record; short interval since previous claim,INVESTIGATE_FURTHER
INV003241,CL018084,CLOSED,MEDIUM,multiple previous claims on record; short interval since previous claim,APPROVE
INV003242,CL015754,CLOSED,MEDIUM,multiple previous claims on record; repair shop has an elevated historical investigation rate,INVESTIGATE_FURTHER
INV003243,CL002521,CLOSED,MEDIUM,multiple previous claims on record; short interval since previous claim,REQUEST_DOCUMENTS
INV003244,CL012856,IN_PROGRESS,HIGH,multiple previous claims on record; short interval since previous claim; repair shop has an elevated historical investigation rate,
INV003245,CL015080,CLOSED,MEDIUM,anomalous pattern flagged by risk model,REQUEST_DOCUMENTS
INV003246,CL014251,IN_PROGRESS,HIGH,multiple previous claims on record; short interval since previous claim,
INV003247,CL021961,IN_PROGRESS,LOW,multiple previous claims on record; short interval since previous claim,
INV003248,CL010242,IN_PROGRESS,LOW,multiple previous claims on record; short interval since previous claim; repair shop has an elevated historical investigation rate,
INV003249,CL008226,CLOSED,LOW,multiple previous claims on record; short interval since previous claim; repair shop has an elevated historical investigation rate,INVESTIGATE_FURTHER
INV003250,CL013878,CLOSED,MEDIUM,multiple previous claims on record; short interval since previous claim,APPROVE
INV003251,CL017863,IN_PROGRESS,MEDIUM,multiple previous claims on record; short interval since previous claim; repair shop has an elevated historical investigation rate,
INV003252,CL020220,IN_PROGRESS,MEDIUM,policy created shortly before incident; repair shop has an elevated historical investigation rate,
INV003253,CL002921,IN_PROGRESS,MEDIUM,multiple previous claims on record; short interval since previous claim,
INV003254,CL018052,CLOSED,MEDIUM,claim amount high relative to vehicle value; multiple previous claims on record; repair shop has an elevated historical investigation rate,APPROVE
INV003255,CL005289,CLOSED,MEDIUM,claim amount high relative to vehicle value; multiple previous claims on record; short interval since previous claim,APPROVE
INV003256,CL023061,CLOSED,MEDIUM,multiple previous claims on record; short interval since previous claim; repair shop has an elevated historical investigation rate,APPROVE
INV003257,CL011289,IN_PROGRESS,MEDIUM,claim amount high relative to vehicle value; multiple previous claims on record; short interval since previous claim,
INV003258,CL000884,CLOSED,HIGH,policy created shortly before incident; claim amount high relative to vehicle value; multiple previous claims on record; short interval since previous claim; repair shop has an elevated historical investigation rate,REJECT
INV003259,CL026774,CLOSED,MEDIUM,multiple previous claims on record,APPROVE
INV003260,CL013798,CLOSED,MEDIUM,policy created shortly before incident; claim amount high relative to vehicle value,APPROVE
INV003261,CL001943,IN_PROGRESS,HIGH,multiple previous claims on record; short interval since previous claim; repair shop has an elevated historical investigation rate,
INV003262,CL026121,IN_PROGRESS,MEDIUM,claim amount high relative to vehicle value; multiple previous claims on record; short interval since previous claim,
INV003263,CL024407,IN_PROGRESS,LOW,multiple previous claims on record; short interval since previous claim; repair shop has an elevated historical investigation rate,
INV003264,CL013593,CLOSED,LOW,multiple previous claims on record,APPROVE
INV003265,CL002069,CLOSED,HIGH,multiple previous claims on record; short interval since previous claim,INVESTIGATE_FURTHER
INV003266,CL014863,IN_PROGRESS,HIGH,multiple previous claims on record; short interval since previous claim; repair shop has an elevated historical investigation rate,
INV003267,CL016620,CLOSED,HIGH,claim amount high relative to vehicle value; multiple previous claims on record; short interval since previous claim,APPROVE
INV003268,CL006194,CLOSED,LOW,claim amount high relative to vehicle value; multiple previous claims on record; short interval since previous claim,APPROVE
INV003269,CL011034,IN_PROGRESS,MEDIUM,repair shop has an elevated historical investigation rate,
INV003270,CL022671,CLOSED,MEDIUM,multiple previous claims on record; short interval since previous claim,APPROVE
INV003271,CL001248,IN_PROGRESS,HIGH,multiple previous claims on record,
INV003272,CL008793,IN_PROGRESS,MEDIUM,multiple previous claims on record; short interval since previous claim,
INV003273,CL007525,CLOSED,MEDIUM,multiple previous claims on record; short interval since previous claim,REQUEST_DOCUMENTS
INV003274,CL026670,CLOSED,MEDIUM,claim amount high relative to vehicle value; multiple previous claims on record; repair shop has an elevated historical investigation rate,APPROVE
INV003275,CL012949,CLOSED,MEDIUM,multiple previous claims on record; repair shop has an elevated historical investigation rate,APPROVE
INV003276,CL023304,IN_PROGRESS,HIGH,multiple previous claims on record; short interval since previous claim; repair shop has an elevated historical investigation rate,
INV003277,CL022037,CLOSED,LOW,claim amount high relative to vehicle value; multiple previous claims on record,APPROVE
INV003278,CL016713,CLOSED,LOW,claim amount high relative to vehicle value; multiple previous claims on record,INVESTIGATE_FURTHER
INV003279,CL017756,CLOSED,HIGH,multiple previous claims on record; short interval since previous claim; repair shop has an elevated historical investigation rate,REQUEST_DOCUMENTS
INV003280,CL005906,CLOSED,MEDIUM,repair shop has an elevated historical investigation rate,INVESTIGATE_FURTHER
INV003281,CL020734,CLOSED,MEDIUM,multiple previous claims on record; short interval since previous claim,INVESTIGATE_FURTHER
INV003282,CL023603,CLOSED,LOW,multiple previous claims on record; short interval since previous claim; repair shop has an elevated historical investigation rate,APPROVE
INV003283,CL018810,CLOSED,MEDIUM,multiple previous claims on record; short interval since previous claim; repair shop has an elevated historical investigation rate,REQUEST_DOCUMENTS
INV003284,CL014416,IN_PROGRESS,MEDIUM,claim amount high relative to vehicle value; multiple previous claims on record; short interval since previous claim,
INV003285,CL012573,CLOSED,MEDIUM,multiple previous claims on record,REQUEST_DOCUMENTS
INV003286,CL024856,CLOSED,MEDIUM,multiple previous claims on record,REQUEST_DOCUMENTS
INV003287,CL020253,CLOSED,MEDIUM,claim amount high relative to vehicle value; multiple previous claims on record; short interval since previous claim,REQUEST_DOCUMENTS
INV003288,CL001636,CLOSED,MEDIUM,multiple previous claims on record; short interval since previous claim,APPROVE
INV003289,CL024646,CLOSED,MEDIUM,multiple previous claims on record; short interval since previous claim,REQUEST_DOCUMENTS
INV003290,CL019935,CLOSED,HIGH,anomalous pattern flagged by risk model,REQUEST_DOCUMENTS
INV003291,CL023829,CLOSED,MEDIUM,multiple previous claims on record; short interval since previous claim; repair shop has an elevated historical investigation rate,APPROVE
INV003292,CL017248,CLOSED,MEDIUM,multiple previous claims on record; short interval since previous claim; repair shop has an elevated historical investigation rate,APPROVE
INV003293,CL000247,IN_PROGRESS,MEDIUM,multiple previous claims on record; short interval since previous claim,
INV003294,CL013668,CLOSED,MEDIUM,multiple previous claims on record; short interval since previous claim,APPROVE
INV003295,CL026197,CLOSED,MEDIUM,claim amount high relative to vehicle value; multiple previous claims on record; short interval since previous claim; repair shop has an elevated historical investigation rate,INVESTIGATE_FURTHER
INV003296,CL023842,CLOSED,HIGH,multiple previous claims on record,REQUEST_DOCUMENTS
INV003297,CL009925,IN_PROGRESS,HIGH,claim amount high relative to vehicle value; multiple previous claims on record; short interval since previous claim,
INV003298,CL008630,CLOSED,MEDIUM,multiple previous claims on record; repair shop has an elevated historical investigation rate,INVESTIGATE_FURTHER
INV003299,CL016194,CLOSED,HIGH,multiple previous claims on record; short interval since previous claim; repair shop has an elevated historical investigation rate,INVESTIGATE_FURTHER
INV003300,CL015142,CLOSED,MEDIUM,multiple previous claims on record; short interval since previous claim,APPROVE
INV003301,CL019997,CLOSED,LOW,claim amount high relative to vehicle value; multiple previous claims on record; short interval since previous claim,REQUEST_DOCUMENTS
INV003302,CL027143,CLOSED,HIGH,multiple previous claims on record; short interval since previous claim,APPROVE
INV003303,CL025231,CLOSED,MEDIUM,multiple previous claims on record; short interval since previous claim,REQUEST_DOCUMENTS
INV003304,CL014329,CLOSED,LOW,claim amount high relative to vehicle value; multiple previous claims on record; repair shop has an elevated historical investigation rate,APPROVE
INV003305,CL013296,CLOSED,HIGH,multiple previous claims on record; short interval since previous claim,REJECT
INV003306,CL009735,CLOSED,MEDIUM,multiple previous claims on record; short interval since previous claim,APPROVE
INV003307,CL009067,IN_PROGRESS,MEDIUM,short interval since previous claim; repair shop has an elevated historical investigation rate,
INV003308,CL007094,CLOSED,HIGH,policy created shortly before incident; multiple previous claims on record; short interval since previous claim,REQUEST_DOCUMENTS
INV003309,CL013562,IN_PROGRESS,LOW,claim amount high relative to vehicle value; multiple previous claims on record; short interval since previous claim,
INV003310,CL023833,CLOSED,MEDIUM,policy created shortly before incident; claim amount high relative to vehicle value; multiple previous claims on record,APPROVE
INV003311,CL021156,IN_PROGRESS,MEDIUM,multiple previous claims on record; short interval since previous claim; repair shop has an elevated historical investigation rate,
INV003312,CL026734,IN_PROGRESS,HIGH,multiple previous claims on record; short interval since previous claim,
INV003313,CL025595,IN_PROGRESS,MEDIUM,policy created shortly before incident; claim amount high relative to vehicle value; short interval since previous claim,
INV003314,CL016029,CLOSED,MEDIUM,policy created shortly before incident; short interval since previous claim,APPROVE
INV003315,CL012389,CLOSED,HIGH,multiple previous claims on record; short interval since previous claim,INVESTIGATE_FURTHER
INV003316,CL000861,CLOSED,LOW,multiple previous claims on record; short interval since previous claim; repair shop has an elevated historical investigation rate,INVESTIGATE_FURTHER
INV003317,CL028792,IN_PROGRESS,MEDIUM,multiple previous claims on record; short interval since previous claim,
INV003318,CL014822,CLOSED,MEDIUM,multiple previous claims on record; short interval since previous claim; repair shop has an elevated historical investigation rate,APPROVE
INV003319,CL017212,CLOSED,MEDIUM,claim amount high relative to vehicle value; multiple previous claims on record; short interval since previous claim; repair shop has an elevated historical investigation rate,APPROVE
INV003320,CL009654,CLOSED,MEDIUM,multiple previous claims on record; short interval since previous claim; repair shop has an elevated historical investigation rate,INVESTIGATE_FURTHER
INV003321,CL010484,CLOSED,MEDIUM,multiple previous claims on record; short interval since previous claim; repair shop has an elevated historical investigation rate,APPROVE
INV003322,CL028581,CLOSED,LOW,claim amount high relative to vehicle value; multiple previous claims on record; short interval since previous claim,APPROVE
INV003323,CL028335,CLOSED,HIGH,policy created shortly before incident; claim amount high relative to vehicle value; multiple previous claims on record,INVESTIGATE_FURTHER
INV003324,CL023280,CLOSED,LOW,multiple previous claims on record,APPROVE
INV003325,CL027576,CLOSED,MEDIUM,multiple previous claims on record; short interval since previous claim,INVESTIGATE_FURTHER
INV003326,CL025599,CLOSED,MEDIUM,multiple previous claims on record; short interval since previous claim,APPROVE
INV003327,CL007814,CLOSED,HIGH,multiple previous claims on record; short interval since previous claim; repair shop has an elevated historical investigation rate,REQUEST_DOCUMENTS
INV003328,CL018163,IN_PROGRESS,HIGH,claim amount high relative to vehicle value; multiple previous claims on record,
INV003329,CL009615,IN_PROGRESS,LOW,multiple previous claims on record; short interval since previous claim,
INV003330,CL007990,IN_PROGRESS,LOW,multiple previous claims on record; short interval since previous claim,
INV003331,CL019223,CLOSED,LOW,claim amount high relative to vehicle value; multiple previous claims on record; short interval since previous claim,APPROVE
INV003332,CL016514,CLOSED,MEDIUM,policy created shortly before incident; claim amount high relative to vehicle value,REQUEST_DOCUMENTS
INV003333,CL019241,CLOSED,MEDIUM,policy created shortly before incident; multiple previous claims on record,REQUEST_DOCUMENTS
INV003334,CL029358,CLOSED,MEDIUM,repair shop has an elevated historical investigation rate,REQUEST_DOCUMENTS
INV003335,CL000508,IN_PROGRESS,MEDIUM,multiple previous claims on record; short interval since previous claim,
INV003336,CL013968,CLOSED,MEDIUM,multiple previous claims on record,INVESTIGATE_FURTHER
INV003337,CL015827,CLOSED,LOW,claim amount high relative to vehicle value; multiple previous claims on record,APPROVE
INV003338,CL017128,CLOSED,MEDIUM,claim amount high relative to vehicle value; multiple previous claims on record; short interval since previous claim,REQUEST_DOCUMENTS
INV003339,CL017614,IN_PROGRESS,MEDIUM,multiple previous claims on record; short interval since previous claim; repair shop has an elevated historical investigation rate,
INV003340,CL001466,CLOSED,MEDIUM,multiple previous claims on record; repair shop has an elevated historical investigation rate,APPROVE
INV003341,CL026342,CLOSED,MEDIUM,multiple previous claims on record,REQUEST_DOCUMENTS
INV003342,CL022152,CLOSED,LOW,multiple previous claims on record; short interval since previous claim; repair shop has an elevated historical investigation rate,INVESTIGATE_FURTHER
INV003343,CL021377,IN_PROGRESS,HIGH,claim amount high relative to vehicle value; multiple previous claims on record; short interval since previous claim,
INV003344,CL006733,CLOSED,HIGH,multiple previous claims on record; repair shop has an elevated historical investigation rate,REQUEST_DOCUMENTS
INV003345,CL016837,CLOSED,HIGH,policy created shortly before incident; multiple previous claims on record; repair shop has an elevated historical investigation rate,REJECT
INV003346,CL029533,CLOSED,MEDIUM,multiple previous claims on record; short interval since previous claim; repair shop has an elevated historical investigation rate,REQUEST_DOCUMENTS
INV003347,CL024403,IN_PROGRESS,MEDIUM,multiple previous claims on record; short interval since previous claim; repair shop has an elevated historical investigation rate,
INV003348,CL012616,CLOSED,HIGH,claim amount high relative to vehicle value; multiple previous claims on record; short interval since previous claim,REQUEST_DOCUMENTS
INV003349,CL013489,CLOSED,MEDIUM,multiple previous claims on record,APPROVE
INV003350,CL002538,CLOSED,MEDIUM,multiple previous claims on record,APPROVE
INV003351,CL001747,IN_PROGRESS,LOW,multiple previous claims on record; repair shop has an elevated historical investigation rate,
INV003352,CL001959,IN_PROGRESS,MEDIUM,anomalous pattern flagged by risk model,
INV003353,CL014175,CLOSED,MEDIUM,claim amount high relative to vehicle value; multiple previous claims on record; short interval since previous claim,APPROVE
INV003354,CL022716,CLOSED,HIGH,policy created shortly before incident; claim amount high relative to vehicle value,APPROVE
INV003355,CL027904,CLOSED,LOW,multiple previous claims on record; short interval since previous claim; repair shop has an elevated historical investigation rate,INVESTIGATE_FURTHER
INV003356,CL008889,IN_PROGRESS,LOW,multiple previous claims on record; repair shop has an elevated historical investigation rate,
INV003357,CL000059,IN_PROGRESS,HIGH,multiple previous claims on record; short interval since previous claim,
INV003358,CL000235,IN_PROGRESS,HIGH,claim amount high relative to vehicle value; multiple previous claims on record; repair shop has an elevated historical investigation rate,
INV003359,CL017402,CLOSED,HIGH,policy created shortly before incident; multiple previous claims on record,APPROVE
INV003360,CL009257,CLOSED,LOW,multiple previous claims on record; short interval since previous claim; repair shop has an elevated historical investigation rate,APPROVE
INV003361,CL009085,CLOSED,HIGH,claim amount high relative to vehicle value; multiple previous claims on record; short interval since previous claim,REQUEST_DOCUMENTS
INV003362,CL007752,IN_PROGRESS,MEDIUM,policy created shortly before incident; claim amount high relative to vehicle value; multiple previous claims on record,
INV003363,CL026797,CLOSED,MEDIUM,multiple previous claims on record; short interval since previous claim,INVESTIGATE_FURTHER
INV003364,CL019372,IN_PROGRESS,MEDIUM,multiple previous claims on record; short interval since previous claim; repair shop has an elevated historical investigation rate,
INV003365,CL000769,CLOSED,MEDIUM,claim amount high relative to vehicle value; multiple previous claims on record,INVESTIGATE_FURTHER
INV003366,CL008921,CLOSED,HIGH,multiple previous claims on record; short interval since previous claim,REQUEST_DOCUMENTS
INV003367,CL002104,CLOSED,HIGH,multiple previous claims on record; short interval since previous claim; repair shop has an elevated historical investigation rate,APPROVE
INV003368,CL002530,CLOSED,MEDIUM,multiple previous claims on record; short interval since previous claim,REQUEST_DOCUMENTS
INV003369,CL018243,CLOSED,MEDIUM,claim amount high relative to vehicle value; repair shop has an elevated historical investigation rate,REJECT
INV003370,CL018180,CLOSED,HIGH,multiple previous claims on record; short interval since previous claim; repair shop has an elevated historical investigation rate,APPROVE
INV003371,CL020388,CLOSED,MEDIUM,claim amount high relative to vehicle value; multiple previous claims on record; repair shop has an elevated historical investigation rate,APPROVE
INV003372,CL014217,IN_PROGRESS,HIGH,multiple previous claims on record,
INV003373,CL012566,IN_PROGRESS,MEDIUM,policy created shortly before incident; short interval since previous claim; repair shop has an elevated historical investigation rate,
INV003374,CL025220,IN_PROGRESS,MEDIUM,multiple previous claims on record; short interval since previous claim,
INV003375,CL021888,IN_PROGRESS,MEDIUM,policy created shortly before incident; claim amount high relative to vehicle value,
INV003376,CL002582,IN_PROGRESS,HIGH,repair shop has an elevated historical investigation rate,
INV003377,CL015460,IN_PROGRESS,LOW,multiple previous claims on record; repair shop has an elevated historical investigation rate,
INV003378,CL009601,IN_PROGRESS,HIGH,claim amount high relative to vehicle value; multiple previous claims on record; repair shop has an elevated historical investigation rate,
INV003379,CL008798,CLOSED,HIGH,multiple previous claims on record; repair shop has an elevated historical investigation rate,APPROVE
INV003380,CL002508,IN_PROGRESS,HIGH,multiple previous claims on record; short interval since previous claim,
INV003381,CL029782,IN_PROGRESS,MEDIUM,multiple previous claims on record; short interval since previous claim,
INV003382,CL015028,CLOSED,HIGH,policy created shortly before incident; claim amount high relative to vehicle value; multiple previous claims on record,REQUEST_DOCUMENTS
INV003383,CL000407,IN_PROGRESS,MEDIUM,claim amount high relative to vehicle value; multiple previous claims on record; short interval since previous claim,
INV003384,CL002724,IN_PROGRESS,HIGH,policy created shortly before incident,
INV003385,CL019030,CLOSED,MEDIUM,claim amount high relative to vehicle value; multiple previous claims on record; short interval since previous claim,APPROVE
INV003386,CL007876,CLOSED,MEDIUM,multiple previous claims on record; short interval since previous claim; repair shop has an elevated historical investigation rate,APPROVE
INV003387,CL025944,IN_PROGRESS,HIGH,multiple previous claims on record; short interval since previous claim,
INV003388,CL027585,IN_PROGRESS,MEDIUM,claim amount high relative to vehicle value; multiple previous claims on record; short interval since previous claim,
INV003389,CL006314,CLOSED,MEDIUM,multiple previous claims on record; repair shop has an elevated historical investigation rate,APPROVE
INV003390,CL017364,CLOSED,MEDIUM,claim amount high relative to vehicle value; multiple previous claims on record,APPROVE
INV003391,CL024411,CLOSED,MEDIUM,claim amount high relative to vehicle value; multiple previous claims on record; short interval since previous claim; repair shop has an elevated historical investigation rate,INVESTIGATE_FURTHER
INV003392,CL016399,IN_PROGRESS,HIGH,multiple previous claims on record; short interval since previous claim; repair shop has an elevated historical investigation rate,
INV003393,CL028312,CLOSED,HIGH,claim amount high relative to vehicle value; multiple previous claims on record; short interval since previous claim; repair shop has an elevated historical investigation rate,REJECT
INV003394,CL022606,IN_PROGRESS,HIGH,claim amount high relative to vehicle value; multiple previous claims on record; short interval since previous claim,
INV003395,CL010331,IN_PROGRESS,HIGH,claim amount high relative to vehicle value; multiple previous claims on record,
INV003396,CL022112,CLOSED,MEDIUM,multiple previous claims on record; short interval since previous claim,REQUEST_DOCUMENTS
INV003397,CL001212,CLOSED,MEDIUM,multiple previous claims on record; short interval since previous claim,APPROVE
INV003398,CL004864,CLOSED,MEDIUM,multiple previous claims on record; short interval since previous claim; repair shop has an elevated historical investigation rate,INVESTIGATE_FURTHER
INV003399,CL022525,CLOSED,LOW,multiple previous claims on record; short interval since previous claim,APPROVE
INV003400,CL029272,CLOSED,MEDIUM,multiple previous claims on record; short interval since previous claim,APPROVE
INV003401,CL020192,CLOSED,LOW,short interval since previous claim; repair shop has an elevated historical investigation rate,APPROVE
INV003402,CL006822,CLOSED,LOW,multiple previous claims on record; short interval since previous claim; repair shop has an elevated historical investigation rate,REJECT
INV003403,CL003343,CLOSED,HIGH,multiple previous claims on record; repair shop has an elevated historical investigation rate,APPROVE
INV003404,CL005384,CLOSED,LOW,claim amount high relative to vehicle value; short interval since previous claim,APPROVE
INV003405,CL006949,CLOSED,LOW,claim amount high relative to vehicle value; multiple previous claims on record; short interval since previous claim,REJECT
INV003406,CL011305,CLOSED,HIGH,multiple previous claims on record; short interval since previous claim,APPROVE
INV003407,CL026572,CLOSED,MEDIUM,claim amount high relative to vehicle value; multiple previous claims on record; short interval since previous claim; repair shop has an elevated historical investigation rate,INVESTIGATE_FURTHER
INV003408,CL000444,IN_PROGRESS,MEDIUM,claim amount high relative to vehicle value; multiple previous claims on record; short interval since previous claim,
INV003409,CL009757,IN_PROGRESS,HIGH,multiple previous claims on record; short interval since previous claim; repair shop has an elevated historical investigation rate,
INV003410,CL019305,IN_PROGRESS,LOW,multiple previous claims on record; short interval since previous claim; repair shop has an elevated historical investigation rate,
INV003411,CL002076,CLOSED,MEDIUM,multiple previous claims on record; short interval since previous claim; repair shop has an elevated historical investigation rate,REQUEST_DOCUMENTS
INV003412,CL021929,CLOSED,MEDIUM,multiple previous claims on record; short interval since previous claim; repair shop has an elevated historical investigation rate,REQUEST_DOCUMENTS
INV003413,CL011450,CLOSED,HIGH,multiple previous claims on record; short interval since previous claim; repair shop has an elevated historical investigation rate,APPROVE
INV003414,CL004168,CLOSED,LOW,multiple previous claims on record,REQUEST_DOCUMENTS
INV003415,CL026323,IN_PROGRESS,MEDIUM,policy created shortly before incident; multiple previous claims on record,
INV003416,CL018861,IN_PROGRESS,LOW,policy created shortly before incident; multiple previous claims on record; short interval since previous claim; repair shop has an elevated historical investigation rate,
INV003417,CL023767,CLOSED,MEDIUM,multiple previous claims on record,INVESTIGATE_FURTHER
INV003418,CL003193,IN_PROGRESS,HIGH,multiple previous claims on record; short interval since previous claim,
INV003419,CL028894,IN_PROGRESS,MEDIUM,multiple previous claims on record,
INV003420,CL007166,IN_PROGRESS,LOW,multiple previous claims on record; short interval since previous claim,
INV003421,CL013074,CLOSED,LOW,short interval since previous claim; repair shop has an elevated historical investigation rate,REQUEST_DOCUMENTS
INV003422,CL009117,CLOSED,HIGH,claim amount high relative to vehicle value; multiple previous claims on record,APPROVE
INV003423,CL014407,CLOSED,HIGH,multiple previous claims on record; short interval since previous claim,REQUEST_DOCUMENTS
INV003424,CL018886,IN_PROGRESS,MEDIUM,multiple previous claims on record,
INV003425,CL026531,IN_PROGRESS,MEDIUM,multiple previous claims on record; short interval since previous claim,
INV003426,CL010974,IN_PROGRESS,MEDIUM,multiple previous claims on record; short interval since previous claim; repair shop has an elevated historical investigation rate,
INV003427,CL015273,CLOSED,MEDIUM,multiple previous claims on record; repair shop has an elevated historical investigation rate,APPROVE
INV003428,CL028249,CLOSED,LOW,claim amount high relative to vehicle value; multiple previous claims on record; short interval since previous claim,APPROVE
INV003429,CL029016,IN_PROGRESS,MEDIUM,multiple previous claims on record; short interval since previous claim; repair shop has an elevated historical investigation rate,
INV003430,CL006524,IN_PROGRESS,LOW,claim amount high relative to vehicle value; repair shop has an elevated historical investigation rate,
INV003431,CL009122,CLOSED,MEDIUM,multiple previous claims on record; short interval since previous claim,REJECT
INV003432,CL004053,IN_PROGRESS,MEDIUM,multiple previous claims on record; short interval since previous claim,
INV003433,CL027797,IN_PROGRESS,HIGH,multiple previous claims on record; short interval since previous claim,
INV003434,CL014085,CLOSED,MEDIUM,claim amount high relative to vehicle value; multiple previous claims on record; short interval since previous claim; repair shop has an elevated historical investigation rate,APPROVE
INV003435,CL012842,CLOSED,MEDIUM,multiple previous claims on record; repair shop has an elevated historical investigation rate,APPROVE
INV003436,CL005379,CLOSED,MEDIUM,multiple previous claims on record; repair shop has an elevated historical investigation rate,APPROVE
INV003437,CL005410,IN_PROGRESS,MEDIUM,policy created shortly before incident; repair shop has an elevated historical investigation rate,
INV003438,CL012030,CLOSED,HIGH,multiple previous claims on record; short interval since previous claim; repair shop has an elevated historical investigation rate,APPROVE
INV003439,CL026962,CLOSED,LOW,multiple previous claims on record; short interval since previous claim; repair shop has an elevated historical investigation rate,REJECT
INV003440,CL017800,CLOSED,MEDIUM,multiple previous claims on record; short interval since previous claim,REQUEST_DOCUMENTS
INV003441,CL012857,CLOSED,HIGH,claim amount high relative to vehicle value,APPROVE
INV003442,CL020551,CLOSED,MEDIUM,multiple previous claims on record; short interval since previous claim,INVESTIGATE_FURTHER
INV003443,CL001012,CLOSED,MEDIUM,multiple previous claims on record; short interval since previous claim,APPROVE
INV003444,CL016774,CLOSED,MEDIUM,policy created shortly before incident; claim amount high relative to vehicle value; multiple previous claims on record; short interval since previous claim,REJECT
INV003445,CL018359,CLOSED,MEDIUM,multiple previous claims on record; short interval since previous claim,REQUEST_DOCUMENTS
INV003446,CL010551,IN_PROGRESS,LOW,multiple previous claims on record,
INV003447,CL021932,IN_PROGRESS,HIGH,multiple previous claims on record,
INV003448,CL009014,IN_PROGRESS,MEDIUM,multiple previous claims on record; short interval since previous claim,
INV003449,CL028351,IN_PROGRESS,HIGH,short interval since previous claim; repair shop has an elevated historical investigation rate,
INV003450,CL010701,IN_PROGRESS,MEDIUM,multiple previous claims on record; short interval since previous claim,
INV003451,CL020711,IN_PROGRESS,MEDIUM,multiple previous claims on record; short interval since previous claim; repair shop has an elevated historical investigation rate,
INV003452,CL003257,IN_PROGRESS,MEDIUM,claim amount high relative to vehicle value; short interval since previous claim,
INV003453,CL019790,CLOSED,MEDIUM,claim amount high relative to vehicle value; multiple previous claims on record,REQUEST_DOCUMENTS
INV003454,CL004266,CLOSED,MEDIUM,multiple previous claims on record; short interval since previous claim,REQUEST_DOCUMENTS
INV003455,CL012052,CLOSED,MEDIUM,claim amount high relative to vehicle value; multiple previous claims on record; short interval since previous claim,REQUEST_DOCUMENTS
INV003456,CL000146,CLOSED,MEDIUM,policy created shortly before incident; multiple previous claims on record; short interval since previous claim,REJECT
INV003457,CL001823,IN_PROGRESS,HIGH,multiple previous claims on record,
INV003458,CL016589,CLOSED,HIGH,claim amount high relative to vehicle value; multiple previous claims on record; short interval since previous claim; repair shop has an elevated historical investigation rate,REQUEST_DOCUMENTS
INV003459,CL021560,CLOSED,HIGH,multiple previous claims on record,INVESTIGATE_FURTHER
INV003460,CL006543,IN_PROGRESS,MEDIUM,multiple previous claims on record; repair shop has an elevated historical investigation rate,
INV003461,CL019600,CLOSED,MEDIUM,multiple previous claims on record; short interval since previous claim,REQUEST_DOCUMENTS
INV003462,CL023082,IN_PROGRESS,LOW,multiple previous claims on record; short interval since previous claim,
INV003463,CL021985,IN_PROGRESS,LOW,multiple previous claims on record; short interval since previous claim,
INV003464,CL003420,CLOSED,HIGH,claim amount high relative to vehicle value; multiple previous claims on record; short interval since previous claim; repair shop has an elevated historical investigation rate,APPROVE
INV003465,CL022661,IN_PROGRESS,MEDIUM,claim amount high relative to vehicle value; multiple previous claims on record; repair shop has an elevated historical investigation rate,
INV003466,CL026813,CLOSED,MEDIUM,claim amount high relative to vehicle value; multiple previous claims on record,APPROVE
INV003467,CL014895,IN_PROGRESS,MEDIUM,claim amount high relative to vehicle value; multiple previous claims on record; short interval since previous claim,
INV003468,CL026627,CLOSED,HIGH,claim amount high relative to vehicle value; multiple previous claims on record; short interval since previous claim,REQUEST_DOCUMENTS
INV003469,CL018388,CLOSED,MEDIUM,multiple previous claims on record; short interval since previous claim,REQUEST_DOCUMENTS
INV003470,CL022299,CLOSED,MEDIUM,multiple previous claims on record; short interval since previous claim; repair shop has an elevated historical investigation rate,REQUEST_DOCUMENTS
INV003471,CL005128,CLOSED,HIGH,short interval since previous claim,INVESTIGATE_FURTHER
INV003472,CL006418,CLOSED,MEDIUM,multiple previous claims on record,REQUEST_DOCUMENTS
INV003473,CL019322,CLOSED,HIGH,multiple previous claims on record; short interval since previous claim; repair shop has an elevated historical investigation rate,REQUEST_DOCUMENTS
INV003474,CL022314,IN_PROGRESS,LOW,policy created shortly before incident; multiple previous claims on record; short interval since previous claim,
INV003475,CL018312,IN_PROGRESS,MEDIUM,multiple previous claims on record; short interval since previous claim,
INV003476,CL017504,CLOSED,HIGH,claim amount high relative to vehicle value; multiple previous claims on record; short interval since previous claim,REJECT
INV003477,CL013329,CLOSED,MEDIUM,multiple previous claims on record; short interval since previous claim; repair shop has an elevated historical investigation rate,APPROVE
INV003478,CL011907,CLOSED,MEDIUM,multiple previous claims on record,REQUEST_DOCUMENTS
INV003479,CL009439,IN_PROGRESS,HIGH,claim amount high relative to vehicle value; multiple previous claims on record,
INV003480,CL005068,CLOSED,MEDIUM,multiple previous claims on record; short interval since previous claim; repair shop has an elevated historical investigation rate,APPROVE
INV003481,CL019391,CLOSED,MEDIUM,claim amount high relative to vehicle value; multiple previous claims on record; short interval since previous claim; repair shop has an elevated historical investigation rate,REQUEST_DOCUMENTS
INV003482,CL024823,IN_PROGRESS,MEDIUM,claim amount high relative to vehicle value; multiple previous claims on record; repair shop has an elevated historical investigation rate,
INV003483,CL016134,IN_PROGRESS,HIGH,multiple previous claims on record; repair shop has an elevated historical investigation rate,
INV003484,CL027177,CLOSED,LOW,multiple previous claims on record; repair shop has an elevated historical investigation rate,REJECT
INV003485,CL024306,CLOSED,MEDIUM,multiple previous claims on record,REQUEST_DOCUMENTS
INV003486,CL009308,CLOSED,HIGH,multiple previous claims on record; short interval since previous claim,APPROVE
INV003487,CL005201,IN_PROGRESS,HIGH,multiple previous claims on record; short interval since previous claim; repair shop has an elevated historical investigation rate,
INV003488,CL002376,CLOSED,LOW,claim amount high relative to vehicle value; multiple previous claims on record; short interval since previous claim,INVESTIGATE_FURTHER
INV003489,CL028098,CLOSED,HIGH,claim amount high relative to vehicle value; multiple previous claims on record,APPROVE
INV003490,CL010885,IN_PROGRESS,MEDIUM,multiple previous claims on record; short interval since previous claim,
INV003491,CL028237,IN_PROGRESS,LOW,multiple previous claims on record; short interval since previous claim,
INV003492,CL002923,IN_PROGRESS,LOW,multiple previous claims on record; short interval since previous claim,
INV003493,CL013086,IN_PROGRESS,MEDIUM,multiple previous claims on record; short interval since previous claim; repair shop has an elevated historical investigation rate,
INV003494,CL007961,IN_PROGRESS,MEDIUM,multiple previous claims on record; repair shop has an elevated historical investigation rate,
INV003495,CL022577,CLOSED,LOW,multiple previous claims on record; short interval since previous claim,REQUEST_DOCUMENTS
INV003496,CL014470,IN_PROGRESS,LOW,multiple previous claims on record,
INV003497,CL021244,CLOSED,MEDIUM,multiple previous claims on record; repair shop has an elevated historical investigation rate,APPROVE
INV003498,CL016294,CLOSED,MEDIUM,multiple previous claims on record,APPROVE
INV003499,CL003463,CLOSED,LOW,multiple previous claims on record; short interval since previous claim; repair shop has an elevated historical investigation rate,APPROVE
INV003500,CL006462,CLOSED,MEDIUM,multiple previous claims on record,INVESTIGATE_FURTHER
INV003501,CL022747,IN_PROGRESS,MEDIUM,anomalous pattern flagged by risk model,
INV003502,CL021599,CLOSED,LOW,multiple previous claims on record; short interval since previous claim,APPROVE
INV003503,CL011217,CLOSED,MEDIUM,claim amount high relative to vehicle value; short interval since previous claim; repair shop has an elevated historical investigation rate,APPROVE
INV003504,CL018019,CLOSED,MEDIUM,multiple previous claims on record,APPROVE
INV003505,CL027640,IN_PROGRESS,LOW,multiple previous claims on record; repair shop has an elevated historical investigation rate,
INV003506,CL017257,CLOSED,HIGH,multiple previous claims on record; short interval since previous claim,APPROVE
INV003507,CL009674,CLOSED,MEDIUM,multiple previous claims on record; short interval since previous claim,APPROVE
INV003508,CL008210,IN_PROGRESS,MEDIUM,multiple previous claims on record; short interval since previous claim,
INV003509,CL027317,CLOSED,HIGH,claim amount high relative to vehicle value; multiple previous claims on record; short interval since previous claim; repair shop has an elevated historical investigation rate,INVESTIGATE_FURTHER
INV003510,CL026679,IN_PROGRESS,LOW,multiple previous claims on record; short interval since previous claim,
INV003511,CL006512,IN_PROGRESS,MEDIUM,claim amount high relative to vehicle value; multiple previous claims on record; short interval since previous claim,
INV003512,CL021646,CLOSED,MEDIUM,claim amount high relative to vehicle value; multiple previous claims on record; short interval since previous claim; repair shop has an elevated historical investigation rate,APPROVE
INV003513,CL007199,CLOSED,MEDIUM,multiple previous claims on record; short interval since previous claim,REQUEST_DOCUMENTS
INV003514,CL013908,IN_PROGRESS,MEDIUM,claim amount high relative to vehicle value; multiple previous claims on record; short interval since previous claim,
INV003515,CL006619,CLOSED,MEDIUM,multiple previous claims on record; short interval since previous claim,APPROVE
INV003516,CL024996,IN_PROGRESS,MEDIUM,multiple previous claims on record; short interval since previous claim,
INV003517,CL023139,IN_PROGRESS,MEDIUM,multiple previous claims on record,
INV003518,CL001731,CLOSED,MEDIUM,multiple previous claims on record; short interval since previous claim; repair shop has an elevated historical investigation rate,APPROVE
INV003519,CL013716,CLOSED,MEDIUM,anomalous pattern flagged by risk model,REQUEST_DOCUMENTS
INV003520,CL008059,CLOSED,HIGH,claim amount high relative to vehicle value; multiple previous claims on record; repair shop has an elevated historical investigation rate,APPROVE
INV003521,CL010725,IN_PROGRESS,HIGH,multiple previous claims on record; short interval since previous claim,
INV003522,CL016141,IN_PROGRESS,MEDIUM,claim amount high relative to vehicle value; multiple previous claims on record; short interval since previous claim,
INV003523,CL006359,CLOSED,LOW,multiple previous claims on record; short interval since previous claim; repair shop has an elevated historical investigation rate,APPROVE
INV003524,CL014907,CLOSED,LOW,multiple previous claims on record,APPROVE
INV003525,CL013648,CLOSED,LOW,multiple previous claims on record,APPROVE
INV003526,CL023852,CLOSED,MEDIUM,multiple previous claims on record; repair shop has an elevated historical investigation rate,REQUEST_DOCUMENTS
INV003527,CL022331,CLOSED,HIGH,claim amount high relative to vehicle value; multiple previous claims on record; short interval since previous claim,APPROVE
INV003528,CL005953,IN_PROGRESS,MEDIUM,claim amount high relative to vehicle value; short interval since previous claim,
INV003529,CL007976,IN_PROGRESS,MEDIUM,multiple previous claims on record,
INV003530,CL024297,CLOSED,HIGH,claim amount high relative to vehicle value; multiple previous claims on record; short interval since previous claim,APPROVE
INV003531,CL012835,CLOSED,HIGH,multiple previous claims on record; short interval since previous claim,REQUEST_DOCUMENTS
INV003532,CL007158,IN_PROGRESS,MEDIUM,policy created shortly before incident; multiple previous claims on record,
INV003533,CL017633,CLOSED,MEDIUM,multiple previous claims on record,REQUEST_DOCUMENTS
INV003534,CL015851,CLOSED,HIGH,policy created shortly before incident; multiple previous claims on record; short interval since previous claim,APPROVE
INV003535,CL012217,IN_PROGRESS,MEDIUM,policy created shortly before incident; multiple previous claims on record; short interval since previous claim; repair shop has an elevated historical investigation rate,
INV003536,CL012015,CLOSED,MEDIUM,multiple previous claims on record; repair shop has an elevated historical investigation rate,REQUEST_DOCUMENTS
INV003537,CL003139,IN_PROGRESS,MEDIUM,multiple previous claims on record; short interval since previous claim,
INV003538,CL018238,CLOSED,HIGH,policy created shortly before incident; multiple previous claims on record; short interval since previous claim; repair shop has an elevated historical investigation rate,REQUEST_DOCUMENTS
INV003539,CL010689,CLOSED,HIGH,multiple previous claims on record; short interval since previous claim,INVESTIGATE_FURTHER
INV003540,CL023014,CLOSED,HIGH,multiple previous claims on record; short interval since previous claim; repair shop has an elevated historical investigation rate,REJECT
INV003541,CL010441,CLOSED,LOW,claim amount high relative to vehicle value; short interval since previous claim,APPROVE
INV003542,CL005170,CLOSED,HIGH,policy created shortly before incident; multiple previous claims on record; short interval since previous claim,APPROVE
INV003543,CL021752,CLOSED,MEDIUM,multiple previous claims on record; short interval since previous claim; repair shop has an elevated historical investigation rate,APPROVE
INV003544,CL000915,IN_PROGRESS,LOW,repair shop has an elevated historical investigation rate,
INV003545,CL024662,CLOSED,LOW,multiple previous claims on record; short interval since previous claim,APPROVE
INV003546,CL000794,CLOSED,MEDIUM,multiple previous claims on record; short interval since previous claim; repair shop has an elevated historical investigation rate,APPROVE
INV003547,CL013803,IN_PROGRESS,LOW,claim amount high relative to vehicle value; multiple previous claims on record,
INV003548,CL026401,CLOSED,MEDIUM,multiple previous claims on record; short interval since previous claim,APPROVE
INV003549,CL022281,IN_PROGRESS,LOW,multiple previous claims on record; short interval since previous claim,
INV003550,CL021469,CLOSED,HIGH,multiple previous claims on record; short interval since previous claim,REQUEST_DOCUMENTS
INV003551,CL016221,CLOSED,MEDIUM,claim amount high relative to vehicle value; multiple previous claims on record; short interval since previous claim,INVESTIGATE_FURTHER
INV003552,CL006234,CLOSED,MEDIUM,policy created shortly before incident,APPROVE
INV003553,CL020346,CLOSED,HIGH,multiple previous claims on record; repair shop has an elevated historical investigation rate,INVESTIGATE_FURTHER
INV003554,CL014923,IN_PROGRESS,LOW,multiple previous claims on record; short interval since previous claim; repair shop has an elevated historical investigation rate,
INV003555,CL027961,CLOSED,LOW,claim amount high relative to vehicle value; multiple previous claims on record; repair shop has an elevated historical investigation rate,APPROVE
INV003556,CL002981,CLOSED,MEDIUM,multiple previous claims on record; repair shop has an elevated historical investigation rate,INVESTIGATE_FURTHER
INV003557,CL007244,CLOSED,MEDIUM,multiple previous claims on record; short interval since previous claim,REJECT
INV003558,CL019814,CLOSED,MEDIUM,claim amount high relative to vehicle value; multiple previous claims on record; short interval since previous claim,INVESTIGATE_FURTHER
INV003559,CL007442,CLOSED,MEDIUM,claim amount high relative to vehicle value; multiple previous claims on record; short interval since previous claim; repair shop has an elevated historical investigation rate,APPROVE
INV003560,CL026089,CLOSED,LOW,multiple previous claims on record; short interval since previous claim,REQUEST_DOCUMENTS
INV003561,CL009179,IN_PROGRESS,MEDIUM,multiple previous claims on record; short interval since previous claim; repair shop has an elevated historical investigation rate,
INV003562,CL013649,CLOSED,HIGH,multiple previous claims on record; short interval since previous claim; repair shop has an elevated historical investigation rate,INVESTIGATE_FURTHER
INV003563,CL023724,IN_PROGRESS,LOW,policy created shortly before incident; claim amount high relative to vehicle value; multiple previous claims on record,
INV003564,CL000236,CLOSED,LOW,multiple previous claims on record; short interval since previous claim,APPROVE
INV003565,CL010321,IN_PROGRESS,HIGH,multiple previous claims on record; short interval since previous claim,
INV003566,CL018721,IN_PROGRESS,HIGH,claim amount high relative to vehicle value; multiple previous claims on record; short interval since previous claim,
INV003567,CL015993,CLOSED,MEDIUM,multiple previous claims on record; short interval since previous claim,APPROVE
INV003568,CL013834,CLOSED,MEDIUM,multiple previous claims on record,APPROVE
INV003569,CL013361,CLOSED,MEDIUM,multiple previous claims on record; short interval since previous claim,APPROVE
INV003570,CL006155,IN_PROGRESS,HIGH,policy created shortly before incident; multiple previous claims on record; short interval since previous claim,
INV003571,CL029093,CLOSED,LOW,policy created shortly before incident; multiple previous claims on record; repair shop has an elevated historical investigation rate,INVESTIGATE_FURTHER
INV003572,CL025878,IN_PROGRESS,MEDIUM,multiple previous claims on record; short interval since previous claim; repair shop has an elevated historical investigation rate,
INV003573,CL012567,CLOSED,HIGH,multiple previous claims on record; repair shop has an elevated historical investigation rate,REJECT
INV003574,CL020307,IN_PROGRESS,MEDIUM,multiple previous claims on record,
INV003575,CL024959,CLOSED,MEDIUM,multiple previous claims on record; short interval since previous claim,INVESTIGATE_FURTHER
INV003576,CL022571,IN_PROGRESS,LOW,multiple previous claims on record; short interval since previous claim,
INV003577,CL004506,CLOSED,MEDIUM,multiple previous claims on record; repair shop has an elevated historical investigation rate,INVESTIGATE_FURTHER
INV003578,CL029003,CLOSED,MEDIUM,multiple previous claims on record; repair shop has an elevated historical investigation rate,APPROVE
INV003579,CL001139,IN_PROGRESS,HIGH,multiple previous claims on record,
INV003580,CL018971,IN_PROGRESS,LOW,claim amount high relative to vehicle value; multiple previous claims on record; short interval since previous claim,
INV003581,CL001306,IN_PROGRESS,MEDIUM,multiple previous claims on record,
INV003582,CL014000,CLOSED,HIGH,multiple previous claims on record; short interval since previous claim,APPROVE
INV003583,CL006069,CLOSED,HIGH,multiple previous claims on record; short interval since previous claim,APPROVE
INV003584,CL001129,CLOSED,MEDIUM,policy created shortly before incident,REQUEST_DOCUMENTS
INV003585,CL003588,IN_PROGRESS,MEDIUM,multiple previous claims on record; short interval since previous claim; repair shop has an elevated historical investigation rate,
INV003586,CL027163,CLOSED,MEDIUM,multiple previous claims on record,REJECT
INV003587,CL001600,CLOSED,MEDIUM,multiple previous claims on record; short interval since previous claim; repair shop has an elevated historical investigation rate,REJECT
INV003588,CL015051,IN_PROGRESS,MEDIUM,multiple previous claims on record,
INV003589,CL023716,IN_PROGRESS,MEDIUM,policy created shortly before incident; multiple previous claims on record; short interval since previous claim,
INV003590,CL012537,CLOSED,HIGH,claim amount high relative to vehicle value; multiple previous claims on record; short interval since previous claim,APPROVE
INV003591,CL019940,IN_PROGRESS,MEDIUM,multiple previous claims on record; short interval since previous claim,
INV003592,CL005626,CLOSED,MEDIUM,policy created shortly before incident; multiple previous claims on record; short interval since previous claim,REQUEST_DOCUMENTS
INV003593,CL023457,CLOSED,HIGH,short interval since previous claim; repair shop has an elevated historical investigation rate,REQUEST_DOCUMENTS
INV003594,CL006540,CLOSED,HIGH,claim amount high relative to vehicle value; repair shop has an elevated historical investigation rate,APPROVE
INV003595,CL019626,CLOSED,HIGH,policy created shortly before incident; multiple previous claims on record; short interval since previous claim; repair shop has an elevated historical investigation rate,INVESTIGATE_FURTHER
INV003596,CL000005,CLOSED,LOW,claim amount high relative to vehicle value; multiple previous claims on record; short interval since previous claim,APPROVE
INV003597,CL020782,IN_PROGRESS,HIGH,multiple previous claims on record; short interval since previous claim,
INV003598,CL015128,IN_PROGRESS,MEDIUM,multiple previous claims on record,
INV003599,CL025921,IN_PROGRESS,MEDIUM,multiple previous claims on record; short interval since previous claim,
INV003600,CL029981,CLOSED,HIGH,multiple previous claims on record,REQUEST_DOCUMENTS
INV003601,CL019117,CLOSED,HIGH,multiple previous claims on record; short interval since previous claim; repair shop has an elevated historical investigation rate,REQUEST_DOCUMENTS
INV003602,CL021645,IN_PROGRESS,MEDIUM,claim amount high relative to vehicle value; multiple previous claims on record; repair shop has an elevated historical investigation rate,
INV003603,CL018749,CLOSED,MEDIUM,multiple previous claims on record; short interval since previous claim; repair shop has an elevated historical investigation rate,INVESTIGATE_FURTHER
INV003604,CL011549,CLOSED,LOW,multiple previous claims on record; short interval since previous claim,APPROVE
INV003605,CL026730,IN_PROGRESS,LOW,multiple previous claims on record; repair shop has an elevated historical investigation rate,
INV003606,CL015686,IN_PROGRESS,MEDIUM,multiple previous claims on record,
INV003607,CL012087,CLOSED,MEDIUM,multiple previous claims on record; short interval since previous claim,INVESTIGATE_FURTHER
INV003608,CL007743,IN_PROGRESS,MEDIUM,claim amount high relative to vehicle value; multiple previous claims on record; short interval since previous claim,
INV003609,CL023982,CLOSED,HIGH,multiple previous claims on record; short interval since previous claim,INVESTIGATE_FURTHER
INV003610,CL012689,IN_PROGRESS,HIGH,multiple previous claims on record; short interval since previous claim; repair shop has an elevated historical investigation rate,
INV003611,CL002260,IN_PROGRESS,MEDIUM,multiple previous claims on record; short interval since previous claim; repair shop has an elevated historical investigation rate,
INV003612,CL003326,IN_PROGRESS,MEDIUM,claim amount high relative to vehicle value; multiple previous claims on record; short interval since previous claim,
INV003613,CL014790,CLOSED,MEDIUM,multiple previous claims on record; repair shop has an elevated historical investigation rate,APPROVE
INV003614,CL025471,CLOSED,HIGH,multiple previous claims on record; short interval since previous claim,APPROVE
INV003615,CL021554,CLOSED,HIGH,claim amount high relative to vehicle value; short interval since previous claim,APPROVE
INV003616,CL028889,CLOSED,HIGH,multiple previous claims on record,REQUEST_DOCUMENTS
INV003617,CL013509,CLOSED,HIGH,policy created shortly before incident; multiple previous claims on record,INVESTIGATE_FURTHER
INV003618,CL001758,CLOSED,MEDIUM,claim amount high relative to vehicle value; multiple previous claims on record; short interval since previous claim,APPROVE
INV003619,CL008863,CLOSED,HIGH,multiple previous claims on record; short interval since previous claim; repair shop has an elevated historical investigation rate,REQUEST_DOCUMENTS
INV003620,CL011075,CLOSED,LOW,multiple previous claims on record; short interval since previous claim,APPROVE
INV003621,CL016851,CLOSED,HIGH,multiple previous claims on record; short interval since previous claim,REQUEST_DOCUMENTS
INV003622,CL014637,CLOSED,MEDIUM,policy created shortly before incident; short interval since previous claim,INVESTIGATE_FURTHER
INV003623,CL027061,CLOSED,HIGH,multiple previous claims on record; short interval since previous claim,REQUEST_DOCUMENTS
INV003624,CL014957,CLOSED,LOW,claim amount high relative to vehicle value; multiple previous claims on record; short interval since previous claim,APPROVE
INV003625,CL009409,IN_PROGRESS,MEDIUM,multiple previous claims on record; short interval since previous claim; repair shop has an elevated historical investigation rate,
INV003626,CL026505,CLOSED,MEDIUM,multiple previous claims on record; repair shop has an elevated historical investigation rate,INVESTIGATE_FURTHER
INV003627,CL019415,CLOSED,MEDIUM,claim amount high relative to vehicle value,REJECT
INV003628,CL011987,CLOSED,LOW,multiple previous claims on record,APPROVE
INV003629,CL024499,CLOSED,MEDIUM,claim amount high relative to vehicle value; multiple previous claims on record,APPROVE
INV003630,CL007332,CLOSED,MEDIUM,multiple previous claims on record; repair shop has an elevated historical investigation rate,APPROVE
INV003631,CL000491,CLOSED,HIGH,multiple previous claims on record; short interval since previous claim; repair shop has an elevated historical investigation rate,REJECT
INV003632,CL028498,CLOSED,MEDIUM,claim amount high relative to vehicle value; multiple previous claims on record; short interval since previous claim; repair shop has an elevated historical investigation rate,REQUEST_DOCUMENTS
INV003633,CL001569,CLOSED,MEDIUM,claim amount high relative to vehicle value; multiple previous claims on record; short interval since previous claim,INVESTIGATE_FURTHER
INV003634,CL015927,CLOSED,MEDIUM,policy created shortly before incident; claim amount high relative to vehicle value; multiple previous claims on record,INVESTIGATE_FURTHER
INV003635,CL026308,CLOSED,MEDIUM,multiple previous claims on record; repair shop has an elevated historical investigation rate,INVESTIGATE_FURTHER
INV003636,CL010616,IN_PROGRESS,MEDIUM,claim amount high relative to vehicle value; multiple previous claims on record,
INV003637,CL013030,CLOSED,LOW,claim amount high relative to vehicle value; multiple previous claims on record; short interval since previous claim,REQUEST_DOCUMENTS
INV003638,CL020368,CLOSED,MEDIUM,multiple previous claims on record; repair shop has an elevated historical investigation rate,REQUEST_DOCUMENTS
INV003639,CL023073,IN_PROGRESS,MEDIUM,claim amount high relative to vehicle value; multiple previous claims on record; repair shop has an elevated historical investigation rate,
INV003640,CL017899,IN_PROGRESS,MEDIUM,multiple previous claims on record; short interval since previous claim; repair shop has an elevated historical investigation rate,
INV003641,CL009907,CLOSED,MEDIUM,multiple previous claims on record; repair shop has an elevated historical investigation rate,REQUEST_DOCUMENTS
INV003642,CL028930,CLOSED,MEDIUM,multiple previous claims on record; repair shop has an elevated historical investigation rate,REQUEST_DOCUMENTS
INV003643,CL009448,CLOSED,HIGH,claim amount high relative to vehicle value; multiple previous claims on record,APPROVE
INV003644,CL019910,CLOSED,LOW,multiple previous claims on record; short interval since previous claim,APPROVE
INV003645,CL013915,IN_PROGRESS,HIGH,claim amount high relative to vehicle value; multiple previous claims on record; short interval since previous claim; repair shop has an elevated historical investigation rate,
INV003646,CL015450,IN_PROGRESS,LOW,policy created shortly before incident; multiple previous claims on record; short interval since previous claim,
INV003647,CL021922,IN_PROGRESS,MEDIUM,multiple previous claims on record; short interval since previous claim; repair shop has an elevated historical investigation rate,
INV003648,CL020843,CLOSED,HIGH,multiple previous claims on record; short interval since previous claim,REQUEST_DOCUMENTS
INV003649,CL010172,CLOSED,LOW,multiple previous claims on record; short interval since previous claim,APPROVE
INV003650,CL021744,IN_PROGRESS,LOW,claim amount high relative to vehicle value; multiple previous claims on record; short interval since previous claim; repair shop has an elevated historical investigation rate,
INV003651,CL012694,IN_PROGRESS,LOW,multiple previous claims on record,
INV003652,CL021248,CLOSED,LOW,multiple previous claims on record; short interval since previous claim,APPROVE
INV003653,CL003247,IN_PROGRESS,MEDIUM,anomalous pattern flagged by risk model,
INV003654,CL021812,CLOSED,MEDIUM,multiple previous claims on record; short interval since previous claim; repair shop has an elevated historical investigation rate,INVESTIGATE_FURTHER
INV003655,CL027552,CLOSED,MEDIUM,policy created shortly before incident; multiple previous claims on record,INVESTIGATE_FURTHER
INV003656,CL002244,CLOSED,MEDIUM,multiple previous claims on record,REQUEST_DOCUMENTS
INV003657,CL004605,CLOSED,LOW,multiple previous claims on record,APPROVE
INV003658,CL027824,CLOSED,MEDIUM,claim amount high relative to vehicle value; multiple previous claims on record; short interval since previous claim,APPROVE
INV003659,CL002638,CLOSED,HIGH,claim amount high relative to vehicle value; multiple previous claims on record,INVESTIGATE_FURTHER
INV003660,CL011527,CLOSED,MEDIUM,claim amount high relative to vehicle value; multiple previous claims on record; short interval since previous claim,APPROVE
INV003661,CL005493,IN_PROGRESS,MEDIUM,claim amount high relative to vehicle value; multiple previous claims on record; short interval since previous claim,
INV003662,CL001678,IN_PROGRESS,HIGH,multiple previous claims on record; repair shop has an elevated historical investigation rate,
INV003663,CL005347,CLOSED,LOW,multiple previous claims on record; short interval since previous claim,APPROVE
INV003664,CL008251,CLOSED,HIGH,policy created shortly before incident; claim amount high relative to vehicle value; multiple previous claims on record; short interval since previous claim; repair shop has an elevated historical investigation rate,REJECT
INV003665,CL006339,CLOSED,HIGH,multiple previous claims on record; short interval since previous claim; repair shop has an elevated historical investigation rate,REQUEST_DOCUMENTS
INV003666,CL022249,CLOSED,MEDIUM,multiple previous claims on record; short interval since previous claim,APPROVE
INV003667,CL003841,CLOSED,MEDIUM,multiple previous claims on record; short interval since previous claim; repair shop has an elevated historical investigation rate,INVESTIGATE_FURTHER
INV003668,CL029797,CLOSED,MEDIUM,policy created shortly before incident; multiple previous claims on record; short interval since previous claim; repair shop has an elevated historical investigation rate,APPROVE
INV003669,CL000271,CLOSED,HIGH,repair shop has an elevated historical investigation rate,APPROVE
INV003670,CL026127,CLOSED,MEDIUM,claim amount high relative to vehicle value; multiple previous claims on record,REQUEST_DOCUMENTS
INV003671,CL000104,IN_PROGRESS,HIGH,repair shop has an elevated historical investigation rate,
INV003672,CL016895,CLOSED,LOW,claim amount high relative to vehicle value; multiple previous claims on record,APPROVE
INV003673,CL017740,IN_PROGRESS,HIGH,multiple previous claims on record; short interval since previous claim,
INV003674,CL013038,IN_PROGRESS,MEDIUM,multiple previous claims on record; repair shop has an elevated historical investigation rate,
INV003675,CL029041,CLOSED,LOW,claim amount high relative to vehicle value; multiple previous claims on record; short interval since previous claim,INVESTIGATE_FURTHER
INV003676,CL009064,IN_PROGRESS,MEDIUM,multiple previous claims on record; short interval since previous claim,
INV003677,CL019204,CLOSED,HIGH,claim amount high relative to vehicle value; repair shop has an elevated historical investigation rate,APPROVE
INV003678,CL001494,IN_PROGRESS,HIGH,policy created shortly before incident; claim amount high relative to vehicle value; multiple previous claims on record; short interval since previous claim,
INV003679,CL004262,CLOSED,HIGH,multiple previous claims on record; short interval since previous claim,APPROVE
INV003680,CL018574,IN_PROGRESS,MEDIUM,multiple previous claims on record; short interval since previous claim; repair shop has an elevated historical investigation rate,
INV003681,CL017354,CLOSED,HIGH,policy created shortly before incident; multiple previous claims on record; short interval since previous claim,APPROVE
INV003682,CL007102,CLOSED,MEDIUM,claim amount high relative to vehicle value; multiple previous claims on record; short interval since previous claim,REQUEST_DOCUMENTS
INV003683,CL009387,CLOSED,HIGH,multiple previous claims on record; short interval since previous claim,REQUEST_DOCUMENTS
INV003684,CL027857,CLOSED,HIGH,policy created shortly before incident; multiple previous claims on record; short interval since previous claim,INVESTIGATE_FURTHER
INV003685,CL006722,CLOSED,MEDIUM,policy created shortly before incident; multiple previous claims on record; short interval since previous claim; repair shop has an elevated historical investigation rate,REQUEST_DOCUMENTS
INV003686,CL015307,IN_PROGRESS,HIGH,multiple previous claims on record,
INV003687,CL022188,IN_PROGRESS,HIGH,multiple previous claims on record; short interval since previous claim; repair shop has an elevated historical investigation rate,
INV003688,CL020701,CLOSED,MEDIUM,claim amount high relative to vehicle value; multiple previous claims on record; short interval since previous claim; repair shop has an elevated historical investigation rate,APPROVE
INV003689,CL025523,CLOSED,MEDIUM,repair shop has an elevated historical investigation rate,REJECT
INV003690,CL014110,CLOSED,HIGH,multiple previous claims on record; short interval since previous claim,INVESTIGATE_FURTHER
INV003691,CL024833,IN_PROGRESS,MEDIUM,multiple previous claims on record; repair shop has an elevated historical investigation rate,
INV003692,CL010653,CLOSED,HIGH,short interval since previous claim,REQUEST_DOCUMENTS
INV003693,CL003763,CLOSED,MEDIUM,claim amount high relative to vehicle value; multiple previous claims on record; short interval since previous claim; repair shop has an elevated historical investigation rate,APPROVE
INV003694,CL019136,IN_PROGRESS,MEDIUM,multiple previous claims on record; short interval since previous claim; repair shop has an elevated historical investigation rate,
INV003695,CL020976,IN_PROGRESS,LOW,claim amount high relative to vehicle value; multiple previous claims on record,
INV003696,CL009390,IN_PROGRESS,HIGH,multiple previous claims on record,
INV003697,CL014037,IN_PROGRESS,MEDIUM,claim amount high relative to vehicle value; multiple previous claims on record,
INV003698,CL025804,CLOSED,MEDIUM,multiple previous claims on record; short interval since previous claim,APPROVE
INV003699,CL021946,CLOSED,MEDIUM,policy created shortly before incident; multiple previous claims on record; short interval since previous claim,APPROVE
INV003700,CL026699,IN_PROGRESS,LOW,claim amount high relative to vehicle value; multiple previous claims on record; short interval since previous claim,
INV003701,CL002544,CLOSED,MEDIUM,multiple previous claims on record; short interval since previous claim,REQUEST_DOCUMENTS
INV003702,CL008701,CLOSED,MEDIUM,claim amount high relative to vehicle value; multiple previous claims on record; repair shop has an elevated historical investigation rate,REQUEST_DOCUMENTS
INV003703,CL005234,CLOSED,MEDIUM,multiple previous claims on record; short interval since previous claim,APPROVE
INV003704,CL029641,IN_PROGRESS,HIGH,multiple previous claims on record; repair shop has an elevated historical investigation rate,
INV003705,CL029019,IN_PROGRESS,MEDIUM,claim amount high relative to vehicle value; multiple previous claims on record; short interval since previous claim,
INV003706,CL023296,IN_PROGRESS,MEDIUM,multiple previous claims on record; short interval since previous claim,
INV003707,CL018080,IN_PROGRESS,HIGH,multiple previous claims on record,
INV003708,CL026680,CLOSED,MEDIUM,claim amount high relative to vehicle value,REQUEST_DOCUMENTS
INV003709,CL019918,CLOSED,HIGH,multiple previous claims on record; repair shop has an elevated historical investigation rate,INVESTIGATE_FURTHER
INV003710,CL009604,CLOSED,HIGH,multiple previous claims on record; short interval since previous claim; repair shop has an elevated historical investigation rate,APPROVE
INV003711,CL020589,CLOSED,HIGH,policy created shortly before incident,APPROVE
INV003712,CL008114,CLOSED,MEDIUM,multiple previous claims on record; short interval since previous claim,REJECT
INV003713,CL025731,CLOSED,MEDIUM,claim amount high relative to vehicle value; multiple previous claims on record; short interval since previous claim,REQUEST_DOCUMENTS
INV003714,CL027439,IN_PROGRESS,MEDIUM,claim amount high relative to vehicle value; multiple previous claims on record; short interval since previous claim,
INV003715,CL023729,CLOSED,HIGH,policy created shortly before incident; multiple previous claims on record; short interval since previous claim; repair shop has an elevated historical investigation rate,INVESTIGATE_FURTHER
INV003716,CL015980,CLOSED,MEDIUM,claim amount high relative to vehicle value; multiple previous claims on record,REQUEST_DOCUMENTS
INV003717,CL000840,CLOSED,MEDIUM,claim amount high relative to vehicle value; multiple previous claims on record; short interval since previous claim,REQUEST_DOCUMENTS
INV003718,CL024414,CLOSED,MEDIUM,claim amount high relative to vehicle value; multiple previous claims on record; short interval since previous claim,APPROVE
INV003719,CL017323,IN_PROGRESS,LOW,claim amount high relative to vehicle value; multiple previous claims on record; short interval since previous claim; repair shop has an elevated historical investigation rate,
INV003720,CL006869,IN_PROGRESS,LOW,multiple previous claims on record,
INV003721,CL025116,CLOSED,HIGH,multiple previous claims on record; short interval since previous claim,INVESTIGATE_FURTHER
INV003722,CL000857,IN_PROGRESS,HIGH,multiple previous claims on record; short interval since previous claim; repair shop has an elevated historical investigation rate,
INV003723,CL010144,CLOSED,LOW,claim amount high relative to vehicle value; multiple previous claims on record,APPROVE
INV003724,CL000458,CLOSED,LOW,multiple previous claims on record; repair shop has an elevated historical investigation rate,APPROVE
INV003725,CL006923,IN_PROGRESS,MEDIUM,claim amount high relative to vehicle value; multiple previous claims on record,
INV003726,CL011671,IN_PROGRESS,HIGH,multiple previous claims on record; short interval since previous claim,
INV003727,CL023865,CLOSED,LOW,claim amount high relative to vehicle value; multiple previous claims on record; short interval since previous claim,APPROVE
INV003728,CL015477,IN_PROGRESS,HIGH,multiple previous claims on record; short interval since previous claim,
INV003729,CL003779,IN_PROGRESS,MEDIUM,claim amount high relative to vehicle value; multiple previous claims on record,
INV003730,CL012601,IN_PROGRESS,MEDIUM,multiple previous claims on record; short interval since previous claim,
INV003731,CL004359,CLOSED,MEDIUM,multiple previous claims on record; short interval since previous claim; repair shop has an elevated historical investigation rate,REQUEST_DOCUMENTS
INV003732,CL017465,IN_PROGRESS,MEDIUM,multiple previous claims on record; short interval since previous claim; repair shop has an elevated historical investigation rate,
INV003733,CL025331,CLOSED,LOW,multiple previous claims on record,APPROVE
INV003734,CL021458,CLOSED,HIGH,multiple previous claims on record; short interval since previous claim,APPROVE
INV003735,CL005394,CLOSED,LOW,claim amount high relative to vehicle value; multiple previous claims on record; short interval since previous claim; repair shop has an elevated historical investigation rate,INVESTIGATE_FURTHER
INV003736,CL009582,CLOSED,HIGH,claim amount high relative to vehicle value; multiple previous claims on record; short interval since previous claim; repair shop has an elevated historical investigation rate,INVESTIGATE_FURTHER
INV003737,CL017593,CLOSED,MEDIUM,multiple previous claims on record; short interval since previous claim,INVESTIGATE_FURTHER
INV003738,CL018788,CLOSED,LOW,multiple previous claims on record; repair shop has an elevated historical investigation rate,REJECT
INV003739,CL009073,CLOSED,HIGH,multiple previous claims on record; repair shop has an elevated historical investigation rate,REQUEST_DOCUMENTS
INV003740,CL013403,CLOSED,MEDIUM,multiple previous claims on record; short interval since previous claim,APPROVE
INV003741,CL010790,IN_PROGRESS,MEDIUM,multiple previous claims on record; repair shop has an elevated historical investigation rate,
INV003742,CL014839,IN_PROGRESS,HIGH,multiple previous claims on record; repair shop has an elevated historical investigation rate,
INV003743,CL002925,CLOSED,MEDIUM,multiple previous claims on record; short interval since previous claim; repair shop has an elevated historical investigation rate,INVESTIGATE_FURTHER
INV003744,CL005210,CLOSED,MEDIUM,multiple previous claims on record; short interval since previous claim,APPROVE
INV003745,CL014807,IN_PROGRESS,LOW,multiple previous claims on record,
INV003746,CL008452,CLOSED,MEDIUM,claim amount high relative to vehicle value; multiple previous claims on record; repair shop has an elevated historical investigation rate,INVESTIGATE_FURTHER
INV003747,CL017898,CLOSED,MEDIUM,claim amount high relative to vehicle value; multiple previous claims on record; short interval since previous claim,INVESTIGATE_FURTHER
INV003748,CL017024,CLOSED,LOW,claim amount high relative to vehicle value; multiple previous claims on record; short interval since previous claim,INVESTIGATE_FURTHER
INV003749,CL025379,CLOSED,LOW,claim amount high relative to vehicle value; short interval since previous claim,APPROVE
INV003750,CL014536,CLOSED,HIGH,multiple previous claims on record; short interval since previous claim,APPROVE
INV003751,CL013778,CLOSED,MEDIUM,multiple previous claims on record; short interval since previous claim,APPROVE
INV003752,CL017534,CLOSED,MEDIUM,multiple previous claims on record; repair shop has an elevated historical investigation rate,INVESTIGATE_FURTHER
INV003753,CL016969,CLOSED,MEDIUM,multiple previous claims on record,APPROVE
INV003754,CL020513,IN_PROGRESS,HIGH,multiple previous claims on record,
INV003755,CL028533,CLOSED,MEDIUM,multiple previous claims on record; short interval since previous claim; repair shop has an elevated historical investigation rate,INVESTIGATE_FURTHER
INV003756,CL007001,IN_PROGRESS,LOW,multiple previous claims on record; short interval since previous claim,
INV003757,CL001941,IN_PROGRESS,MEDIUM,multiple previous claims on record; short interval since previous claim,
INV003758,CL023532,IN_PROGRESS,HIGH,multiple previous claims on record; short interval since previous claim; repair shop has an elevated historical investigation rate,
INV003759,CL009551,CLOSED,HIGH,multiple previous claims on record; short interval since previous claim; repair shop has an elevated historical investigation rate,REQUEST_DOCUMENTS
INV003760,CL007261,IN_PROGRESS,LOW,multiple previous claims on record; short interval since previous claim,
INV003761,CL006742,IN_PROGRESS,HIGH,multiple previous claims on record; repair shop has an elevated historical investigation rate,
INV003762,CL020010,IN_PROGRESS,HIGH,multiple previous claims on record; short interval since previous claim,
INV003763,CL011986,IN_PROGRESS,MEDIUM,claim amount high relative to vehicle value; multiple previous claims on record; short interval since previous claim,
INV003764,CL028597,IN_PROGRESS,MEDIUM,policy created shortly before incident; multiple previous claims on record; short interval since previous claim; repair shop has an elevated historical investigation rate,
INV003765,CL013855,CLOSED,MEDIUM,multiple previous claims on record; short interval since previous claim,INVESTIGATE_FURTHER
INV003766,CL025997,CLOSED,LOW,multiple previous claims on record; short interval since previous claim,REQUEST_DOCUMENTS
INV003767,CL007123,CLOSED,HIGH,multiple previous claims on record; short interval since previous claim,REJECT
INV003768,CL027278,CLOSED,LOW,multiple previous claims on record; short interval since previous claim; repair shop has an elevated historical investigation rate,REQUEST_DOCUMENTS
INV003769,CL003508,CLOSED,LOW,multiple previous claims on record; short interval since previous claim,REJECT
INV003770,CL028809,CLOSED,MEDIUM,multiple previous claims on record; short interval since previous claim,APPROVE
INV003771,CL008223,CLOSED,MEDIUM,multiple previous claims on record; short interval since previous claim,APPROVE
INV003772,CL024308,IN_PROGRESS,MEDIUM,multiple previous claims on record; short interval since previous claim; repair shop has an elevated historical investigation rate,
INV003773,CL011913,CLOSED,LOW,short interval since previous claim; repair shop has an elevated historical investigation rate,REJECT
INV003774,CL006098,CLOSED,HIGH,multiple previous claims on record; repair shop has an elevated historical investigation rate,APPROVE
INV003775,CL011605,CLOSED,HIGH,multiple previous claims on record,INVESTIGATE_FURTHER
INV003776,CL001878,IN_PROGRESS,MEDIUM,multiple previous claims on record; short interval since previous claim; repair shop has an elevated historical investigation rate,
INV003777,CL010117,CLOSED,HIGH,multiple previous claims on record; short interval since previous claim,APPROVE
INV003778,CL003689,IN_PROGRESS,MEDIUM,multiple previous claims on record; short interval since previous claim,
INV003779,CL018448,IN_PROGRESS,MEDIUM,multiple previous claims on record; short interval since previous claim; repair shop has an elevated historical investigation rate,
INV003780,CL007058,IN_PROGRESS,HIGH,multiple previous claims on record; short interval since previous claim,
INV003781,CL022063,IN_PROGRESS,MEDIUM,multiple previous claims on record; short interval since previous claim; repair shop has an elevated historical investigation rate,
INV003782,CL017634,CLOSED,MEDIUM,claim amount high relative to vehicle value; multiple previous claims on record; short interval since previous claim; repair shop has an elevated historical investigation rate,INVESTIGATE_FURTHER
INV003783,CL027649,CLOSED,LOW,claim amount high relative to vehicle value; multiple previous claims on record; short interval since previous claim; repair shop has an elevated historical investigation rate,APPROVE
INV003784,CL026565,IN_PROGRESS,MEDIUM,anomalous pattern flagged by risk model,
INV003785,CL009151,IN_PROGRESS,LOW,multiple previous claims on record; short interval since previous claim; repair shop has an elevated historical investigation rate,
INV003786,CL013626,CLOSED,MEDIUM,multiple previous claims on record; short interval since previous claim,APPROVE
INV003787,CL027421,IN_PROGRESS,HIGH,claim amount high relative to vehicle value; multiple previous claims on record; short interval since previous claim,
INV003788,CL006711,CLOSED,MEDIUM,multiple previous claims on record,APPROVE
INV003789,CL015284,IN_PROGRESS,HIGH,multiple previous claims on record; short interval since previous claim; repair shop has an elevated historical investigation rate,
INV003790,CL012991,IN_PROGRESS,HIGH,multiple previous claims on record,
INV003791,CL016962,IN_PROGRESS,MEDIUM,claim amount high relative to vehicle value; multiple previous claims on record,
INV003792,CL012757,CLOSED,HIGH,multiple previous claims on record; repair shop has an elevated historical investigation rate,INVESTIGATE_FURTHER
INV003793,CL011089,CLOSED,LOW,multiple previous claims on record,REJECT
INV003794,CL018062,CLOSED,HIGH,multiple previous claims on record; short interval since previous claim,REQUEST_DOCUMENTS
INV003795,CL018529,CLOSED,HIGH,multiple previous claims on record; short interval since previous claim,REQUEST_DOCUMENTS
INV003796,CL014673,IN_PROGRESS,HIGH,multiple previous claims on record,
INV003797,CL013203,IN_PROGRESS,HIGH,multiple previous claims on record,
INV003798,CL022887,CLOSED,MEDIUM,multiple previous claims on record,APPROVE
INV003799,CL012511,CLOSED,HIGH,multiple previous claims on record; short interval since previous claim,APPROVE
INV003800,CL001907,CLOSED,HIGH,multiple previous claims on record; short interval since previous claim,APPROVE
INV003801,CL014432,CLOSED,HIGH,multiple previous claims on record,REJECT
INV003802,CL026172,CLOSED,LOW,multiple previous claims on record; short interval since previous claim,APPROVE
INV003803,CL022547,IN_PROGRESS,LOW,multiple previous claims on record; short interval since previous claim,
INV003804,CL016177,IN_PROGRESS,MEDIUM,multiple previous claims on record; short interval since previous claim; repair shop has an elevated historical investigation rate,
INV003805,CL011195,CLOSED,MEDIUM,claim amount high relative to vehicle value; multiple previous claims on record; short interval since previous claim,REQUEST_DOCUMENTS
INV003806,CL013442,CLOSED,LOW,claim amount high relative to vehicle value; multiple previous claims on record; repair shop has an elevated historical investigation rate,APPROVE
INV003807,CL016878,CLOSED,MEDIUM,multiple previous claims on record; short interval since previous claim,REJECT
INV003808,CL007012,IN_PROGRESS,MEDIUM,claim amount high relative to vehicle value; multiple previous claims on record,
INV003809,CL028066,CLOSED,MEDIUM,multiple previous claims on record; short interval since previous claim,APPROVE
INV003810,CL021236,CLOSED,HIGH,multiple previous claims on record; repair shop has an elevated historical investigation rate,APPROVE
INV003811,CL012829,IN_PROGRESS,MEDIUM,claim amount high relative to vehicle value; multiple previous claims on record,
INV003812,CL001319,CLOSED,HIGH,multiple previous claims on record; repair shop has an elevated historical investigation rate,APPROVE
INV003813,CL008471,CLOSED,HIGH,claim amount high relative to vehicle value,APPROVE
INV003814,CL017683,CLOSED,LOW,multiple previous claims on record; repair shop has an elevated historical investigation rate,INVESTIGATE_FURTHER
INV003815,CL024201,CLOSED,LOW,multiple previous claims on record; short interval since previous claim,APPROVE
INV003816,CL029574,IN_PROGRESS,MEDIUM,multiple previous claims on record; short interval since previous claim,
INV003817,CL006607,IN_PROGRESS,MEDIUM,multiple previous claims on record; short interval since previous claim,
INV003818,CL025652,IN_PROGRESS,MEDIUM,multiple previous claims on record; short interval since previous claim,
INV003819,CL023330,CLOSED,HIGH,multiple previous claims on record,INVESTIGATE_FURTHER
INV003820,CL013960,CLOSED,HIGH,multiple previous claims on record; short interval since previous claim,APPROVE
INV003821,CL021772,CLOSED,MEDIUM,multiple previous claims on record; short interval since previous claim,REQUEST_DOCUMENTS
INV003822,CL017643,CLOSED,HIGH,multiple previous claims on record; short interval since previous claim; repair shop has an elevated historical investigation rate,REQUEST_DOCUMENTS
INV003823,CL018424,CLOSED,MEDIUM,claim amount high relative to vehicle value; multiple previous claims on record; short interval since previous claim,REJECT
INV003824,CL003092,CLOSED,MEDIUM,multiple previous claims on record; repair shop has an elevated historical investigation rate,APPROVE
INV003825,CL003551,CLOSED,MEDIUM,multiple previous claims on record; short interval since previous claim; repair shop has an elevated historical investigation rate,REQUEST_DOCUMENTS
INV003826,CL006132,CLOSED,HIGH,multiple previous claims on record,INVESTIGATE_FURTHER
INV003827,CL028882,CLOSED,HIGH,multiple previous claims on record,APPROVE
INV003828,CL006533,IN_PROGRESS,HIGH,multiple previous claims on record,
INV003829,CL008602,CLOSED,HIGH,multiple previous claims on record,APPROVE
INV003830,CL005045,IN_PROGRESS,MEDIUM,claim amount high relative to vehicle value; multiple previous claims on record; short interval since previous claim,
INV003831,CL012670,CLOSED,LOW,anomalous pattern flagged by risk model,APPROVE
INV003832,CL001615,CLOSED,LOW,multiple previous claims on record; short interval since previous claim; repair shop has an elevated historical investigation rate,REQUEST_DOCUMENTS
INV003833,CL020755,IN_PROGRESS,LOW,claim amount high relative to vehicle value; multiple previous claims on record; short interval since previous claim; repair shop has an elevated historical investigation rate,
INV003834,CL015132,CLOSED,MEDIUM,multiple previous claims on record; short interval since previous claim,REJECT
INV003835,CL017579,IN_PROGRESS,LOW,multiple previous claims on record; short interval since previous claim; repair shop has an elevated historical investigation rate,
INV003836,CL026428,CLOSED,MEDIUM,multiple previous claims on record; repair shop has an elevated historical investigation rate,APPROVE
INV003837,CL026736,IN_PROGRESS,HIGH,claim amount high relative to vehicle value; multiple previous claims on record; short interval since previous claim,
INV003838,CL016933,IN_PROGRESS,MEDIUM,claim amount high relative to vehicle value; multiple previous claims on record; repair shop has an elevated historical investigation rate,
INV003839,CL008243,CLOSED,HIGH,claim amount high relative to vehicle value; multiple previous claims on record; short interval since previous claim,APPROVE
INV003840,CL000536,CLOSED,MEDIUM,multiple previous claims on record; repair shop has an elevated historical investigation rate,INVESTIGATE_FURTHER
INV003841,CL017204,IN_PROGRESS,MEDIUM,claim amount high relative to vehicle value; short interval since previous claim; repair shop has an elevated historical investigation rate,
INV003842,CL007977,CLOSED,MEDIUM,multiple previous claims on record,REQUEST_DOCUMENTS
INV003843,CL018209,CLOSED,MEDIUM,multiple previous claims on record; short interval since previous claim; repair shop has an elevated historical investigation rate,APPROVE
INV003844,CL024754,CLOSED,HIGH,multiple previous claims on record; short interval since previous claim; repair shop has an elevated historical investigation rate,APPROVE
INV003845,CL004884,IN_PROGRESS,LOW,claim amount high relative to vehicle value; multiple previous claims on record; short interval since previous claim,
INV003846,CL009506,IN_PROGRESS,HIGH,multiple previous claims on record; short interval since previous claim,
INV003847,CL015455,CLOSED,MEDIUM,claim amount high relative to vehicle value; multiple previous claims on record; short interval since previous claim; repair shop has an elevated historical investigation rate,REJECT
INV003848,CL027280,IN_PROGRESS,MEDIUM,multiple previous claims on record; short interval since previous claim,
INV003849,CL017198,IN_PROGRESS,MEDIUM,claim amount high relative to vehicle value; multiple previous claims on record; short interval since previous claim; repair shop has an elevated historical investigation rate,
INV003850,CL010993,CLOSED,MEDIUM,multiple previous claims on record; repair shop has an elevated historical investigation rate,APPROVE
INV003851,CL006695,CLOSED,MEDIUM,claim amount high relative to vehicle value; multiple previous claims on record; short interval since previous claim,REJECT
INV003852,CL013841,IN_PROGRESS,LOW,claim amount high relative to vehicle value; multiple previous claims on record; short interval since previous claim; repair shop has an elevated historical investigation rate,
INV003853,CL004311,CLOSED,MEDIUM,claim amount high relative to vehicle value; multiple previous claims on record; repair shop has an elevated historical investigation rate,REQUEST_DOCUMENTS
INV003854,CL028634,IN_PROGRESS,LOW,multiple previous claims on record; short interval since previous claim; repair shop has an elevated historical investigation rate,
INV003855,CL024039,IN_PROGRESS,HIGH,short interval since previous claim,
INV003856,CL009983,CLOSED,HIGH,multiple previous claims on record; repair shop has an elevated historical investigation rate,INVESTIGATE_FURTHER
INV003857,CL010426,IN_PROGRESS,MEDIUM,multiple previous claims on record; short interval since previous claim,
INV003858,CL029836,IN_PROGRESS,HIGH,multiple previous claims on record; short interval since previous claim; repair shop has an elevated historical investigation rate,
INV003859,CL003729,CLOSED,MEDIUM,short interval since previous claim; repair shop has an elevated historical investigation rate,INVESTIGATE_FURTHER
INV003860,CL027885,CLOSED,MEDIUM,multiple previous claims on record; short interval since previous claim,REQUEST_DOCUMENTS
INV003861,CL024336,IN_PROGRESS,MEDIUM,claim amount high relative to vehicle value; multiple previous claims on record,
INV003862,CL000600,IN_PROGRESS,MEDIUM,claim amount high relative to vehicle value,
INV003863,CL006447,IN_PROGRESS,MEDIUM,multiple previous claims on record; short interval since previous claim,
INV003864,CL026460,IN_PROGRESS,LOW,multiple previous claims on record; short interval since previous claim,
INV003865,CL011111,CLOSED,MEDIUM,claim amount high relative to vehicle value; multiple previous claims on record; repair shop has an elevated historical investigation rate,APPROVE
INV003866,CL005723,IN_PROGRESS,MEDIUM,multiple previous claims on record,
INV003867,CL000105,CLOSED,MEDIUM,claim amount high relative to vehicle value; multiple previous claims on record; short interval since previous claim,APPROVE
INV003868,CL015168,CLOSED,MEDIUM,multiple previous claims on record; short interval since previous claim,APPROVE
INV003869,CL011655,CLOSED,MEDIUM,multiple previous claims on record,APPROVE
INV003870,CL023590,CLOSED,MEDIUM,multiple previous claims on record,INVESTIGATE_FURTHER
INV003871,CL012050,CLOSED,MEDIUM,claim amount high relative to vehicle value,INVESTIGATE_FURTHER
INV003872,CL019592,CLOSED,HIGH,multiple previous claims on record; short interval since previous claim,REQUEST_DOCUMENTS
INV003873,CL014429,CLOSED,HIGH,multiple previous claims on record; repair shop has an elevated historical investigation rate,APPROVE
INV003874,CL009793,CLOSED,MEDIUM,multiple previous claims on record; short interval since previous claim,INVESTIGATE_FURTHER
INV003875,CL019972,IN_PROGRESS,MEDIUM,multiple previous claims on record; short interval since previous claim,
INV003876,CL015698,CLOSED,MEDIUM,claim amount high relative to vehicle value; multiple previous claims on record,REQUEST_DOCUMENTS
INV003877,CL015734,CLOSED,MEDIUM,claim amount high relative to vehicle value; multiple previous claims on record; short interval since previous claim,APPROVE
INV003878,CL027279,CLOSED,MEDIUM,multiple previous claims on record; short interval since previous claim; repair shop has an elevated historical investigation rate,INVESTIGATE_FURTHER
INV003879,CL013912,CLOSED,MEDIUM,multiple previous claims on record; short interval since previous claim; repair shop has an elevated historical investigation rate,REQUEST_DOCUMENTS
INV003880,CL008501,CLOSED,MEDIUM,multiple previous claims on record; short interval since previous claim,APPROVE
INV003881,CL015928,IN_PROGRESS,MEDIUM,claim amount high relative to vehicle value; multiple previous claims on record; short interval since previous claim,
INV003882,CL001189,CLOSED,MEDIUM,multiple previous claims on record,REQUEST_DOCUMENTS
INV003883,CL029364,IN_PROGRESS,LOW,multiple previous claims on record; short interval since previous claim; repair shop has an elevated historical investigation rate,
INV003884,CL011308,CLOSED,HIGH,multiple previous claims on record,APPROVE
INV003885,CL018649,CLOSED,HIGH,short interval since previous claim,APPROVE
INV003886,CL020455,CLOSED,MEDIUM,multiple previous claims on record; short interval since previous claim,APPROVE
INV003887,CL003073,IN_PROGRESS,LOW,multiple previous claims on record; short interval since previous claim; repair shop has an elevated historical investigation rate,
INV003888,CL006515,CLOSED,HIGH,multiple previous claims on record; short interval since previous claim,REJECT
INV003889,CL020300,IN_PROGRESS,LOW,multiple previous claims on record; repair shop has an elevated historical investigation rate,
INV003890,CL018478,IN_PROGRESS,MEDIUM,multiple previous claims on record; short interval since previous claim,
INV003891,CL012188,CLOSED,MEDIUM,claim amount high relative to vehicle value; multiple previous claims on record,REQUEST_DOCUMENTS
INV003892,CL023286,CLOSED,MEDIUM,multiple previous claims on record; short interval since previous claim,APPROVE
INV003893,CL000347,IN_PROGRESS,LOW,multiple previous claims on record; short interval since previous claim; repair shop has an elevated historical investigation rate,
INV003894,CL002493,CLOSED,MEDIUM,multiple previous claims on record; short interval since previous claim,REQUEST_DOCUMENTS
INV003895,CL022739,CLOSED,MEDIUM,multiple previous claims on record; short interval since previous claim,APPROVE
INV003896,CL018341,CLOSED,MEDIUM,multiple previous claims on record,INVESTIGATE_FURTHER
INV003897,CL012436,CLOSED,MEDIUM,claim amount high relative to vehicle value; multiple previous claims on record; short interval since previous claim,APPROVE
INV003898,CL015448,IN_PROGRESS,MEDIUM,multiple previous claims on record; short interval since previous claim,
INV003899,CL025514,IN_PROGRESS,HIGH,multiple previous claims on record; short interval since previous claim,
INV003900,CL004277,IN_PROGRESS,LOW,multiple previous claims on record,
INV003901,CL010510,CLOSED,MEDIUM,short interval since previous claim; repair shop has an elevated historical investigation rate,APPROVE
INV003902,CL026421,CLOSED,MEDIUM,multiple previous claims on record,APPROVE
INV003903,CL008923,CLOSED,MEDIUM,multiple previous claims on record; short interval since previous claim,REQUEST_DOCUMENTS
INV003904,CL005535,CLOSED,MEDIUM,claim amount high relative to vehicle value; multiple previous claims on record; short interval since previous claim; repair shop has an elevated historical investigation rate,INVESTIGATE_FURTHER
INV003905,CL028067,CLOSED,HIGH,multiple previous claims on record; repair shop has an elevated historical investigation rate,INVESTIGATE_FURTHER
INV003906,CL028034,IN_PROGRESS,MEDIUM,multiple previous claims on record; short interval since previous claim; repair shop has an elevated historical investigation rate,
INV003907,CL013917,IN_PROGRESS,HIGH,multiple previous claims on record; short interval since previous claim,
INV003908,CL006855,CLOSED,MEDIUM,claim amount high relative to vehicle value; multiple previous claims on record; short interval since previous claim,REQUEST_DOCUMENTS
INV003909,CL006625,IN_PROGRESS,MEDIUM,multiple previous claims on record; short interval since previous claim; repair shop has an elevated historical investigation rate,
INV003910,CL002077,CLOSED,HIGH,claim amount high relative to vehicle value; multiple previous claims on record; short interval since previous claim,INVESTIGATE_FURTHER
INV003911,CL023109,CLOSED,HIGH,claim amount high relative to vehicle value; multiple previous claims on record,INVESTIGATE_FURTHER
INV003912,CL007251,CLOSED,MEDIUM,multiple previous claims on record; short interval since previous claim; repair shop has an elevated historical investigation rate,APPROVE
INV003913,CL020422,IN_PROGRESS,MEDIUM,multiple previous claims on record,
INV003914,CL003303,CLOSED,MEDIUM,claim amount high relative to vehicle value,REQUEST_DOCUMENTS
INV003915,CL022336,CLOSED,MEDIUM,claim amount high relative to vehicle value; multiple previous claims on record,APPROVE
INV003916,CL017599,CLOSED,MEDIUM,claim amount high relative to vehicle value; multiple previous claims on record,APPROVE
INV003917,CL016126,IN_PROGRESS,MEDIUM,multiple previous claims on record,
INV003918,CL013786,CLOSED,HIGH,multiple previous claims on record; short interval since previous claim,APPROVE
INV003919,CL022025,CLOSED,MEDIUM,multiple previous claims on record; short interval since previous claim,APPROVE
INV003920,CL008649,CLOSED,MEDIUM,multiple previous claims on record; short interval since previous claim,REQUEST_DOCUMENTS
INV003921,CL029552,CLOSED,HIGH,claim amount high relative to vehicle value; multiple previous claims on record,APPROVE
INV003922,CL023372,IN_PROGRESS,MEDIUM,multiple previous claims on record; short interval since previous claim; repair shop has an elevated historical investigation rate,
INV003923,CL002813,CLOSED,MEDIUM,multiple previous claims on record; short interval since previous claim; repair shop has an elevated historical investigation rate,APPROVE
INV003924,CL025225,CLOSED,HIGH,claim amount high relative to vehicle value; multiple previous claims on record,REQUEST_DOCUMENTS
INV003925,CL014216,CLOSED,MEDIUM,multiple previous claims on record; short interval since previous claim; repair shop has an elevated historical investigation rate,APPROVE
INV003926,CL004420,CLOSED,HIGH,multiple previous claims on record; short interval since previous claim,INVESTIGATE_FURTHER
INV003927,CL024480,CLOSED,HIGH,multiple previous claims on record; short interval since previous claim,APPROVE
INV003928,CL008398,IN_PROGRESS,MEDIUM,claim amount high relative to vehicle value; multiple previous claims on record,
INV003929,CL010225,IN_PROGRESS,HIGH,multiple previous claims on record; short interval since previous claim,
INV003930,CL000470,CLOSED,MEDIUM,multiple previous claims on record; short interval since previous claim,REQUEST_DOCUMENTS
INV003931,CL007544,CLOSED,HIGH,claim amount high relative to vehicle value; multiple previous claims on record,APPROVE
INV003932,CL022516,IN_PROGRESS,HIGH,claim amount high relative to vehicle value,
INV003933,CL009266,CLOSED,LOW,claim amount high relative to vehicle value; multiple previous claims on record; short interval since previous claim,REQUEST_DOCUMENTS
INV003934,CL023802,IN_PROGRESS,HIGH,multiple previous claims on record,
INV003935,CL011933,CLOSED,MEDIUM,multiple previous claims on record,REQUEST_DOCUMENTS
INV003936,CL012987,CLOSED,HIGH,multiple previous claims on record,INVESTIGATE_FURTHER
INV003937,CL004430,CLOSED,LOW,multiple previous claims on record,APPROVE
INV003938,CL010325,IN_PROGRESS,HIGH,claim amount high relative to vehicle value; multiple previous claims on record,
INV003939,CL020271,CLOSED,MEDIUM,multiple previous claims on record; short interval since previous claim,INVESTIGATE_FURTHER
INV003940,CL020686,IN_PROGRESS,MEDIUM,multiple previous claims on record; repair shop has an elevated historical investigation rate,
INV003941,CL011342,IN_PROGRESS,HIGH,multiple previous claims on record; repair shop has an elevated historical investigation rate,
INV003942,CL018615,CLOSED,MEDIUM,repair shop has an elevated historical investigation rate,INVESTIGATE_FURTHER
INV003943,CL005295,IN_PROGRESS,LOW,multiple previous claims on record; short interval since previous claim,
INV003944,CL025069,CLOSED,HIGH,claim amount high relative to vehicle value; multiple previous claims on record; short interval since previous claim,REQUEST_DOCUMENTS
INV003945,CL011221,CLOSED,LOW,multiple previous claims on record; short interval since previous claim; repair shop has an elevated historical investigation rate,REJECT
INV003946,CL012983,CLOSED,HIGH,multiple previous claims on record; short interval since previous claim; repair shop has an elevated historical investigation rate,INVESTIGATE_FURTHER
INV003947,CL024834,IN_PROGRESS,MEDIUM,claim amount high relative to vehicle value; multiple previous claims on record; short interval since previous claim,
INV003948,CL018379,CLOSED,MEDIUM,multiple previous claims on record; short interval since previous claim,REQUEST_DOCUMENTS
INV003949,CL006610,CLOSED,LOW,anomalous pattern flagged by risk model,INVESTIGATE_FURTHER
INV003950,CL016930,CLOSED,LOW,claim amount high relative to vehicle value; multiple previous claims on record; repair shop has an elevated historical investigation rate,REQUEST_DOCUMENTS
INV003951,CL026742,IN_PROGRESS,HIGH,claim amount high relative to vehicle value; multiple previous claims on record,
INV003952,CL027290,IN_PROGRESS,HIGH,multiple previous claims on record,
INV003953,CL012745,CLOSED,MEDIUM,multiple previous claims on record; short interval since previous claim,REQUEST_DOCUMENTS
INV003954,CL013842,CLOSED,HIGH,multiple previous claims on record; short interval since previous claim; repair shop has an elevated historical investigation rate,INVESTIGATE_FURTHER
INV003955,CL003600,CLOSED,HIGH,repair shop has an elevated historical investigation rate,INVESTIGATE_FURTHER
INV003956,CL026071,CLOSED,LOW,multiple previous claims on record; short interval since previous claim; repair shop has an elevated historical investigation rate,APPROVE
INV003957,CL022355,IN_PROGRESS,MEDIUM,multiple previous claims on record; repair shop has an elevated historical investigation rate,
INV003958,CL029537,CLOSED,MEDIUM,multiple previous claims on record; short interval since previous claim,REJECT
INV003959,CL017917,CLOSED,LOW,multiple previous claims on record; short interval since previous claim,REJECT
INV003960,CL003459,IN_PROGRESS,MEDIUM,multiple previous claims on record; repair shop has an elevated historical investigation rate,
INV003961,CL027664,IN_PROGRESS,MEDIUM,multiple previous claims on record; repair shop has an elevated historical investigation rate,
INV003962,CL021938,IN_PROGRESS,HIGH,multiple previous claims on record; short interval since previous claim,
INV003963,CL000889,CLOSED,HIGH,multiple previous claims on record; short interval since previous claim; repair shop has an elevated historical investigation rate,INVESTIGATE_FURTHER
INV003964,CL015672,CLOSED,MEDIUM,claim amount high relative to vehicle value; multiple previous claims on record; repair shop has an elevated historical investigation rate,APPROVE
INV003965,CL020218,CLOSED,MEDIUM,claim amount high relative to vehicle value; multiple previous claims on record; short interval since previous claim; repair shop has an elevated historical investigation rate,REJECT
INV003966,CL018820,CLOSED,LOW,multiple previous claims on record; short interval since previous claim; repair shop has an elevated historical investigation rate,APPROVE
INV003967,CL000655,CLOSED,HIGH,multiple previous claims on record; short interval since previous claim,APPROVE
INV003968,CL015380,CLOSED,MEDIUM,claim amount high relative to vehicle value; multiple previous claims on record; short interval since previous claim,APPROVE
INV003969,CL010608,CLOSED,LOW,multiple previous claims on record,APPROVE
INV003970,CL012085,IN_PROGRESS,HIGH,claim amount high relative to vehicle value; short interval since previous claim,
INV003971,CL022425,CLOSED,LOW,multiple previous claims on record,REJECT
INV003972,CL015217,IN_PROGRESS,MEDIUM,multiple previous claims on record,
INV003973,CL024260,CLOSED,LOW,multiple previous claims on record; repair shop has an elevated historical investigation rate,INVESTIGATE_FURTHER
INV003974,CL013849,IN_PROGRESS,HIGH,claim amount high relative to vehicle value; multiple previous claims on record; short interval since previous claim,
INV003975,CL012227,CLOSED,LOW,multiple previous claims on record; short interval since previous claim; repair shop has an elevated historical investigation rate,REQUEST_DOCUMENTS
INV003976,CL018256,IN_PROGRESS,MEDIUM,claim amount high relative to vehicle value; multiple previous claims on record; short interval since previous claim,
INV003977,CL003401,CLOSED,MEDIUM,multiple previous claims on record; short interval since previous claim; repair shop has an elevated historical investigation rate,INVESTIGATE_FURTHER
INV003978,CL002690,IN_PROGRESS,HIGH,claim amount high relative to vehicle value; multiple previous claims on record; short interval since previous claim,
INV003979,CL023024,CLOSED,HIGH,claim amount high relative to vehicle value; multiple previous claims on record; short interval since previous claim; repair shop has an elevated historical investigation rate,REQUEST_DOCUMENTS
INV003980,CL009343,CLOSED,MEDIUM,multiple previous claims on record; short interval since previous claim,INVESTIGATE_FURTHER
INV003981,CL019895,CLOSED,MEDIUM,multiple previous claims on record; short interval since previous claim; repair shop has an elevated historical investigation rate,APPROVE
INV003982,CL017243,CLOSED,MEDIUM,multiple previous claims on record,INVESTIGATE_FURTHER
INV003983,CL014690,IN_PROGRESS,HIGH,claim amount high relative to vehicle value; multiple previous claims on record; short interval since previous claim,
INV003984,CL021332,CLOSED,HIGH,multiple previous claims on record,REQUEST_DOCUMENTS
INV003985,CL014736,CLOSED,HIGH,multiple previous claims on record; short interval since previous claim; repair shop has an elevated historical investigation rate,APPROVE
INV003986,CL016892,IN_PROGRESS,MEDIUM,multiple previous claims on record; short interval since previous claim,
INV003987,CL028023,CLOSED,LOW,multiple previous claims on record; repair shop has an elevated historical investigation rate,APPROVE
INV003988,CL010859,CLOSED,MEDIUM,multiple previous claims on record; short interval since previous claim,REQUEST_DOCUMENTS
INV003989,CL025711,IN_PROGRESS,HIGH,multiple previous claims on record; short interval since previous claim; repair shop has an elevated historical investigation rate,
INV003990,CL008014,CLOSED,MEDIUM,claim amount high relative to vehicle value; multiple previous claims on record; short interval since previous claim,APPROVE
INV003991,CL011731,IN_PROGRESS,MEDIUM,multiple previous claims on record,
INV003992,CL003378,IN_PROGRESS,MEDIUM,multiple previous claims on record; short interval since previous claim,
INV003993,CL009721,CLOSED,MEDIUM,multiple previous claims on record; repair shop has an elevated historical investigation rate,REQUEST_DOCUMENTS
INV003994,CL010114,CLOSED,MEDIUM,multiple previous claims on record; short interval since previous claim,REJECT
INV003995,CL003620,IN_PROGRESS,MEDIUM,claim amount high relative to vehicle value; multiple previous claims on record,
INV003996,CL019058,CLOSED,LOW,multiple previous claims on record,APPROVE
INV003997,CL001018,IN_PROGRESS,LOW,claim amount high relative to vehicle value; multiple previous claims on record; short interval since previous claim; repair shop has an elevated historical investigation rate,
INV003998,CL028128,IN_PROGRESS,LOW,claim amount high relative to vehicle value; short interval since previous claim; repair shop has an elevated historical investigation rate,
INV003999,CL017923,CLOSED,HIGH,multiple previous claims on record; short interval since previous claim,APPROVE
INV004000,CL027356,CLOSED,HIGH,multiple previous claims on record; short interval since previous claim,INVESTIGATE_FURTHER
INV004001,CL003429,IN_PROGRESS,HIGH,claim amount high relative to vehicle value; multiple previous claims on record; short interval since previous claim,
INV004002,CL002721,IN_PROGRESS,MEDIUM,multiple previous claims on record,
INV004003,CL009098,CLOSED,MEDIUM,multiple previous claims on record; short interval since previous claim,REQUEST_DOCUMENTS
INV004004,CL005213,CLOSED,HIGH,multiple previous claims on record; short interval since previous claim,APPROVE
INV004005,CL022252,CLOSED,LOW,multiple previous claims on record; short interval since previous claim,REQUEST_DOCUMENTS
INV004006,CL008558,IN_PROGRESS,LOW,claim amount high relative to vehicle value; multiple previous claims on record; short interval since previous claim,
INV004007,CL004021,CLOSED,MEDIUM,multiple previous claims on record,INVESTIGATE_FURTHER
INV004008,CL012110,IN_PROGRESS,MEDIUM,multiple previous claims on record; repair shop has an elevated historical investigation rate,
INV004009,CL020163,CLOSED,MEDIUM,multiple previous claims on record,APPROVE
INV004010,CL026132,IN_PROGRESS,HIGH,claim amount high relative to vehicle value; multiple previous claims on record; short interval since previous claim,
INV004011,CL022413,IN_PROGRESS,MEDIUM,multiple previous claims on record; short interval since previous claim,
INV004012,CL010560,IN_PROGRESS,MEDIUM,multiple previous claims on record; repair shop has an elevated historical investigation rate,
INV004013,CL013079,CLOSED,HIGH,multiple previous claims on record; short interval since previous claim,INVESTIGATE_FURTHER
INV004014,CL001413,CLOSED,MEDIUM,claim amount high relative to vehicle value; multiple previous claims on record; short interval since previous claim,REQUEST_DOCUMENTS
INV004015,CL015717,CLOSED,LOW,claim amount high relative to vehicle value; multiple previous claims on record; repair shop has an elevated historical investigation rate,REJECT
INV004016,CL010133,IN_PROGRESS,MEDIUM,claim amount high relative to vehicle value; multiple previous claims on record; short interval since previous claim,
INV004017,CL020108,IN_PROGRESS,MEDIUM,claim amount high relative to vehicle value; multiple previous claims on record; repair shop has an elevated historical investigation rate,
INV004018,CL020800,CLOSED,HIGH,multiple previous claims on record; repair shop has an elevated historical investigation rate,APPROVE
INV004019,CL022708,IN_PROGRESS,HIGH,multiple previous claims on record; repair shop has an elevated historical investigation rate,
INV004020,CL013469,CLOSED,LOW,multiple previous claims on record; short interval since previous claim; repair shop has an elevated historical investigation rate,REQUEST_DOCUMENTS
INV004021,CL025100,IN_PROGRESS,MEDIUM,short interval since previous claim,
INV004022,CL002297,CLOSED,MEDIUM,multiple previous claims on record; short interval since previous claim,APPROVE
INV004023,CL007505,CLOSED,MEDIUM,claim amount high relative to vehicle value; multiple previous claims on record; repair shop has an elevated historical investigation rate,REJECT
INV004024,CL029243,IN_PROGRESS,MEDIUM,multiple previous claims on record; short interval since previous claim,
INV004025,CL021578,IN_PROGRESS,MEDIUM,claim amount high relative to vehicle value; multiple previous claims on record; short interval since previous claim; repair shop has an elevated historical investigation rate,
INV004026,CL024344,IN_PROGRESS,LOW,multiple previous claims on record,
INV004027,CL005392,IN_PROGRESS,HIGH,multiple previous claims on record; repair shop has an elevated historical investigation rate,
INV004028,CL001311,CLOSED,HIGH,multiple previous claims on record; short interval since previous claim,REQUEST_DOCUMENTS
INV004029,CL020447,IN_PROGRESS,MEDIUM,claim amount high relative to vehicle value; multiple previous claims on record; short interval since previous claim,
INV004030,CL000730,IN_PROGRESS,MEDIUM,multiple previous claims on record; repair shop has an elevated historical investigation rate,
INV004031,CL029645,CLOSED,HIGH,multiple previous claims on record; repair shop has an elevated historical investigation rate,REQUEST_DOCUMENTS
INV004032,CL007172,IN_PROGRESS,HIGH,claim amount high relative to vehicle value; multiple previous claims on record; short interval since previous claim,
INV004033,CL024796,IN_PROGRESS,HIGH,multiple previous claims on record; short interval since previous claim; repair shop has an elevated historical investigation rate,
INV004034,CL014261,IN_PROGRESS,HIGH,multiple previous claims on record; short interval since previous claim,
INV004035,CL020259,IN_PROGRESS,HIGH,multiple previous claims on record; short interval since previous claim; repair shop has an elevated historical investigation rate,
INV004036,CL014954,CLOSED,MEDIUM,claim amount high relative to vehicle value; multiple previous claims on record; short interval since previous claim,INVESTIGATE_FURTHER
INV004037,CL014962,CLOSED,MEDIUM,multiple previous claims on record; short interval since previous claim,APPROVE
INV004038,CL014837,IN_PROGRESS,MEDIUM,multiple previous claims on record; short interval since previous claim,
INV004039,CL023959,CLOSED,MEDIUM,claim amount high relative to vehicle value; multiple previous claims on record; repair shop has an elevated historical investigation rate,APPROVE
INV004040,CL028450,CLOSED,MEDIUM,multiple previous claims on record; short interval since previous claim; repair shop has an elevated historical investigation rate,INVESTIGATE_FURTHER
INV004041,CL004904,CLOSED,LOW,claim amount high relative to vehicle value; multiple previous claims on record,APPROVE
INV004042,CL006062,CLOSED,MEDIUM,multiple previous claims on record; short interval since previous claim,APPROVE
INV004043,CL001498,IN_PROGRESS,HIGH,claim amount high relative to vehicle value; repair shop has an elevated historical investigation rate,
INV004044,CL002409,CLOSED,MEDIUM,multiple previous claims on record,APPROVE
INV004045,CL013824,CLOSED,HIGH,claim amount high relative to vehicle value; multiple previous claims on record,INVESTIGATE_FURTHER
INV004046,CL024109,IN_PROGRESS,MEDIUM,multiple previous claims on record; short interval since previous claim; repair shop has an elevated historical investigation rate,
INV004047,CL026282,CLOSED,MEDIUM,multiple previous claims on record; short interval since previous claim; repair shop has an elevated historical investigation rate,APPROVE
INV004048,CL005171,IN_PROGRESS,MEDIUM,short interval since previous claim,
INV004049,CL025676,CLOSED,HIGH,multiple previous claims on record; short interval since previous claim,REQUEST_DOCUMENTS
INV004050,CL017872,IN_PROGRESS,HIGH,multiple previous claims on record; repair shop has an elevated historical investigation rate,
INV004051,CL010841,CLOSED,MEDIUM,claim amount high relative to vehicle value; multiple previous claims on record,REQUEST_DOCUMENTS
INV004052,CL015760,CLOSED,MEDIUM,multiple previous claims on record; short interval since previous claim,APPROVE
INV004053,CL017130,CLOSED,MEDIUM,short interval since previous claim,APPROVE
INV004054,CL005725,CLOSED,HIGH,claim amount high relative to vehicle value; multiple previous claims on record,REQUEST_DOCUMENTS
INV004055,CL007429,CLOSED,HIGH,claim amount high relative to vehicle value; multiple previous claims on record; short interval since previous claim,REQUEST_DOCUMENTS
INV004056,CL026140,IN_PROGRESS,HIGH,multiple previous claims on record; short interval since previous claim; repair shop has an elevated historical investigation rate,
INV004057,CL018212,CLOSED,HIGH,multiple previous claims on record,REQUEST_DOCUMENTS
INV004058,CL001192,IN_PROGRESS,MEDIUM,multiple previous claims on record,
INV004059,CL004115,IN_PROGRESS,HIGH,multiple previous claims on record; repair shop has an elevated historical investigation rate,
INV004060,CL012307,CLOSED,MEDIUM,claim amount high relative to vehicle value; multiple previous claims on record,APPROVE
INV004061,CL016707,CLOSED,MEDIUM,claim amount high relative to vehicle value; multiple previous claims on record; short interval since previous claim,APPROVE
INV004062,CL022613,CLOSED,MEDIUM,multiple previous claims on record; repair shop has an elevated historical investigation rate,REJECT
INV004063,CL004229,CLOSED,MEDIUM,claim amount high relative to vehicle value; multiple previous claims on record; short interval since previous claim; repair shop has an elevated historical investigation rate,REJECT
INV004064,CL021438,CLOSED,LOW,multiple previous claims on record,APPROVE
INV004065,CL022029,CLOSED,HIGH,multiple previous claims on record; short interval since previous claim,REQUEST_DOCUMENTS
INV004066,CL008766,CLOSED,LOW,multiple previous claims on record; repair shop has an elevated historical investigation rate,REJECT
INV004067,CL026133,CLOSED,MEDIUM,claim amount high relative to vehicle value; multiple previous claims on record,REJECT
INV004068,CL009658,CLOSED,LOW,multiple previous claims on record; short interval since previous claim,APPROVE
INV004069,CL020627,CLOSED,LOW,claim amount high relative to vehicle value; multiple previous claims on record; short interval since previous claim,APPROVE
INV004070,CL007757,IN_PROGRESS,MEDIUM,claim amount high relative to vehicle value; multiple previous claims on record; short interval since previous claim; repair shop has an elevated historical investigation rate,
INV004071,CL004564,CLOSED,LOW,multiple previous claims on record; short interval since previous claim; repair shop has an elevated historical investigation rate,APPROVE
INV004072,CL013657,CLOSED,MEDIUM,multiple previous claims on record; short interval since previous claim,REJECT
INV004073,CL021920,IN_PROGRESS,HIGH,multiple previous claims on record; repair shop has an elevated historical investigation rate,
INV004074,CL021853,CLOSED,HIGH,claim amount high relative to vehicle value; multiple previous claims on record; short interval since previous claim,APPROVE
INV004075,CL015651,CLOSED,MEDIUM,multiple previous claims on record; short interval since previous claim; repair shop has an elevated historical investigation rate,INVESTIGATE_FURTHER
INV004076,CL023884,CLOSED,MEDIUM,multiple previous claims on record; repair shop has an elevated historical investigation rate,APPROVE
INV004077,CL024410,CLOSED,LOW,multiple previous claims on record; short interval since previous claim,INVESTIGATE_FURTHER
INV004078,CL022352,CLOSED,MEDIUM,multiple previous claims on record,APPROVE
INV004079,CL014345,CLOSED,MEDIUM,multiple previous claims on record; short interval since previous claim,APPROVE
INV004080,CL012130,IN_PROGRESS,MEDIUM,multiple previous claims on record; short interval since previous claim,
INV004081,CL004218,CLOSED,LOW,multiple previous claims on record; short interval since previous claim,INVESTIGATE_FURTHER
INV004082,CL019332,CLOSED,HIGH,claim amount high relative to vehicle value; multiple previous claims on record,INVESTIGATE_FURTHER
INV004083,CL022433,CLOSED,MEDIUM,claim amount high relative to vehicle value; multiple previous claims on record,APPROVE
INV004084,CL028029,IN_PROGRESS,MEDIUM,claim amount high relative to vehicle value; multiple previous claims on record; repair shop has an elevated historical investigation rate,
INV004085,CL027423,CLOSED,MEDIUM,multiple previous claims on record; short interval since previous claim,APPROVE
INV004086,CL022720,IN_PROGRESS,LOW,multiple previous claims on record,
INV004087,CL015471,IN_PROGRESS,HIGH,multiple previous claims on record; short interval since previous claim,
INV004088,CL012498,CLOSED,MEDIUM,multiple previous claims on record,APPROVE
INV004089,CL001293,CLOSED,MEDIUM,multiple previous claims on record,APPROVE
INV004090,CL021773,CLOSED,LOW,multiple previous claims on record; short interval since previous claim; repair shop has an elevated historical investigation rate,APPROVE
INV004091,CL021788,CLOSED,MEDIUM,multiple previous claims on record; repair shop has an elevated historical investigation rate,INVESTIGATE_FURTHER
INV004092,CL000960,CLOSED,MEDIUM,claim amount high relative to vehicle value; multiple previous claims on record; short interval since previous claim,APPROVE
INV004093,CL001517,CLOSED,HIGH,multiple previous claims on record; short interval since previous claim,REQUEST_DOCUMENTS
INV004094,CL001651,CLOSED,MEDIUM,multiple previous claims on record; repair shop has an elevated historical investigation rate,APPROVE
INV004095,CL021575,CLOSED,HIGH,multiple previous claims on record; short interval since previous claim,REJECT
INV004096,CL000050,CLOSED,LOW,multiple previous claims on record; short interval since previous claim,REQUEST_DOCUMENTS
INV004097,CL003601,IN_PROGRESS,MEDIUM,multiple previous claims on record; short interval since previous claim,
INV004098,CL006156,CLOSED,MEDIUM,multiple previous claims on record; short interval since previous claim,INVESTIGATE_FURTHER
INV004099,CL014767,IN_PROGRESS,MEDIUM,claim amount high relative to vehicle value; multiple previous claims on record,
INV004100,CL003708,CLOSED,HIGH,multiple previous claims on record,APPROVE
INV004101,CL014571,IN_PROGRESS,HIGH,claim amount high relative to vehicle value; multiple previous claims on record; repair shop has an elevated historical investigation rate,
INV004102,CL003176,CLOSED,MEDIUM,multiple previous claims on record; short interval since previous claim,APPROVE
INV004103,CL019440,CLOSED,HIGH,multiple previous claims on record; short interval since previous claim,APPROVE
INV004104,CL001849,CLOSED,MEDIUM,repair shop has an elevated historical investigation rate,APPROVE
INV004105,CL020591,CLOSED,MEDIUM,multiple previous claims on record; repair shop has an elevated historical investigation rate,REQUEST_DOCUMENTS
INV004106,CL001101,CLOSED,HIGH,claim amount high relative to vehicle value; multiple previous claims on record; short interval since previous claim; repair shop has an elevated historical investigation rate,APPROVE
INV004107,CL005780,CLOSED,MEDIUM,claim amount high relative to vehicle value; multiple previous claims on record; short interval since previous claim,APPROVE
INV004108,CL024127,CLOSED,MEDIUM,claim amount high relative to vehicle value; multiple previous claims on record; short interval since previous claim,REQUEST_DOCUMENTS
INV004109,CL021900,CLOSED,MEDIUM,multiple previous claims on record,REQUEST_DOCUMENTS
INV004110,CL003586,CLOSED,HIGH,claim amount high relative to vehicle value; multiple previous claims on record; repair shop has an elevated historical investigation rate,REJECT
INV004111,CL009394,IN_PROGRESS,LOW,multiple previous claims on record; short interval since previous claim,
INV004112,CL017497,CLOSED,MEDIUM,multiple previous claims on record; repair shop has an elevated historical investigation rate,REQUEST_DOCUMENTS
INV004113,CL011303,CLOSED,MEDIUM,multiple previous claims on record; short interval since previous claim; repair shop has an elevated historical investigation rate,REJECT
INV004114,CL009512,IN_PROGRESS,MEDIUM,claim amount high relative to vehicle value; multiple previous claims on record,
INV004115,CL009478,IN_PROGRESS,HIGH,claim amount high relative to vehicle value; multiple previous claims on record; repair shop has an elevated historical investigation rate,
INV004116,CL028447,IN_PROGRESS,HIGH,claim amount high relative to vehicle value; multiple previous claims on record,
INV004117,CL017069,CLOSED,HIGH,multiple previous claims on record,REQUEST_DOCUMENTS
INV004118,CL005056,CLOSED,HIGH,multiple previous claims on record; short interval since previous claim,REJECT
INV004119,CL027013,CLOSED,MEDIUM,multiple previous claims on record; short interval since previous claim,APPROVE
INV004120,CL013643,CLOSED,LOW,multiple previous claims on record; repair shop has an elevated historical investigation rate,APPROVE
INV004121,CL010952,CLOSED,MEDIUM,multiple previous claims on record; repair shop has an elevated historical investigation rate,APPROVE
INV004122,CL008659,IN_PROGRESS,LOW,multiple previous claims on record; short interval since previous claim,
INV004123,CL004682,IN_PROGRESS,LOW,multiple previous claims on record,
INV004124,CL003402,IN_PROGRESS,MEDIUM,multiple previous claims on record; short interval since previous claim; repair shop has an elevated historical investigation rate,
INV004125,CL025428,CLOSED,HIGH,multiple previous claims on record; short interval since previous claim,REJECT
INV004126,CL025762,CLOSED,MEDIUM,claim amount high relative to vehicle value; multiple previous claims on record; short interval since previous claim; repair shop has an elevated historical investigation rate,REQUEST_DOCUMENTS
INV004127,CL010341,IN_PROGRESS,MEDIUM,multiple previous claims on record; short interval since previous claim; repair shop has an elevated historical investigation rate,
INV004128,CL007372,CLOSED,HIGH,multiple previous claims on record; repair shop has an elevated historical investigation rate,APPROVE
INV004129,CL015268,CLOSED,LOW,multiple previous claims on record,REQUEST_DOCUMENTS
INV004130,CL004039,CLOSED,HIGH,multiple previous claims on record; short interval since previous claim,REQUEST_DOCUMENTS
INV004131,CL024256,CLOSED,MEDIUM,multiple previous claims on record; short interval since previous claim,REQUEST_DOCUMENTS
INV004132,CL000264,IN_PROGRESS,MEDIUM,claim amount high relative to vehicle value; multiple previous claims on record; short interval since previous claim; repair shop has an elevated historical investigation rate,
INV004133,CL009356,CLOSED,HIGH,claim amount high relative to vehicle value; multiple previous claims on record; short interval since previous claim,APPROVE
INV004134,CL026867,CLOSED,MEDIUM,claim amount high relative to vehicle value; multiple previous claims on record; short interval since previous claim,APPROVE
INV004135,CL019607,CLOSED,HIGH,multiple previous claims on record,APPROVE
INV004136,CL008515,CLOSED,MEDIUM,multiple previous claims on record; repair shop has an elevated historical investigation rate,APPROVE
INV004137,CL019993,IN_PROGRESS,MEDIUM,claim amount high relative to vehicle value; multiple previous claims on record; repair shop has an elevated historical investigation rate,
INV004138,CL018821,IN_PROGRESS,MEDIUM,multiple previous claims on record; short interval since previous claim,
INV004139,CL015098,IN_PROGRESS,LOW,multiple previous claims on record; short interval since previous claim,
INV004140,CL022325,CLOSED,HIGH,multiple previous claims on record,APPROVE
INV004141,CL016686,CLOSED,MEDIUM,multiple previous claims on record; repair shop has an elevated historical investigation rate,APPROVE
INV004142,CL011930,CLOSED,HIGH,multiple previous claims on record,APPROVE
INV004143,CL015856,CLOSED,HIGH,multiple previous claims on record; short interval since previous claim,REQUEST_DOCUMENTS
INV004144,CL020524,CLOSED,LOW,multiple previous claims on record; repair shop has an elevated historical investigation rate,INVESTIGATE_FURTHER
INV004145,CL027710,CLOSED,MEDIUM,multiple previous claims on record; short interval since previous claim,REQUEST_DOCUMENTS
INV004146,CL016057,CLOSED,MEDIUM,claim amount high relative to vehicle value; multiple previous claims on record; short interval since previous claim,APPROVE
INV004147,CL023859,CLOSED,MEDIUM,multiple previous claims on record; repair shop has an elevated historical investigation rate,REJECT
INV004148,CL011607,CLOSED,MEDIUM,multiple previous claims on record; short interval since previous claim,APPROVE
INV004149,CL004296,IN_PROGRESS,HIGH,claim amount high relative to vehicle value; multiple previous claims on record,
INV004150,CL005478,CLOSED,HIGH,multiple previous claims on record; short interval since previous claim; repair shop has an elevated historical investigation rate,APPROVE
INV004151,CL017282,CLOSED,HIGH,multiple previous claims on record; short interval since previous claim; repair shop has an elevated historical investigation rate,INVESTIGATE_FURTHER
INV004152,CL002990,IN_PROGRESS,HIGH,claim amount high relative to vehicle value; multiple previous claims on record; short interval since previous claim,
INV004153,CL002700,IN_PROGRESS,MEDIUM,multiple previous claims on record; short interval since previous claim,
INV004154,CL028876,IN_PROGRESS,MEDIUM,multiple previous claims on record; short interval since previous claim; repair shop has an elevated historical investigation rate,
INV004155,CL005371,CLOSED,HIGH,multiple previous claims on record; short interval since previous claim,APPROVE
INV004156,CL020173,CLOSED,LOW,multiple previous claims on record; short interval since previous claim,REJECT
INV004157,CL013876,IN_PROGRESS,MEDIUM,multiple previous claims on record,
INV004158,CL025615,IN_PROGRESS,MEDIUM,claim amount high relative to vehicle value; multiple previous claims on record; short interval since previous claim,
INV004159,CL000675,CLOSED,LOW,multiple previous claims on record; short interval since previous claim,APPROVE
INV004160,CL005791,CLOSED,HIGH,multiple previous claims on record; short interval since previous claim; repair shop has an elevated historical investigation rate,INVESTIGATE_FURTHER
INV004161,CL009945,IN_PROGRESS,HIGH,multiple previous claims on record; short interval since previous claim,
INV004162,CL003403,CLOSED,HIGH,multiple previous claims on record; short interval since previous claim,APPROVE
INV004163,CL009493,IN_PROGRESS,MEDIUM,multiple previous claims on record; short interval since previous claim,
INV004164,CL021877,IN_PROGRESS,LOW,multiple previous claims on record; short interval since previous claim,
INV004165,CL000344,CLOSED,MEDIUM,multiple previous claims on record,APPROVE
INV004166,CL022530,CLOSED,HIGH,multiple previous claims on record; short interval since previous claim,REQUEST_DOCUMENTS
INV004167,CL028485,CLOSED,MEDIUM,multiple previous claims on record; short interval since previous claim,REQUEST_DOCUMENTS
INV004168,CL005932,IN_PROGRESS,LOW,claim amount high relative to vehicle value; multiple previous claims on record; short interval since previous claim,
INV004169,CL023720,IN_PROGRESS,LOW,multiple previous claims on record; repair shop has an elevated historical investigation rate,
INV004170,CL019182,CLOSED,HIGH,claim amount high relative to vehicle value; multiple previous claims on record; short interval since previous claim,INVESTIGATE_FURTHER
INV004171,CL012641,IN_PROGRESS,MEDIUM,multiple previous claims on record; short interval since previous claim; repair shop has an elevated historical investigation rate,
INV004172,CL002695,CLOSED,LOW,multiple previous claims on record; repair shop has an elevated historical investigation rate,INVESTIGATE_FURTHER
INV004173,CL006238,CLOSED,MEDIUM,claim amount high relative to vehicle value; multiple previous claims on record; short interval since previous claim; repair shop has an elevated historical investigation rate,REJECT
INV004174,CL008330,CLOSED,LOW,multiple previous claims on record; short interval since previous claim,REQUEST_DOCUMENTS
INV004175,CL000049,IN_PROGRESS,MEDIUM,multiple previous claims on record; short interval since previous claim,
INV004176,CL012036,CLOSED,LOW,anomalous pattern flagged by risk model,INVESTIGATE_FURTHER
INV004177,CL010836,IN_PROGRESS,LOW,claim amount high relative to vehicle value; multiple previous claims on record,
INV004178,CL009441,CLOSED,MEDIUM,multiple previous claims on record; short interval since previous claim; repair shop has an elevated historical investigation rate,APPROVE
INV004179,CL023340,CLOSED,MEDIUM,multiple previous claims on record; short interval since previous claim,APPROVE
INV004180,CL020468,IN_PROGRESS,MEDIUM,multiple previous claims on record,
INV004181,CL018931,CLOSED,HIGH,claim amount high relative to vehicle value; multiple previous claims on record,APPROVE
INV004182,CL012134,CLOSED,LOW,claim amount high relative to vehicle value; multiple previous claims on record; short interval since previous claim; repair shop has an elevated historical investigation rate,INVESTIGATE_FURTHER
INV004183,CL020989,CLOSED,MEDIUM,multiple previous claims on record,INVESTIGATE_FURTHER
INV004184,CL027416,CLOSED,MEDIUM,claim amount high relative to vehicle value; multiple previous claims on record,REQUEST_DOCUMENTS
INV004185,CL006033,CLOSED,HIGH,multiple previous claims on record,INVESTIGATE_FURTHER
INV004186,CL020846,IN_PROGRESS,MEDIUM,multiple previous claims on record,
INV004187,CL025844,CLOSED,MEDIUM,multiple previous claims on record; short interval since previous claim,INVESTIGATE_FURTHER
INV004188,CL024301,CLOSED,LOW,multiple previous claims on record; short interval since previous claim,APPROVE
INV004189,CL008021,CLOSED,HIGH,multiple previous claims on record; short interval since previous claim; repair shop has an elevated historical investigation rate,APPROVE
INV004190,CL019794,CLOSED,MEDIUM,multiple previous claims on record; short interval since previous claim,APPROVE
INV004191,CL003049,CLOSED,MEDIUM,short interval since previous claim,INVESTIGATE_FURTHER
INV004192,CL015819,IN_PROGRESS,HIGH,claim amount high relative to vehicle value; multiple previous claims on record; short interval since previous claim; repair shop has an elevated historical investigation rate,
INV004193,CL006677,IN_PROGRESS,LOW,multiple previous claims on record; short interval since previous claim; repair shop has an elevated historical investigation rate,
INV004194,CL019101,CLOSED,MEDIUM,multiple previous claims on record,REQUEST_DOCUMENTS
INV004195,CL015848,CLOSED,MEDIUM,multiple previous claims on record; short interval since previous claim,APPROVE
INV004196,CL022467,CLOSED,MEDIUM,claim amount high relative to vehicle value; multiple previous claims on record; short interval since previous claim,REQUEST_DOCUMENTS
INV004197,CL003319,IN_PROGRESS,MEDIUM,multiple previous claims on record; repair shop has an elevated historical investigation rate,
INV004198,CL002105,CLOSED,MEDIUM,multiple previous claims on record; short interval since previous claim,APPROVE
INV004199,CL004058,CLOSED,MEDIUM,multiple previous claims on record; short interval since previous claim; repair shop has an elevated historical investigation rate,APPROVE
INV004200,CL010249,CLOSED,MEDIUM,multiple previous claims on record; short interval since previous claim,REJECT
INV004201,CL029111,CLOSED,LOW,claim amount high relative to vehicle value; multiple previous claims on record,REJECT
INV004202,CL007619,CLOSED,MEDIUM,multiple previous claims on record; short interval since previous claim,REQUEST_DOCUMENTS
INV004203,CL027451,CLOSED,MEDIUM,multiple previous claims on record; short interval since previous claim; repair shop has an elevated historical investigation rate,REQUEST_DOCUMENTS
INV004204,CL002333,CLOSED,HIGH,multiple previous claims on record; short interval since previous claim; repair shop has an elevated historical investigation rate,REQUEST_DOCUMENTS
INV004205,CL024749,CLOSED,HIGH,claim amount high relative to vehicle value; multiple previous claims on record,REQUEST_DOCUMENTS
INV004206,CL000933,CLOSED,HIGH,multiple previous claims on record; short interval since previous claim,REQUEST_DOCUMENTS
INV004207,CL009887,CLOSED,LOW,multiple previous claims on record; short interval since previous claim,APPROVE
INV004208,CL011820,IN_PROGRESS,MEDIUM,claim amount high relative to vehicle value; multiple previous claims on record; short interval since previous claim,
INV004209,CL008714,IN_PROGRESS,MEDIUM,multiple previous claims on record; short interval since previous claim,
INV004210,CL011993,CLOSED,HIGH,multiple previous claims on record; repair shop has an elevated historical investigation rate,APPROVE
INV004211,CL003079,IN_PROGRESS,MEDIUM,claim amount high relative to vehicle value; multiple previous claims on record; short interval since previous claim; repair shop has an elevated historical investigation rate,
INV004212,CL001357,CLOSED,HIGH,multiple previous claims on record,REQUEST_DOCUMENTS
INV004213,CL002462,CLOSED,HIGH,multiple previous claims on record,APPROVE
INV004214,CL025000,IN_PROGRESS,MEDIUM,claim amount high relative to vehicle value; multiple previous claims on record; short interval since previous claim,
INV004215,CL025051,IN_PROGRESS,HIGH,multiple previous claims on record; short interval since previous claim,
INV004216,CL005355,CLOSED,HIGH,multiple previous claims on record; short interval since previous claim; repair shop has an elevated historical investigation rate,REJECT
INV004217,CL011777,CLOSED,MEDIUM,multiple previous claims on record; short interval since previous claim,APPROVE
INV004218,CL000042,IN_PROGRESS,MEDIUM,multiple previous claims on record; repair shop has an elevated historical investigation rate,
INV004219,CL008895,CLOSED,HIGH,multiple previous claims on record,REJECT
INV004220,CL000222,IN_PROGRESS,HIGH,multiple previous claims on record; short interval since previous claim; repair shop has an elevated historical investigation rate,
INV004221,CL028298,IN_PROGRESS,LOW,multiple previous claims on record; short interval since previous claim,
INV004222,CL002651,IN_PROGRESS,MEDIUM,claim amount high relative to vehicle value; multiple previous claims on record,
INV004223,CL014983,IN_PROGRESS,MEDIUM,multiple previous claims on record; short interval since previous claim,
INV004224,CL002962,CLOSED,MEDIUM,multiple previous claims on record; short interval since previous claim,APPROVE
INV004225,CL018528,CLOSED,HIGH,multiple previous claims on record; repair shop has an elevated historical investigation rate,INVESTIGATE_FURTHER
INV004226,CL024693,CLOSED,MEDIUM,claim amount high relative to vehicle value; multiple previous claims on record; short interval since previous claim,APPROVE
INV004227,CL029834,IN_PROGRESS,MEDIUM,multiple previous claims on record; short interval since previous claim,
INV004228,CL022692,CLOSED,MEDIUM,claim amount high relative to vehicle value; multiple previous claims on record,APPROVE
INV004229,CL024531,CLOSED,MEDIUM,multiple previous claims on record; short interval since previous claim,APPROVE
INV004230,CL023277,IN_PROGRESS,HIGH,multiple previous claims on record; short interval since previous claim,
INV004231,CL024618,IN_PROGRESS,MEDIUM,claim amount high relative to vehicle value; multiple previous claims on record; short interval since previous claim,
INV004232,CL023205,CLOSED,HIGH,claim amount high relative to vehicle value; multiple previous claims on record; short interval since previous claim,REQUEST_DOCUMENTS
INV004233,CL007277,IN_PROGRESS,HIGH,claim amount high relative to vehicle value; multiple previous claims on record; repair shop has an elevated historical investigation rate,
INV004234,CL002528,CLOSED,HIGH,multiple previous claims on record,APPROVE
INV004235,CL027617,CLOSED,LOW,multiple previous claims on record; short interval since previous claim,REQUEST_DOCUMENTS
INV004236,CL025048,CLOSED,HIGH,multiple previous claims on record,APPROVE
INV004237,CL020889,IN_PROGRESS,MEDIUM,multiple previous claims on record,
INV004238,CL005593,CLOSED,LOW,multiple previous claims on record; short interval since previous claim,REJECT
INV004239,CL029225,CLOSED,MEDIUM,claim amount high relative to vehicle value; multiple previous claims on record; short interval since previous claim,REQUEST_DOCUMENTS
INV004240,CL004293,CLOSED,MEDIUM,multiple previous claims on record,APPROVE
INV004241,CL018601,IN_PROGRESS,MEDIUM,multiple previous claims on record; repair shop has an elevated historical investigation rate,
INV004242,CL020555,CLOSED,MEDIUM,multiple previous claims on record; short interval since previous claim,INVESTIGATE_FURTHER
INV004243,CL026898,CLOSED,MEDIUM,multiple previous claims on record; repair shop has an elevated historical investigation rate,REQUEST_DOCUMENTS
INV004244,CL012928,IN_PROGRESS,HIGH,multiple previous claims on record,
INV004245,CL010383,IN_PROGRESS,LOW,multiple previous claims on record; short interval since previous claim; repair shop has an elevated historical investigation rate,
INV004246,CL008907,IN_PROGRESS,HIGH,multiple previous claims on record; short interval since previous claim,
INV004247,CL016901,IN_PROGRESS,MEDIUM,claim amount high relative to vehicle value; multiple previous claims on record; short interval since previous claim,
INV004248,CL012543,CLOSED,HIGH,multiple previous claims on record,APPROVE
INV004249,CL019217,IN_PROGRESS,MEDIUM,multiple previous claims on record; short interval since previous claim,
INV004250,CL003732,IN_PROGRESS,MEDIUM,multiple previous claims on record; repair shop has an elevated historical investigation rate,
INV004251,CL009305,CLOSED,HIGH,multiple previous claims on record,APPROVE
INV004252,CL009696,IN_PROGRESS,HIGH,claim amount high relative to vehicle value,
INV004253,CL007097,CLOSED,MEDIUM,claim amount high relative to vehicle value; multiple previous claims on record; short interval since previous claim,REQUEST_DOCUMENTS
INV004254,CL006389,IN_PROGRESS,MEDIUM,claim amount high relative to vehicle value; multiple previous claims on record; repair shop has an elevated historical investigation rate,
INV004255,CL006306,IN_PROGRESS,MEDIUM,claim amount high relative to vehicle value; multiple previous claims on record; short interval since previous claim,
INV004256,CL011867,CLOSED,MEDIUM,claim amount high relative to vehicle value; multiple previous claims on record; short interval since previous claim,APPROVE
INV004257,CL018925,CLOSED,MEDIUM,claim amount high relative to vehicle value; multiple previous claims on record; repair shop has an elevated historical investigation rate,APPROVE
INV004258,CL005519,IN_PROGRESS,LOW,multiple previous claims on record,
INV004259,CL017403,CLOSED,HIGH,multiple previous claims on record,REQUEST_DOCUMENTS
INV004260,CL002412,CLOSED,LOW,multiple previous claims on record; short interval since previous claim,INVESTIGATE_FURTHER
INV004261,CL023065,CLOSED,MEDIUM,multiple previous claims on record,REQUEST_DOCUMENTS
INV004262,CL004560,CLOSED,HIGH,multiple previous claims on record; short interval since previous claim,INVESTIGATE_FURTHER
INV004263,CL018965,CLOSED,MEDIUM,claim amount high relative to vehicle value; multiple previous claims on record; short interval since previous claim,APPROVE
INV004264,CL014191,CLOSED,MEDIUM,claim amount high relative to vehicle value; multiple previous claims on record; repair shop has an elevated historical investigation rate,INVESTIGATE_FURTHER
INV004265,CL006491,CLOSED,MEDIUM,multiple previous claims on record; short interval since previous claim,INVESTIGATE_FURTHER
INV004266,CL021317,CLOSED,MEDIUM,claim amount high relative to vehicle value; multiple previous claims on record; short interval since previous claim,REQUEST_DOCUMENTS
INV004267,CL028675,IN_PROGRESS,MEDIUM,repair shop has an elevated historical investigation rate,
INV004268,CL026784,IN_PROGRESS,HIGH,multiple previous claims on record; short interval since previous claim,
INV004269,CL015008,CLOSED,HIGH,multiple previous claims on record; short interval since previous claim; repair shop has an elevated historical investigation rate,INVESTIGATE_FURTHER
INV004270,CL026464,CLOSED,LOW,multiple previous claims on record; short interval since previous claim; repair shop has an elevated historical investigation rate,REQUEST_DOCUMENTS
INV004271,CL007408,CLOSED,MEDIUM,multiple previous claims on record; short interval since previous claim; repair shop has an elevated historical investigation rate,INVESTIGATE_FURTHER
INV004272,CL010266,CLOSED,LOW,multiple previous claims on record; short interval since previous claim,APPROVE
INV004273,CL026664,IN_PROGRESS,HIGH,multiple previous claims on record; short interval since previous claim,
INV004274,CL012394,CLOSED,HIGH,claim amount high relative to vehicle value; repair shop has an elevated historical investigation rate,REQUEST_DOCUMENTS
INV004275,CL000611,CLOSED,MEDIUM,claim amount high relative to vehicle value; multiple previous claims on record; repair shop has an elevated historical investigation rate,REJECT
INV004276,CL017319,IN_PROGRESS,LOW,multiple previous claims on record,
INV004277,CL009538,CLOSED,HIGH,multiple previous claims on record; short interval since previous claim; repair shop has an elevated historical investigation rate,APPROVE
INV004278,CL018414,IN_PROGRESS,HIGH,multiple previous claims on record; short interval since previous claim; repair shop has an elevated historical investigation rate,
INV004279,CL029877,CLOSED,LOW,claim amount high relative to vehicle value; multiple previous claims on record,REQUEST_DOCUMENTS
INV004280,CL024544,CLOSED,MEDIUM,multiple previous claims on record; repair shop has an elevated historical investigation rate,REQUEST_DOCUMENTS
INV004281,CL001532,CLOSED,MEDIUM,claim amount high relative to vehicle value; multiple previous claims on record; short interval since previous claim,APPROVE
INV004282,CL015933,IN_PROGRESS,LOW,multiple previous claims on record; repair shop has an elevated historical investigation rate,
INV004283,CL026968,CLOSED,MEDIUM,claim amount high relative to vehicle value; multiple previous claims on record; short interval since previous claim,APPROVE
INV004284,CL000545,IN_PROGRESS,MEDIUM,multiple previous claims on record; repair shop has an elevated historical investigation rate,
INV004285,CL022266,IN_PROGRESS,HIGH,claim amount high relative to vehicle value; multiple previous claims on record; repair shop has an elevated historical investigation rate,
INV004286,CL004924,IN_PROGRESS,HIGH,multiple previous claims on record; repair shop has an elevated historical investigation rate,
INV004287,CL029814,CLOSED,HIGH,claim amount high relative to vehicle value; multiple previous claims on record; short interval since previous claim,INVESTIGATE_FURTHER
INV004288,CL008431,CLOSED,HIGH,multiple previous claims on record; repair shop has an elevated historical investigation rate,INVESTIGATE_FURTHER
INV004289,CL011926,CLOSED,MEDIUM,multiple previous claims on record,APPROVE
INV004290,CL003882,IN_PROGRESS,MEDIUM,short interval since previous claim; repair shop has an elevated historical investigation rate,
INV004291,CL001181,CLOSED,HIGH,multiple previous claims on record; repair shop has an elevated historical investigation rate,APPROVE
INV004292,CL026112,CLOSED,LOW,claim amount high relative to vehicle value; multiple previous claims on record,APPROVE
INV004293,CL025317,IN_PROGRESS,MEDIUM,multiple previous claims on record; short interval since previous claim,
INV004294,CL024904,CLOSED,MEDIUM,claim amount high relative to vehicle value; multiple previous claims on record; short interval since previous claim; repair shop has an elevated historical investigation rate,APPROVE
INV004295,CL009594,IN_PROGRESS,MEDIUM,claim amount high relative to vehicle value; multiple previous claims on record; short interval since previous claim,
INV004296,CL028910,CLOSED,LOW,claim amount high relative to vehicle value; multiple previous claims on record; short interval since previous claim; repair shop has an elevated historical investigation rate,APPROVE
INV004297,CL018123,IN_PROGRESS,LOW,claim amount high relative to vehicle value; multiple previous claims on record; short interval since previous claim,
INV004298,CL013339,CLOSED,HIGH,multiple previous claims on record; repair shop has an elevated historical investigation rate,INVESTIGATE_FURTHER
INV004299,CL021369,IN_PROGRESS,MEDIUM,claim amount high relative to vehicle value; multiple previous claims on record; short interval since previous claim,
INV004300,CL016171,CLOSED,LOW,multiple previous claims on record,APPROVE
INV004301,CL012201,CLOSED,MEDIUM,multiple previous claims on record,REQUEST_DOCUMENTS
INV004302,CL002108,CLOSED,LOW,multiple previous claims on record; short interval since previous claim; repair shop has an elevated historical investigation rate,APPROVE
INV004303,CL015870,CLOSED,MEDIUM,multiple previous claims on record; short interval since previous claim,REJECT
INV004304,CL001986,CLOSED,HIGH,multiple previous claims on record; short interval since previous claim,APPROVE
INV004305,CL002122,CLOSED,HIGH,multiple previous claims on record; short interval since previous claim,APPROVE
INV004306,CL028628,IN_PROGRESS,LOW,multiple previous claims on record,
INV004307,CL018000,CLOSED,MEDIUM,claim amount high relative to vehicle value; multiple previous claims on record; repair shop has an elevated historical investigation rate,INVESTIGATE_FURTHER
INV004308,CL022722,IN_PROGRESS,LOW,claim amount high relative to vehicle value; multiple previous claims on record; short interval since previous claim,
INV004309,CL012520,CLOSED,MEDIUM,claim amount high relative to vehicle value; multiple previous claims on record,APPROVE
INV004310,CL027005,IN_PROGRESS,MEDIUM,claim amount high relative to vehicle value; multiple previous claims on record; short interval since previous claim,
INV004311,CL023979,CLOSED,MEDIUM,claim amount high relative to vehicle value; multiple previous claims on record; short interval since previous claim,REQUEST_DOCUMENTS
INV004312,CL022915,CLOSED,MEDIUM,multiple previous claims on record; short interval since previous claim; repair shop has an elevated historical investigation rate,APPROVE
INV004313,CL025136,CLOSED,MEDIUM,repair shop has an elevated historical investigation rate,APPROVE
INV004314,CL027732,IN_PROGRESS,MEDIUM,multiple previous claims on record,
INV004315,CL016105,CLOSED,HIGH,claim amount high relative to vehicle value; multiple previous claims on record,INVESTIGATE_FURTHER
INV004316,CL004190,CLOSED,HIGH,multiple previous claims on record; repair shop has an elevated historical investigation rate,APPROVE
INV004317,CL003667,CLOSED,HIGH,multiple previous claims on record; repair shop has an elevated historical investigation rate,REQUEST_DOCUMENTS
INV004318,CL007964,IN_PROGRESS,MEDIUM,multiple previous claims on record; short interval since previous claim,
INV004319,CL021528,CLOSED,MEDIUM,multiple previous claims on record; short interval since previous claim,REJECT
INV004320,CL027686,CLOSED,MEDIUM,multiple previous claims on record; short interval since previous claim; repair shop has an elevated historical investigation rate,APPROVE
INV004321,CL019848,CLOSED,MEDIUM,multiple previous claims on record; short interval since previous claim,APPROVE
INV004322,CL001004,CLOSED,LOW,anomalous pattern flagged by risk model,APPROVE
INV004323,CL005763,IN_PROGRESS,LOW,multiple previous claims on record; short interval since previous claim,
INV004324,CL010119,CLOSED,LOW,claim amount high relative to vehicle value; multiple previous claims on record; short interval since previous claim,REQUEST_DOCUMENTS
INV004325,CL019615,CLOSED,MEDIUM,claim amount high relative to vehicle value; multiple previous claims on record,APPROVE
INV004326,CL002163,CLOSED,LOW,claim amount high relative to vehicle value; multiple previous claims on record; short interval since previous claim,REQUEST_DOCUMENTS
INV004327,CL019384,CLOSED,MEDIUM,multiple previous claims on record; repair shop has an elevated historical investigation rate,REQUEST_DOCUMENTS
INV004328,CL027333,IN_PROGRESS,MEDIUM,multiple previous claims on record; short interval since previous claim; repair shop has an elevated historical investigation rate,
INV004329,CL007457,IN_PROGRESS,HIGH,multiple previous claims on record; short interval since previous claim,
INV004330,CL005117,IN_PROGRESS,HIGH,claim amount high relative to vehicle value; multiple previous claims on record; repair shop has an elevated historical investigation rate,
INV004331,CL016654,CLOSED,MEDIUM,multiple previous claims on record; short interval since previous claim; repair shop has an elevated historical investigation rate,APPROVE
INV004332,CL007275,CLOSED,HIGH,multiple previous claims on record,APPROVE
INV004333,CL028302,CLOSED,HIGH,multiple previous claims on record; short interval since previous claim,REQUEST_DOCUMENTS
INV004334,CL001042,IN_PROGRESS,MEDIUM,multiple previous claims on record; short interval since previous claim; repair shop has an elevated historical investigation rate,
INV004335,CL029336,CLOSED,LOW,claim amount high relative to vehicle value; multiple previous claims on record; short interval since previous claim,REQUEST_DOCUMENTS
INV004336,CL020770,CLOSED,HIGH,claim amount high relative to vehicle value; multiple previous claims on record,APPROVE
INV004337,CL024314,IN_PROGRESS,MEDIUM,claim amount high relative to vehicle value; repair shop has an elevated historical investigation rate,
INV004338,CL026786,CLOSED,LOW,multiple previous claims on record,REJECT
INV004339,CL003720,CLOSED,LOW,multiple previous claims on record,APPROVE
INV004340,CL020277,CLOSED,HIGH,claim amount high relative to vehicle value; multiple previous claims on record; repair shop has an elevated historical investigation rate,APPROVE
INV004341,CL004901,CLOSED,MEDIUM,multiple previous claims on record,APPROVE
INV004342,CL024051,IN_PROGRESS,MEDIUM,claim amount high relative to vehicle value; multiple previous claims on record; repair shop has an elevated historical investigation rate,
INV004343,CL003297,CLOSED,MEDIUM,multiple previous claims on record; repair shop has an elevated historical investigation rate,APPROVE
INV004344,CL019381,IN_PROGRESS,HIGH,multiple previous claims on record,
INV004345,CL029189,IN_PROGRESS,LOW,claim amount high relative to vehicle value; multiple previous claims on record; short interval since previous claim; repair shop has an elevated historical investigation rate,
INV004346,CL003746,IN_PROGRESS,MEDIUM,claim amount high relative to vehicle value; multiple previous claims on record; repair shop has an elevated historical investigation rate,
INV004347,CL001535,IN_PROGRESS,HIGH,claim amount high relative to vehicle value; multiple previous claims on record,
INV004348,CL016015,CLOSED,HIGH,multiple previous claims on record; short interval since previous claim,INVESTIGATE_FURTHER
INV004349,CL004387,IN_PROGRESS,HIGH,claim amount high relative to vehicle value; multiple previous claims on record; short interval since previous claim; repair shop has an elevated historical investigation rate,
INV004350,CL020722,IN_PROGRESS,LOW,multiple previous claims on record; short interval since previous claim,
INV004351,CL026007,CLOSED,LOW,multiple previous claims on record; short interval since previous claim,APPROVE
INV004352,CL010985,IN_PROGRESS,MEDIUM,claim amount high relative to vehicle value; multiple previous claims on record; short interval since previous claim,
INV004353,CL021824,IN_PROGRESS,LOW,multiple previous claims on record; repair shop has an elevated historical investigation rate,
INV004354,CL012908,CLOSED,MEDIUM,claim amount high relative to vehicle value; multiple previous claims on record; short interval since previous claim; repair shop has an elevated historical investigation rate,REQUEST_DOCUMENTS
INV004355,CL017533,IN_PROGRESS,MEDIUM,multiple previous claims on record; repair shop has an elevated historical investigation rate,
INV004356,CL029047,CLOSED,MEDIUM,multiple previous claims on record; repair shop has an elevated historical investigation rate,APPROVE
INV004357,CL025866,CLOSED,MEDIUM,multiple previous claims on record,INVESTIGATE_FURTHER
INV004358,CL015890,IN_PROGRESS,LOW,claim amount high relative to vehicle value; multiple previous claims on record,
INV004359,CL020970,CLOSED,MEDIUM,multiple previous claims on record; short interval since previous claim; repair shop has an elevated historical investigation rate,APPROVE
INV004360,CL025738,CLOSED,MEDIUM,multiple previous claims on record,REQUEST_DOCUMENTS
INV004361,CL012322,IN_PROGRESS,HIGH,multiple previous claims on record; repair shop has an elevated historical investigation rate,
INV004362,CL016611,IN_PROGRESS,HIGH,multiple previous claims on record; short interval since previous claim,
INV004363,CL008693,CLOSED,HIGH,multiple previous claims on record; short interval since previous claim,APPROVE
INV004364,CL020710,IN_PROGRESS,LOW,multiple previous claims on record; short interval since previous claim; repair shop has an elevated historical investigation rate,
INV004365,CL019502,IN_PROGRESS,LOW,multiple previous claims on record,
INV004366,CL022780,CLOSED,MEDIUM,claim amount high relative to vehicle value; multiple previous claims on record; short interval since previous claim,APPROVE
INV004367,CL021171,IN_PROGRESS,LOW,multiple previous claims on record,
INV004368,CL019427,CLOSED,MEDIUM,multiple previous claims on record; short interval since previous claim,APPROVE
INV004369,CL016861,CLOSED,HIGH,multiple previous claims on record; short interval since previous claim; repair shop has an elevated historical investigation rate,APPROVE
INV004370,CL000543,CLOSED,LOW,claim amount high relative to vehicle value; multiple previous claims on record,REJECT
INV004371,CL025793,CLOSED,LOW,multiple previous claims on record; short interval since previous claim; repair shop has an elevated historical investigation rate,APPROVE
INV004372,CL001120,IN_PROGRESS,MEDIUM,claim amount high relative to vehicle value; multiple previous claims on record; short interval since previous claim; repair shop has an elevated historical investigation rate,
INV004373,CL001456,CLOSED,MEDIUM,claim amount high relative to vehicle value; multiple previous claims on record; repair shop has an elevated historical investigation rate,REQUEST_DOCUMENTS
INV004374,CL025902,CLOSED,MEDIUM,multiple previous claims on record; short interval since previous claim; repair shop has an elevated historical investigation rate,APPROVE
INV004375,CL003549,CLOSED,HIGH,multiple previous claims on record; short interval since previous claim,APPROVE
INV004376,CL016684,CLOSED,LOW,claim amount high relative to vehicle value; multiple previous claims on record; short interval since previous claim; repair shop has an elevated historical investigation rate,APPROVE
INV004377,CL005298,IN_PROGRESS,HIGH,claim amount high relative to vehicle value; multiple previous claims on record; short interval since previous claim,
INV004378,CL019554,IN_PROGRESS,MEDIUM,repair shop has an elevated historical investigation rate,
INV004379,CL006095,CLOSED,HIGH,multiple previous claims on record; repair shop has an elevated historical investigation rate,APPROVE
INV004380,CL024105,CLOSED,MEDIUM,multiple previous claims on record; short interval since previous claim,INVESTIGATE_FURTHER
INV004381,CL018798,CLOSED,HIGH,multiple previous claims on record; short interval since previous claim,INVESTIGATE_FURTHER
INV004382,CL015352,IN_PROGRESS,HIGH,multiple previous claims on record; short interval since previous claim,
INV004383,CL010153,CLOSED,MEDIUM,anomalous pattern flagged by risk model,REQUEST_DOCUMENTS
INV004384,CL007152,IN_PROGRESS,HIGH,multiple previous claims on record; repair shop has an elevated historical investigation rate,
INV004385,CL001989,CLOSED,LOW,multiple previous claims on record,REQUEST_DOCUMENTS
INV004386,CL009811,CLOSED,MEDIUM,multiple previous claims on record; repair shop has an elevated historical investigation rate,INVESTIGATE_FURTHER
INV004387,CL014933,IN_PROGRESS,HIGH,multiple previous claims on record; short interval since previous claim,
INV004388,CL024674,IN_PROGRESS,LOW,multiple previous claims on record; repair shop has an elevated historical investigation rate,
INV004389,CL014641,CLOSED,MEDIUM,multiple previous claims on record; repair shop has an elevated historical investigation rate,REQUEST_DOCUMENTS
INV004390,CL025106,CLOSED,HIGH,multiple previous claims on record; repair shop has an elevated historical investigation rate,APPROVE
INV004391,CL027264,IN_PROGRESS,HIGH,multiple previous claims on record; short interval since previous claim; repair shop has an elevated historical investigation rate,
INV004392,CL014320,IN_PROGRESS,HIGH,claim amount high relative to vehicle value; multiple previous claims on record; short interval since previous claim; repair shop has an elevated historical investigation rate,
INV004393,CL022473,CLOSED,HIGH,multiple previous claims on record; short interval since previous claim,APPROVE
INV004394,CL022226,IN_PROGRESS,MEDIUM,multiple previous claims on record; short interval since previous claim,
INV004395,CL000509,CLOSED,MEDIUM,multiple previous claims on record; short interval since previous claim,APPROVE
INV004396,CL010520,IN_PROGRESS,MEDIUM,multiple previous claims on record,
INV004397,CL026632,CLOSED,MEDIUM,multiple previous claims on record; short interval since previous claim,INVESTIGATE_FURTHER
INV004398,CL018257,CLOSED,LOW,multiple previous claims on record; short interval since previous claim,REQUEST_DOCUMENTS
INV004399,CL025874,CLOSED,LOW,claim amount high relative to vehicle value; multiple previous claims on record; short interval since previous claim,INVESTIGATE_FURTHER
INV004400,CL007180,IN_PROGRESS,MEDIUM,multiple previous claims on record; repair shop has an elevated historical investigation rate,
INV004401,CL020658,IN_PROGRESS,LOW,multiple previous claims on record; short interval since previous claim,
INV004402,CL002576,IN_PROGRESS,MEDIUM,claim amount high relative to vehicle value; multiple previous claims on record; short interval since previous claim; repair shop has an elevated historical investigation rate,
INV004403,CL028032,CLOSED,HIGH,multiple previous claims on record; short interval since previous claim,REJECT
INV004404,CL013665,CLOSED,MEDIUM,multiple previous claims on record; repair shop has an elevated historical investigation rate,REQUEST_DOCUMENTS
INV004405,CL003661,IN_PROGRESS,MEDIUM,multiple previous claims on record; repair shop has an elevated historical investigation rate,
INV004406,CL010045,CLOSED,MEDIUM,multiple previous claims on record; short interval since previous claim,INVESTIGATE_FURTHER
INV004407,CL001567,IN_PROGRESS,MEDIUM,multiple previous claims on record; short interval since previous claim,
INV004408,CL004740,IN_PROGRESS,MEDIUM,multiple previous claims on record,
INV004409,CL013619,CLOSED,MEDIUM,claim amount high relative to vehicle value; multiple previous claims on record; short interval since previous claim,APPROVE
INV004410,CL007690,IN_PROGRESS,MEDIUM,multiple previous claims on record,
INV004411,CL008932,CLOSED,LOW,claim amount high relative to vehicle value; multiple previous claims on record; short interval since previous claim; repair shop has an elevated historical investigation rate,APPROVE
INV004412,CL023430,CLOSED,MEDIUM,multiple previous claims on record; short interval since previous claim; repair shop has an elevated historical investigation rate,REQUEST_DOCUMENTS
INV004413,CL024013,CLOSED,MEDIUM,claim amount high relative to vehicle value; multiple previous claims on record,APPROVE
INV004414,CL008979,CLOSED,MEDIUM,claim amount high relative to vehicle value; multiple previous claims on record; short interval since previous claim,REQUEST_DOCUMENTS
INV004415,CL024717,IN_PROGRESS,MEDIUM,claim amount high relative to vehicle value; multiple previous claims on record; short interval since previous claim,
INV004416,CL004038,CLOSED,MEDIUM,multiple previous claims on record; repair shop has an elevated historical investigation rate,REQUEST_DOCUMENTS
INV004417,CL017848,CLOSED,HIGH,claim amount high relative to vehicle value; multiple previous claims on record; short interval since previous claim,REQUEST_DOCUMENTS
INV004418,CL004085,CLOSED,MEDIUM,multiple previous claims on record; short interval since previous claim,APPROVE
INV004419,CL015136,CLOSED,LOW,multiple previous claims on record; short interval since previous claim,APPROVE
INV004420,CL002495,CLOSED,HIGH,multiple previous claims on record; short interval since previous claim; repair shop has an elevated historical investigation rate,INVESTIGATE_FURTHER
INV004421,CL024223,CLOSED,HIGH,multiple previous claims on record; short interval since previous claim; repair shop has an elevated historical investigation rate,REJECT
INV004422,CL004634,IN_PROGRESS,LOW,multiple previous claims on record,
INV004423,CL004153,IN_PROGRESS,MEDIUM,multiple previous claims on record; repair shop has an elevated historical investigation rate,
INV004424,CL028831,IN_PROGRESS,MEDIUM,multiple previous claims on record; short interval since previous claim; repair shop has an elevated historical investigation rate,
INV004425,CL027142,CLOSED,HIGH,multiple previous claims on record; repair shop has an elevated historical investigation rate,INVESTIGATE_FURTHER
INV004426,CL022396,CLOSED,HIGH,multiple previous claims on record; short interval since previous claim; repair shop has an elevated historical investigation rate,REJECT
INV004427,CL012440,IN_PROGRESS,LOW,multiple previous claims on record; short interval since previous claim; repair shop has an elevated historical investigation rate,
INV004428,CL000513,IN_PROGRESS,HIGH,claim amount high relative to vehicle value; multiple previous claims on record,
INV004429,CL011405,IN_PROGRESS,LOW,multiple previous claims on record; short interval since previous claim,
INV004430,CL001548,IN_PROGRESS,MEDIUM,claim amount high relative to vehicle value; multiple previous claims on record; repair shop has an elevated historical investigation rate,
INV004431,CL013427,IN_PROGRESS,HIGH,multiple previous claims on record; short interval since previous claim,
INV004432,CL000156,CLOSED,HIGH,claim amount high relative to vehicle value; multiple previous claims on record; short interval since previous claim; repair shop has an elevated historical investigation rate,REQUEST_DOCUMENTS
INV004433,CL013620,CLOSED,LOW,claim amount high relative to vehicle value; multiple previous claims on record; short interval since previous claim,APPROVE
INV004434,CL026821,IN_PROGRESS,LOW,multiple previous claims on record,
INV004435,CL006476,CLOSED,MEDIUM,multiple previous claims on record; short interval since previous claim,APPROVE
INV004436,CL004463,CLOSED,HIGH,multiple previous claims on record; short interval since previous claim,INVESTIGATE_FURTHER
INV004437,CL029104,CLOSED,HIGH,multiple previous claims on record; repair shop has an elevated historical investigation rate,REJECT
INV004438,CL007461,IN_PROGRESS,LOW,claim amount high relative to vehicle value; multiple previous claims on record; short interval since previous claim,
INV004439,CL023426,CLOSED,LOW,multiple previous claims on record; short interval since previous claim,REQUEST_DOCUMENTS
INV004440,CL020367,IN_PROGRESS,MEDIUM,claim amount high relative to vehicle value; repair shop has an elevated historical investigation rate,
INV004441,CL021229,CLOSED,MEDIUM,multiple previous claims on record; short interval since previous claim; repair shop has an elevated historical investigation rate,INVESTIGATE_FURTHER
INV004442,CL018178,CLOSED,HIGH,claim amount high relative to vehicle value; multiple previous claims on record; short interval since previous claim; repair shop has an elevated historical investigation rate,REQUEST_DOCUMENTS
INV004443,CL000253,IN_PROGRESS,HIGH,claim amount high relative to vehicle value; multiple previous claims on record; short interval since previous claim,
INV004444,CL023215,CLOSED,MEDIUM,multiple previous claims on record; short interval since previous claim,INVESTIGATE_FURTHER
INV004445,CL003751,IN_PROGRESS,MEDIUM,claim amount high relative to vehicle value; multiple previous claims on record; short interval since previous claim,
INV004446,CL013853,IN_PROGRESS,MEDIUM,multiple previous claims on record; short interval since previous claim,
INV004447,CL013969,IN_PROGRESS,MEDIUM,multiple previous claims on record; repair shop has an elevated historical investigation rate,
INV004448,CL005330,CLOSED,MEDIUM,claim amount high relative to vehicle value; multiple previous claims on record; short interval since previous claim,INVESTIGATE_FURTHER
INV004449,CL026717,IN_PROGRESS,HIGH,multiple previous claims on record; short interval since previous claim,
INV004450,CL011281,IN_PROGRESS,LOW,multiple previous claims on record; repair shop has an elevated historical investigation rate,
INV004451,CL000767,IN_PROGRESS,MEDIUM,multiple previous claims on record; short interval since previous claim,
INV004452,CL019356,IN_PROGRESS,LOW,claim amount high relative to vehicle value; multiple previous claims on record; repair shop has an elevated historical investigation rate,
INV004453,CL006669,CLOSED,MEDIUM,claim amount high relative to vehicle value; multiple previous claims on record; short interval since previous claim; repair shop has an elevated historical investigation rate,REQUEST_DOCUMENTS
INV004454,CL018692,CLOSED,HIGH,multiple previous claims on record; short interval since previous claim; repair shop has an elevated historical investigation rate,REJECT
INV004455,CL029439,CLOSED,LOW,multiple previous claims on record,REQUEST_DOCUMENTS
INV004456,CL015233,CLOSED,LOW,claim amount high relative to vehicle value,REQUEST_DOCUMENTS
INV004457,CL025822,CLOSED,MEDIUM,multiple previous claims on record; short interval since previous claim,APPROVE
INV004458,CL003837,IN_PROGRESS,MEDIUM,claim amount high relative to vehicle value; multiple previous claims on record; short interval since previous claim,
INV004459,CL020216,CLOSED,HIGH,multiple previous claims on record,INVESTIGATE_FURTHER
INV004460,CL001315,CLOSED,HIGH,multiple previous claims on record,REQUEST_DOCUMENTS
INV004461,CL028743,IN_PROGRESS,MEDIUM,multiple previous claims on record; short interval since previous claim,
INV004462,CL011231,CLOSED,MEDIUM,claim amount high relative to vehicle value; multiple previous claims on record,APPROVE
INV004463,CL020933,IN_PROGRESS,LOW,multiple previous claims on record; short interval since previous claim,
INV004464,CL025952,CLOSED,HIGH,claim amount high relative to vehicle value; multiple previous claims on record; short interval since previous claim,APPROVE
INV004465,CL020549,CLOSED,MEDIUM,multiple previous claims on record; short interval since previous claim,APPROVE
INV004466,CL016409,IN_PROGRESS,MEDIUM,repair shop has an elevated historical investigation rate,
INV004467,CL018871,IN_PROGRESS,MEDIUM,multiple previous claims on record; repair shop has an elevated historical investigation rate,
INV004468,CL015664,IN_PROGRESS,MEDIUM,multiple previous claims on record; short interval since previous claim; repair shop has an elevated historical investigation rate,
INV004469,CL004515,IN_PROGRESS,MEDIUM,multiple previous claims on record,
INV004470,CL023360,IN_PROGRESS,HIGH,multiple previous claims on record; short interval since previous claim; repair shop has an elevated historical investigation rate,
INV004471,CL005581,IN_PROGRESS,HIGH,multiple previous claims on record; short interval since previous claim,
INV004472,CL012710,IN_PROGRESS,MEDIUM,multiple previous claims on record; short interval since previous claim,
INV004473,CL002875,CLOSED,LOW,multiple previous claims on record; short interval since previous claim,APPROVE
INV004474,CL029991,CLOSED,MEDIUM,multiple previous claims on record; repair shop has an elevated historical investigation rate,APPROVE
INV004475,CL016094,CLOSED,MEDIUM,multiple previous claims on record; short interval since previous claim,REJECT
INV004476,CL023618,CLOSED,HIGH,claim amount high relative to vehicle value; multiple previous claims on record; short interval since previous claim,REQUEST_DOCUMENTS
INV004477,CL013378,CLOSED,HIGH,anomalous pattern flagged by risk model,REJECT
INV004478,CL008516,CLOSED,LOW,multiple previous claims on record; short interval since previous claim; repair shop has an elevated historical investigation rate,INVESTIGATE_FURTHER
INV004479,CL003597,CLOSED,MEDIUM,multiple previous claims on record; short interval since previous claim,INVESTIGATE_FURTHER
INV004480,CL015357,IN_PROGRESS,MEDIUM,multiple previous claims on record; short interval since previous claim; repair shop has an elevated historical investigation rate,
INV004481,CL004578,CLOSED,MEDIUM,multiple previous claims on record; short interval since previous claim,REJECT
INV004482,CL001917,CLOSED,MEDIUM,multiple previous claims on record; repair shop has an elevated historical investigation rate,APPROVE
INV004483,CL013279,CLOSED,LOW,multiple previous claims on record; repair shop has an elevated historical investigation rate,INVESTIGATE_FURTHER
INV004484,CL025490,IN_PROGRESS,MEDIUM,multiple previous claims on record; short interval since previous claim,
INV004485,CL016395,IN_PROGRESS,MEDIUM,multiple previous claims on record; short interval since previous claim; repair shop has an elevated historical investigation rate,
INV004486,CL017116,IN_PROGRESS,LOW,short interval since previous claim; repair shop has an elevated historical investigation rate,
INV004487,CL001324,IN_PROGRESS,MEDIUM,multiple previous claims on record; repair shop has an elevated historical investigation rate,
INV004488,CL018583,CLOSED,MEDIUM,claim amount high relative to vehicle value; multiple previous claims on record,APPROVE
INV004489,CL018859,IN_PROGRESS,HIGH,multiple previous claims on record; short interval since previous claim,
INV004490,CL023566,CLOSED,LOW,multiple previous claims on record; short interval since previous claim,APPROVE
INV004491,CL028807,IN_PROGRESS,MEDIUM,multiple previous claims on record; short interval since previous claim; repair shop has an elevated historical investigation rate,
INV004492,CL017008,CLOSED,LOW,multiple previous claims on record,APPROVE
INV004493,CL019409,IN_PROGRESS,HIGH,claim amount high relative to vehicle value; multiple previous claims on record; short interval since previous claim,
INV004494,CL006271,CLOSED,HIGH,multiple previous claims on record; short interval since previous claim; repair shop has an elevated historical investigation rate,INVESTIGATE_FURTHER
INV004495,CL022488,CLOSED,HIGH,multiple previous claims on record; repair shop has an elevated historical investigation rate,APPROVE
INV004496,CL026252,CLOSED,HIGH,multiple previous claims on record; short interval since previous claim,REJECT
INV004497,CL029716,CLOSED,MEDIUM,multiple previous claims on record; repair shop has an elevated historical investigation rate,APPROVE
INV004498,CL002362,CLOSED,MEDIUM,claim amount high relative to vehicle value; multiple previous claims on record; short interval since previous claim,APPROVE
INV004499,CL019086,CLOSED,MEDIUM,multiple previous claims on record,APPROVE
INV004500,CL015176,CLOSED,HIGH,multiple previous claims on record; short interval since previous claim; repair shop has an elevated historical investigation rate,APPROVE
INV004501,CL005905,IN_PROGRESS,MEDIUM,claim amount high relative to vehicle value; multiple previous claims on record; short interval since previous claim,
INV004502,CL027487,CLOSED,LOW,claim amount high relative to vehicle value; multiple previous claims on record; short interval since previous claim,REQUEST_DOCUMENTS
INV004503,CL012886,CLOSED,HIGH,claim amount high relative to vehicle value; multiple previous claims on record; short interval since previous claim,INVESTIGATE_FURTHER
INV004504,CL023710,CLOSED,MEDIUM,multiple previous claims on record,REQUEST_DOCUMENTS
INV004505,CL009552,CLOSED,MEDIUM,claim amount high relative to vehicle value; multiple previous claims on record,INVESTIGATE_FURTHER
INV004506,CL012164,IN_PROGRESS,HIGH,multiple previous claims on record,
INV004507,CL026970,IN_PROGRESS,LOW,multiple previous claims on record; short interval since previous claim; repair shop has an elevated historical investigation rate,
INV004508,CL029542,IN_PROGRESS,MEDIUM,claim amount high relative to vehicle value; multiple previous claims on record,
INV004509,CL020056,CLOSED,MEDIUM,claim amount high relative to vehicle value; multiple previous claims on record; short interval since previous claim,APPROVE
INV004510,CL025065,IN_PROGRESS,MEDIUM,multiple previous claims on record; short interval since previous claim; repair shop has an elevated historical investigation rate,
INV004511,CL010152,IN_PROGRESS,HIGH,multiple previous claims on record; short interval since previous claim; repair shop has an elevated historical investigation rate,
INV004512,CL027945,IN_PROGRESS,MEDIUM,claim amount high relative to vehicle value; multiple previous claims on record,
INV004513,CL028457,CLOSED,MEDIUM,multiple previous claims on record; short interval since previous claim,APPROVE
INV004514,CL012476,CLOSED,MEDIUM,multiple previous claims on record; short interval since previous claim,APPROVE
INV004515,CL029183,CLOSED,MEDIUM,multiple previous claims on record,APPROVE
INV004516,CL017615,CLOSED,MEDIUM,multiple previous claims on record; repair shop has an elevated historical investigation rate,APPROVE
INV004517,CL013526,IN_PROGRESS,MEDIUM,multiple previous claims on record; short interval since previous claim,
INV004518,CL014395,CLOSED,MEDIUM,claim amount high relative to vehicle value; multiple previous claims on record; short interval since previous claim,APPROVE
INV004519,CL024383,CLOSED,LOW,multiple previous claims on record; short interval since previous claim; repair shop has an elevated historical investigation rate,REQUEST_DOCUMENTS
INV004520,CL002836,CLOSED,MEDIUM,multiple previous claims on record; short interval since previous claim,APPROVE
INV004521,CL003910,IN_PROGRESS,MEDIUM,multiple previous claims on record; short interval since previous claim; repair shop has an elevated historical investigation rate,
INV004522,CL003009,IN_PROGRESS,MEDIUM,multiple previous claims on record; short interval since previous claim; repair shop has an elevated historical investigation rate,
INV004523,CL016615,IN_PROGRESS,MEDIUM,claim amount high relative to vehicle value; multiple previous claims on record; short interval since previous claim; repair shop has an elevated historical investigation rate,
INV004524,CL013243,CLOSED,HIGH,multiple previous claims on record; repair shop has an elevated historical investigation rate,APPROVE
INV004525,CL025700,IN_PROGRESS,MEDIUM,multiple previous claims on record; repair shop has an elevated historical investigation rate,
INV004526,CL023188,CLOSED,LOW,claim amount high relative to vehicle value; multiple previous claims on record; repair shop has an elevated historical investigation rate,INVESTIGATE_FURTHER
INV004527,CL006592,CLOSED,MEDIUM,multiple previous claims on record; repair shop has an elevated historical investigation rate,APPROVE
INV004528,CL020954,CLOSED,MEDIUM,multiple previous claims on record; short interval since previous claim,APPROVE
INV004529,CL028265,CLOSED,MEDIUM,multiple previous claims on record,APPROVE
INV004530,CL014430,CLOSED,MEDIUM,multiple previous claims on record,INVESTIGATE_FURTHER
INV004531,CL027924,IN_PROGRESS,HIGH,multiple previous claims on record; repair shop has an elevated historical investigation rate,
INV004532,CL003866,CLOSED,HIGH,multiple previous claims on record; short interval since previous claim; repair shop has an elevated historical investigation rate,APPROVE
INV004533,CL000928,CLOSED,HIGH,multiple previous claims on record; repair shop has an elevated historical investigation rate,APPROVE
INV004534,CL003754,IN_PROGRESS,HIGH,multiple previous claims on record; short interval since previous claim,
INV004535,CL015880,IN_PROGRESS,HIGH,multiple previous claims on record,
INV004536,CL005008,IN_PROGRESS,HIGH,claim amount high relative to vehicle value; multiple previous claims on record,
INV004537,CL025908,CLOSED,MEDIUM,claim amount high relative to vehicle value; multiple previous claims on record; short interval since previous claim,INVESTIGATE_FURTHER
INV004538,CL007705,CLOSED,MEDIUM,claim amount high relative to vehicle value; multiple previous claims on record; short interval since previous claim; repair shop has an elevated historical investigation rate,APPROVE
INV004539,CL011262,CLOSED,MEDIUM,claim amount high relative to vehicle value; multiple previous claims on record; short interval since previous claim,APPROVE
INV004540,CL002036,CLOSED,MEDIUM,repair shop has an elevated historical investigation rate,APPROVE
INV004541,CL026541,IN_PROGRESS,MEDIUM,multiple previous claims on record; short interval since previous claim,
INV004542,CL003796,CLOSED,HIGH,multiple previous claims on record; repair shop has an elevated historical investigation rate,APPROVE
INV004543,CL024068,CLOSED,MEDIUM,multiple previous claims on record; short interval since previous claim,APPROVE
INV004544,CL005316,CLOSED,HIGH,multiple previous claims on record; repair shop has an elevated historical investigation rate,REQUEST_DOCUMENTS
INV004545,CL024227,IN_PROGRESS,LOW,multiple previous claims on record; repair shop has an elevated historical investigation rate,
INV004546,CL017695,CLOSED,MEDIUM,multiple previous claims on record; short interval since previous claim,APPROVE
INV004547,CL015499,CLOSED,HIGH,claim amount high relative to vehicle value; multiple previous claims on record; short interval since previous claim; repair shop has an elevated historical investigation rate,INVESTIGATE_FURTHER
INV004548,CL026681,IN_PROGRESS,HIGH,short interval since previous claim; repair shop has an elevated historical investigation rate,
INV004549,CL001713,CLOSED,HIGH,multiple previous claims on record; short interval since previous claim,REJECT
INV004550,CL025779,IN_PROGRESS,HIGH,claim amount high relative to vehicle value; multiple previous claims on record; short interval since previous claim; repair shop has an elevated historical investigation rate,
INV004551,CL023161,IN_PROGRESS,LOW,multiple previous claims on record; short interval since previous claim; repair shop has an elevated historical investigation rate,
INV004552,CL023553,IN_PROGRESS,MEDIUM,claim amount high relative to vehicle value; multiple previous claims on record; short interval since previous claim,
INV004553,CL020434,CLOSED,MEDIUM,claim amount high relative to vehicle value; multiple previous claims on record,APPROVE
INV004554,CL024296,CLOSED,MEDIUM,multiple previous claims on record; short interval since previous claim,REQUEST_DOCUMENTS
INV004555,CL021118,IN_PROGRESS,HIGH,claim amount high relative to vehicle value; multiple previous claims on record,
INV004556,CL001672,IN_PROGRESS,HIGH,anomalous pattern flagged by risk model,
INV004557,CL017153,IN_PROGRESS,MEDIUM,multiple previous claims on record,
INV004558,CL017920,CLOSED,MEDIUM,claim amount high relative to vehicle value; multiple previous claims on record; short interval since previous claim; repair shop has an elevated historical investigation rate,INVESTIGATE_FURTHER
INV004559,CL001204,CLOSED,MEDIUM,multiple previous claims on record; short interval since previous claim; repair shop has an elevated historical investigation rate,REQUEST_DOCUMENTS
INV004560,CL012213,CLOSED,MEDIUM,multiple previous claims on record; repair shop has an elevated historical investigation rate,REJECT
INV004561,CL017176,IN_PROGRESS,LOW,multiple previous claims on record; repair shop has an elevated historical investigation rate,
INV004562,CL026943,CLOSED,HIGH,multiple previous claims on record; short interval since previous claim,REJECT
INV004563,CL006942,CLOSED,HIGH,multiple previous claims on record; short interval since previous claim; repair shop has an elevated historical investigation rate,APPROVE
INV004564,CL004237,CLOSED,MEDIUM,multiple previous claims on record; short interval since previous claim,INVESTIGATE_FURTHER
INV004565,CL013678,IN_PROGRESS,MEDIUM,multiple previous claims on record; short interval since previous claim; repair shop has an elevated historical investigation rate,
INV004566,CL028682,CLOSED,MEDIUM,claim amount high relative to vehicle value; short interval since previous claim; repair shop has an elevated historical investigation rate,APPROVE
INV004567,CL003156,IN_PROGRESS,LOW,claim amount high relative to vehicle value; multiple previous claims on record,
INV004568,CL002037,IN_PROGRESS,HIGH,claim amount high relative to vehicle value; multiple previous claims on record; repair shop has an elevated historical investigation rate,
INV004569,CL007802,IN_PROGRESS,MEDIUM,multiple previous claims on record; short interval since previous claim,
INV004570,CL028803,IN_PROGRESS,LOW,multiple previous claims on record; short interval since previous claim,
INV004571,CL001902,CLOSED,HIGH,multiple previous claims on record; short interval since previous claim,APPROVE
INV004572,CL012451,CLOSED,MEDIUM,multiple previous claims on record,REQUEST_DOCUMENTS
INV004573,CL011440,CLOSED,MEDIUM,multiple previous claims on record; short interval since previous claim,INVESTIGATE_FURTHER
INV004574,CL021949,CLOSED,LOW,claim amount high relative to vehicle value; multiple previous claims on record; short interval since previous claim,INVESTIGATE_FURTHER
INV004575,CL021138,CLOSED,HIGH,multiple previous claims on record; short interval since previous claim,REJECT
INV004576,CL029285,IN_PROGRESS,LOW,multiple previous claims on record,
INV004577,CL011079,CLOSED,MEDIUM,multiple previous claims on record,REQUEST_DOCUMENTS
INV004578,CL003249,IN_PROGRESS,HIGH,multiple previous claims on record; short interval since previous claim,
INV004579,CL021222,CLOSED,HIGH,multiple previous claims on record; short interval since previous claim,REQUEST_DOCUMENTS
INV004580,CL026607,IN_PROGRESS,HIGH,multiple previous claims on record; short interval since previous claim,
INV004581,CL029194,CLOSED,LOW,multiple previous claims on record; repair shop has an elevated historical investigation rate,APPROVE
INV004582,CL021295,CLOSED,MEDIUM,multiple previous claims on record; repair shop has an elevated historical investigation rate,APPROVE
INV004583,CL001804,CLOSED,MEDIUM,claim amount high relative to vehicle value; multiple previous claims on record; repair shop has an elevated historical investigation rate,REQUEST_DOCUMENTS
INV004584,CL011401,CLOSED,MEDIUM,multiple previous claims on record; short interval since previous claim,APPROVE
INV004585,CL009888,CLOSED,LOW,claim amount high relative to vehicle value; multiple previous claims on record; repair shop has an elevated historical investigation rate,APPROVE
INV004586,CL023996,CLOSED,MEDIUM,claim amount high relative to vehicle value,APPROVE
INV004587,CL016687,CLOSED,HIGH,multiple previous claims on record; short interval since previous claim,APPROVE
INV004588,CL012986,IN_PROGRESS,LOW,multiple previous claims on record; short interval since previous claim,
INV004589,CL025068,CLOSED,LOW,multiple previous claims on record; short interval since previous claim; repair shop has an elevated historical investigation rate,INVESTIGATE_FURTHER
INV004590,CL002532,CLOSED,MEDIUM,multiple previous claims on record; repair shop has an elevated historical investigation rate,REQUEST_DOCUMENTS
INV004591,CL017076,CLOSED,MEDIUM,multiple previous claims on record,REJECT
INV004592,CL019946,CLOSED,LOW,claim amount high relative to vehicle value; multiple previous claims on record; short interval since previous claim; repair shop has an elevated historical investigation rate,APPROVE
INV004593,CL006059,IN_PROGRESS,MEDIUM,multiple previous claims on record; repair shop has an elevated historical investigation rate,
INV004594,CL028808,IN_PROGRESS,MEDIUM,multiple previous claims on record; short interval since previous claim,
INV004595,CL027714,IN_PROGRESS,MEDIUM,multiple previous claims on record,
INV004596,CL022041,IN_PROGRESS,HIGH,multiple previous claims on record; short interval since previous claim,
INV004597,CL028474,IN_PROGRESS,HIGH,multiple previous claims on record; short interval since previous claim,
INV004598,CL013157,CLOSED,LOW,claim amount high relative to vehicle value; multiple previous claims on record; repair shop has an elevated historical investigation rate,REQUEST_DOCUMENTS
