vehicle_id,customer_id,make,model,manufacture_year,registration_number,vehicle_value
V000001,C009899,Maruti Suzuki,Dzire,2012,REG-V-000001,351000.0
V000002,C005584,Honda,Civic,2022,REG-V-000002,799000.0
V000003,C005509,Toyota,Fortuner,2013,REG-V-000003,995000.0
V000004,C008150,Toyota,Innova,2025,REG-V-000004,2613000.0
V000005,C001776,Toyota,Glanza,2016,REG-V-000005,607000.0
V000006,C004071,Tata,Harrier,2017,REG-V-000006,626000.0
V000007,C006461,Kia,Carens,2014,REG-V-000007,516000.0
V000008,C009884,Mahindra,XUV700,2018,REG-V-000008,1564000.0
V000009,C001536,Maruti Suzuki,Swift,2013,REG-V-000009,306000.0
V000010,C004544,Hyundai,i20,2021,REG-V-000010,765000.0
V000011,C009104,Toyota,Innova,2019,REG-V-000011,969000.0
V000012,C007312,Toyota,Innova,2012,REG-V-000012,734000.0
V000013,C006185,Hyundai,i20,2015,REG-V-000013,547000.0
V000014,C002583,Honda,Civic,2012,REG-V-000014,490000.0
V000015,C001880,Hyundai,Venue,2020,REG-V-000015,914000.0
V000016,C003751,Maruti Suzuki,Brezza,2013,REG-V-000016,371000.0
V000017,C002568,Volkswagen,Virtus,2014,REG-V-000017,704000.0
V000018,C008138,Tata,Altroz,2017,REG-V-000018,461000.0
V000019,C007259,Hyundai,Creta,2018,REG-V-000019,757000.0
V000020,C008390,Toyota,Innova,2021,REG-V-000020,2607000.0
V000021,C001712,Honda,Civic,2024,REG-V-000021,1613000.0
V000022,C003089,Hyundai,Venue,2013,REG-V-000022,546000.0
V000023,C007754,Toyota,Innova,2016,REG-V-000023,1033000.0
V000024,C001630,Tata,Punch,2014,REG-V-000024,558000.0
V000025,C001447,Kia,Seltos,2015,REG-V-000025,821000.0
V000026,C003834,Honda,Civic,2020,REG-V-000026,1010000.0
V000027,C001873,Volkswagen,Taigun,2018,REG-V-000027,719000.0
V000028,C000798,Maruti Suzuki,Baleno,2013,REG-V-000028,214000.0
V000029,C003110,Volkswagen,Polo,2013,REG-V-000029,429000.0
V000030,C008804,Mahindra,XUV700,2021,REG-V-000030,1669000.0
V000031,C000587,Tata,Harrier,2018,REG-V-000031,425000.0
V000032,C005712,Toyota,Innova,2022,REG-V-000032,1786000.0
V000033,C005672,Maruti Suzuki,Brezza,2020,REG-V-000033,615000.0
V000034,C005353,Toyota,Innova,2017,REG-V-000034,1094000.0
V000035,C005096,Volkswagen,Virtus,2019,REG-V-000035,927000.0
V000036,C000182,Mahindra,Scorpio,2023,REG-V-000036,838000.0
V000037,C000494,Mahindra,XUV300,2019,REG-V-000037,839000.0
V000038,C005143,Volkswagen,Virtus,2013,REG-V-000038,555000.0
V000039,C009681,Maruti Suzuki,Swift,2018,REG-V-000039,451000.0
V000040,C004095,Hyundai,Creta,2020,REG-V-000040,586000.0
V000041,C004763,Mahindra,XUV300,2022,REG-V-000041,930000.0
V000042,C009817,Hyundai,i20,2014,REG-V-000042,538000.0
V000043,C007863,Toyota,Glanza,2017,REG-V-000043,1560000.0
V000044,C007770,Maruti Suzuki,Ertiga,2013,REG-V-000044,191000.0
V000045,C005088,Maruti Suzuki,Swift,2025,REG-V-000045,715000.0
V000046,C009029,Kia,Sonet,2019,REG-V-000046,578000.0
V000047,C005859,Maruti Suzuki,Brezza,2020,REG-V-000047,430000.0
V000048,C006604,Volkswagen,Polo,2021,REG-V-000048,1243000.0
V000049,C007946,Volkswagen,Taigun,2015,REG-V-000049,468000.0
V000050,C004082,Honda,Amaze,2017,REG-V-000050,778000.0
V000051,C009542,Volkswagen,Virtus,2016,REG-V-000051,841000.0
V000052,C009883,Maruti Suzuki,Dzire,2024,REG-V-000052,700000.0
V000053,C005916,Maruti Suzuki,Dzire,2020,REG-V-000053,548000.0
V000054,C002243,Honda,Civic,2013,REG-V-000054,467000.0
V000055,C007822,Tata,Harrier,2021,REG-V-000055,477000.0
V000056,C003203,Volkswagen,Virtus,2016,REG-V-000056,673000.0
V000057,C005818,Toyota,Glanza,2021,REG-V-000057,1419000.0
V000058,C000880,Honda,City,2019,REG-V-000058,736000.0
V000059,C008128,Volkswagen,Virtus,2019,REG-V-000059,945000.0
V000060,C009592,Mahindra,XUV300,2020,REG-V-000060,652000.0
V000061,C000945,Mahindra,Bolero,2024,REG-V-000061,1632000.0
V000062,C007376,Volkswagen,Taigun,2023,REG-V-000062,1302000.0
V000063,C008641,Tata,Altroz,2019,REG-V-000063,1083000.0
V000064,C001096,Tata,Punch,2015,REG-V-000064,312000.0
V000065,C002489,Maruti Suzuki,Swift,2019,REG-V-000065,536000.0
V000066,C003933,Toyota,Innova,2021,REG-V-000066,1195000.0
V000067,C008405,Mahindra,Bolero,2017,REG-V-000067,1179000.0
V000068,C004975,Hyundai,i20,2015,REG-V-000068,427000.0
V000069,C001374,Kia,Sonet,2024,REG-V-000069,1635000.0
V000070,C002578,Tata,Altroz,2025,REG-V-000070,1165000.0
V000071,C004713,Mahindra,Scorpio,2015,REG-V-000071,824000.0
V000072,C000403,Tata,Altroz,2018,REG-V-000072,855000.0
V000073,C006347,Volkswagen,Virtus,2013,REG-V-000073,715000.0
V000074,C000271,Honda,Amaze,2012,REG-V-000074,556000.0
V000075,C007882,Hyundai,Venue,2012,REG-V-000075,274000.0
V000076,C007395,Maruti Suzuki,Baleno,2021,REG-V-000076,427000.0
V000077,C008690,Toyota,Glanza,2020,REG-V-000077,1403000.0
V000078,C001572,Tata,Nexon,2021,REG-V-000078,627000.0
V000079,C006068,Honda,City,2018,REG-V-000079,800000.0
V000080,C007883,Honda,Civic,2018,REG-V-000080,760000.0
V000081,C005190,Honda,Amaze,2014,REG-V-000081,443000.0
V000082,C001312,Kia,Seltos,2023,REG-V-000082,820000.0
V000083,C001002,Toyota,Fortuner,2014,REG-V-000083,844000.0
V000084,C006102,Honda,Amaze,2013,REG-V-000084,364000.0
V000085,C005024,Hyundai,Creta,2018,REG-V-000085,586000.0
V000086,C009328,Tata,Nexon,2018,REG-V-000086,485000.0
V000087,C008376,Toyota,Fortuner,2021,REG-V-000087,983000.0
V000088,C007295,Honda,Amaze,2015,REG-V-000088,577000.0
V000089,C009821,Maruti Suzuki,Ertiga,2023,REG-V-000089,540000.0
V000090,C006986,Kia,Sonet,2019,REG-V-000090,934000.0
V000091,C000926,Hyundai,i10,2023,REG-V-000091,684000.0
V000092,C000790,Mahindra,Bolero,2025,REG-V-000092,1488000.0
V000093,C008207,Volkswagen,Taigun,2018,REG-V-000093,819000.0
V000094,C003611,Tata,Punch,2019,REG-V-000094,416000.0
V000095,C009276,Maruti Suzuki,Ertiga,2024,REG-V-000095,533000.0
V000096,C001180,Maruti Suzuki,Swift,2016,REG-V-000096,484000.0
V000097,C001998,Maruti Suzuki,Brezza,2024,REG-V-000097,730000.0
V000098,C007801,Honda,Civic,2014,REG-V-000098,461000.0
V000099,C008520,Volkswagen,Taigun,2023,REG-V-000099,1450000.0
V000100,C008715,Kia,Seltos,2015,REG-V-000100,747000.0
V000101,C001004,Tata,Tiago,2021,REG-V-000101,957000.0
V000102,C003824,Volkswagen,Virtus,2014,REG-V-000102,720000.0
V000103,C006507,Mahindra,Bolero,2012,REG-V-000103,369000.0
V000104,C009222,Maruti Suzuki,Swift,2020,REG-V-000104,671000.0
V000105,C002413,Honda,Civic,2020,REG-V-000105,991000.0
V000106,C006042,Volkswagen,Taigun,2025,REG-V-000106,1020000.0
V000107,C001426,Toyota,Innova,2017,REG-V-000107,1622000.0
V000108,C007537,Maruti Suzuki,Swift,2024,REG-V-000108,893000.0
V000109,C001275,Honda,Civic,2025,REG-V-000109,1572000.0
V000110,C010000,Toyota,Innova,2016,REG-V-000110,1437000.0
V000111,C000925,Maruti Suzuki,Ertiga,2019,REG-V-000111,324000.0
V000112,C006890,Honda,Civic,2015,REG-V-000112,705000.0
V000113,C007842,Toyota,Fortuner,2024,REG-V-000113,3260000.0
V000114,C002589,Honda,Amaze,2017,REG-V-000114,620000.0
V000115,C002565,Hyundai,Verna,2019,REG-V-000115,677000.0
V000116,C005996,Tata,Harrier,2022,REG-V-000116,871000.0
V000117,C006343,Mahindra,Scorpio,2018,REG-V-000117,1420000.0
V000118,C007259,Maruti Suzuki,Ertiga,2019,REG-V-000118,622000.0
V000119,C005849,Honda,Amaze,2025,REG-V-000119,1194000.0
V000120,C001736,Hyundai,i20,2017,REG-V-000120,690000.0
V000121,C009274,Hyundai,Venue,2021,REG-V-000121,999000.0
V000122,C001665,Mahindra,Scorpio,2015,REG-V-000122,1017000.0
V000123,C005701,Hyundai,Venue,2022,REG-V-000123,699000.0
V000124,C009237,Mahindra,XUV300,2015,REG-V-000124,907000.0
V000125,C009169,Volkswagen,Virtus,2014,REG-V-000125,594000.0
V000126,C001678,Volkswagen,Polo,2021,REG-V-000126,983000.0
V000127,C002409,Honda,Civic,2021,REG-V-000127,840000.0
V000128,C006057,Volkswagen,Virtus,2019,REG-V-000128,1223000.0
V000129,C003361,Volkswagen,Polo,2023,REG-V-000129,1708000.0
V000130,C007366,Tata,Tiago,2018,REG-V-000130,975000.0
V000131,C005261,Volkswagen,Virtus,2013,REG-V-000131,506000.0
V000132,C002670,Toyota,Innova,2018,REG-V-000132,2008000.0
V000133,C004125,Kia,Carens,2017,REG-V-000133,671000.0
V000134,C006944,Volkswagen,Taigun,2025,REG-V-000134,1653000.0
V000135,C007928,Volkswagen,Polo,2021,REG-V-000135,869000.0
V000136,C003704,Honda,Amaze,2015,REG-V-000136,723000.0
V000137,C001056,Maruti Suzuki,Brezza,2021,REG-V-000137,423000.0
V000138,C003533,Maruti Suzuki,Brezza,2015,REG-V-000138,398000.0
V000139,C006343,Toyota,Fortuner,2023,REG-V-000139,2301000.0
V000140,C007665,Toyota,Innova,2025,REG-V-000140,1812000.0
V000141,C008851,Mahindra,XUV700,2015,REG-V-000141,1083000.0
V000142,C009622,Toyota,Innova,2021,REG-V-000142,2552000.0
V000143,C005341,Kia,Carens,2023,REG-V-000143,1496000.0
V000144,C008858,Hyundai,i10,2024,REG-V-000144,704000.0
V000145,C002634,Honda,Amaze,2022,REG-V-000145,1343000.0
V000146,C005633,Tata,Tiago,2015,REG-V-000146,414000.0
V000147,C005430,Mahindra,Bolero,2022,REG-V-000147,880000.0
V000148,C007755,Toyota,Fortuner,2015,REG-V-000148,1384000.0
V000149,C007801,Volkswagen,Taigun,2018,REG-V-000149,511000.0
V000150,C002843,Mahindra,Scorpio,2022,REG-V-000150,1655000.0
V000151,C008916,Honda,Amaze,2022,REG-V-000151,831000.0
V000152,C008971,Hyundai,i20,2013,REG-V-000152,446000.0
V000153,C009495,Tata,Punch,2022,REG-V-000153,960000.0
V000154,C004601,Toyota,Fortuner,2020,REG-V-000154,1840000.0
V000155,C009878,Kia,Sonet,2020,REG-V-000155,627000.0
V000156,C007927,Hyundai,i10,2020,REG-V-000156,724000.0
V000157,C006566,Maruti Suzuki,Dzire,2012,REG-V-000157,199000.0
V000158,C004351,Honda,Civic,2014,REG-V-000158,547000.0
V000159,C008462,Toyota,Fortuner,2018,REG-V-000159,860000.0
V000160,C007707,Toyota,Glanza,2023,REG-V-000160,1811000.0
V000161,C005900,Mahindra,Bolero,2023,REG-V-000161,1494000.0
V000162,C009974,Honda,City,2022,REG-V-000162,788000.0
V000163,C002515,Maruti Suzuki,Swift,2016,REG-V-000163,494000.0
V000164,C006465,Maruti Suzuki,Ertiga,2024,REG-V-000164,819000.0
V000165,C003194,Mahindra,Scorpio,2022,REG-V-000165,1919000.0
V000166,C004604,Maruti Suzuki,Baleno,2014,REG-V-000166,232000.0
V000167,C003384,Kia,Carens,2020,REG-V-000167,1339000.0
V000168,C003333,Tata,Harrier,2023,REG-V-000168,1340000.0
V000169,C003778,Honda,Civic,2023,REG-V-000169,1297000.0
V000170,C000589,Tata,Harrier,2023,REG-V-000170,1252000.0
V000171,C000411,Maruti Suzuki,Brezza,2025,REG-V-000171,864000.0
V000172,C007305,Volkswagen,Taigun,2024,REG-V-000172,1091000.0
V000173,C003097,Hyundai,i10,2013,REG-V-000173,258000.0
V000174,C000226,Volkswagen,Taigun,2020,REG-V-000174,1007000.0
V000175,C000826,Honda,Civic,2017,REG-V-000175,721000.0
V000176,C001969,Hyundai,Venue,2019,REG-V-000176,649000.0
V000177,C000501,Kia,Carens,2023,REG-V-000177,1200000.0
V000178,C009476,Toyota,Innova,2023,REG-V-000178,1304000.0
V000179,C005737,Tata,Punch,2023,REG-V-000179,1437000.0
V000180,C003955,Tata,Tiago,2024,REG-V-000180,1182000.0
V000181,C005369,Mahindra,Scorpio,2019,REG-V-000181,1221000.0
V000182,C001121,Honda,Amaze,2019,REG-V-000182,711000.0
V000183,C007058,Kia,Seltos,2021,REG-V-000183,1256000.0
V000184,C009694,Volkswagen,Taigun,2014,REG-V-000184,731000.0
V000185,C001309,Honda,Amaze,2014,REG-V-000185,377000.0
V000186,C001516,Mahindra,XUV700,2025,REG-V-000186,993000.0
V000187,C006324,Hyundai,i10,2020,REG-V-000187,606000.0
V000188,C001509,Mahindra,Bolero,2014,REG-V-000188,872000.0
V000189,C001261,Honda,City,2018,REG-V-000189,881000.0
V000190,C006750,Maruti Suzuki,Baleno,2013,REG-V-000190,289000.0
V000191,C006236,Maruti Suzuki,Dzire,2024,REG-V-000191,646000.0
V000192,C002199,Maruti Suzuki,Ertiga,2012,REG-V-000192,378000.0
V000193,C008282,Toyota,Innova,2014,REG-V-000193,1033000.0
V000194,C001057,Mahindra,Scorpio,2022,REG-V-000194,1199000.0
V000195,C003305,Kia,Seltos,2023,REG-V-000195,1505000.0
V000196,C007450,Toyota,Innova,2022,REG-V-000196,1035000.0
V000197,C006186,Hyundai,Verna,2017,REG-V-000197,592000.0
V000198,C006039,Maruti Suzuki,Baleno,2019,REG-V-000198,354000.0
V000199,C006901,Toyota,Glanza,2025,REG-V-000199,1684000.0
V000200,C006507,Mahindra,Scorpio,2012,REG-V-000200,830000.0
V000201,C008792,Honda,Civic,2012,REG-V-000201,405000.0
V000202,C005740,Maruti Suzuki,Baleno,2020,REG-V-000202,503000.0
V000203,C004030,Kia,Sonet,2023,REG-V-000203,1300000.0
V000204,C007725,Honda,City,2014,REG-V-000204,451000.0
V000205,C002602,Maruti Suzuki,Swift,2020,REG-V-000205,727000.0
V000206,C007662,Maruti Suzuki,Swift,2012,REG-V-000206,184000.0
V000207,C002796,Tata,Tiago,2023,REG-V-000207,1347000.0
V000208,C004840,Volkswagen,Virtus,2013,REG-V-000208,584000.0
V000209,C007455,Volkswagen,Taigun,2019,REG-V-000209,637000.0
V000210,C006318,Kia,Sonet,2017,REG-V-000210,636000.0
V000211,C000873,Kia,Sonet,2012,REG-V-000211,547000.0
V000212,C004479,Tata,Altroz,2020,REG-V-000212,1098000.0
V000213,C008163,Toyota,Glanza,2015,REG-V-000213,635000.0
V000214,C009972,Mahindra,XUV300,2024,REG-V-000214,1147000.0
V000215,C004705,Volkswagen,Polo,2017,REG-V-000215,869000.0
V000216,C000875,Honda,Amaze,2014,REG-V-000216,420000.0
V000217,C003671,Mahindra,XUV700,2017,REG-V-000217,1134000.0
V000218,C004937,Toyota,Innova,2019,REG-V-000218,1449000.0
V000219,C000759,Volkswagen,Taigun,2020,REG-V-000219,958000.0
V000220,C008679,Honda,Civic,2020,REG-V-000220,1075000.0
V000221,C005425,Volkswagen,Taigun,2020,REG-V-000221,1287000.0
V000222,C004182,Maruti Suzuki,Dzire,2018,REG-V-000222,584000.0
V000223,C003989,Honda,Amaze,2019,REG-V-000223,674000.0
V000224,C000300,Honda,Amaze,2018,REG-V-000224,780000.0
V000225,C005227,Honda,Civic,2023,REG-V-000225,1158000.0
V000226,C004791,Volkswagen,Virtus,2024,REG-V-000226,1713000.0
V000227,C003453,Kia,Carens,2019,REG-V-000227,723000.0
V000228,C006628,Tata,Punch,2025,REG-V-000228,1230000.0
V000229,C004125,Toyota,Fortuner,2024,REG-V-000229,1264000.0
V000230,C005761,Honda,City,2014,REG-V-000230,417000.0
V000231,C008908,Mahindra,Bolero,2012,REG-V-000231,676000.0
V000232,C003647,Toyota,Innova,2013,REG-V-000232,429000.0
V000233,C003997,Volkswagen,Virtus,2023,REG-V-000233,1645000.0
V000234,C008696,Hyundai,i20,2018,REG-V-000234,569000.0
V000235,C003586,Volkswagen,Virtus,2016,REG-V-000235,449000.0
V000236,C004422,Mahindra,Bolero,2022,REG-V-000236,906000.0
V000237,C008069,Toyota,Fortuner,2025,REG-V-000237,2532000.0
V000238,C005961,Tata,Tiago,2021,REG-V-000238,1132000.0
V000239,C009373,Kia,Sonet,2016,REG-V-000239,812000.0
V000240,C004745,Hyundai,Creta,2018,REG-V-000240,689000.0
V000241,C004829,Kia,Sonet,2019,REG-V-000241,1114000.0
V000242,C000446,Honda,Amaze,2019,REG-V-000242,1087000.0
V000243,C001983,Kia,Carens,2023,REG-V-000243,984000.0
V000244,C005436,Honda,Civic,2012,REG-V-000244,387000.0
V000245,C001878,Toyota,Innova,2025,REG-V-000245,2778000.0
V000246,C004557,Maruti Suzuki,Brezza,2016,REG-V-000246,233000.0
V000247,C002824,Mahindra,Scorpio,2022,REG-V-000247,1206000.0
V000248,C000221,Kia,Carens,2024,REG-V-000248,1788000.0
V000249,C004788,Honda,Civic,2021,REG-V-000249,1237000.0
V000250,C006506,Mahindra,XUV300,2017,REG-V-000250,1120000.0
V000251,C003379,Toyota,Innova,2018,REG-V-000251,2046000.0
V000252,C007837,Hyundai,Verna,2019,REG-V-000252,470000.0
V000253,C001451,Tata,Nexon,2019,REG-V-000253,993000.0
V000254,C000919,Honda,Amaze,2024,REG-V-000254,902000.0
V000255,C009380,Toyota,Innova,2025,REG-V-000255,2784000.0
V000256,C009250,Maruti Suzuki,Baleno,2019,REG-V-000256,580000.0
V000257,C004082,Honda,Amaze,2017,REG-V-000257,585000.0
V000258,C004216,Maruti Suzuki,Baleno,2016,REG-V-000258,416000.0
V000259,C008559,Kia,Sonet,2017,REG-V-000259,550000.0
V000260,C005351,Volkswagen,Taigun,2025,REG-V-000260,1100000.0
V000261,C001167,Tata,Punch,2014,REG-V-000261,335000.0
V000262,C001140,Maruti Suzuki,Swift,2014,REG-V-000262,221000.0
V000263,C001315,Kia,Sonet,2018,REG-V-000263,1046000.0
V000264,C007881,Kia,Sonet,2023,REG-V-000264,1545000.0
V000265,C006057,Maruti Suzuki,Brezza,2022,REG-V-000265,852000.0
V000266,C002986,Maruti Suzuki,Brezza,2017,REG-V-000266,397000.0
V000267,C001617,Kia,Sonet,2021,REG-V-000267,824000.0
V000268,C001233,Maruti Suzuki,Baleno,2018,REG-V-000268,539000.0
V000269,C007475,Mahindra,XUV300,2021,REG-V-000269,1015000.0
V000270,C008916,Hyundai,Venue,2020,REG-V-000270,687000.0
V000271,C005355,Tata,Punch,2025,REG-V-000271,1363000.0
V000272,C007798,Honda,City,2014,REG-V-000272,337000.0
V000273,C002821,Honda,City,2017,REG-V-000273,581000.0
V000274,C005900,Toyota,Fortuner,2019,REG-V-000274,2147000.0
V000275,C004412,Hyundai,Creta,2019,REG-V-000275,431000.0
V000276,C000889,Hyundai,Creta,2025,REG-V-000276,1101000.0
V000277,C004909,Maruti Suzuki,Brezza,2018,REG-V-000277,614000.0
V000278,C008511,Kia,Seltos,2024,REG-V-000278,1141000.0
V000279,C000532,Kia,Sonet,2021,REG-V-000279,1249000.0
V000280,C004807,Volkswagen,Taigun,2022,REG-V-000280,1551000.0
V000281,C008783,Volkswagen,Virtus,2013,REG-V-000281,562000.0
V000282,C007964,Mahindra,Scorpio,2016,REG-V-000282,618000.0
V000283,C004975,Hyundai,Verna,2021,REG-V-000283,1105000.0
V000284,C001713,Volkswagen,Taigun,2014,REG-V-000284,669000.0
V000285,C008532,Maruti Suzuki,Swift,2021,REG-V-000285,767000.0
V000286,C001522,Toyota,Innova,2025,REG-V-000286,2616000.0
V000287,C002766,Tata,Altroz,2019,REG-V-000287,903000.0
V000288,C001243,Honda,City,2015,REG-V-000288,369000.0
V000289,C004617,Honda,Civic,2022,REG-V-000289,1220000.0
V000290,C006329,Maruti Suzuki,Brezza,2018,REG-V-000290,295000.0
V000291,C008321,Volkswagen,Polo,2022,REG-V-000291,903000.0
V000292,C004642,Maruti Suzuki,Baleno,2020,REG-V-000292,564000.0
V000293,C009704,Tata,Harrier,2016,REG-V-000293,677000.0
V000294,C005993,Kia,Seltos,2021,REG-V-000294,1217000.0
V000295,C006088,Kia,Carens,2016,REG-V-000295,557000.0
V000296,C001745,Hyundai,i20,2016,REG-V-000296,615000.0
V000297,C001908,Volkswagen,Virtus,2020,REG-V-000297,635000.0
V000298,C005812,Volkswagen,Polo,2017,REG-V-000298,548000.0
V000299,C007263,Hyundai,i10,2014,REG-V-000299,440000.0
V000300,C002054,Honda,Civic,2020,REG-V-000300,656000.0
V000301,C004876,Honda,Civic,2013,REG-V-000301,528000.0
V000302,C003565,Kia,Carens,2015,REG-V-000302,727000.0
V000303,C004418,Mahindra,Bolero,2014,REG-V-000303,393000.0
V000304,C002243,Volkswagen,Virtus,2024,REG-V-000304,1748000.0
V000305,C001408,Tata,Punch,2018,REG-V-000305,513000.0
V000306,C003188,Mahindra,XUV300,2015,REG-V-000306,837000.0
V000307,C008735,Tata,Nexon,2019,REG-V-000307,856000.0
V000308,C008110,Maruti Suzuki,Ertiga,2025,REG-V-000308,492000.0
V000309,C001030,Honda,City,2023,REG-V-000309,753000.0
V000310,C000889,Maruti Suzuki,Swift,2024,REG-V-000310,698000.0
V000311,C004967,Toyota,Glanza,2025,REG-V-000311,3584000.0
V000312,C002770,Honda,City,2018,REG-V-000312,1030000.0
V000313,C008283,Toyota,Fortuner,2014,REG-V-000313,871000.0
V000314,C004899,Volkswagen,Taigun,2024,REG-V-000314,1158000.0
V000315,C008567,Maruti Suzuki,Ertiga,2014,REG-V-000315,277000.0
V000316,C001084,Toyota,Fortuner,2019,REG-V-000316,1010000.0
V000317,C009697,Kia,Carens,2015,REG-V-000317,433000.0
V000318,C007741,Honda,Amaze,2021,REG-V-000318,1180000.0
V000319,C007377,Maruti Suzuki,Swift,2015,REG-V-000319,336000.0
V000320,C009422,Tata,Nexon,2023,REG-V-000320,812000.0
V000321,C004742,Mahindra,Scorpio,2012,REG-V-000321,461000.0
V000322,C001482,Mahindra,Scorpio,2024,REG-V-000322,2138000.0
V000323,C005016,Volkswagen,Taigun,2020,REG-V-000323,736000.0
V000324,C008198,Tata,Harrier,2020,REG-V-000324,555000.0
V000325,C008633,Kia,Seltos,2013,REG-V-000325,526000.0
V000326,C004922,Honda,City,2016,REG-V-000326,533000.0
V000327,C007380,Hyundai,Creta,2013,REG-V-000327,341000.0
V000328,C002490,Mahindra,Scorpio,2021,REG-V-000328,1676000.0
V000329,C002325,Toyota,Glanza,2015,REG-V-000329,1454000.0
V000330,C005905,Volkswagen,Polo,2014,REG-V-000330,450000.0
V000331,C004232,Hyundai,Verna,2019,REG-V-000331,470000.0
V000332,C001606,Kia,Sonet,2025,REG-V-000332,1902000.0
V000333,C007685,Kia,Carens,2018,REG-V-000333,869000.0
V000334,C005365,Hyundai,Creta,2018,REG-V-000334,574000.0
V000335,C005240,Kia,Seltos,2016,REG-V-000335,914000.0
V000336,C001901,Hyundai,Creta,2019,REG-V-000336,763000.0
V000337,C002432,Mahindra,Scorpio,2012,REG-V-000337,938000.0
V000338,C006958,Volkswagen,Polo,2021,REG-V-000338,931000.0
V000339,C008563,Honda,City,2020,REG-V-000339,1161000.0
V000340,C001766,Toyota,Glanza,2025,REG-V-000340,1302000.0
V000341,C008169,Volkswagen,Virtus,2018,REG-V-000341,752000.0
V000342,C007951,Honda,Civic,2021,REG-V-000342,1049000.0
V000343,C008196,Maruti Suzuki,Brezza,2016,REG-V-000343,333000.0
V000344,C005866,Hyundai,Verna,2019,REG-V-000344,883000.0
V000345,C003523,Tata,Tiago,2021,REG-V-000345,887000.0
V000346,C007778,Kia,Sonet,2015,REG-V-000346,728000.0
V000347,C004835,Hyundai,i10,2025,REG-V-000347,830000.0
V000348,C002242,Tata,Nexon,2012,REG-V-000348,490000.0
V000349,C004041,Mahindra,Bolero,2021,REG-V-000349,927000.0
V000350,C004603,Hyundai,Creta,2021,REG-V-000350,792000.0
V000351,C005093,Volkswagen,Polo,2020,REG-V-000351,645000.0
V000352,C009026,Toyota,Innova,2012,REG-V-000352,657000.0
V000353,C004126,Toyota,Innova,2016,REG-V-000353,674000.0
V000354,C002838,Maruti Suzuki,Brezza,2014,REG-V-000354,327000.0
V000355,C009625,Kia,Carens,2018,REG-V-000355,982000.0
V000356,C002438,Hyundai,i10,2015,REG-V-000356,589000.0
V000357,C000112,Mahindra,Scorpio,2015,REG-V-000357,685000.0
V000358,C008546,Hyundai,Creta,2014,REG-V-000358,307000.0
V000359,C009550,Kia,Sonet,2018,REG-V-000359,589000.0
V000360,C006861,Mahindra,XUV700,2015,REG-V-000360,1000000.0
V000361,C004092,Volkswagen,Polo,2022,REG-V-000361,1201000.0
V000362,C005473,Hyundai,i20,2012,REG-V-000362,498000.0
V000363,C008361,Mahindra,XUV700,2013,REG-V-000363,852000.0
V000364,C008910,Hyundai,Venue,2023,REG-V-000364,1137000.0
V000365,C001038,Maruti Suzuki,Baleno,2016,REG-V-000365,487000.0
V000366,C008725,Toyota,Glanza,2018,REG-V-000366,2055000.0
V000367,C006220,Hyundai,Verna,2018,REG-V-000367,489000.0
V000368,C000334,Kia,Sonet,2024,REG-V-000368,1788000.0
V000369,C001087,Mahindra,XUV300,2023,REG-V-000369,2003000.0
V000370,C000470,Volkswagen,Virtus,2020,REG-V-000370,1125000.0
V000371,C009496,Hyundai,i10,2022,REG-V-000371,961000.0
V000372,C004292,Mahindra,Scorpio,2020,REG-V-000372,1724000.0
V000373,C007208,Maruti Suzuki,Swift,2022,REG-V-000373,655000.0
V000374,C000018,Mahindra,XUV700,2023,REG-V-000374,1077000.0
V000375,C007994,Maruti Suzuki,Dzire,2015,REG-V-000375,354000.0
V000376,C004854,Hyundai,Creta,2022,REG-V-000376,984000.0
V000377,C009269,Tata,Harrier,2021,REG-V-000377,992000.0
V000378,C005248,Tata,Punch,2024,REG-V-000378,1304000.0
V000379,C007955,Tata,Nexon,2019,REG-V-000379,912000.0
V000380,C006332,Toyota,Glanza,2019,REG-V-000380,1684000.0
V000381,C005241,Volkswagen,Taigun,2013,REG-V-000381,349000.0
V000382,C009495,Kia,Seltos,2019,REG-V-000382,1051000.0
V000383,C005001,Honda,Civic,2014,REG-V-000383,364000.0
V000384,C008979,Tata,Harrier,2020,REG-V-000384,778000.0
V000385,C000367,Maruti Suzuki,Baleno,2012,REG-V-000385,242000.0
V000386,C006612,Volkswagen,Polo,2012,REG-V-000386,340000.0
V000387,C009160,Mahindra,XUV700,2013,REG-V-000387,577000.0
V000388,C009044,Maruti Suzuki,Swift,2013,REG-V-000388,293000.0
V000389,C004888,Hyundai,Venue,2018,REG-V-000389,891000.0
V000390,C004761,Toyota,Innova,2025,REG-V-000390,2159000.0
V000391,C008155,Maruti Suzuki,Baleno,2024,REG-V-000391,641000.0
V000392,C003337,Mahindra,XUV300,2022,REG-V-000392,1594000.0
V000393,C009401,Honda,City,2021,REG-V-000393,1279000.0
V000394,C002526,Honda,Amaze,2019,REG-V-000394,990000.0
V000395,C000768,Volkswagen,Taigun,2014,REG-V-000395,439000.0
V000396,C007788,Honda,City,2020,REG-V-000396,679000.0
V000397,C004063,Toyota,Fortuner,2023,REG-V-000397,2960000.0
V000398,C003562,Maruti Suzuki,Baleno,2022,REG-V-000398,475000.0
V000399,C003192,Mahindra,XUV300,2024,REG-V-000399,2033000.0
V000400,C009803,Mahindra,XUV700,2016,REG-V-000400,852000.0
V000401,C005761,Mahindra,Bolero,2014,REG-V-000401,688000.0
V000402,C009924,Honda,Civic,2015,REG-V-000402,701000.0
V000403,C003430,Maruti Suzuki,Brezza,2016,REG-V-000403,317000.0
V000404,C004159,Tata,Harrier,2015,REG-V-000404,647000.0
V000405,C002130,Maruti Suzuki,Swift,2023,REG-V-000405,834000.0
V000406,C004333,Kia,Carens,2016,REG-V-000406,859000.0
V000407,C000645,Mahindra,Scorpio,2015,REG-V-000407,1026000.0
V000408,C000008,Tata,Punch,2018,REG-V-000408,373000.0
V000409,C004553,Toyota,Fortuner,2019,REG-V-000409,1753000.0
V000410,C007525,Mahindra,XUV300,2017,REG-V-000410,1106000.0
V000411,C004406,Maruti Suzuki,Baleno,2014,REG-V-000411,221000.0
V000412,C005213,Honda,Amaze,2020,REG-V-000412,1146000.0
V000413,C004472,Kia,Seltos,2021,REG-V-000413,1370000.0
V000414,C005311,Maruti Suzuki,Dzire,2016,REG-V-000414,312000.0
V000415,C007827,Kia,Sonet,2013,REG-V-000415,370000.0
V000416,C008096,Honda,City,2022,REG-V-000416,839000.0
V000417,C008418,Kia,Carens,2019,REG-V-000417,687000.0
V000418,C002137,Kia,Sonet,2022,REG-V-000418,1372000.0
V000419,C004604,Maruti Suzuki,Brezza,2014,REG-V-000419,257000.0
V000420,C008356,Mahindra,XUV300,2020,REG-V-000420,1446000.0
V000421,C009437,Tata,Altroz,2021,REG-V-000421,1155000.0
V000422,C005467,Honda,Amaze,2016,REG-V-000422,839000.0
V000423,C004969,Kia,Seltos,2022,REG-V-000423,905000.0
V000424,C007712,Maruti Suzuki,Baleno,2024,REG-V-000424,867000.0
V000425,C009922,Honda,Amaze,2018,REG-V-000425,642000.0
V000426,C004288,Volkswagen,Polo,2015,REG-V-000426,417000.0
V000427,C001648,Volkswagen,Virtus,2025,REG-V-000427,1015000.0
V000428,C008379,Toyota,Glanza,2013,REG-V-000428,775000.0
V000429,C007153,Tata,Punch,2019,REG-V-000429,756000.0
V000430,C001441,Toyota,Glanza,2014,REG-V-000430,432000.0
V000431,C003215,Volkswagen,Virtus,2023,REG-V-000431,1241000.0
V000432,C005572,Kia,Carens,2020,REG-V-000432,1441000.0
V000433,C007375,Mahindra,XUV300,2023,REG-V-000433,2101000.0
V000434,C007880,Tata,Nexon,2019,REG-V-000434,754000.0
V000435,C001551,Kia,Carens,2023,REG-V-000435,1708000.0
V000436,C002186,Honda,City,2014,REG-V-000436,463000.0
V000437,C007508,Honda,City,2014,REG-V-000437,410000.0
V000438,C001155,Mahindra,Scorpio,2017,REG-V-000438,1305000.0
V000439,C005029,Honda,City,2019,REG-V-000439,909000.0
V000440,C005501,Maruti Suzuki,Brezza,2018,REG-V-000440,298000.0
V000441,C003386,Kia,Seltos,2022,REG-V-000441,966000.0
V000442,C008027,Hyundai,i10,2023,REG-V-000442,814000.0
V000443,C000573,Mahindra,Scorpio,2022,REG-V-000443,2111000.0
V000444,C007847,Tata,Nexon,2022,REG-V-000444,864000.0
V000445,C006503,Volkswagen,Taigun,2019,REG-V-000445,614000.0
V000446,C005110,Tata,Punch,2018,REG-V-000446,715000.0
V000447,C008775,Kia,Sonet,2017,REG-V-000447,924000.0
V000448,C002030,Honda,City,2024,REG-V-000448,1597000.0
V000449,C008069,Volkswagen,Virtus,2021,REG-V-000449,1116000.0
V000450,C001887,Mahindra,XUV700,2017,REG-V-000450,1163000.0
V000451,C009907,Honda,City,2013,REG-V-000451,414000.0
V000452,C000339,Volkswagen,Polo,2015,REG-V-000452,485000.0
V000453,C005572,Kia,Carens,2021,REG-V-000453,1227000.0
V000454,C001678,Tata,Altroz,2016,REG-V-000454,624000.0
V000455,C004095,Toyota,Fortuner,2021,REG-V-000455,1456000.0
V000456,C001468,Volkswagen,Taigun,2016,REG-V-000456,512000.0
V000457,C001944,Mahindra,Scorpio,2023,REG-V-000457,1086000.0
V000458,C000632,Kia,Seltos,2025,REG-V-000458,867000.0
V000459,C000079,Honda,Civic,2013,REG-V-000459,632000.0
V000460,C007248,Mahindra,Scorpio,2019,REG-V-000460,1349000.0
V000461,C004554,Maruti Suzuki,Swift,2020,REG-V-000461,645000.0
V000462,C000470,Honda,Civic,2013,REG-V-000462,589000.0
V000463,C009414,Honda,City,2019,REG-V-000463,952000.0
V000464,C006704,Tata,Altroz,2013,REG-V-000464,472000.0
V000465,C002656,Kia,Carens,2020,REG-V-000465,823000.0
V000466,C004418,Maruti Suzuki,Brezza,2012,REG-V-000466,284000.0
V000467,C004930,Tata,Altroz,2013,REG-V-000467,365000.0
V000468,C005749,Volkswagen,Taigun,2014,REG-V-000468,327000.0
V000469,C008618,Toyota,Innova,2022,REG-V-000469,2763000.0
V000470,C005944,Toyota,Glanza,2015,REG-V-000470,1276000.0
V000471,C009788,Hyundai,Venue,2019,REG-V-000471,908000.0
V000472,C007324,Kia,Seltos,2024,REG-V-000472,1265000.0
V000473,C009888,Hyundai,Creta,2022,REG-V-000473,706000.0
V000474,C005546,Hyundai,i20,2020,REG-V-000474,1049000.0
V000475,C006827,Toyota,Fortuner,2021,REG-V-000475,1327000.0
V000476,C007442,Honda,Amaze,2021,REG-V-000476,805000.0
V000477,C007614,Volkswagen,Polo,2023,REG-V-000477,1604000.0
V000478,C000260,Maruti Suzuki,Brezza,2017,REG-V-000478,537000.0
V000479,C001275,Volkswagen,Virtus,2012,REG-V-000479,662000.0
V000480,C002298,Mahindra,Bolero,2024,REG-V-000480,1076000.0
V000481,C002717,Mahindra,XUV700,2020,REG-V-000481,1170000.0
V000482,C009101,Hyundai,Venue,2014,REG-V-000482,450000.0
V000483,C007282,Kia,Sonet,2021,REG-V-000483,1422000.0
V000484,C001425,Volkswagen,Virtus,2022,REG-V-000484,1347000.0
V000485,C004290,Kia,Seltos,2012,REG-V-000485,512000.0
V000486,C002449,Maruti Suzuki,Brezza,2024,REG-V-000486,495000.0
V000487,C008345,Kia,Sonet,2016,REG-V-000487,592000.0
V000488,C009216,Kia,Sonet,2025,REG-V-000488,1999000.0
V000489,C001639,Toyota,Innova,2013,REG-V-000489,552000.0
V000490,C004187,Toyota,Fortuner,2018,REG-V-000490,1979000.0
V000491,C009536,Volkswagen,Polo,2023,REG-V-000491,1748000.0
V000492,C006608,Volkswagen,Taigun,2021,REG-V-000492,962000.0
V000493,C008727,Honda,City,2020,REG-V-000493,723000.0
V000494,C003581,Honda,Amaze,2012,REG-V-000494,337000.0
V000495,C002103,Tata,Altroz,2020,REG-V-000495,644000.0
V000496,C006947,Maruti Suzuki,Dzire,2021,REG-V-000496,439000.0
V000497,C001378,Hyundai,Creta,2012,REG-V-000497,280000.0
V000498,C008438,Maruti Suzuki,Dzire,2015,REG-V-000498,227000.0
V000499,C007616,Honda,Amaze,2022,REG-V-000499,940000.0
V000500,C003037,Hyundai,i20,2022,REG-V-000500,1005000.0
V000501,C005037,Volkswagen,Virtus,2024,REG-V-000501,1642000.0
V000502,C008056,Volkswagen,Polo,2020,REG-V-000502,954000.0
V000503,C009382,Mahindra,XUV700,2017,REG-V-000503,978000.0
V000504,C003525,Honda,Civic,2025,REG-V-000504,1750000.0
V000505,C007962,Hyundai,i20,2014,REG-V-000505,483000.0
V000506,C001954,Volkswagen,Virtus,2021,REG-V-000506,1439000.0
V000507,C009087,Maruti Suzuki,Baleno,2013,REG-V-000507,358000.0
V000508,C006901,Honda,Civic,2013,REG-V-000508,563000.0
V000509,C001516,Mahindra,XUV300,2015,REG-V-000509,520000.0
V000510,C007461,Volkswagen,Virtus,2021,REG-V-000510,727000.0
V000511,C007298,Hyundai,i10,2012,REG-V-000511,442000.0
V000512,C007486,Honda,Amaze,2023,REG-V-000512,1174000.0
V000513,C003446,Toyota,Fortuner,2013,REG-V-000513,967000.0
V000514,C007461,Honda,City,2022,REG-V-000514,1330000.0
V000515,C008317,Maruti Suzuki,Swift,2014,REG-V-000515,266000.0
V000516,C003468,Tata,Tiago,2013,REG-V-000516,526000.0
V000517,C002090,Volkswagen,Virtus,2020,REG-V-000517,1111000.0
V000518,C008939,Maruti Suzuki,Ertiga,2016,REG-V-000518,421000.0
V000519,C006252,Mahindra,XUV700,2023,REG-V-000519,889000.0
V000520,C004634,Maruti Suzuki,Ertiga,2018,REG-V-000520,531000.0
V000521,C008852,Kia,Sonet,2022,REG-V-000521,1302000.0
V000522,C001365,Maruti Suzuki,Swift,2018,REG-V-000522,548000.0
V000523,C008155,Toyota,Innova,2015,REG-V-000523,1123000.0
V000524,C004947,Mahindra,XUV300,2020,REG-V-000524,1119000.0
V000525,C000444,Honda,City,2020,REG-V-000525,1169000.0
V000526,C009728,Hyundai,Venue,2020,REG-V-000526,818000.0
V000527,C007855,Kia,Sonet,2024,REG-V-000527,1203000.0
V000528,C002165,Maruti Suzuki,Swift,2020,REG-V-000528,385000.0
V000529,C009270,Tata,Tiago,2014,REG-V-000529,496000.0
V000530,C009386,Maruti Suzuki,Dzire,2016,REG-V-000530,458000.0
V000531,C008068,Maruti Suzuki,Brezza,2018,REG-V-000531,435000.0
V000532,C001272,Tata,Harrier,2025,REG-V-000532,1256000.0
V000533,C001873,Maruti Suzuki,Swift,2016,REG-V-000533,323000.0
V000534,C007606,Kia,Carens,2015,REG-V-000534,783000.0
V000535,C009177,Mahindra,XUV300,2025,REG-V-000535,1551000.0
V000536,C002168,Maruti Suzuki,Ertiga,2015,REG-V-000536,410000.0
V000537,C004637,Maruti Suzuki,Brezza,2018,REG-V-000537,294000.0
V000538,C001539,Volkswagen,Taigun,2012,REG-V-000538,547000.0
V000539,C004820,Volkswagen,Polo,2019,REG-V-000539,746000.0
V000540,C006472,Maruti Suzuki,Dzire,2021,REG-V-000540,655000.0
V000541,C000194,Maruti Suzuki,Ertiga,2021,REG-V-000541,696000.0
V000542,C006474,Maruti Suzuki,Ertiga,2018,REG-V-000542,385000.0
V000543,C006446,Mahindra,Bolero,2020,REG-V-000543,735000.0
V000544,C004573,Kia,Sonet,2023,REG-V-000544,1370000.0
V000545,C009006,Volkswagen,Virtus,2013,REG-V-000545,613000.0
V000546,C001355,Volkswagen,Virtus,2020,REG-V-000546,873000.0
V000547,C000526,Mahindra,Bolero,2023,REG-V-000547,2331000.0
V000548,C005005,Kia,Sonet,2022,REG-V-000548,1503000.0
V000549,C005373,Tata,Altroz,2012,REG-V-000549,312000.0
V000550,C002674,Kia,Sonet,2017,REG-V-000550,820000.0
V000551,C009619,Maruti Suzuki,Dzire,2017,REG-V-000551,547000.0
V000552,C002554,Toyota,Innova,2023,REG-V-000552,2799000.0
V000553,C002705,Toyota,Glanza,2019,REG-V-000553,1824000.0
V000554,C008157,Kia,Sonet,2015,REG-V-000554,795000.0
V000555,C009261,Mahindra,Scorpio,2017,REG-V-000555,561000.0
V000556,C005398,Mahindra,Scorpio,2019,REG-V-000556,926000.0
V000557,C000201,Hyundai,Verna,2024,REG-V-000557,635000.0
V000558,C003559,Kia,Sonet,2013,REG-V-000558,736000.0
V000559,C002262,Toyota,Innova,2016,REG-V-000559,1491000.0
V000560,C005141,Mahindra,XUV700,2022,REG-V-000560,750000.0
V000561,C006865,Honda,Civic,2019,REG-V-000561,780000.0
V000562,C003941,Volkswagen,Virtus,2021,REG-V-000562,893000.0
V000563,C005408,Volkswagen,Taigun,2015,REG-V-000563,500000.0
V000564,C007665,Hyundai,i20,2014,REG-V-000564,546000.0
V000565,C002482,Maruti Suzuki,Dzire,2015,REG-V-000565,229000.0
V000566,C001972,Hyundai,i20,2024,REG-V-000566,673000.0
V000567,C008112,Volkswagen,Virtus,2022,REG-V-000567,1424000.0
V000568,C000377,Toyota,Fortuner,2021,REG-V-000568,2447000.0
V000569,C001496,Toyota,Innova,2012,REG-V-000569,494000.0
V000570,C000126,Honda,Amaze,2017,REG-V-000570,738000.0
V000571,C005590,Tata,Harrier,2018,REG-V-000571,955000.0
V000572,C006039,Volkswagen,Taigun,2016,REG-V-000572,782000.0
V000573,C005355,Honda,Civic,2015,REG-V-000573,389000.0
V000574,C004162,Volkswagen,Polo,2020,REG-V-000574,930000.0
V000575,C005335,Mahindra,Scorpio,2024,REG-V-000575,1274000.0
V000576,C001947,Toyota,Innova,2012,REG-V-000576,1128000.0
V000577,C008311,Kia,Seltos,2019,REG-V-000577,1029000.0
V000578,C009807,Tata,Altroz,2020,REG-V-000578,938000.0
V000579,C005443,Kia,Carens,2021,REG-V-000579,782000.0
V000580,C003752,Honda,Amaze,2013,REG-V-000580,494000.0
V000581,C007979,Honda,Amaze,2021,REG-V-000581,1023000.0
V000582,C001934,Volkswagen,Virtus,2018,REG-V-000582,1084000.0
V000583,C003191,Maruti Suzuki,Ertiga,2012,REG-V-000583,286000.0
V000584,C009420,Mahindra,XUV300,2015,REG-V-000584,781000.0
V000585,C001872,Kia,Seltos,2017,REG-V-000585,1013000.0
V000586,C001119,Toyota,Fortuner,2019,REG-V-000586,847000.0
V000587,C005505,Hyundai,i20,2019,REG-V-000587,555000.0
V000588,C005917,Kia,Seltos,2019,REG-V-000588,1175000.0
V000589,C006008,Toyota,Innova,2018,REG-V-000589,782000.0
V000590,C001641,Mahindra,XUV300,2022,REG-V-000590,797000.0
V000591,C007266,Tata,Punch,2013,REG-V-000591,584000.0
V000592,C002441,Tata,Nexon,2019,REG-V-000592,991000.0
V000593,C009493,Honda,Amaze,2017,REG-V-000593,733000.0
V000594,C002301,Kia,Sonet,2018,REG-V-000594,983000.0
V000595,C000183,Tata,Punch,2018,REG-V-000595,946000.0
V000596,C005732,Volkswagen,Virtus,2013,REG-V-000596,700000.0
V000597,C002036,Volkswagen,Polo,2015,REG-V-000597,746000.0
V000598,C006324,Mahindra,Bolero,2015,REG-V-000598,440000.0
V000599,C002311,Tata,Altroz,2015,REG-V-000599,468000.0
V000600,C004305,Honda,Civic,2022,REG-V-000600,900000.0
V000601,C001789,Tata,Nexon,2024,REG-V-000601,1281000.0
V000602,C004315,Volkswagen,Polo,2021,REG-V-000602,942000.0
V000603,C001370,Honda,Civic,2018,REG-V-000603,604000.0
V000604,C003375,Hyundai,Creta,2016,REG-V-000604,614000.0
V000605,C002000,Honda,City,2019,REG-V-000605,879000.0
V000606,C008209,Tata,Tiago,2021,REG-V-000606,565000.0
V000607,C007348,Maruti Suzuki,Ertiga,2012,REG-V-000607,248000.0
V000608,C001666,Honda,Civic,2013,REG-V-000608,656000.0
V000609,C000845,Kia,Carens,2014,REG-V-000609,482000.0
V000610,C000274,Maruti Suzuki,Dzire,2013,REG-V-000610,289000.0
V000611,C002290,Honda,Civic,2023,REG-V-000611,1522000.0
V000612,C004837,Maruti Suzuki,Dzire,2017,REG-V-000612,324000.0
V000613,C004015,Mahindra,XUV700,2025,REG-V-000613,2376000.0
V000614,C009709,Hyundai,Creta,2018,REG-V-000614,794000.0
V000615,C007985,Maruti Suzuki,Baleno,2014,REG-V-000615,262000.0
V000616,C000793,Tata,Harrier,2018,REG-V-000616,402000.0
V000617,C001585,Hyundai,i20,2023,REG-V-000617,1085000.0
V000618,C000282,Volkswagen,Polo,2012,REG-V-000618,639000.0
V000619,C001388,Volkswagen,Virtus,2017,REG-V-000619,1030000.0
V000620,C005341,Kia,Seltos,2012,REG-V-000620,754000.0
V000621,C000782,Honda,City,2014,REG-V-000621,534000.0
V000622,C000624,Tata,Altroz,2022,REG-V-000622,627000.0
V000623,C001179,Volkswagen,Polo,2019,REG-V-000623,794000.0
V000624,C006744,Tata,Nexon,2016,REG-V-000624,363000.0
V000625,C000205,Honda,Civic,2014,REG-V-000625,658000.0
V000626,C009694,Kia,Sonet,2013,REG-V-000626,349000.0
V000627,C003816,Hyundai,Venue,2024,REG-V-000627,1132000.0
V000628,C003356,Toyota,Innova,2013,REG-V-000628,1188000.0
V000629,C004787,Toyota,Fortuner,2018,REG-V-000629,1406000.0
V000630,C005212,Tata,Tiago,2012,REG-V-000630,300000.0
V000631,C004216,Maruti Suzuki,Brezza,2012,REG-V-000631,191000.0
V000632,C004900,Toyota,Glanza,2016,REG-V-000632,756000.0
V000633,C003390,Mahindra,XUV300,2016,REG-V-000633,873000.0
V000634,C003202,Kia,Carens,2025,REG-V-000634,1309000.0
V000635,C000291,Honda,Civic,2016,REG-V-000635,787000.0
V000636,C006762,Honda,Amaze,2024,REG-V-000636,1213000.0
V000637,C006219,Tata,Nexon,2013,REG-V-000637,331000.0
V000638,C006738,Hyundai,i10,2015,REG-V-000638,415000.0
V000639,C009431,Toyota,Fortuner,2020,REG-V-000639,2389000.0
V000640,C004770,Maruti Suzuki,Brezza,2012,REG-V-000640,204000.0
V000641,C008875,Toyota,Innova,2022,REG-V-000641,1769000.0
V000642,C004457,Volkswagen,Polo,2014,REG-V-000642,365000.0
V000643,C004815,Maruti Suzuki,Baleno,2016,REG-V-000643,373000.0
V000644,C006373,Volkswagen,Polo,2016,REG-V-000644,602000.0
V000645,C002179,Tata,Nexon,2019,REG-V-000645,682000.0
V000646,C002194,Toyota,Fortuner,2022,REG-V-000646,1325000.0
V000647,C005131,Mahindra,XUV700,2016,REG-V-000647,1039000.0
V000648,C000711,Toyota,Fortuner,2018,REG-V-000648,1822000.0
V000649,C002391,Hyundai,i10,2021,REG-V-000649,754000.0
V000650,C007996,Volkswagen,Virtus,2024,REG-V-000650,1558000.0
V000651,C004675,Volkswagen,Virtus,2012,REG-V-000651,323000.0
V000652,C000282,Toyota,Fortuner,2019,REG-V-000652,1984000.0
V000653,C000630,Tata,Tiago,2018,REG-V-000653,1001000.0
V000654,C009230,Honda,Amaze,2014,REG-V-000654,650000.0
V000655,C009573,Hyundai,Venue,2024,REG-V-000655,1083000.0
V000656,C006460,Mahindra,XUV700,2025,REG-V-000656,930000.0
V000657,C001852,Tata,Harrier,2025,REG-V-000657,756000.0
V000658,C003688,Volkswagen,Polo,2019,REG-V-000658,940000.0
V000659,C003041,Tata,Tiago,2019,REG-V-000659,560000.0
V000660,C007928,Volkswagen,Virtus,2021,REG-V-000660,1129000.0
V000661,C005403,Toyota,Fortuner,2020,REG-V-000661,1279000.0
V000662,C007870,Hyundai,i20,2019,REG-V-000662,432000.0
V000663,C003610,Kia,Carens,2018,REG-V-000663,1182000.0
V000664,C008742,Hyundai,Creta,2024,REG-V-000664,1122000.0
V000665,C004318,Kia,Carens,2015,REG-V-000665,753000.0
V000666,C004193,Volkswagen,Virtus,2020,REG-V-000666,964000.0
V000667,C004929,Maruti Suzuki,Brezza,2013,REG-V-000667,274000.0
V000668,C005961,Mahindra,Scorpio,2019,REG-V-000668,821000.0
V000669,C008992,Honda,Civic,2019,REG-V-000669,564000.0
V000670,C004604,Volkswagen,Polo,2013,REG-V-000670,731000.0
V000671,C009337,Honda,City,2020,REG-V-000671,925000.0
V000672,C003953,Mahindra,Scorpio,2019,REG-V-000672,680000.0
V000673,C003227,Kia,Seltos,2021,REG-V-000673,1008000.0
V000674,C002935,Toyota,Glanza,2023,REG-V-000674,3112000.0
V000675,C000224,Hyundai,i10,2017,REG-V-000675,573000.0
V000676,C008538,Honda,City,2014,REG-V-000676,558000.0
V000677,C000802,Honda,Amaze,2017,REG-V-000677,784000.0
V000678,C003330,Kia,Seltos,2014,REG-V-000678,502000.0
V000679,C002523,Hyundai,Verna,2016,REG-V-000679,457000.0
V000680,C007511,Kia,Sonet,2021,REG-V-000680,816000.0
V000681,C009361,Honda,Civic,2023,REG-V-000681,1393000.0
V000682,C008214,Toyota,Glanza,2017,REG-V-000682,1841000.0
V000683,C003185,Volkswagen,Taigun,2013,REG-V-000683,546000.0
V000684,C004582,Hyundai,Verna,2015,REG-V-000684,573000.0
V000685,C002492,Hyundai,Verna,2014,REG-V-000685,340000.0
V000686,C009273,Honda,Civic,2023,REG-V-000686,1462000.0
V000687,C001185,Mahindra,Bolero,2013,REG-V-000687,505000.0
V000688,C009528,Mahindra,XUV300,2016,REG-V-000688,1212000.0
V000689,C008182,Tata,Altroz,2019,REG-V-000689,707000.0
V000690,C007165,Maruti Suzuki,Ertiga,2017,REG-V-000690,322000.0
V000691,C007809,Toyota,Glanza,2018,REG-V-000691,1130000.0
V000692,C003386,Hyundai,Venue,2023,REG-V-000692,684000.0
V000693,C002944,Hyundai,Creta,2024,REG-V-000693,893000.0
V000694,C003821,Mahindra,Scorpio,2017,REG-V-000694,982000.0
V000695,C001814,Tata,Tiago,2021,REG-V-000695,532000.0
V000696,C007528,Kia,Sonet,2019,REG-V-000696,1076000.0
V000697,C004787,Kia,Seltos,2016,REG-V-000697,755000.0
V000698,C008915,Tata,Tiago,2017,REG-V-000698,851000.0
V000699,C008836,Tata,Nexon,2016,REG-V-000699,756000.0
V000700,C001554,Maruti Suzuki,Brezza,2024,REG-V-000700,668000.0
V000701,C002210,Kia,Carens,2014,REG-V-000701,431000.0
V000702,C004122,Kia,Sonet,2021,REG-V-000702,1347000.0
V000703,C001186,Tata,Punch,2022,REG-V-000703,1373000.0
V000704,C006929,Volkswagen,Taigun,2018,REG-V-000704,555000.0
V000705,C007438,Volkswagen,Taigun,2019,REG-V-000705,656000.0
V000706,C007268,Toyota,Innova,2022,REG-V-000706,2330000.0
V000707,C004740,Tata,Nexon,2020,REG-V-000707,1097000.0
V000708,C008470,Tata,Altroz,2025,REG-V-000708,1027000.0
V000709,C006101,Mahindra,XUV700,2023,REG-V-000709,1557000.0
V000710,C009942,Tata,Nexon,2016,REG-V-000710,600000.0
V000711,C008201,Mahindra,XUV700,2012,REG-V-000711,877000.0
V000712,C007279,Kia,Sonet,2022,REG-V-000712,1010000.0
V000713,C001232,Mahindra,Bolero,2019,REG-V-000713,1008000.0
V000714,C008366,Tata,Tiago,2021,REG-V-000714,1169000.0
V000715,C003042,Maruti Suzuki,Brezza,2017,REG-V-000715,452000.0
V000716,C004207,Hyundai,i20,2015,REG-V-000716,500000.0
V000717,C004665,Kia,Sonet,2023,REG-V-000717,1769000.0
V000718,C003293,Kia,Carens,2016,REG-V-000718,913000.0
V000719,C001087,Toyota,Glanza,2023,REG-V-000719,2142000.0
V000720,C002004,Toyota,Glanza,2016,REG-V-000720,778000.0
V000721,C008094,Honda,City,2023,REG-V-000721,937000.0
V000722,C006560,Mahindra,Bolero,2018,REG-V-000722,1451000.0
V000723,C009449,Honda,Civic,2022,REG-V-000723,1275000.0
V000724,C008262,Hyundai,Verna,2015,REG-V-000724,554000.0
V000725,C004039,Tata,Nexon,2018,REG-V-000725,964000.0
V000726,C007935,Hyundai,i20,2015,REG-V-000726,330000.0
V000727,C005810,Toyota,Innova,2020,REG-V-000727,2263000.0
V000728,C002850,Tata,Tiago,2014,REG-V-000728,217000.0
V000729,C009753,Hyundai,i10,2024,REG-V-000729,685000.0
V000730,C009315,Tata,Punch,2012,REG-V-000730,588000.0
V000731,C001119,Toyota,Fortuner,2014,REG-V-000731,981000.0
V000732,C008433,Toyota,Innova,2019,REG-V-000732,1968000.0
V000733,C000792,Volkswagen,Taigun,2016,REG-V-000733,861000.0
V000734,C009320,Mahindra,XUV300,2012,REG-V-000734,634000.0
V000735,C006285,Volkswagen,Virtus,2017,REG-V-000735,552000.0
V000736,C001665,Hyundai,i20,2013,REG-V-000736,335000.0
V000737,C008219,Toyota,Glanza,2016,REG-V-000737,1245000.0
V000738,C005191,Maruti Suzuki,Ertiga,2012,REG-V-000738,300000.0
V000739,C000618,Honda,City,2025,REG-V-000739,1291000.0
V000740,C008049,Hyundai,Venue,2015,REG-V-000740,411000.0
V000741,C007953,Mahindra,Bolero,2014,REG-V-000741,726000.0
V000742,C004854,Volkswagen,Virtus,2019,REG-V-000742,965000.0
V000743,C007370,Mahindra,Scorpio,2023,REG-V-000743,1656000.0
V000744,C000415,Toyota,Fortuner,2018,REG-V-000744,1820000.0
V000745,C003163,Mahindra,Scorpio,2023,REG-V-000745,1772000.0
V000746,C006776,Maruti Suzuki,Dzire,2023,REG-V-000746,808000.0
V000747,C002325,Tata,Punch,2015,REG-V-000747,710000.0
V000748,C004525,Mahindra,XUV700,2013,REG-V-000748,663000.0
V000749,C009353,Tata,Punch,2024,REG-V-000749,881000.0
V000750,C008318,Kia,Carens,2022,REG-V-000750,865000.0
V000751,C005619,Toyota,Innova,2018,REG-V-000751,1051000.0
V000752,C005813,Maruti Suzuki,Swift,2023,REG-V-000752,493000.0
V000753,C008929,Volkswagen,Polo,2014,REG-V-000753,472000.0
V000754,C008661,Kia,Seltos,2020,REG-V-000754,676000.0
V000755,C000895,Volkswagen,Taigun,2014,REG-V-000755,353000.0
V000756,C004695,Toyota,Fortuner,2020,REG-V-000756,1441000.0
V000757,C001918,Tata,Punch,2020,REG-V-000757,811000.0
V000758,C000848,Honda,Civic,2020,REG-V-000758,701000.0
V000759,C002909,Volkswagen,Taigun,2014,REG-V-000759,609000.0
V000760,C006151,Maruti Suzuki,Dzire,2014,REG-V-000760,269000.0
V000761,C008006,Maruti Suzuki,Dzire,2012,REG-V-000761,341000.0
V000762,C009165,Mahindra,Scorpio,2019,REG-V-000762,1582000.0
V000763,C004245,Kia,Carens,2022,REG-V-000763,1026000.0
V000764,C004238,Volkswagen,Taigun,2012,REG-V-000764,616000.0
V000765,C001524,Honda,City,2016,REG-V-000765,407000.0
V000766,C001959,Kia,Sonet,2022,REG-V-000766,773000.0
V000767,C001038,Mahindra,XUV300,2012,REG-V-000767,423000.0
V000768,C009761,Mahindra,Scorpio,2019,REG-V-000768,1144000.0
V000769,C001276,Hyundai,i10,2017,REG-V-000769,604000.0
V000770,C007634,Toyota,Innova,2016,REG-V-000770,1392000.0
V000771,C003161,Tata,Nexon,2012,REG-V-000771,465000.0
V000772,C005403,Volkswagen,Virtus,2023,REG-V-000772,1534000.0
V000773,C008780,Volkswagen,Polo,2018,REG-V-000773,691000.0
V000774,C009395,Tata,Altroz,2015,REG-V-000774,245000.0
V000775,C002424,Kia,Carens,2019,REG-V-000775,1026000.0
V000776,C009156,Toyota,Fortuner,2018,REG-V-000776,853000.0
V000777,C002537,Honda,Amaze,2024,REG-V-000777,1595000.0
V000778,C008108,Tata,Altroz,2021,REG-V-000778,577000.0
V000779,C000157,Kia,Carens,2023,REG-V-000779,840000.0
V000780,C005390,Toyota,Innova,2012,REG-V-000780,554000.0
V000781,C007314,Maruti Suzuki,Brezza,2014,REG-V-000781,303000.0
V000782,C008427,Kia,Seltos,2012,REG-V-000782,459000.0
V000783,C008449,Volkswagen,Virtus,2015,REG-V-000783,631000.0
V000784,C002977,Tata,Tiago,2012,REG-V-000784,218000.0
V000785,C008572,Tata,Harrier,2013,REG-V-000785,498000.0
V000786,C003218,Tata,Nexon,2022,REG-V-000786,1040000.0
V000787,C002361,Hyundai,i10,2022,REG-V-000787,1088000.0
V000788,C000017,Mahindra,Scorpio,2020,REG-V-000788,1628000.0
V000789,C002380,Kia,Sonet,2013,REG-V-000789,468000.0
V000790,C001181,Honda,Amaze,2020,REG-V-000790,854000.0
V000791,C006796,Toyota,Glanza,2021,REG-V-000791,1503000.0
V000792,C001438,Toyota,Innova,2019,REG-V-000792,1986000.0
V000793,C005898,Volkswagen,Taigun,2014,REG-V-000793,316000.0
V000794,C001266,Mahindra,Bolero,2024,REG-V-000794,2339000.0
V000795,C007093,Maruti Suzuki,Brezza,2021,REG-V-000795,374000.0
V000796,C002845,Mahindra,Scorpio,2025,REG-V-000796,972000.0
V000797,C003069,Honda,City,2017,REG-V-000797,688000.0
V000798,C006454,Mahindra,Bolero,2022,REG-V-000798,1640000.0
V000799,C009414,Toyota,Innova,2013,REG-V-000799,1201000.0
V000800,C009921,Mahindra,XUV300,2023,REG-V-000800,1001000.0
V000801,C003576,Toyota,Fortuner,2015,REG-V-000801,1246000.0
V000802,C009479,Maruti Suzuki,Swift,2020,REG-V-000802,530000.0
V000803,C006167,Honda,City,2018,REG-V-000803,947000.0
V000804,C009116,Kia,Carens,2018,REG-V-000804,595000.0
V000805,C000295,Toyota,Fortuner,2012,REG-V-000805,952000.0
V000806,C000342,Volkswagen,Taigun,2022,REG-V-000806,978000.0
V000807,C000769,Honda,Amaze,2024,REG-V-000807,1106000.0
V000808,C008104,Maruti Suzuki,Ertiga,2014,REG-V-000808,288000.0
V000809,C001384,Volkswagen,Virtus,2025,REG-V-000809,1285000.0
V000810,C001760,Kia,Sonet,2014,REG-V-000810,353000.0
V000811,C005898,Tata,Punch,2017,REG-V-000811,682000.0
V000812,C009581,Mahindra,Scorpio,2020,REG-V-000812,1695000.0
V000813,C005723,Toyota,Innova,2023,REG-V-000813,1367000.0
V000814,C007383,Honda,Amaze,2015,REG-V-000814,502000.0
V000815,C001885,Maruti Suzuki,Ertiga,2023,REG-V-000815,571000.0
V000816,C009179,Kia,Seltos,2017,REG-V-000816,1037000.0
V000817,C000580,Hyundai,Verna,2017,REG-V-000817,539000.0
V000818,C002817,Mahindra,XUV300,2016,REG-V-000818,1024000.0
V000819,C004558,Hyundai,i20,2017,REG-V-000819,381000.0
V000820,C002285,Toyota,Fortuner,2020,REG-V-000820,1794000.0
V000821,C006686,Tata,Nexon,2022,REG-V-000821,648000.0
V000822,C006832,Honda,City,2023,REG-V-000822,1514000.0
V000823,C002131,Volkswagen,Polo,2021,REG-V-000823,1433000.0
V000824,C000088,Maruti Suzuki,Ertiga,2023,REG-V-000824,817000.0
V000825,C000767,Mahindra,Scorpio,2019,REG-V-000825,1693000.0
V000826,C000007,Maruti Suzuki,Swift,2018,REG-V-000826,400000.0
V000827,C009101,Toyota,Glanza,2023,REG-V-000827,1093000.0
V000828,C006262,Mahindra,XUV300,2025,REG-V-000828,1849000.0
V000829,C001389,Maruti Suzuki,Swift,2018,REG-V-000829,466000.0
V000830,C000928,Maruti Suzuki,Swift,2020,REG-V-000830,375000.0
V000831,C008225,Hyundai,Venue,2023,REG-V-000831,913000.0
V000832,C008157,Honda,Civic,2025,REG-V-000832,1130000.0
V000833,C009303,Toyota,Glanza,2020,REG-V-000833,1117000.0
V000834,C001587,Tata,Punch,2014,REG-V-000834,605000.0
V000835,C005261,Volkswagen,Polo,2024,REG-V-000835,1165000.0
V000836,C001210,Hyundai,Creta,2021,REG-V-000836,753000.0
V000837,C008021,Kia,Seltos,2024,REG-V-000837,1824000.0
V000838,C004139,Toyota,Innova,2024,REG-V-000838,3363000.0
V000839,C006998,Mahindra,Scorpio,2012,REG-V-000839,361000.0
V000840,C000318,Maruti Suzuki,Ertiga,2024,REG-V-000840,845000.0
V000841,C007852,Volkswagen,Virtus,2013,REG-V-000841,507000.0
V000842,C002313,Honda,City,2018,REG-V-000842,708000.0
V000843,C008466,Tata,Harrier,2017,REG-V-000843,374000.0
V000844,C001863,Hyundai,Verna,2014,REG-V-000844,551000.0
V000845,C007964,Mahindra,XUV300,2024,REG-V-000845,2217000.0
V000846,C001349,Kia,Sonet,2013,REG-V-000846,371000.0
V000847,C006682,Maruti Suzuki,Swift,2024,REG-V-000847,844000.0
V000848,C007864,Maruti Suzuki,Brezza,2012,REG-V-000848,374000.0
V000849,C003872,Volkswagen,Virtus,2019,REG-V-000849,1157000.0
V000850,C002464,Hyundai,i10,2023,REG-V-000850,1008000.0
V000851,C003441,Hyundai,i20,2014,REG-V-000851,418000.0
V000852,C002952,Honda,Civic,2022,REG-V-000852,935000.0
V000853,C006375,Volkswagen,Taigun,2016,REG-V-000853,944000.0
V000854,C000462,Tata,Harrier,2013,REG-V-000854,560000.0
V000855,C000432,Honda,City,2022,REG-V-000855,1375000.0
V000856,C002863,Kia,Sonet,2016,REG-V-000856,464000.0
V000857,C002767,Kia,Carens,2021,REG-V-000857,1366000.0
V000858,C001763,Volkswagen,Virtus,2017,REG-V-000858,536000.0
V000859,C007219,Honda,Amaze,2018,REG-V-000859,589000.0
V000860,C000252,Mahindra,Bolero,2012,REG-V-000860,916000.0
V000861,C009276,Honda,Civic,2019,REG-V-000861,1136000.0
V000862,C007640,Mahindra,XUV300,2019,REG-V-000862,925000.0
V000863,C004046,Kia,Carens,2021,REG-V-000863,672000.0
V000864,C008628,Volkswagen,Virtus,2016,REG-V-000864,601000.0
V000865,C006229,Kia,Seltos,2025,REG-V-000865,881000.0
V000866,C005751,Hyundai,Verna,2021,REG-V-000866,577000.0
V000867,C003110,Honda,Civic,2012,REG-V-000867,440000.0
V000868,C006679,Toyota,Glanza,2023,REG-V-000868,2415000.0
V000869,C001399,Honda,Civic,2023,REG-V-000869,1426000.0
V000870,C005288,Volkswagen,Taigun,2022,REG-V-000870,1385000.0
V000871,C001155,Maruti Suzuki,Baleno,2023,REG-V-000871,701000.0
V000872,C004467,Mahindra,XUV700,2025,REG-V-000872,1750000.0
V000873,C006211,Tata,Punch,2016,REG-V-000873,494000.0
V000874,C001547,Honda,Amaze,2018,REG-V-000874,829000.0
V000875,C002243,Hyundai,i10,2021,REG-V-000875,1140000.0
V000876,C008180,Tata,Altroz,2022,REG-V-000876,639000.0
V000877,C002573,Toyota,Innova,2013,REG-V-000877,1149000.0
V000878,C000961,Volkswagen,Taigun,2014,REG-V-000878,561000.0
V000879,C003286,Toyota,Innova,2014,REG-V-000879,578000.0
V000880,C009384,Mahindra,Scorpio,2016,REG-V-000880,737000.0
V000881,C006976,Toyota,Fortuner,2012,REG-V-000881,1082000.0
V000882,C005799,Hyundai,i20,2023,REG-V-000882,1065000.0
V000883,C008441,Hyundai,i10,2021,REG-V-000883,536000.0
V000884,C006647,Kia,Carens,2013,REG-V-000884,615000.0
V000885,C008158,Volkswagen,Taigun,2021,REG-V-000885,655000.0
V000886,C006609,Volkswagen,Polo,2015,REG-V-000886,750000.0
V000887,C008679,Honda,Civic,2020,REG-V-000887,927000.0
V000888,C006284,Honda,City,2023,REG-V-000888,1136000.0
V000889,C002662,Hyundai,Verna,2020,REG-V-000889,627000.0
V000890,C000429,Volkswagen,Polo,2015,REG-V-000890,800000.0
V000891,C001058,Maruti Suzuki,Dzire,2015,REG-V-000891,317000.0
V000892,C005154,Maruti Suzuki,Brezza,2020,REG-V-000892,433000.0
V000893,C009712,Toyota,Glanza,2012,REG-V-000893,529000.0
V000894,C007662,Hyundai,i20,2015,REG-V-000894,466000.0
V000895,C007825,Kia,Carens,2017,REG-V-000895,1012000.0
V000896,C006687,Toyota,Innova,2012,REG-V-000896,759000.0
V000897,C009087,Honda,Amaze,2020,REG-V-000897,1012000.0
V000898,C007412,Kia,Carens,2022,REG-V-000898,1045000.0
V000899,C002593,Honda,Civic,2020,REG-V-000899,1216000.0
V000900,C005045,Kia,Sonet,2015,REG-V-000900,359000.0
V000901,C004059,Mahindra,Bolero,2014,REG-V-000901,833000.0
V000902,C001650,Honda,Civic,2013,REG-V-000902,523000.0
V000903,C002246,Maruti Suzuki,Swift,2025,REG-V-000903,562000.0
V000904,C002842,Toyota,Fortuner,2024,REG-V-000904,1492000.0
V000905,C001731,Hyundai,Venue,2024,REG-V-000905,748000.0
V000906,C002194,Maruti Suzuki,Ertiga,2018,REG-V-000906,294000.0
V000907,C009203,Hyundai,Venue,2017,REG-V-000907,684000.0
V000908,C003427,Hyundai,i20,2024,REG-V-000908,1231000.0
V000909,C008326,Mahindra,XUV700,2022,REG-V-000909,867000.0
V000910,C000671,Honda,City,2017,REG-V-000910,878000.0
V000911,C009815,Toyota,Innova,2024,REG-V-000911,2981000.0
V000912,C007712,Tata,Altroz,2017,REG-V-000912,446000.0
V000913,C009119,Toyota,Glanza,2012,REG-V-000913,1138000.0
V000914,C005299,Hyundai,i10,2014,REG-V-000914,548000.0
V000915,C006393,Volkswagen,Taigun,2022,REG-V-000915,1623000.0
V000916,C003613,Tata,Altroz,2013,REG-V-000916,571000.0
V000917,C004348,Hyundai,Verna,2016,REG-V-000917,536000.0
V000918,C007568,Hyundai,i10,2012,REG-V-000918,426000.0
V000919,C000517,Kia,Sonet,2013,REG-V-000919,690000.0
V000920,C000374,Honda,Amaze,2025,REG-V-000920,1355000.0
V000921,C008797,Kia,Carens,2014,REG-V-000921,769000.0
V000922,C001099,Hyundai,Verna,2024,REG-V-000922,1383000.0
V000923,C007264,Kia,Carens,2023,REG-V-000923,992000.0
V000924,C002004,Tata,Harrier,2019,REG-V-000924,430000.0
V000925,C003671,Volkswagen,Virtus,2012,REG-V-000925,621000.0
V000926,C002923,Tata,Tiago,2020,REG-V-000926,600000.0
V000927,C004942,Kia,Carens,2015,REG-V-000927,483000.0
V000928,C008318,Tata,Altroz,2017,REG-V-000928,399000.0
V000929,C008804,Mahindra,Scorpio,2019,REG-V-000929,579000.0
V000930,C002243,Tata,Tiago,2016,REG-V-000930,522000.0
V000931,C003369,Tata,Tiago,2024,REG-V-000931,884000.0
V000932,C008407,Hyundai,i20,2012,REG-V-000932,269000.0
V000933,C000906,Maruti Suzuki,Baleno,2019,REG-V-000933,584000.0
V000934,C001164,Honda,City,2022,REG-V-000934,1415000.0
V000935,C004831,Tata,Tiago,2025,REG-V-000935,694000.0
V000936,C007964,Maruti Suzuki,Brezza,2018,REG-V-000936,478000.0
V000937,C003347,Kia,Sonet,2012,REG-V-000937,761000.0
V000938,C000719,Honda,Civic,2019,REG-V-000938,1129000.0
V000939,C009677,Volkswagen,Taigun,2017,REG-V-000939,536000.0
V000940,C009414,Honda,Civic,2016,REG-V-000940,566000.0
V000941,C006556,Volkswagen,Taigun,2022,REG-V-000941,861000.0
V000942,C006859,Volkswagen,Virtus,2012,REG-V-000942,664000.0
V000943,C009372,Hyundai,Venue,2022,REG-V-000943,779000.0
V000944,C006482,Kia,Seltos,2014,REG-V-000944,435000.0
V000945,C007953,Mahindra,XUV700,2016,REG-V-000945,490000.0
V000946,C004672,Honda,Amaze,2018,REG-V-000946,952000.0
V000947,C002302,Volkswagen,Polo,2025,REG-V-000947,990000.0
V000948,C008365,Volkswagen,Virtus,2021,REG-V-000948,862000.0
V000949,C006883,Toyota,Glanza,2014,REG-V-000949,803000.0
V000950,C002880,Maruti Suzuki,Swift,2025,REG-V-000950,537000.0
V000951,C006278,Mahindra,XUV300,2013,REG-V-000951,527000.0
V000952,C008213,Mahindra,Bolero,2012,REG-V-000952,869000.0
V000953,C002707,Volkswagen,Taigun,2022,REG-V-000953,1496000.0
V000954,C007750,Hyundai,Verna,2023,REG-V-000954,1018000.0
V000955,C000748,Mahindra,XUV300,2022,REG-V-000955,1437000.0
V000956,C006292,Maruti Suzuki,Ertiga,2025,REG-V-000956,912000.0
V000957,C009990,Mahindra,Scorpio,2014,REG-V-000957,456000.0
V000958,C008705,Toyota,Innova,2015,REG-V-000958,668000.0
V000959,C008805,Volkswagen,Polo,2017,REG-V-000959,642000.0
V000960,C006846,Honda,Civic,2022,REG-V-000960,1399000.0
V000961,C004640,Tata,Harrier,2020,REG-V-000961,1204000.0
V000962,C006820,Hyundai,i20,2012,REG-V-000962,418000.0
V000963,C003194,Tata,Punch,2024,REG-V-000963,881000.0
V000964,C005568,Volkswagen,Polo,2025,REG-V-000964,1954000.0
V000965,C005433,Hyundai,i10,2016,REG-V-000965,615000.0
V000966,C005473,Kia,Sonet,2025,REG-V-000966,1125000.0
V000967,C004136,Mahindra,XUV300,2024,REG-V-000967,1413000.0
V000968,C003529,Maruti Suzuki,Swift,2017,REG-V-000968,554000.0
V000969,C003285,Maruti Suzuki,Baleno,2016,REG-V-000969,396000.0
V000970,C002272,Toyota,Glanza,2021,REG-V-000970,1096000.0
V000971,C004416,Volkswagen,Virtus,2014,REG-V-000971,694000.0
V000972,C001175,Mahindra,Bolero,2025,REG-V-000972,1272000.0
V000973,C009066,Tata,Punch,2015,REG-V-000973,469000.0
V000974,C000720,Mahindra,XUV300,2022,REG-V-000974,1959000.0
V000975,C008414,Honda,City,2022,REG-V-000975,909000.0
V000976,C002433,Volkswagen,Taigun,2025,REG-V-000976,1338000.0
V000977,C008572,Mahindra,XUV300,2012,REG-V-000977,664000.0
V000978,C007257,Hyundai,Verna,2012,REG-V-000978,476000.0
V000979,C009247,Honda,Civic,2018,REG-V-000979,885000.0
V000980,C008749,Kia,Sonet,2013,REG-V-000980,763000.0
V000981,C007053,Honda,Amaze,2020,REG-V-000981,786000.0
V000982,C001507,Mahindra,XUV300,2023,REG-V-000982,1352000.0
V000983,C005531,Tata,Punch,2020,REG-V-000983,865000.0
V000984,C003391,Maruti Suzuki,Swift,2015,REG-V-000984,416000.0
V000985,C008914,Volkswagen,Taigun,2021,REG-V-000985,992000.0
V000986,C008773,Volkswagen,Virtus,2021,REG-V-000986,1046000.0
V000987,C003126,Volkswagen,Taigun,2020,REG-V-000987,867000.0
V000988,C006761,Tata,Harrier,2017,REG-V-000988,605000.0
V000989,C003379,Mahindra,XUV300,2019,REG-V-000989,1315000.0
V000990,C006825,Hyundai,i10,2016,REG-V-000990,348000.0
V000991,C006186,Tata,Tiago,2022,REG-V-000991,1359000.0
V000992,C005141,Kia,Sonet,2017,REG-V-000992,951000.0
V000993,C008836,Tata,Altroz,2016,REG-V-000993,292000.0
V000994,C002481,Toyota,Glanza,2013,REG-V-000994,598000.0
V000995,C008036,Maruti Suzuki,Ertiga,2015,REG-V-000995,351000.0
V000996,C006929,Kia,Carens,2014,REG-V-000996,669000.0
V000997,C002804,Hyundai,i20,2017,REG-V-000997,528000.0
V000998,C004232,Volkswagen,Polo,2022,REG-V-000998,861000.0
V000999,C000716,Maruti Suzuki,Baleno,2014,REG-V-000999,279000.0
V001000,C006014,Honda,Amaze,2013,REG-V-001000,507000.0
V001001,C008939,Hyundai,i20,2025,REG-V-001001,1020000.0
V001002,C001176,Volkswagen,Virtus,2018,REG-V-001002,892000.0
V001003,C001326,Tata,Altroz,2024,REG-V-001003,1285000.0
V001004,C004784,Maruti Suzuki,Brezza,2024,REG-V-001004,680000.0
V001005,C002804,Maruti Suzuki,Swift,2024,REG-V-001005,948000.0
V001006,C002767,Hyundai,Venue,2013,REG-V-001006,249000.0
V001007,C006436,Mahindra,XUV300,2017,REG-V-001007,896000.0
V001008,C004120,Kia,Seltos,2012,REG-V-001008,581000.0
V001009,C008489,Maruti Suzuki,Brezza,2024,REG-V-001009,537000.0
V001010,C004316,Tata,Harrier,2024,REG-V-001010,1354000.0
V001011,C006204,Tata,Harrier,2018,REG-V-001011,745000.0
V001012,C003997,Volkswagen,Taigun,2025,REG-V-001012,967000.0
V001013,C002575,Maruti Suzuki,Dzire,2016,REG-V-001013,335000.0
V001014,C004751,Mahindra,XUV700,2016,REG-V-001014,1000000.0
V001015,C007259,Hyundai,Verna,2020,REG-V-001015,737000.0
V001016,C009535,Tata,Punch,2021,REG-V-001016,980000.0
V001017,C000441,Mahindra,Scorpio,2014,REG-V-001017,391000.0
V001018,C005363,Tata,Tiago,2023,REG-V-001018,1323000.0
V001019,C006410,Mahindra,Bolero,2022,REG-V-001019,904000.0
V001020,C000874,Toyota,Fortuner,2018,REG-V-001020,1377000.0
V001021,C008340,Kia,Sonet,2018,REG-V-001021,594000.0
V001022,C002758,Hyundai,i10,2025,REG-V-001022,1135000.0
V001023,C008797,Toyota,Glanza,2016,REG-V-001023,1500000.0
V001024,C005566,Mahindra,XUV300,2015,REG-V-001024,435000.0
V001025,C001510,Kia,Sonet,2017,REG-V-001025,518000.0
V001026,C007455,Toyota,Fortuner,2020,REG-V-001026,1121000.0
V001027,C001569,Volkswagen,Polo,2024,REG-V-001027,1395000.0
V001028,C007258,Volkswagen,Polo,2016,REG-V-001028,458000.0
V001029,C008135,Mahindra,XUV300,2022,REG-V-001029,1083000.0
V001030,C005800,Volkswagen,Polo,2018,REG-V-001030,938000.0
V001031,C002713,Kia,Seltos,2019,REG-V-001031,728000.0
V001032,C004408,Toyota,Glanza,2015,REG-V-001032,1093000.0
V001033,C005325,Maruti Suzuki,Baleno,2013,REG-V-001033,230000.0
V001034,C006705,Toyota,Fortuner,2018,REG-V-001034,2029000.0
V001035,C006382,Toyota,Fortuner,2020,REG-V-001035,1663000.0
V001036,C004021,Toyota,Glanza,2023,REG-V-001036,2482000.0
V001037,C007647,Maruti Suzuki,Swift,2012,REG-V-001037,296000.0
V001038,C007782,Maruti Suzuki,Brezza,2022,REG-V-001038,445000.0
V001039,C007003,Volkswagen,Virtus,2012,REG-V-001039,483000.0
V001040,C002722,Mahindra,Bolero,2021,REG-V-001040,1124000.0
V001041,C004732,Volkswagen,Virtus,2018,REG-V-001041,1146000.0
V001042,C004356,Kia,Carens,2020,REG-V-001042,909000.0
V001043,C008216,Volkswagen,Taigun,2013,REG-V-001043,489000.0
V001044,C008135,Kia,Sonet,2017,REG-V-001044,555000.0
V001045,C008699,Mahindra,Bolero,2023,REG-V-001045,962000.0
V001046,C002334,Honda,Amaze,2019,REG-V-001046,1162000.0
V001047,C007549,Tata,Nexon,2024,REG-V-001047,1533000.0
V001048,C008750,Toyota,Innova,2025,REG-V-001048,1974000.0
V001049,C001665,Hyundai,i20,2023,REG-V-001049,824000.0
V001050,C000412,Honda,Amaze,2018,REG-V-001050,838000.0
V001051,C001059,Honda,Civic,2022,REG-V-001051,1398000.0
V001052,C006104,Mahindra,Bolero,2022,REG-V-001052,1471000.0
V001053,C004232,Toyota,Innova,2024,REG-V-001053,2721000.0
V001054,C001961,Kia,Seltos,2016,REG-V-001054,541000.0
V001055,C005327,Toyota,Fortuner,2014,REG-V-001055,1136000.0
V001056,C007930,Maruti Suzuki,Baleno,2015,REG-V-001056,338000.0
V001057,C008600,Maruti Suzuki,Baleno,2018,REG-V-001057,549000.0
V001058,C007582,Honda,City,2016,REG-V-001058,420000.0
V001059,C008911,Toyota,Innova,2020,REG-V-001059,1604000.0
V001060,C006085,Maruti Suzuki,Brezza,2013,REG-V-001060,262000.0
V001061,C008409,Honda,Civic,2020,REG-V-001061,751000.0
V001062,C004191,Volkswagen,Polo,2024,REG-V-001062,1846000.0
V001063,C008565,Volkswagen,Virtus,2025,REG-V-001063,1398000.0
V001064,C009009,Mahindra,XUV300,2013,REG-V-001064,953000.0
V001065,C006902,Kia,Carens,2017,REG-V-001065,583000.0
V001066,C004337,Tata,Tiago,2012,REG-V-001066,419000.0
V001067,C002809,Tata,Tiago,2012,REG-V-001067,467000.0
V001068,C003235,Maruti Suzuki,Baleno,2023,REG-V-001068,608000.0
V001069,C001333,Mahindra,Bolero,2019,REG-V-001069,630000.0
V001070,C000489,Honda,City,2019,REG-V-001070,608000.0
V001071,C004164,Maruti Suzuki,Ertiga,2019,REG-V-001071,604000.0
V001072,C000445,Tata,Altroz,2020,REG-V-001072,1154000.0
V001073,C008864,Maruti Suzuki,Ertiga,2022,REG-V-001073,533000.0
V001074,C006538,Mahindra,Scorpio,2018,REG-V-001074,1297000.0
V001075,C008477,Honda,Civic,2025,REG-V-001075,858000.0
V001076,C004462,Mahindra,XUV300,2012,REG-V-001076,360000.0
V001077,C002262,Volkswagen,Polo,2021,REG-V-001077,1128000.0
V001078,C002887,Kia,Sonet,2019,REG-V-001078,622000.0
V001079,C008592,Volkswagen,Taigun,2025,REG-V-001079,1102000.0
V001080,C001216,Maruti Suzuki,Dzire,2023,REG-V-001080,764000.0
V001081,C007022,Honda,City,2021,REG-V-001081,947000.0
V001082,C002281,Maruti Suzuki,Ertiga,2020,REG-V-001082,434000.0
V001083,C003532,Kia,Sonet,2021,REG-V-001083,1207000.0
V001084,C000031,Tata,Nexon,2022,REG-V-001084,1257000.0
V001085,C004830,Mahindra,XUV700,2012,REG-V-001085,394000.0
V001086,C001283,Maruti Suzuki,Ertiga,2014,REG-V-001086,243000.0
V001087,C008633,Mahindra,XUV700,2017,REG-V-001087,1269000.0
V001088,C000988,Kia,Seltos,2021,REG-V-001088,988000.0
V001089,C002523,Toyota,Glanza,2019,REG-V-001089,1797000.0
V001090,C000153,Toyota,Innova,2013,REG-V-001090,1216000.0
V001091,C009933,Toyota,Fortuner,2020,REG-V-001091,1485000.0
V001092,C006462,Tata,Altroz,2015,REG-V-001092,708000.0
V001093,C006480,Mahindra,Bolero,2020,REG-V-001093,1814000.0
V001094,C005227,Volkswagen,Virtus,2020,REG-V-001094,1247000.0
V001095,C008726,Tata,Tiago,2013,REG-V-001095,323000.0
V001096,C001434,Hyundai,Verna,2017,REG-V-001096,637000.0
V001097,C007991,Toyota,Glanza,2017,REG-V-001097,1712000.0
V001098,C008125,Tata,Punch,2021,REG-V-001098,759000.0
V001099,C000367,Hyundai,Verna,2016,REG-V-001099,451000.0
V001100,C001336,Kia,Carens,2017,REG-V-001100,909000.0
V001101,C005511,Volkswagen,Virtus,2013,REG-V-001101,674000.0
V001102,C000911,Hyundai,Creta,2014,REG-V-001102,323000.0
V001103,C002813,Volkswagen,Taigun,2018,REG-V-001103,794000.0
V001104,C004053,Mahindra,Scorpio,2017,REG-V-001104,630000.0
V001105,C001569,Mahindra,XUV700,2024,REG-V-001105,877000.0
V001106,C007091,Volkswagen,Virtus,2012,REG-V-001106,631000.0
V001107,C004994,Tata,Tiago,2012,REG-V-001107,312000.0
V001108,C006448,Mahindra,Scorpio,2015,REG-V-001108,1077000.0
V001109,C004783,Toyota,Glanza,2020,REG-V-001109,1582000.0
V001110,C004139,Kia,Seltos,2022,REG-V-001110,1697000.0
V001111,C004963,Mahindra,Scorpio,2021,REG-V-001111,712000.0
V001112,C009047,Tata,Tiago,2022,REG-V-001112,693000.0
V001113,C003975,Toyota,Innova,2021,REG-V-001113,2263000.0
V001114,C006469,Mahindra,XUV700,2017,REG-V-001114,1361000.0
V001115,C008377,Toyota,Innova,2017,REG-V-001115,1417000.0
V001116,C006255,Toyota,Glanza,2020,REG-V-001116,1948000.0
V001117,C002284,Tata,Altroz,2012,REG-V-001117,552000.0
V001118,C001218,Kia,Seltos,2025,REG-V-001118,2005000.0
V001119,C005955,Tata,Harrier,2021,REG-V-001119,785000.0
V001120,C007330,Mahindra,XUV700,2021,REG-V-001120,663000.0
V001121,C007756,Tata,Punch,2019,REG-V-001121,867000.0
V001122,C006976,Volkswagen,Taigun,2012,REG-V-001122,535000.0
V001123,C000034,Tata,Punch,2016,REG-V-001123,332000.0
V001124,C007808,Kia,Carens,2020,REG-V-001124,1223000.0
V001125,C006090,Tata,Harrier,2012,REG-V-001125,543000.0
V001126,C009886,Tata,Altroz,2023,REG-V-001126,863000.0
V001127,C007711,Toyota,Innova,2019,REG-V-001127,1326000.0
V001128,C004332,Mahindra,XUV700,2016,REG-V-001128,790000.0
V001129,C006810,Honda,Amaze,2015,REG-V-001129,732000.0
V001130,C006208,Kia,Seltos,2021,REG-V-001130,736000.0
V001131,C003366,Kia,Sonet,2016,REG-V-001131,793000.0
V001132,C005376,Hyundai,Venue,2020,REG-V-001132,1061000.0
V001133,C002053,Maruti Suzuki,Dzire,2019,REG-V-001133,528000.0
V001134,C000889,Maruti Suzuki,Dzire,2017,REG-V-001134,306000.0
V001135,C007387,Mahindra,Scorpio,2017,REG-V-001135,644000.0
V001136,C003847,Hyundai,Creta,2018,REG-V-001136,800000.0
V001137,C007624,Tata,Tiago,2021,REG-V-001137,825000.0
V001138,C004920,Tata,Harrier,2023,REG-V-001138,1492000.0
V001139,C008151,Volkswagen,Taigun,2018,REG-V-001139,1089000.0
V001140,C007460,Honda,Amaze,2021,REG-V-001140,735000.0
V001141,C007707,Maruti Suzuki,Swift,2015,REG-V-001141,417000.0
V001142,C004318,Volkswagen,Virtus,2018,REG-V-001142,949000.0
V001143,C009612,Toyota,Innova,2022,REG-V-001143,1841000.0
V001144,C004070,Mahindra,Bolero,2016,REG-V-001144,782000.0
V001145,C007994,Tata,Harrier,2025,REG-V-001145,1571000.0
V001146,C004934,Volkswagen,Polo,2014,REG-V-001146,432000.0
V001147,C002371,Tata,Punch,2017,REG-V-001147,624000.0
V001148,C006328,Maruti Suzuki,Dzire,2018,REG-V-001148,322000.0
V001149,C004730,Volkswagen,Taigun,2017,REG-V-001149,565000.0
V001150,C002652,Kia,Sonet,2021,REG-V-001150,974000.0
V001151,C003831,Volkswagen,Virtus,2016,REG-V-001151,480000.0
V001152,C001592,Honda,City,2018,REG-V-001152,1043000.0
V001153,C009874,Volkswagen,Taigun,2022,REG-V-001153,1492000.0
V001154,C006476,Mahindra,Bolero,2023,REG-V-001154,2161000.0
V001155,C001731,Mahindra,XUV700,2014,REG-V-001155,846000.0
V001156,C007711,Hyundai,i10,2025,REG-V-001156,1140000.0
V001157,C006057,Kia,Carens,2013,REG-V-001157,354000.0
V001158,C007281,Mahindra,XUV300,2024,REG-V-001158,2220000.0
V001159,C005892,Volkswagen,Virtus,2014,REG-V-001159,463000.0
V001160,C000628,Mahindra,XUV300,2020,REG-V-001160,1129000.0
V001161,C002038,Tata,Harrier,2015,REG-V-001161,263000.0
V001162,C007756,Mahindra,XUV700,2013,REG-V-001162,370000.0
V001163,C007608,Mahindra,Bolero,2012,REG-V-001163,648000.0
V001164,C007605,Honda,Amaze,2019,REG-V-001164,578000.0
V001165,C000156,Kia,Carens,2024,REG-V-001165,1597000.0
V001166,C008110,Mahindra,XUV300,2012,REG-V-001166,748000.0
V001167,C004419,Volkswagen,Virtus,2024,REG-V-001167,904000.0
V001168,C006975,Kia,Sonet,2022,REG-V-001168,1677000.0
V001169,C002722,Mahindra,XUV300,2020,REG-V-001169,699000.0
V001170,C007766,Volkswagen,Taigun,2019,REG-V-001170,736000.0
V001171,C009819,Honda,Amaze,2019,REG-V-001171,1013000.0
V001172,C002552,Mahindra,Bolero,2025,REG-V-001172,2570000.0
V001173,C007919,Mahindra,XUV700,2025,REG-V-001173,2438000.0
V001174,C006093,Volkswagen,Virtus,2022,REG-V-001174,943000.0
V001175,C002730,Honda,City,2013,REG-V-001175,329000.0
V001176,C002929,Honda,City,2015,REG-V-001176,384000.0
V001177,C007376,Hyundai,Venue,2017,REG-V-001177,404000.0
V001178,C002834,Toyota,Innova,2024,REG-V-001178,1292000.0
V001179,C000496,Hyundai,Creta,2015,REG-V-001179,483000.0
V001180,C008789,Toyota,Glanza,2016,REG-V-001180,1374000.0
V001181,C005934,Maruti Suzuki,Baleno,2020,REG-V-001181,517000.0
V001182,C007650,Tata,Tiago,2013,REG-V-001182,616000.0
V001183,C006074,Volkswagen,Virtus,2017,REG-V-001183,937000.0
V001184,C005200,Hyundai,i20,2022,REG-V-001184,848000.0
V001185,C007770,Kia,Carens,2022,REG-V-001185,918000.0
V001186,C000333,Toyota,Innova,2023,REG-V-001186,3018000.0
V001187,C003104,Mahindra,Scorpio,2025,REG-V-001187,1944000.0
V001188,C006316,Maruti Suzuki,Ertiga,2022,REG-V-001188,512000.0
V001189,C009457,Hyundai,i10,2016,REG-V-001189,639000.0
V001190,C003953,Hyundai,i10,2024,REG-V-001190,760000.0
V001191,C009754,Maruti Suzuki,Dzire,2019,REG-V-001191,544000.0
V001192,C007621,Maruti Suzuki,Ertiga,2019,REG-V-001192,595000.0
V001193,C004887,Toyota,Fortuner,2023,REG-V-001193,1299000.0
V001194,C004318,Tata,Nexon,2012,REG-V-001194,432000.0
V001195,C001295,Volkswagen,Taigun,2012,REG-V-001195,480000.0
V001196,C006203,Kia,Carens,2025,REG-V-001196,1077000.0
V001197,C000540,Maruti Suzuki,Brezza,2015,REG-V-001197,237000.0
V001198,C004318,Hyundai,Verna,2024,REG-V-001198,999000.0
V001199,C002401,Volkswagen,Taigun,2013,REG-V-001199,381000.0
V001200,C009570,Mahindra,Bolero,2013,REG-V-001200,612000.0
V001201,C003641,Honda,Amaze,2024,REG-V-001201,990000.0
V001202,C004930,Honda,Civic,2015,REG-V-001202,557000.0
V001203,C003766,Mahindra,XUV700,2020,REG-V-001203,645000.0
V001204,C001376,Honda,Civic,2024,REG-V-001204,1353000.0
V001205,C003529,Mahindra,XUV700,2024,REG-V-001205,1634000.0
V001206,C007862,Kia,Seltos,2019,REG-V-001206,758000.0
V001207,C006256,Volkswagen,Virtus,2025,REG-V-001207,1017000.0
V001208,C004409,Volkswagen,Virtus,2020,REG-V-001208,777000.0
V001209,C008258,Kia,Sonet,2019,REG-V-001209,651000.0
V001210,C000042,Toyota,Fortuner,2013,REG-V-001210,860000.0
V001211,C008317,Volkswagen,Virtus,2022,REG-V-001211,1355000.0
V001212,C000618,Volkswagen,Taigun,2024,REG-V-001212,1792000.0
V001213,C008749,Toyota,Innova,2025,REG-V-001213,3489000.0
V001214,C009489,Volkswagen,Virtus,2018,REG-V-001214,931000.0
V001215,C008242,Kia,Sonet,2017,REG-V-001215,627000.0
V001216,C000206,Maruti Suzuki,Swift,2013,REG-V-001216,277000.0
V001217,C005302,Kia,Sonet,2023,REG-V-001217,1000000.0
V001218,C008336,Maruti Suzuki,Baleno,2013,REG-V-001218,378000.0
V001219,C005490,Honda,Civic,2014,REG-V-001219,600000.0
V001220,C003604,Maruti Suzuki,Ertiga,2023,REG-V-001220,821000.0
V001221,C004745,Volkswagen,Taigun,2024,REG-V-001221,1057000.0
V001222,C000813,Honda,City,2024,REG-V-001222,1544000.0
V001223,C005010,Honda,City,2017,REG-V-001223,736000.0
V001224,C000295,Toyota,Innova,2018,REG-V-001224,1558000.0
V001225,C006484,Kia,Seltos,2013,REG-V-001225,442000.0
V001226,C003916,Honda,Civic,2012,REG-V-001226,497000.0
V001227,C001923,Mahindra,Scorpio,2024,REG-V-001227,989000.0
V001228,C000184,Honda,Civic,2019,REG-V-001228,720000.0
V001229,C009255,Toyota,Innova,2018,REG-V-001229,1586000.0
V001230,C005603,Kia,Sonet,2019,REG-V-001230,1051000.0
V001231,C006512,Hyundai,Creta,2022,REG-V-001231,797000.0
V001232,C007866,Maruti Suzuki,Brezza,2023,REG-V-001232,722000.0
V001233,C006309,Hyundai,Verna,2016,REG-V-001233,416000.0
V001234,C004145,Volkswagen,Virtus,2024,REG-V-001234,1509000.0
V001235,C006318,Toyota,Fortuner,2020,REG-V-001235,1621000.0
V001236,C002544,Toyota,Glanza,2013,REG-V-001236,470000.0
V001237,C005653,Mahindra,Scorpio,2012,REG-V-001237,373000.0
V001238,C002066,Hyundai,Verna,2012,REG-V-001238,553000.0
V001239,C009212,Volkswagen,Polo,2015,REG-V-001239,614000.0
V001240,C005129,Volkswagen,Taigun,2014,REG-V-001240,376000.0
V001241,C002361,Kia,Seltos,2013,REG-V-001241,408000.0
V001242,C006445,Tata,Tiago,2023,REG-V-001242,869000.0
V001243,C000912,Honda,Amaze,2024,REG-V-001243,1388000.0
V001244,C004371,Toyota,Innova,2025,REG-V-001244,2224000.0
V001245,C008697,Maruti Suzuki,Baleno,2020,REG-V-001245,736000.0
V001246,C007747,Volkswagen,Virtus,2022,REG-V-001246,1449000.0
V001247,C007084,Hyundai,Venue,2016,REG-V-001247,457000.0
V001248,C004745,Toyota,Innova,2020,REG-V-001248,2242000.0
V001249,C004481,Mahindra,Scorpio,2012,REG-V-001249,830000.0
V001250,C000115,Toyota,Fortuner,2014,REG-V-001250,975000.0
V001251,C006039,Tata,Altroz,2020,REG-V-001251,606000.0
V001252,C005816,Maruti Suzuki,Brezza,2012,REG-V-001252,176000.0
V001253,C000056,Mahindra,Scorpio,2019,REG-V-001253,1001000.0
V001254,C001374,Mahindra,Bolero,2020,REG-V-001254,847000.0
V001255,C000127,Toyota,Glanza,2015,REG-V-001255,1200000.0
V001256,C002550,Tata,Altroz,2013,REG-V-001256,554000.0
V001257,C000039,Mahindra,Bolero,2017,REG-V-001257,843000.0
V001258,C004193,Volkswagen,Virtus,2024,REG-V-001258,1241000.0
V001259,C004800,Volkswagen,Polo,2021,REG-V-001259,812000.0
V001260,C004406,Mahindra,XUV300,2023,REG-V-001260,1283000.0
V001261,C002004,Volkswagen,Taigun,2015,REG-V-001261,610000.0
V001262,C005274,Honda,City,2022,REG-V-001262,1221000.0
V001263,C008187,Mahindra,Bolero,2022,REG-V-001263,1569000.0
V001264,C002897,Mahindra,Bolero,2023,REG-V-001264,1227000.0
V001265,C003107,Tata,Nexon,2020,REG-V-001265,836000.0
V001266,C005464,Mahindra,Scorpio,2024,REG-V-001266,2433000.0
V001267,C002360,Kia,Carens,2019,REG-V-001267,1156000.0
V001268,C003372,Toyota,Innova,2016,REG-V-001268,557000.0
V001269,C004548,Maruti Suzuki,Ertiga,2021,REG-V-001269,366000.0
V001270,C003873,Kia,Seltos,2024,REG-V-001270,1821000.0
V001271,C008230,Maruti Suzuki,Baleno,2021,REG-V-001271,744000.0
V001272,C008535,Maruti Suzuki,Swift,2012,REG-V-001272,224000.0
V001273,C004046,Hyundai,Venue,2020,REG-V-001273,940000.0
V001274,C004490,Kia,Carens,2021,REG-V-001274,1434000.0
V001275,C009574,Maruti Suzuki,Ertiga,2013,REG-V-001275,210000.0
V001276,C005077,Mahindra,XUV700,2018,REG-V-001276,984000.0
V001277,C009935,Honda,City,2018,REG-V-001277,631000.0
V001278,C007700,Honda,City,2013,REG-V-001278,506000.0
V001279,C002655,Kia,Seltos,2017,REG-V-001279,971000.0
V001280,C002310,Hyundai,i20,2023,REG-V-001280,1081000.0
V001281,C001586,Volkswagen,Polo,2016,REG-V-001281,790000.0
V001282,C008115,Mahindra,XUV300,2015,REG-V-001282,455000.0
V001283,C003052,Honda,Amaze,2023,REG-V-001283,880000.0
V001284,C006807,Honda,Civic,2014,REG-V-001284,490000.0
V001285,C005438,Maruti Suzuki,Dzire,2024,REG-V-001285,969000.0
V001286,C008308,Toyota,Innova,2012,REG-V-001286,1136000.0
V001287,C007568,Hyundai,Creta,2017,REG-V-001287,688000.0
V001288,C000662,Kia,Seltos,2020,REG-V-001288,1153000.0
V001289,C003380,Volkswagen,Virtus,2022,REG-V-001289,825000.0
V001290,C005239,Mahindra,XUV300,2017,REG-V-001290,1262000.0
V001291,C008095,Mahindra,Bolero,2015,REG-V-001291,1077000.0
V001292,C007187,Hyundai,Verna,2025,REG-V-001292,1098000.0
V001293,C005535,Hyundai,Venue,2024,REG-V-001293,1036000.0
V001294,C008137,Tata,Harrier,2025,REG-V-001294,856000.0
V001295,C004379,Tata,Punch,2016,REG-V-001295,478000.0
V001296,C000576,Volkswagen,Polo,2025,REG-V-001296,1247000.0
V001297,C008752,Mahindra,XUV700,2016,REG-V-001297,608000.0
V001298,C005306,Volkswagen,Polo,2021,REG-V-001298,694000.0
V001299,C008138,Honda,Civic,2024,REG-V-001299,1513000.0
V001300,C003936,Hyundai,Verna,2025,REG-V-001300,700000.0
V001301,C005932,Mahindra,Scorpio,2022,REG-V-001301,2179000.0
V001302,C003290,Mahindra,XUV300,2017,REG-V-001302,1409000.0
V001303,C004114,Volkswagen,Taigun,2012,REG-V-001303,475000.0
V001304,C001463,Mahindra,XUV300,2019,REG-V-001304,1395000.0
V001305,C007479,Toyota,Glanza,2015,REG-V-001305,1046000.0
V001306,C002799,Tata,Punch,2023,REG-V-001306,977000.0
V001307,C003004,Tata,Harrier,2019,REG-V-001307,487000.0
V001308,C003543,Tata,Altroz,2012,REG-V-001308,381000.0
V001309,C004348,Honda,Amaze,2025,REG-V-001309,930000.0
V001310,C005807,Kia,Carens,2016,REG-V-001310,878000.0
V001311,C006866,Mahindra,XUV700,2015,REG-V-001311,830000.0
V001312,C006806,Volkswagen,Virtus,2025,REG-V-001312,1679000.0
V001313,C004255,Volkswagen,Taigun,2024,REG-V-001313,1087000.0
V001314,C004852,Mahindra,XUV700,2023,REG-V-001314,1110000.0
V001315,C001405,Mahindra,Bolero,2015,REG-V-001315,955000.0
V001316,C005254,Tata,Nexon,2022,REG-V-001316,1277000.0
V001317,C008821,Maruti Suzuki,Baleno,2017,REG-V-001317,497000.0
V001318,C004635,Volkswagen,Polo,2017,REG-V-001318,532000.0
V001319,C009407,Maruti Suzuki,Baleno,2023,REG-V-001319,726000.0
V001320,C001551,Maruti Suzuki,Baleno,2013,REG-V-001320,265000.0
V001321,C007427,Maruti Suzuki,Ertiga,2023,REG-V-001321,859000.0
V001322,C007126,Honda,Amaze,2015,REG-V-001322,562000.0
V001323,C006855,Volkswagen,Taigun,2023,REG-V-001323,1225000.0
V001324,C006676,Tata,Altroz,2025,REG-V-001324,1133000.0
V001325,C000235,Volkswagen,Taigun,2015,REG-V-001325,477000.0
V001326,C007482,Volkswagen,Polo,2023,REG-V-001326,1407000.0
V001327,C005046,Honda,Civic,2013,REG-V-001327,592000.0
V001328,C005278,Toyota,Glanza,2016,REG-V-001328,1249000.0
V001329,C000523,Maruti Suzuki,Ertiga,2019,REG-V-001329,400000.0
V001330,C001892,Volkswagen,Polo,2013,REG-V-001330,725000.0
V001331,C009155,Mahindra,Bolero,2012,REG-V-001331,661000.0
V001332,C003142,Maruti Suzuki,Dzire,2025,REG-V-001332,1031000.0
V001333,C003953,Tata,Punch,2016,REG-V-001333,518000.0
V001334,C001901,Kia,Seltos,2017,REG-V-001334,952000.0
V001335,C006363,Kia,Seltos,2025,REG-V-001335,1153000.0
V001336,C007468,Honda,Civic,2013,REG-V-001336,448000.0
V001337,C009248,Hyundai,i10,2016,REG-V-001337,592000.0
V001338,C005660,Honda,City,2015,REG-V-001338,697000.0
V001339,C002752,Maruti Suzuki,Ertiga,2022,REG-V-001339,543000.0
V001340,C000732,Volkswagen,Polo,2019,REG-V-001340,694000.0
V001341,C002670,Maruti Suzuki,Swift,2014,REG-V-001341,344000.0
V001342,C006232,Toyota,Fortuner,2014,REG-V-001342,1060000.0
V001343,C009745,Kia,Carens,2021,REG-V-001343,1375000.0
V001344,C000802,Honda,Civic,2020,REG-V-001344,1237000.0
V001345,C003891,Toyota,Glanza,2014,REG-V-001345,749000.0
V001346,C006718,Volkswagen,Taigun,2023,REG-V-001346,1746000.0
V001347,C005788,Toyota,Innova,2013,REG-V-001347,1205000.0
V001348,C006553,Toyota,Fortuner,2017,REG-V-001348,1273000.0
V001349,C004669,Tata,Altroz,2013,REG-V-001349,294000.0
V001350,C002678,Kia,Carens,2017,REG-V-001350,713000.0
V001351,C004863,Volkswagen,Polo,2018,REG-V-001351,1004000.0
V001352,C003822,Maruti Suzuki,Dzire,2023,REG-V-001352,894000.0
V001353,C007142,Volkswagen,Taigun,2018,REG-V-001353,560000.0
V001354,C001715,Volkswagen,Polo,2017,REG-V-001354,504000.0
V001355,C005007,Toyota,Glanza,2021,REG-V-001355,939000.0
V001356,C009591,Volkswagen,Taigun,2019,REG-V-001356,947000.0
V001357,C005363,Honda,City,2019,REG-V-001357,796000.0
V001358,C002398,Kia,Carens,2017,REG-V-001358,1086000.0
V001359,C009392,Hyundai,Creta,2018,REG-V-001359,780000.0
V001360,C002461,Honda,Amaze,2018,REG-V-001360,842000.0
V001361,C007574,Mahindra,Scorpio,2019,REG-V-001361,744000.0
V001362,C001096,Tata,Nexon,2023,REG-V-001362,777000.0
V001363,C008563,Honda,Civic,2019,REG-V-001363,1096000.0
V001364,C001803,Maruti Suzuki,Baleno,2025,REG-V-001364,506000.0
V001365,C003958,Volkswagen,Virtus,2015,REG-V-001365,647000.0
V001366,C009654,Kia,Carens,2024,REG-V-001366,954000.0
V001367,C005837,Kia,Carens,2016,REG-V-001367,606000.0
V001368,C002652,Toyota,Fortuner,2019,REG-V-001368,1281000.0
V001369,C000009,Hyundai,Venue,2013,REG-V-001369,511000.0
V001370,C000064,Hyundai,i20,2017,REG-V-001370,566000.0
V001371,C002744,Toyota,Glanza,2024,REG-V-001371,2892000.0
V001372,C005312,Volkswagen,Polo,2012,REG-V-001372,696000.0
V001373,C004887,Hyundai,i20,2024,REG-V-001373,1346000.0
V001374,C009252,Honda,Amaze,2013,REG-V-001374,362000.0
V001375,C007707,Mahindra,Bolero,2018,REG-V-001375,919000.0
V001376,C009283,Honda,Civic,2023,REG-V-001376,1499000.0
V001377,C005148,Toyota,Glanza,2021,REG-V-001377,2145000.0
V001378,C004480,Maruti Suzuki,Dzire,2024,REG-V-001378,573000.0
V001379,C005711,Kia,Sonet,2025,REG-V-001379,1016000.0
V001380,C003732,Maruti Suzuki,Brezza,2013,REG-V-001380,324000.0
V001381,C002115,Volkswagen,Virtus,2012,REG-V-001381,565000.0
V001382,C008403,Maruti Suzuki,Dzire,2012,REG-V-001382,217000.0
V001383,C006847,Honda,Civic,2023,REG-V-001383,1404000.0
V001384,C003238,Honda,Civic,2016,REG-V-001384,455000.0
V001385,C004478,Hyundai,i10,2015,REG-V-001385,401000.0
V001386,C002279,Hyundai,Creta,2021,REG-V-001386,894000.0
V001387,C005669,Volkswagen,Taigun,2015,REG-V-001387,425000.0
V001388,C003587,Volkswagen,Polo,2015,REG-V-001388,658000.0
V001389,C008804,Kia,Seltos,2019,REG-V-001389,852000.0
V001390,C005327,Toyota,Innova,2024,REG-V-001390,3192000.0
V001391,C004132,Honda,City,2018,REG-V-001391,1059000.0
V001392,C007556,Maruti Suzuki,Baleno,2014,REG-V-001392,211000.0
V001393,C009099,Honda,City,2021,REG-V-001393,760000.0
V001394,C008221,Tata,Harrier,2016,REG-V-001394,282000.0
V001395,C004994,Mahindra,XUV300,2021,REG-V-001395,1779000.0
V001396,C003569,Tata,Harrier,2021,REG-V-001396,853000.0
V001397,C006668,Hyundai,i10,2016,REG-V-001397,387000.0
V001398,C008216,Honda,Amaze,2020,REG-V-001398,697000.0
V001399,C009787,Kia,Seltos,2024,REG-V-001399,1833000.0
V001400,C004597,Volkswagen,Polo,2018,REG-V-001400,825000.0
V001401,C006730,Toyota,Fortuner,2013,REG-V-001401,650000.0
V001402,C002918,Maruti Suzuki,Dzire,2020,REG-V-001402,464000.0
V001403,C000887,Toyota,Innova,2023,REG-V-001403,2232000.0
V001404,C002550,Mahindra,XUV300,2016,REG-V-001404,1206000.0
V001405,C000149,Kia,Carens,2018,REG-V-001405,656000.0
V001406,C005128,Toyota,Innova,2021,REG-V-001406,2166000.0
V001407,C003744,Toyota,Fortuner,2019,REG-V-001407,997000.0
V001408,C006826,Mahindra,Bolero,2016,REG-V-001408,1167000.0
V001409,C006204,Honda,City,2012,REG-V-001409,629000.0
V001410,C001678,Toyota,Glanza,2012,REG-V-001410,1300000.0
V001411,C006784,Mahindra,XUV300,2025,REG-V-001411,2124000.0
V001412,C001882,Mahindra,Bolero,2024,REG-V-001412,1090000.0
V001413,C000061,Volkswagen,Taigun,2022,REG-V-001413,1522000.0
V001414,C009698,Tata,Nexon,2019,REG-V-001414,934000.0
V001415,C000287,Hyundai,i20,2019,REG-V-001415,894000.0
V001416,C003411,Hyundai,i10,2017,REG-V-001416,593000.0
V001417,C006428,Maruti Suzuki,Ertiga,2024,REG-V-001417,607000.0
V001418,C003711,Hyundai,i10,2016,REG-V-001418,686000.0
V001419,C003819,Honda,City,2024,REG-V-001419,1655000.0
V001420,C007282,Tata,Tiago,2023,REG-V-001420,1173000.0
V001421,C006061,Tata,Harrier,2016,REG-V-001421,781000.0
V001422,C005221,Kia,Seltos,2024,REG-V-001422,1540000.0
V001423,C008922,Hyundai,Verna,2022,REG-V-001423,1114000.0
V001424,C001084,Kia,Seltos,2022,REG-V-001424,884000.0
V001425,C004737,Volkswagen,Taigun,2014,REG-V-001425,399000.0
V001426,C002413,Honda,Amaze,2013,REG-V-001426,399000.0
V001427,C000375,Mahindra,Bolero,2016,REG-V-001427,974000.0
V001428,C009789,Hyundai,i10,2025,REG-V-001428,699000.0
V001429,C007396,Volkswagen,Polo,2021,REG-V-001429,1352000.0
V001430,C002182,Hyundai,Verna,2015,REG-V-001430,345000.0
V001431,C004042,Volkswagen,Polo,2023,REG-V-001431,1473000.0
V001432,C002284,Hyundai,i10,2021,REG-V-001432,711000.0
V001433,C006886,Mahindra,Scorpio,2014,REG-V-001433,963000.0
V001434,C003507,Mahindra,XUV700,2022,REG-V-001434,1892000.0
V001435,C009236,Mahindra,XUV300,2016,REG-V-001435,464000.0
V001436,C002086,Honda,Civic,2022,REG-V-001436,796000.0
V001437,C003500,Toyota,Fortuner,2013,REG-V-001437,928000.0
V001438,C009353,Mahindra,XUV700,2017,REG-V-001438,948000.0
V001439,C008901,Toyota,Innova,2023,REG-V-001439,1898000.0
V001440,C002918,Maruti Suzuki,Brezza,2012,REG-V-001440,381000.0
V001441,C004864,Volkswagen,Virtus,2017,REG-V-001441,1031000.0
V001442,C008895,Volkswagen,Polo,2018,REG-V-001442,786000.0
V001443,C006751,Kia,Carens,2020,REG-V-001443,1027000.0
V001444,C006428,Maruti Suzuki,Ertiga,2015,REG-V-001444,376000.0
V001445,C006652,Toyota,Glanza,2015,REG-V-001445,892000.0
V001446,C009247,Toyota,Fortuner,2019,REG-V-001446,1656000.0
V001447,C005207,Volkswagen,Virtus,2019,REG-V-001447,737000.0
V001448,C001817,Volkswagen,Polo,2014,REG-V-001448,395000.0
V001449,C004765,Mahindra,Bolero,2021,REG-V-001449,1103000.0
V001450,C007342,Volkswagen,Polo,2017,REG-V-001450,1041000.0
V001451,C004961,Hyundai,i20,2022,REG-V-001451,1219000.0
V001452,C003112,Volkswagen,Polo,2023,REG-V-001452,1089000.0
V001453,C006708,Maruti Suzuki,Ertiga,2017,REG-V-001453,289000.0
V001454,C004523,Tata,Nexon,2013,REG-V-001454,214000.0
V001455,C009631,Honda,Civic,2013,REG-V-001455,427000.0
V001456,C003525,Mahindra,Scorpio,2020,REG-V-001456,1391000.0
V001457,C007227,Maruti Suzuki,Swift,2020,REG-V-001457,555000.0
V001458,C005586,Tata,Punch,2023,REG-V-001458,631000.0
V001459,C000790,Kia,Carens,2020,REG-V-001459,1029000.0
V001460,C004737,Toyota,Innova,2014,REG-V-001460,920000.0
V001461,C000307,Hyundai,Creta,2021,REG-V-001461,1082000.0
V001462,C007962,Hyundai,Venue,2018,REG-V-001462,432000.0
V001463,C007402,Mahindra,Scorpio,2015,REG-V-001463,1060000.0
V001464,C000520,Hyundai,Creta,2015,REG-V-001464,457000.0
V001465,C005046,Kia,Carens,2023,REG-V-001465,1226000.0
V001466,C009619,Hyundai,i10,2021,REG-V-001466,1083000.0
V001467,C002837,Mahindra,Bolero,2019,REG-V-001467,929000.0
V001468,C009090,Maruti Suzuki,Swift,2016,REG-V-001468,330000.0
V001469,C001501,Tata,Tiago,2024,REG-V-001469,857000.0
V001470,C000064,Maruti Suzuki,Brezza,2018,REG-V-001470,309000.0
V001471,C005351,Mahindra,Scorpio,2024,REG-V-001471,2218000.0
V001472,C002415,Maruti Suzuki,Baleno,2015,REG-V-001472,321000.0
V001473,C008848,Maruti Suzuki,Ertiga,2023,REG-V-001473,594000.0
V001474,C006785,Tata,Altroz,2019,REG-V-001474,963000.0
V001475,C006905,Volkswagen,Virtus,2022,REG-V-001475,1260000.0
V001476,C006776,Honda,Civic,2017,REG-V-001476,821000.0
V001477,C006833,Kia,Seltos,2012,REG-V-001477,735000.0
V001478,C007534,Honda,Civic,2020,REG-V-001478,929000.0
V001479,C006748,Maruti Suzuki,Ertiga,2018,REG-V-001479,437000.0
V001480,C008379,Honda,Civic,2014,REG-V-001480,358000.0
V001481,C005619,Toyota,Innova,2023,REG-V-001481,2018000.0
V001482,C003508,Mahindra,Scorpio,2025,REG-V-001482,1168000.0
V001483,C004705,Tata,Punch,2018,REG-V-001483,373000.0
V001484,C004430,Mahindra,Scorpio,2019,REG-V-001484,698000.0
V001485,C003305,Mahindra,XUV700,2016,REG-V-001485,892000.0
V001486,C004175,Toyota,Innova,2014,REG-V-001486,667000.0
V001487,C003857,Honda,City,2019,REG-V-001487,1147000.0
V001488,C001109,Hyundai,Creta,2021,REG-V-001488,580000.0
V001489,C008352,Kia,Sonet,2016,REG-V-001489,542000.0
V001490,C007633,Hyundai,Verna,2025,REG-V-001490,778000.0
V001491,C003367,Mahindra,XUV300,2016,REG-V-001491,1041000.0
V001492,C009467,Kia,Carens,2018,REG-V-001492,692000.0
V001493,C009505,Kia,Carens,2023,REG-V-001493,1322000.0
V001494,C008610,Kia,Sonet,2012,REG-V-001494,403000.0
V001495,C000309,Honda,City,2023,REG-V-001495,1176000.0
V001496,C003721,Hyundai,i20,2023,REG-V-001496,1075000.0
V001497,C004599,Hyundai,Verna,2015,REG-V-001497,504000.0
V001498,C007242,Mahindra,XUV300,2018,REG-V-001498,1372000.0
V001499,C006397,Tata,Punch,2021,REG-V-001499,536000.0
V001500,C006826,Volkswagen,Polo,2020,REG-V-001500,1005000.0
V001501,C007742,Tata,Harrier,2022,REG-V-001501,508000.0
V001502,C009496,Honda,Amaze,2022,REG-V-001502,977000.0
V001503,C005552,Tata,Harrier,2023,REG-V-001503,1079000.0
V001504,C009089,Kia,Carens,2023,REG-V-001504,900000.0
V001505,C008195,Honda,City,2021,REG-V-001505,1295000.0
V001506,C003375,Hyundai,i20,2022,REG-V-001506,1132000.0
V001507,C008183,Honda,Amaze,2022,REG-V-001507,996000.0
V001508,C001170,Hyundai,Creta,2019,REG-V-001508,441000.0
V001509,C001582,Maruti Suzuki,Ertiga,2019,REG-V-001509,428000.0
V001510,C009931,Kia,Sonet,2021,REG-V-001510,1108000.0
V001511,C004314,Volkswagen,Polo,2024,REG-V-001511,1365000.0
V001512,C004637,Tata,Punch,2022,REG-V-001512,844000.0
V001513,C009521,Kia,Seltos,2016,REG-V-001513,823000.0
V001514,C003627,Maruti Suzuki,Ertiga,2017,REG-V-001514,449000.0
V001515,C002395,Toyota,Innova,2023,REG-V-001515,1750000.0
V001516,C000792,Kia,Sonet,2012,REG-V-001516,547000.0
V001517,C005263,Kia,Carens,2025,REG-V-001517,2043000.0
V001518,C002006,Volkswagen,Polo,2018,REG-V-001518,915000.0
V001519,C000676,Volkswagen,Virtus,2021,REG-V-001519,752000.0
V001520,C008178,Toyota,Fortuner,2021,REG-V-001520,2690000.0
V001521,C003269,Toyota,Innova,2020,REG-V-001521,938000.0
V001522,C005837,Tata,Tiago,2017,REG-V-001522,595000.0
V001523,C001055,Volkswagen,Virtus,2013,REG-V-001523,652000.0
V001524,C005096,Honda,Civic,2014,REG-V-001524,580000.0
V001525,C006359,Mahindra,XUV300,2019,REG-V-001525,922000.0
V001526,C004520,Toyota,Fortuner,2025,REG-V-001526,2028000.0
V001527,C003367,Toyota,Innova,2021,REG-V-001527,2551000.0
V001528,C003097,Hyundai,i10,2014,REG-V-001528,386000.0
V001529,C001094,Honda,Civic,2025,REG-V-001529,1468000.0
V001530,C001148,Toyota,Fortuner,2016,REG-V-001530,1315000.0
V001531,C005004,Toyota,Innova,2015,REG-V-001531,601000.0
V001532,C001392,Tata,Punch,2018,REG-V-001532,434000.0
V001533,C002256,Toyota,Fortuner,2022,REG-V-001533,1776000.0
V001534,C001645,Hyundai,Creta,2013,REG-V-001534,384000.0
V001535,C008085,Maruti Suzuki,Brezza,2021,REG-V-001535,670000.0
V001536,C004517,Tata,Nexon,2017,REG-V-001536,445000.0
V001537,C005566,Kia,Seltos,2015,REG-V-001537,737000.0
V001538,C005878,Tata,Harrier,2014,REG-V-001538,621000.0
V001539,C003978,Toyota,Glanza,2023,REG-V-001539,3169000.0
V001540,C002972,Honda,Amaze,2015,REG-V-001540,657000.0
V001541,C003830,Honda,City,2021,REG-V-001541,692000.0
V001542,C005389,Toyota,Glanza,2023,REG-V-001542,1797000.0
V001543,C003588,Mahindra,Bolero,2015,REG-V-001543,378000.0
V001544,C001370,Volkswagen,Polo,2025,REG-V-001544,1446000.0
V001545,C009176,Honda,Civic,2023,REG-V-001545,1433000.0
V001546,C007382,Honda,Civic,2024,REG-V-001546,1141000.0
V001547,C000690,Toyota,Glanza,2016,REG-V-001547,1426000.0
V001548,C009106,Volkswagen,Virtus,2025,REG-V-001548,1686000.0
V001549,C001705,Kia,Seltos,2016,REG-V-001549,795000.0
V001550,C000988,Kia,Sonet,2012,REG-V-001550,393000.0
V001551,C001730,Maruti Suzuki,Baleno,2016,REG-V-001551,440000.0
V001552,C009366,Mahindra,XUV700,2023,REG-V-001552,858000.0
V001553,C002235,Maruti Suzuki,Swift,2017,REG-V-001553,459000.0
V001554,C007940,Tata,Tiago,2023,REG-V-001554,1372000.0
V001555,C006475,Honda,City,2013,REG-V-001555,539000.0
V001556,C005217,Kia,Sonet,2024,REG-V-001556,1695000.0
V001557,C003664,Honda,Amaze,2014,REG-V-001557,423000.0
V001558,C000933,Kia,Seltos,2023,REG-V-001558,1599000.0
V001559,C007157,Maruti Suzuki,Brezza,2017,REG-V-001559,510000.0
V001560,C003962,Hyundai,i10,2014,REG-V-001560,488000.0
V001561,C005390,Volkswagen,Taigun,2019,REG-V-001561,1015000.0
V001562,C000532,Maruti Suzuki,Swift,2021,REG-V-001562,717000.0
V001563,C007831,Tata,Nexon,2016,REG-V-001563,807000.0
V001564,C006956,Volkswagen,Polo,2021,REG-V-001564,1027000.0
V001565,C005340,Honda,Amaze,2021,REG-V-001565,1198000.0
V001566,C005010,Maruti Suzuki,Baleno,2012,REG-V-001566,243000.0
V001567,C003360,Kia,Seltos,2016,REG-V-001567,753000.0
V001568,C003417,Mahindra,XUV700,2021,REG-V-001568,741000.0
V001569,C000710,Mahindra,Scorpio,2012,REG-V-001569,716000.0
V001570,C006903,Honda,Civic,2013,REG-V-001570,542000.0
V001571,C000464,Volkswagen,Virtus,2014,REG-V-001571,504000.0
V001572,C000016,Volkswagen,Virtus,2013,REG-V-001572,358000.0
V001573,C000322,Kia,Seltos,2020,REG-V-001573,1297000.0
V001574,C002041,Hyundai,i20,2022,REG-V-001574,600000.0
V001575,C005751,Tata,Tiago,2018,REG-V-001575,864000.0
V001576,C006854,Maruti Suzuki,Dzire,2013,REG-V-001576,254000.0
V001577,C004225,Honda,Civic,2021,REG-V-001577,735000.0
V001578,C004105,Tata,Nexon,2023,REG-V-001578,1193000.0
V001579,C005814,Honda,Civic,2016,REG-V-001579,438000.0
V001580,C006004,Mahindra,XUV300,2020,REG-V-001580,1650000.0
V001581,C008493,Honda,City,2021,REG-V-001581,1144000.0
V001582,C008240,Hyundai,i20,2023,REG-V-001582,850000.0
V001583,C008284,Maruti Suzuki,Ertiga,2014,REG-V-001583,268000.0
V001584,C008483,Hyundai,i10,2022,REG-V-001584,686000.0
V001585,C008853,Mahindra,Scorpio,2018,REG-V-001585,872000.0
V001586,C005589,Mahindra,Scorpio,2024,REG-V-001586,2419000.0
V001587,C005990,Toyota,Fortuner,2022,REG-V-001587,2775000.0
V001588,C007329,Kia,Sonet,2021,REG-V-001588,1381000.0
V001589,C002000,Volkswagen,Polo,2023,REG-V-001589,1027000.0
V001590,C003610,Kia,Sonet,2012,REG-V-001590,583000.0
V001591,C009167,Volkswagen,Polo,2023,REG-V-001591,1362000.0
V001592,C005264,Maruti Suzuki,Baleno,2013,REG-V-001592,361000.0
V001593,C000532,Maruti Suzuki,Brezza,2012,REG-V-001593,235000.0
V001594,C004073,Mahindra,XUV700,2019,REG-V-001594,590000.0
V001595,C001601,Kia,Sonet,2025,REG-V-001595,1409000.0
V001596,C003565,Tata,Altroz,2014,REG-V-001596,624000.0
V001597,C005489,Kia,Seltos,2012,REG-V-001597,431000.0
V001598,C005093,Honda,City,2019,REG-V-001598,1110000.0
V001599,C004943,Maruti Suzuki,Swift,2019,REG-V-001599,335000.0
V001600,C000192,Hyundai,i10,2020,REG-V-001600,832000.0
V001601,C004467,Toyota,Glanza,2022,REG-V-001601,1143000.0
V001602,C000305,Kia,Carens,2024,REG-V-001602,1761000.0
V001603,C004066,Toyota,Fortuner,2021,REG-V-001603,2275000.0
V001604,C006513,Tata,Harrier,2020,REG-V-001604,686000.0
V001605,C001259,Volkswagen,Polo,2023,REG-V-001605,1329000.0
V001606,C009205,Toyota,Fortuner,2014,REG-V-001606,1245000.0
V001607,C006343,Honda,City,2013,REG-V-001607,445000.0
V001608,C002199,Tata,Harrier,2021,REG-V-001608,506000.0
V001609,C003956,Honda,Civic,2021,REG-V-001609,785000.0
V001610,C000977,Honda,City,2013,REG-V-001610,459000.0
V001611,C000234,Tata,Harrier,2019,REG-V-001611,725000.0
V001612,C009196,Hyundai,Venue,2019,REG-V-001612,973000.0
V001613,C006799,Hyundai,Verna,2014,REG-V-001613,395000.0
V001614,C007870,Maruti Suzuki,Dzire,2012,REG-V-001614,282000.0
V001615,C006267,Maruti Suzuki,Baleno,2013,REG-V-001615,279000.0
V001616,C009120,Volkswagen,Polo,2023,REG-V-001616,1337000.0
V001617,C009011,Mahindra,Scorpio,2025,REG-V-001617,1179000.0
V001618,C000603,Hyundai,Creta,2023,REG-V-001618,1248000.0
V001619,C001902,Volkswagen,Polo,2023,REG-V-001619,1040000.0
V001620,C003974,Honda,City,2018,REG-V-001620,991000.0
V001621,C003403,Honda,City,2018,REG-V-001621,893000.0
V001622,C005293,Tata,Tiago,2016,REG-V-001622,314000.0
V001623,C002673,Hyundai,Creta,2017,REG-V-001623,801000.0
V001624,C008036,Mahindra,XUV300,2024,REG-V-001624,1751000.0
V001625,C000072,Toyota,Glanza,2023,REG-V-001625,2074000.0
V001626,C007975,Toyota,Innova,2014,REG-V-001626,686000.0
V001627,C003951,Hyundai,Venue,2015,REG-V-001627,493000.0
V001628,C000055,Volkswagen,Taigun,2025,REG-V-001628,1144000.0
V001629,C008516,Toyota,Innova,2015,REG-V-001629,813000.0
V001630,C004480,Volkswagen,Polo,2019,REG-V-001630,606000.0
V001631,C007303,Hyundai,i10,2015,REG-V-001631,599000.0
V001632,C008837,Maruti Suzuki,Brezza,2014,REG-V-001632,214000.0
V001633,C000350,Honda,Civic,2022,REG-V-001633,902000.0
V001634,C002635,Honda,Civic,2020,REG-V-001634,773000.0
V001635,C001186,Volkswagen,Polo,2021,REG-V-001635,1122000.0
V001636,C000993,Maruti Suzuki,Dzire,2013,REG-V-001636,351000.0
V001637,C009471,Hyundai,Verna,2014,REG-V-001637,413000.0
V001638,C008112,Tata,Harrier,2020,REG-V-001638,938000.0
V001639,C003655,Hyundai,Venue,2013,REG-V-001639,298000.0
V001640,C006908,Mahindra,XUV300,2018,REG-V-001640,604000.0
V001641,C009230,Tata,Tiago,2013,REG-V-001641,469000.0
V001642,C002229,Honda,Amaze,2018,REG-V-001642,519000.0
V001643,C000143,Honda,City,2016,REG-V-001643,709000.0
V001644,C008288,Tata,Punch,2020,REG-V-001644,553000.0
V001645,C007282,Toyota,Fortuner,2024,REG-V-001645,2384000.0
V001646,C001595,Tata,Punch,2016,REG-V-001646,754000.0
V001647,C004934,Tata,Harrier,2013,REG-V-001647,505000.0
V001648,C001597,Honda,Amaze,2022,REG-V-001648,1043000.0
V001649,C006068,Maruti Suzuki,Swift,2019,REG-V-001649,428000.0
V001650,C006515,Maruti Suzuki,Dzire,2022,REG-V-001650,696000.0
V001651,C002765,Volkswagen,Polo,2021,REG-V-001651,1212000.0
V001652,C007882,Maruti Suzuki,Baleno,2019,REG-V-001652,593000.0
V001653,C004774,Tata,Altroz,2024,REG-V-001653,1317000.0
V001654,C007113,Hyundai,Verna,2018,REG-V-001654,682000.0
V001655,C006448,Honda,Amaze,2024,REG-V-001655,976000.0
V001656,C004529,Kia,Sonet,2014,REG-V-001656,423000.0
V001657,C002913,Hyundai,Verna,2019,REG-V-001657,580000.0
V001658,C002052,Mahindra,XUV700,2014,REG-V-001658,334000.0
V001659,C007524,Toyota,Glanza,2016,REG-V-001659,1362000.0
V001660,C006467,Toyota,Glanza,2021,REG-V-001660,2462000.0
V001661,C002802,Maruti Suzuki,Dzire,2012,REG-V-001661,267000.0
V001662,C009666,Kia,Seltos,2021,REG-V-001662,1172000.0
V001663,C008155,Volkswagen,Taigun,2017,REG-V-001663,873000.0
V001664,C001268,Tata,Tiago,2020,REG-V-001664,1205000.0
V001665,C001622,Hyundai,i20,2013,REG-V-001665,318000.0
V001666,C005477,Toyota,Glanza,2024,REG-V-001666,2906000.0
V001667,C001038,Tata,Altroz,2019,REG-V-001667,872000.0
V001668,C009644,Honda,Civic,2019,REG-V-001668,730000.0
V001669,C006432,Honda,Civic,2022,REG-V-001669,903000.0
V001670,C000688,Toyota,Fortuner,2021,REG-V-001670,905000.0
V001671,C004453,Toyota,Glanza,2025,REG-V-001671,2693000.0
V001672,C002243,Honda,City,2014,REG-V-001672,566000.0
V001673,C004943,Maruti Suzuki,Ertiga,2020,REG-V-001673,523000.0
V001674,C002492,Mahindra,Scorpio,2020,REG-V-001674,1302000.0
V001675,C008360,Kia,Seltos,2013,REG-V-001675,503000.0
V001676,C007266,Maruti Suzuki,Ertiga,2023,REG-V-001676,579000.0
V001677,C009117,Maruti Suzuki,Ertiga,2012,REG-V-001677,249000.0
V001678,C001991,Mahindra,XUV700,2012,REG-V-001678,602000.0
V001679,C003861,Tata,Punch,2013,REG-V-001679,554000.0
V001680,C008112,Hyundai,Verna,2025,REG-V-001680,765000.0
V001681,C003748,Mahindra,XUV700,2022,REG-V-001681,2111000.0
V001682,C003801,Mahindra,Bolero,2025,REG-V-001682,2523000.0
V001683,C009864,Maruti Suzuki,Dzire,2022,REG-V-001683,561000.0
V001684,C007776,Volkswagen,Virtus,2013,REG-V-001684,611000.0
V001685,C008641,Tata,Harrier,2014,REG-V-001685,471000.0
V001686,C004085,Kia,Carens,2023,REG-V-001686,1125000.0
V001687,C005901,Toyota,Innova,2022,REG-V-001687,1945000.0
V001688,C004527,Kia,Sonet,2014,REG-V-001688,486000.0
V001689,C004524,Hyundai,i10,2015,REG-V-001689,547000.0
V001690,C001277,Volkswagen,Polo,2022,REG-V-001690,1462000.0
V001691,C008458,Hyundai,Creta,2024,REG-V-001691,1099000.0
V001692,C003917,Toyota,Fortuner,2025,REG-V-001692,1172000.0
V001693,C005867,Tata,Tiago,2018,REG-V-001693,351000.0
V001694,C008613,Mahindra,XUV700,2019,REG-V-001694,635000.0
V001695,C007803,Volkswagen,Virtus,2016,REG-V-001695,822000.0
V001696,C001993,Honda,City,2020,REG-V-001696,1130000.0
V001697,C006234,Tata,Punch,2023,REG-V-001697,1369000.0
V001698,C005004,Kia,Seltos,2021,REG-V-001698,901000.0
V001699,C002612,Honda,Civic,2013,REG-V-001699,613000.0
V001700,C000425,Kia,Sonet,2012,REG-V-001700,691000.0
V001701,C006335,Kia,Seltos,2020,REG-V-001701,1216000.0
V001702,C007873,Toyota,Innova,2017,REG-V-001702,926000.0
V001703,C009435,Volkswagen,Virtus,2022,REG-V-001703,1278000.0
V001704,C003553,Tata,Punch,2013,REG-V-001704,381000.0
V001705,C004010,Maruti Suzuki,Dzire,2018,REG-V-001705,446000.0
V001706,C001626,Volkswagen,Taigun,2017,REG-V-001706,1054000.0
V001707,C009847,Tata,Tiago,2023,REG-V-001707,1047000.0
V001708,C008545,Mahindra,Bolero,2015,REG-V-001708,824000.0
V001709,C009582,Kia,Carens,2022,REG-V-001709,875000.0
V001710,C004998,Volkswagen,Polo,2015,REG-V-001710,775000.0
V001711,C002104,Mahindra,XUV300,2016,REG-V-001711,494000.0
V001712,C005773,Mahindra,Bolero,2021,REG-V-001712,1299000.0
V001713,C003732,Toyota,Fortuner,2016,REG-V-001713,912000.0
V001714,C003478,Tata,Nexon,2019,REG-V-001714,489000.0
V001715,C000837,Volkswagen,Virtus,2013,REG-V-001715,487000.0
V001716,C000757,Maruti Suzuki,Baleno,2025,REG-V-001716,891000.0
V001717,C003799,Hyundai,i20,2016,REG-V-001717,394000.0
V001718,C009295,Mahindra,Scorpio,2018,REG-V-001718,817000.0
V001719,C007284,Volkswagen,Taigun,2016,REG-V-001719,881000.0
V001720,C007673,Maruti Suzuki,Brezza,2021,REG-V-001720,520000.0
V001721,C002365,Honda,Civic,2015,REG-V-001721,631000.0
V001722,C007402,Honda,City,2023,REG-V-001722,991000.0
V001723,C004081,Volkswagen,Polo,2014,REG-V-001723,412000.0
V001724,C000617,Kia,Sonet,2025,REG-V-001724,1238000.0
V001725,C003963,Hyundai,Venue,2016,REG-V-001725,504000.0
V001726,C001315,Honda,City,2025,REG-V-001726,1082000.0
V001727,C008578,Tata,Altroz,2022,REG-V-001727,591000.0
V001728,C008441,Tata,Nexon,2016,REG-V-001728,568000.0
V001729,C002859,Honda,Amaze,2014,REG-V-001729,661000.0
V001730,C006163,Tata,Nexon,2017,REG-V-001730,807000.0
V001731,C003645,Tata,Nexon,2019,REG-V-001731,593000.0
V001732,C001534,Mahindra,Bolero,2019,REG-V-001732,1531000.0
V001733,C006533,Volkswagen,Taigun,2025,REG-V-001733,1681000.0
V001734,C007668,Tata,Harrier,2017,REG-V-001734,341000.0
V001735,C007820,Hyundai,Verna,2015,REG-V-001735,306000.0
V001736,C001484,Volkswagen,Virtus,2021,REG-V-001736,1383000.0
V001737,C005156,Mahindra,Bolero,2013,REG-V-001737,473000.0
V001738,C000254,Honda,Civic,2014,REG-V-001738,454000.0
V001739,C000910,Maruti Suzuki,Ertiga,2018,REG-V-001739,444000.0
V001740,C000818,Tata,Nexon,2020,REG-V-001740,571000.0
V001741,C000593,Toyota,Glanza,2017,REG-V-001741,1383000.0
V001742,C003320,Mahindra,XUV300,2018,REG-V-001742,892000.0
V001743,C003581,Tata,Harrier,2014,REG-V-001743,507000.0
V001744,C007019,Kia,Sonet,2022,REG-V-001744,914000.0
V001745,C003282,Tata,Altroz,2015,REG-V-001745,347000.0
V001746,C001405,Tata,Tiago,2013,REG-V-001746,559000.0
V001747,C009483,Volkswagen,Virtus,2021,REG-V-001747,1141000.0
V001748,C008803,Kia,Sonet,2024,REG-V-001748,1445000.0
V001749,C001242,Maruti Suzuki,Ertiga,2013,REG-V-001749,316000.0
V001750,C003637,Maruti Suzuki,Brezza,2020,REG-V-001750,432000.0
V001751,C001680,Maruti Suzuki,Swift,2013,REG-V-001751,188000.0
V001752,C009592,Tata,Punch,2020,REG-V-001752,841000.0
V001753,C003563,Honda,Civic,2018,REG-V-001753,913000.0
V001754,C000994,Toyota,Fortuner,2021,REG-V-001754,2189000.0
V001755,C007324,Tata,Punch,2023,REG-V-001755,621000.0
V001756,C007166,Honda,Amaze,2021,REG-V-001756,872000.0
V001757,C002431,Maruti Suzuki,Dzire,2016,REG-V-001757,409000.0
V001758,C003197,Volkswagen,Virtus,2015,REG-V-001758,599000.0
V001759,C004171,Maruti Suzuki,Ertiga,2014,REG-V-001759,342000.0
V001760,C002685,Kia,Seltos,2016,REG-V-001760,943000.0
V001761,C002875,Toyota,Innova,2012,REG-V-001761,451000.0
V001762,C008075,Tata,Punch,2016,REG-V-001762,494000.0
V001763,C007584,Maruti Suzuki,Baleno,2023,REG-V-001763,423000.0
V001764,C006958,Maruti Suzuki,Swift,2024,REG-V-001764,837000.0
V001765,C006903,Maruti Suzuki,Ertiga,2022,REG-V-001765,715000.0
V001766,C005257,Kia,Sonet,2012,REG-V-001766,736000.0
V001767,C003513,Toyota,Fortuner,2024,REG-V-001767,3120000.0
V001768,C007259,Honda,Civic,2014,REG-V-001768,424000.0
V001769,C001157,Hyundai,i10,2025,REG-V-001769,1019000.0
V001770,C001411,Toyota,Glanza,2025,REG-V-001770,3318000.0
V001771,C001265,Hyundai,i10,2017,REG-V-001771,737000.0
V001772,C007384,Hyundai,i20,2021,REG-V-001772,959000.0
V001773,C005957,Honda,City,2018,REG-V-001773,626000.0
V001774,C004523,Toyota,Innova,2024,REG-V-001774,2368000.0
V001775,C004798,Honda,Amaze,2014,REG-V-001775,462000.0
V001776,C008327,Hyundai,i20,2019,REG-V-001776,880000.0
V001777,C001213,Mahindra,Bolero,2019,REG-V-001777,1080000.0
V001778,C003835,Maruti Suzuki,Dzire,2016,REG-V-001778,371000.0
V001779,C007668,Tata,Harrier,2021,REG-V-001779,616000.0
V001780,C006620,Maruti Suzuki,Baleno,2021,REG-V-001780,599000.0
V001781,C004382,Honda,City,2024,REG-V-001781,1249000.0
V001782,C002268,Toyota,Glanza,2014,REG-V-001782,422000.0
V001783,C009480,Kia,Sonet,2016,REG-V-001783,483000.0
V001784,C004094,Kia,Sonet,2025,REG-V-001784,1517000.0
V001785,C008829,Honda,Civic,2024,REG-V-001785,1035000.0
V001786,C007851,Volkswagen,Taigun,2020,REG-V-001786,877000.0
V001787,C008646,Hyundai,i20,2016,REG-V-001787,320000.0
V001788,C000178,Kia,Seltos,2024,REG-V-001788,1720000.0
V001789,C004813,Kia,Sonet,2016,REG-V-001789,900000.0
V001790,C002606,Toyota,Fortuner,2012,REG-V-001790,1090000.0
V001791,C002737,Volkswagen,Polo,2024,REG-V-001791,1135000.0
V001792,C002702,Maruti Suzuki,Swift,2016,REG-V-001792,277000.0
V001793,C003905,Toyota,Glanza,2024,REG-V-001793,3197000.0
V001794,C004122,Toyota,Innova,2022,REG-V-001794,2611000.0
V001795,C006383,Volkswagen,Taigun,2020,REG-V-001795,698000.0
V001796,C002990,Kia,Seltos,2014,REG-V-001796,498000.0
V001797,C002728,Kia,Seltos,2023,REG-V-001797,1321000.0
V001798,C003611,Volkswagen,Virtus,2024,REG-V-001798,1214000.0
V001799,C006902,Kia,Carens,2012,REG-V-001799,518000.0
V001800,C000004,Maruti Suzuki,Dzire,2024,REG-V-001800,685000.0
V001801,C007532,Kia,Carens,2021,REG-V-001801,1434000.0
V001802,C003384,Tata,Tiago,2020,REG-V-001802,1055000.0
V001803,C005809,Mahindra,Bolero,2018,REG-V-001803,1066000.0
V001804,C007688,Mahindra,Bolero,2019,REG-V-001804,1359000.0
V001805,C005139,Maruti Suzuki,Swift,2012,REG-V-001805,250000.0
V001806,C006513,Kia,Seltos,2012,REG-V-001806,608000.0
V001807,C009236,Tata,Altroz,2014,REG-V-001807,629000.0
V001808,C000313,Mahindra,XUV300,2018,REG-V-001808,1540000.0
V001809,C003496,Hyundai,Venue,2021,REG-V-001809,950000.0
V001810,C009299,Tata,Altroz,2014,REG-V-001810,616000.0
V001811,C008414,Volkswagen,Virtus,2025,REG-V-001811,1594000.0
V001812,C006216,Maruti Suzuki,Ertiga,2013,REG-V-001812,194000.0
V001813,C002311,Maruti Suzuki,Swift,2025,REG-V-001813,492000.0
V001814,C003286,Volkswagen,Taigun,2019,REG-V-001814,915000.0
V001815,C008622,Maruti Suzuki,Brezza,2024,REG-V-001815,937000.0
V001816,C007022,Volkswagen,Polo,2017,REG-V-001816,741000.0
V001817,C002845,Maruti Suzuki,Brezza,2016,REG-V-001817,256000.0
V001818,C001331,Maruti Suzuki,Ertiga,2024,REG-V-001818,461000.0
V001819,C007881,Volkswagen,Virtus,2013,REG-V-001819,350000.0
V001820,C005809,Hyundai,Venue,2025,REG-V-001820,803000.0
V001821,C009637,Kia,Sonet,2017,REG-V-001821,777000.0
V001822,C004082,Tata,Harrier,2022,REG-V-001822,1085000.0
V001823,C003489,Hyundai,Venue,2018,REG-V-001823,458000.0
V001824,C002890,Toyota,Glanza,2017,REG-V-001824,1795000.0
V001825,C004852,Honda,Civic,2018,REG-V-001825,975000.0
V001826,C003208,Maruti Suzuki,Dzire,2023,REG-V-001826,819000.0
V001827,C000757,Maruti Suzuki,Brezza,2015,REG-V-001827,211000.0
V001828,C003105,Volkswagen,Virtus,2017,REG-V-001828,1041000.0
V001829,C002210,Honda,Amaze,2016,REG-V-001829,568000.0
V001830,C008200,Mahindra,Bolero,2014,REG-V-001830,966000.0
V001831,C002377,Mahindra,Scorpio,2014,REG-V-001831,477000.0
V001832,C004615,Toyota,Fortuner,2025,REG-V-001832,1769000.0
V001833,C006770,Tata,Tiago,2017,REG-V-001833,877000.0
V001834,C001484,Tata,Punch,2017,REG-V-001834,831000.0
V001835,C005356,Mahindra,Bolero,2014,REG-V-001835,512000.0
V001836,C008517,Maruti Suzuki,Ertiga,2022,REG-V-001836,702000.0
V001837,C005890,Toyota,Fortuner,2022,REG-V-001837,2617000.0
V001838,C004859,Hyundai,Venue,2020,REG-V-001838,880000.0
V001839,C008427,Kia,Sonet,2016,REG-V-001839,629000.0
V001840,C009487,Tata,Tiago,2012,REG-V-001840,606000.0
V001841,C008260,Toyota,Fortuner,2014,REG-V-001841,745000.0
V001842,C004102,Honda,Amaze,2016,REG-V-001842,714000.0
V001843,C006161,Toyota,Glanza,2017,REG-V-001843,700000.0
V001844,C005307,Kia,Sonet,2024,REG-V-001844,1908000.0
V001845,C003022,Kia,Carens,2023,REG-V-001845,1280000.0
V001846,C004385,Hyundai,Creta,2025,REG-V-001846,1307000.0
V001847,C008340,Volkswagen,Polo,2021,REG-V-001847,1382000.0
V001848,C002990,Kia,Carens,2022,REG-V-001848,1120000.0
V001849,C008953,Volkswagen,Virtus,2015,REG-V-001849,544000.0
V001850,C009919,Mahindra,XUV300,2022,REG-V-001850,1107000.0
V001851,C003051,Honda,City,2025,REG-V-001851,1171000.0
V001852,C001226,Kia,Seltos,2012,REG-V-001852,694000.0
V001853,C009578,Tata,Altroz,2014,REG-V-001853,353000.0
V001854,C001712,Kia,Seltos,2020,REG-V-001854,615000.0
V001855,C007784,Tata,Nexon,2017,REG-V-001855,621000.0
V001856,C000402,Tata,Harrier,2020,REG-V-001856,509000.0
V001857,C002377,Hyundai,i10,2022,REG-V-001857,630000.0
V001858,C002612,Volkswagen,Polo,2023,REG-V-001858,1367000.0
V001859,C002959,Hyundai,Venue,2024,REG-V-001859,1224000.0
V001860,C009227,Honda,Civic,2014,REG-V-001860,528000.0
V001861,C001745,Kia,Seltos,2013,REG-V-001861,567000.0
V001862,C001731,Maruti Suzuki,Baleno,2015,REG-V-001862,374000.0
V001863,C006952,Mahindra,Bolero,2023,REG-V-001863,2118000.0
V001864,C009532,Hyundai,Creta,2016,REG-V-001864,602000.0
V001865,C003905,Tata,Punch,2021,REG-V-001865,1183000.0
V001866,C007801,Hyundai,i20,2024,REG-V-001866,905000.0
V001867,C000322,Toyota,Innova,2017,REG-V-001867,905000.0
V001868,C008288,Mahindra,Bolero,2024,REG-V-001868,815000.0
V001869,C007290,Toyota,Innova,2025,REG-V-001869,1915000.0
V001870,C009016,Maruti Suzuki,Brezza,2024,REG-V-001870,787000.0
V001871,C006428,Hyundai,i20,2015,REG-V-001871,379000.0
V001872,C009432,Maruti Suzuki,Dzire,2020,REG-V-001872,574000.0
V001873,C003911,Mahindra,XUV700,2015,REG-V-001873,830000.0
V001874,C007382,Kia,Carens,2025,REG-V-001874,1529000.0
V001875,C007312,Volkswagen,Polo,2012,REG-V-001875,701000.0
V001876,C002691,Maruti Suzuki,Ertiga,2012,REG-V-001876,248000.0
V001877,C009242,Volkswagen,Virtus,2015,REG-V-001877,632000.0
V001878,C007863,Toyota,Fortuner,2022,REG-V-001878,1196000.0
V001879,C008705,Kia,Carens,2022,REG-V-001879,733000.0
V001880,C003635,Volkswagen,Taigun,2012,REG-V-001880,731000.0
V001881,C008452,Honda,City,2024,REG-V-001881,1077000.0
V001882,C003136,Honda,City,2019,REG-V-001882,991000.0
V001883,C009644,Tata,Altroz,2016,REG-V-001883,411000.0
V001884,C000255,Tata,Punch,2019,REG-V-001884,653000.0
V001885,C006240,Tata,Altroz,2016,REG-V-001885,753000.0
V001886,C001119,Toyota,Glanza,2012,REG-V-001886,513000.0
V001887,C007242,Hyundai,Verna,2015,REG-V-001887,299000.0
V001888,C003644,Toyota,Innova,2025,REG-V-001888,2732000.0
V001889,C008752,Hyundai,Venue,2021,REG-V-001889,896000.0
V001890,C008780,Kia,Sonet,2017,REG-V-001890,649000.0
V001891,C003688,Mahindra,Scorpio,2020,REG-V-001891,1509000.0
V001892,C008152,Honda,City,2018,REG-V-001892,514000.0
V001893,C006854,Kia,Carens,2012,REG-V-001893,700000.0
V001894,C004292,Maruti Suzuki,Ertiga,2021,REG-V-001894,623000.0
V001895,C003427,Maruti Suzuki,Dzire,2016,REG-V-001895,402000.0
V001896,C002110,Hyundai,i10,2013,REG-V-001896,435000.0
V001897,C000655,Toyota,Innova,2020,REG-V-001897,1067000.0
V001898,C005208,Toyota,Fortuner,2013,REG-V-001898,848000.0
V001899,C005436,Maruti Suzuki,Ertiga,2018,REG-V-001899,447000.0
V001900,C004458,Hyundai,Venue,2023,REG-V-001900,997000.0
V001901,C009515,Toyota,Fortuner,2016,REG-V-001901,686000.0
V001902,C000138,Hyundai,Creta,2014,REG-V-001902,551000.0
V001903,C008551,Volkswagen,Polo,2023,REG-V-001903,958000.0
V001904,C008069,Hyundai,i20,2023,REG-V-001904,884000.0
V001905,C007653,Toyota,Glanza,2023,REG-V-001905,2727000.0
V001906,C005288,Honda,Civic,2024,REG-V-001906,1199000.0
V001907,C001912,Tata,Tiago,2018,REG-V-001907,346000.0
V001908,C008659,Volkswagen,Polo,2019,REG-V-001908,1038000.0
V001909,C007511,Maruti Suzuki,Brezza,2017,REG-V-001909,461000.0
V001910,C008367,Mahindra,Bolero,2016,REG-V-001910,1107000.0
V001911,C002380,Tata,Nexon,2018,REG-V-001911,472000.0
V001912,C005580,Mahindra,Scorpio,2022,REG-V-001912,1873000.0
V001913,C004181,Mahindra,XUV700,2014,REG-V-001913,872000.0
V001914,C006446,Kia,Seltos,2012,REG-V-001914,511000.0
V001915,C007595,Maruti Suzuki,Swift,2014,REG-V-001915,344000.0
V001916,C001732,Hyundai,Creta,2016,REG-V-001916,576000.0
V001917,C001732,Tata,Nexon,2016,REG-V-001917,600000.0
V001918,C000452,Maruti Suzuki,Swift,2017,REG-V-001918,519000.0
V001919,C001569,Hyundai,i20,2019,REG-V-001919,820000.0
V001920,C002424,Toyota,Glanza,2020,REG-V-001920,1990000.0
V001921,C000750,Hyundai,Creta,2017,REG-V-001921,606000.0
V001922,C003562,Kia,Sonet,2023,REG-V-001922,884000.0
V001923,C006798,Mahindra,XUV700,2014,REG-V-001923,574000.0
V001924,C007994,Honda,City,2013,REG-V-001924,343000.0
V001925,C003453,Tata,Nexon,2023,REG-V-001925,534000.0
V001926,C000857,Maruti Suzuki,Baleno,2023,REG-V-001926,886000.0
V001927,C007661,Toyota,Fortuner,2025,REG-V-001927,1941000.0
V001928,C003925,Hyundai,i10,2023,REG-V-001928,1283000.0
V001929,C002533,Mahindra,XUV700,2012,REG-V-001929,520000.0
V001930,C004745,Maruti Suzuki,Dzire,2017,REG-V-001930,253000.0
V001931,C009695,Mahindra,Bolero,2015,REG-V-001931,417000.0
V001932,C003737,Maruti Suzuki,Baleno,2022,REG-V-001932,751000.0
V001933,C009594,Volkswagen,Polo,2021,REG-V-001933,911000.0
V001934,C002550,Kia,Carens,2016,REG-V-001934,477000.0
V001935,C001059,Volkswagen,Polo,2013,REG-V-001935,597000.0
V001936,C001569,Maruti Suzuki,Ertiga,2023,REG-V-001936,442000.0
V001937,C007806,Kia,Seltos,2025,REG-V-001937,1333000.0
V001938,C005411,Tata,Harrier,2023,REG-V-001938,544000.0
V001939,C005868,Maruti Suzuki,Ertiga,2013,REG-V-001939,351000.0
V001940,C009675,Toyota,Fortuner,2016,REG-V-001940,659000.0
V001941,C005089,Mahindra,XUV700,2012,REG-V-001941,678000.0
V001942,C001166,Mahindra,Scorpio,2020,REG-V-001942,778000.0
V001943,C007239,Toyota,Innova,2012,REG-V-001943,494000.0
V001944,C002089,Toyota,Fortuner,2025,REG-V-001944,3108000.0
V001945,C005865,Mahindra,XUV700,2017,REG-V-001945,581000.0
V001946,C008587,Toyota,Glanza,2025,REG-V-001946,2582000.0
V001947,C004806,Hyundai,Creta,2024,REG-V-001947,625000.0
V001948,C003129,Mahindra,XUV300,2016,REG-V-001948,605000.0
V001949,C005800,Kia,Sonet,2022,REG-V-001949,1684000.0
V001950,C001270,Maruti Suzuki,Dzire,2018,REG-V-001950,568000.0
V001951,C003058,Kia,Seltos,2016,REG-V-001951,787000.0
V001952,C005084,Kia,Seltos,2021,REG-V-001952,1412000.0
V001953,C002557,Mahindra,Bolero,2024,REG-V-001953,2323000.0
V001954,C000403,Mahindra,XUV700,2013,REG-V-001954,352000.0
V001955,C005895,Volkswagen,Taigun,2015,REG-V-001955,599000.0
V001956,C004030,Volkswagen,Taigun,2022,REG-V-001956,1527000.0
V001957,C003918,Mahindra,Scorpio,2014,REG-V-001957,635000.0
V001958,C009973,Maruti Suzuki,Swift,2016,REG-V-001958,231000.0
V001959,C001117,Tata,Tiago,2016,REG-V-001959,694000.0
V001960,C001533,Mahindra,Bolero,2020,REG-V-001960,946000.0
V001961,C008812,Tata,Harrier,2022,REG-V-001961,1027000.0
V001962,C001305,Mahindra,XUV300,2013,REG-V-001962,856000.0
V001963,C009214,Honda,City,2022,REG-V-001963,1132000.0
V001964,C006764,Honda,City,2025,REG-V-001964,1146000.0
V001965,C005327,Kia,Seltos,2021,REG-V-001965,1555000.0
V001966,C002781,Volkswagen,Virtus,2014,REG-V-001966,663000.0
V001967,C003598,Volkswagen,Taigun,2020,REG-V-001967,1210000.0
V001968,C008307,Maruti Suzuki,Ertiga,2014,REG-V-001968,349000.0
V001969,C000596,Maruti Suzuki,Swift,2013,REG-V-001969,347000.0
V001970,C007754,Mahindra,XUV300,2012,REG-V-001970,818000.0
V001971,C008329,Maruti Suzuki,Swift,2023,REG-V-001971,879000.0
V001972,C007110,Maruti Suzuki,Ertiga,2024,REG-V-001972,841000.0
V001973,C000564,Toyota,Glanza,2015,REG-V-001973,999000.0
V001974,C007490,Maruti Suzuki,Dzire,2024,REG-V-001974,922000.0
V001975,C007285,Mahindra,Scorpio,2023,REG-V-001975,1862000.0
V001976,C000134,Tata,Punch,2012,REG-V-001976,538000.0
V001977,C008978,Maruti Suzuki,Baleno,2018,REG-V-001977,345000.0
V001978,C001328,Toyota,Glanza,2022,REG-V-001978,2876000.0
V001979,C009607,Honda,Amaze,2016,REG-V-001979,586000.0
V001980,C000731,Volkswagen,Taigun,2016,REG-V-001980,858000.0
V001981,C002404,Maruti Suzuki,Swift,2024,REG-V-001981,814000.0
V001982,C006936,Tata,Nexon,2014,REG-V-001982,584000.0
V001983,C001376,Tata,Harrier,2024,REG-V-001983,931000.0
V001984,C001852,Hyundai,i10,2015,REG-V-001984,526000.0
V001985,C000112,Mahindra,XUV700,2013,REG-V-001985,414000.0
V001986,C008316,Kia,Sonet,2015,REG-V-001986,677000.0
V001987,C000387,Mahindra,Scorpio,2023,REG-V-001987,1654000.0
V001988,C006367,Toyota,Fortuner,2015,REG-V-001988,1023000.0
V001989,C005872,Toyota,Glanza,2015,REG-V-001989,1086000.0
V001990,C005144,Maruti Suzuki,Swift,2016,REG-V-001990,458000.0
V001991,C003762,Toyota,Innova,2021,REG-V-001991,1633000.0
V001992,C002985,Maruti Suzuki,Ertiga,2021,REG-V-001992,365000.0
V001993,C009574,Maruti Suzuki,Brezza,2021,REG-V-001993,763000.0
V001994,C007929,Tata,Nexon,2024,REG-V-001994,1350000.0
V001995,C009260,Toyota,Glanza,2013,REG-V-001995,1143000.0
V001996,C007396,Toyota,Glanza,2014,REG-V-001996,1164000.0
V001997,C008338,Honda,Amaze,2014,REG-V-001997,488000.0
V001998,C009643,Kia,Carens,2020,REG-V-001998,901000.0
V001999,C004557,Toyota,Fortuner,2015,REG-V-001999,1235000.0
V002000,C009121,Tata,Harrier,2014,REG-V-002000,601000.0
V002001,C000448,Volkswagen,Taigun,2022,REG-V-002001,1557000.0
V002002,C001083,Kia,Carens,2018,REG-V-002002,1153000.0
V002003,C004942,Kia,Sonet,2024,REG-V-002003,858000.0
V002004,C004561,Maruti Suzuki,Swift,2012,REG-V-002004,214000.0
V002005,C004414,Tata,Punch,2017,REG-V-002005,449000.0
V002006,C005404,Volkswagen,Polo,2024,REG-V-002006,1667000.0
V002007,C005420,Kia,Carens,2014,REG-V-002007,758000.0
V002008,C008752,Kia,Carens,2013,REG-V-002008,533000.0
V002009,C003454,Honda,Amaze,2023,REG-V-002009,1125000.0
V002010,C003146,Tata,Altroz,2018,REG-V-002010,999000.0
V002011,C007059,Honda,City,2022,REG-V-002011,832000.0
V002012,C006524,Volkswagen,Polo,2021,REG-V-002012,918000.0
V002013,C008345,Maruti Suzuki,Brezza,2012,REG-V-002013,188000.0
V002014,C003079,Mahindra,Bolero,2024,REG-V-002014,1298000.0
V002015,C000063,Mahindra,XUV300,2019,REG-V-002015,809000.0
V002016,C009458,Maruti Suzuki,Brezza,2015,REG-V-002016,361000.0
V002017,C000460,Honda,Civic,2024,REG-V-002017,856000.0
V002018,C006841,Mahindra,XUV700,2018,REG-V-002018,1030000.0
V002019,C003201,Maruti Suzuki,Baleno,2012,REG-V-002019,276000.0
V002020,C004254,Honda,Civic,2019,REG-V-002020,942000.0
V002021,C008418,Volkswagen,Polo,2013,REG-V-002021,663000.0
V002022,C004214,Volkswagen,Virtus,2023,REG-V-002022,1559000.0
V002023,C001435,Kia,Sonet,2015,REG-V-002023,543000.0
V002024,C007610,Volkswagen,Polo,2017,REG-V-002024,949000.0
V002025,C000213,Honda,Civic,2012,REG-V-002025,612000.0
V002026,C002746,Honda,Civic,2020,REG-V-002026,863000.0
V002027,C005416,Volkswagen,Taigun,2024,REG-V-002027,1708000.0
V002028,C004411,Toyota,Fortuner,2023,REG-V-002028,1212000.0
V002029,C006251,Tata,Tiago,2012,REG-V-002029,552000.0
V002030,C003820,Hyundai,i20,2022,REG-V-002030,1063000.0
V002031,C003918,Mahindra,XUV300,2012,REG-V-002031,540000.0
V002032,C003486,Toyota,Glanza,2020,REG-V-002032,2017000.0
V002033,C008931,Toyota,Fortuner,2016,REG-V-002033,1113000.0
V002034,C000182,Tata,Nexon,2024,REG-V-002034,1207000.0
V002035,C009418,Toyota,Glanza,2023,REG-V-002035,3058000.0
V002036,C003586,Honda,Amaze,2023,REG-V-002036,1048000.0
V002037,C003657,Tata,Harrier,2019,REG-V-002037,1073000.0
V002038,C007314,Volkswagen,Taigun,2017,REG-V-002038,960000.0
V002039,C003889,Hyundai,i10,2025,REG-V-002039,1102000.0
V002040,C006215,Tata,Altroz,2022,REG-V-002040,540000.0
V002041,C009088,Kia,Carens,2022,REG-V-002041,1188000.0
V002042,C008505,Hyundai,Creta,2017,REG-V-002042,690000.0
V002043,C005187,Hyundai,Creta,2017,REG-V-002043,474000.0
V002044,C007218,Honda,Civic,2012,REG-V-002044,610000.0
V002045,C003941,Tata,Punch,2020,REG-V-002045,440000.0
V002046,C007833,Hyundai,Venue,2019,REG-V-002046,579000.0
V002047,C001700,Kia,Sonet,2020,REG-V-002047,643000.0
V002048,C000471,Mahindra,Scorpio,2014,REG-V-002048,575000.0
V002049,C005444,Hyundai,i10,2019,REG-V-002049,842000.0
V002050,C002173,Maruti Suzuki,Dzire,2025,REG-V-002050,517000.0
V002051,C007341,Mahindra,Scorpio,2024,REG-V-002051,2382000.0
V002052,C001025,Kia,Carens,2015,REG-V-002052,685000.0
V002053,C000086,Maruti Suzuki,Ertiga,2025,REG-V-002053,852000.0
V002054,C006806,Honda,Civic,2019,REG-V-002054,1130000.0
V002055,C005056,Toyota,Fortuner,2014,REG-V-002055,1029000.0
V002056,C009528,Toyota,Glanza,2014,REG-V-002056,903000.0
V002057,C002496,Honda,City,2024,REG-V-002057,1277000.0
V002058,C001232,Mahindra,XUV300,2023,REG-V-002058,2017000.0
V002059,C000247,Maruti Suzuki,Dzire,2019,REG-V-002059,419000.0
V002060,C004460,Mahindra,Scorpio,2017,REG-V-002060,529000.0
V002061,C001018,Mahindra,XUV700,2019,REG-V-002061,1689000.0
V002062,C007828,Kia,Sonet,2018,REG-V-002062,597000.0
V002063,C000744,Volkswagen,Polo,2013,REG-V-002063,684000.0
V002064,C009244,Maruti Suzuki,Baleno,2018,REG-V-002064,576000.0
V002065,C005445,Honda,Amaze,2018,REG-V-002065,881000.0
V002066,C007003,Toyota,Glanza,2012,REG-V-002066,1040000.0
V002067,C001313,Maruti Suzuki,Ertiga,2018,REG-V-002067,300000.0
V002068,C000905,Maruti Suzuki,Dzire,2019,REG-V-002068,666000.0
V002069,C003538,Maruti Suzuki,Brezza,2014,REG-V-002069,335000.0
V002070,C005241,Maruti Suzuki,Ertiga,2023,REG-V-002070,857000.0
V002071,C005800,Kia,Seltos,2019,REG-V-002071,1210000.0
V002072,C003282,Volkswagen,Taigun,2020,REG-V-002072,657000.0
V002073,C002727,Tata,Punch,2022,REG-V-002073,1271000.0
V002074,C009812,Tata,Nexon,2022,REG-V-002074,1349000.0
V002075,C002727,Volkswagen,Virtus,2022,REG-V-002075,1540000.0
V002076,C001384,Volkswagen,Taigun,2012,REG-V-002076,415000.0
V002077,C003598,Toyota,Glanza,2014,REG-V-002077,623000.0
V002078,C003026,Mahindra,XUV300,2022,REG-V-002078,1171000.0
V002079,C004232,Maruti Suzuki,Ertiga,2024,REG-V-002079,573000.0
V002080,C006281,Volkswagen,Polo,2012,REG-V-002080,592000.0
V002081,C006073,Maruti Suzuki,Ertiga,2023,REG-V-002081,652000.0
V002082,C007023,Tata,Tiago,2019,REG-V-002082,971000.0
V002083,C001562,Tata,Altroz,2023,REG-V-002083,775000.0
V002084,C000477,Tata,Altroz,2016,REG-V-002084,349000.0
V002085,C007969,Kia,Seltos,2016,REG-V-002085,892000.0
V002086,C002192,Kia,Sonet,2015,REG-V-002086,792000.0
V002087,C003143,Kia,Sonet,2014,REG-V-002087,716000.0
V002088,C004581,Mahindra,Bolero,2016,REG-V-002088,971000.0
V002089,C007214,Kia,Seltos,2015,REG-V-002089,509000.0
V002090,C001630,Volkswagen,Polo,2020,REG-V-002090,757000.0
V002091,C009074,Toyota,Fortuner,2012,REG-V-002091,1103000.0
V002092,C003197,Tata,Altroz,2016,REG-V-002092,447000.0
V002093,C009822,Mahindra,XUV700,2017,REG-V-002093,716000.0
V002094,C002843,Tata,Punch,2019,REG-V-002094,666000.0
V002095,C007312,Volkswagen,Taigun,2020,REG-V-002095,661000.0
V002096,C003777,Toyota,Fortuner,2023,REG-V-002096,1118000.0
V002097,C008402,Hyundai,i10,2022,REG-V-002097,589000.0
V002098,C004661,Honda,Civic,2025,REG-V-002098,1319000.0
V002099,C008752,Hyundai,i10,2022,REG-V-002099,870000.0
V002100,C007605,Honda,Amaze,2017,REG-V-002100,641000.0
V002101,C005902,Maruti Suzuki,Ertiga,2022,REG-V-002101,619000.0
V002102,C002517,Maruti Suzuki,Ertiga,2015,REG-V-002102,329000.0
V002103,C002609,Maruti Suzuki,Baleno,2012,REG-V-002103,287000.0
V002104,C009919,Tata,Altroz,2022,REG-V-002104,1353000.0
V002105,C009290,Hyundai,Creta,2021,REG-V-002105,735000.0
V002106,C001389,Honda,Amaze,2020,REG-V-002106,849000.0
V002107,C002049,Honda,City,2025,REG-V-002107,884000.0
V002108,C001074,Toyota,Glanza,2012,REG-V-002108,1225000.0
V002109,C002022,Tata,Tiago,2019,REG-V-002109,382000.0
V002110,C002887,Toyota,Fortuner,2016,REG-V-002110,945000.0
V002111,C008415,Volkswagen,Taigun,2024,REG-V-002111,1179000.0
V002112,C000958,Kia,Carens,2017,REG-V-002112,602000.0
V002113,C008879,Volkswagen,Taigun,2012,REG-V-002113,611000.0
V002114,C009717,Tata,Punch,2021,REG-V-002114,571000.0
V002115,C002809,Maruti Suzuki,Brezza,2021,REG-V-002115,616000.0
V002116,C004586,Kia,Seltos,2013,REG-V-002116,391000.0
V002117,C005340,Kia,Seltos,2025,REG-V-002117,1177000.0
V002118,C002066,Honda,Civic,2023,REG-V-002118,1116000.0
V002119,C007376,Volkswagen,Virtus,2016,REG-V-002119,717000.0
V002120,C005846,Volkswagen,Polo,2017,REG-V-002120,1050000.0
V002121,C001119,Mahindra,Scorpio,2024,REG-V-002121,1447000.0
V002122,C009011,Toyota,Innova,2021,REG-V-002122,2332000.0
V002123,C003006,Hyundai,Verna,2016,REG-V-002123,697000.0
V002124,C001559,Hyundai,Verna,2019,REG-V-002124,888000.0
V002125,C009815,Volkswagen,Polo,2023,REG-V-002125,1689000.0
V002126,C001039,Toyota,Fortuner,2021,REG-V-002126,1085000.0
V002127,C000620,Mahindra,Bolero,2014,REG-V-002127,560000.0
V002128,C002401,Maruti Suzuki,Baleno,2015,REG-V-002128,257000.0
V002129,C003176,Maruti Suzuki,Swift,2015,REG-V-002129,373000.0
V002130,C004366,Toyota,Fortuner,2016,REG-V-002130,1227000.0
V002131,C006888,Toyota,Fortuner,2017,REG-V-002131,1673000.0
V002132,C003664,Volkswagen,Polo,2025,REG-V-002132,1785000.0
V002133,C005629,Tata,Altroz,2022,REG-V-002133,1271000.0
V002134,C000061,Maruti Suzuki,Brezza,2022,REG-V-002134,522000.0
V002135,C003857,Mahindra,Scorpio,2024,REG-V-002135,1280000.0
V002136,C009466,Toyota,Innova,2025,REG-V-002136,1610000.0
V002137,C007822,Honda,City,2020,REG-V-002137,973000.0
V002138,C007469,Maruti Suzuki,Brezza,2022,REG-V-002138,664000.0
V002139,C003033,Hyundai,Creta,2020,REG-V-002139,698000.0
V002140,C004919,Volkswagen,Polo,2013,REG-V-002140,395000.0
V002141,C008487,Hyundai,Venue,2022,REG-V-002141,968000.0
V002142,C008858,Toyota,Innova,2013,REG-V-002142,1209000.0
V002143,C007156,Volkswagen,Virtus,2022,REG-V-002143,1346000.0
V002144,C004590,Tata,Tiago,2020,REG-V-002144,1200000.0
V002145,C000757,Maruti Suzuki,Dzire,2018,REG-V-002145,607000.0
V002146,C001192,Hyundai,i20,2018,REG-V-002146,725000.0
V002147,C000006,Toyota,Innova,2018,REG-V-002147,2109000.0
V002148,C003596,Tata,Harrier,2025,REG-V-002148,1683000.0
V002149,C000249,Hyundai,i10,2012,REG-V-002149,425000.0
V002150,C004381,Toyota,Innova,2013,REG-V-002150,1142000.0
V002151,C006014,Volkswagen,Taigun,2018,REG-V-002151,761000.0
V002152,C005993,Mahindra,Scorpio,2015,REG-V-002152,963000.0
V002153,C005588,Hyundai,i10,2012,REG-V-002153,262000.0
V002154,C002285,Honda,Civic,2024,REG-V-002154,1415000.0
V002155,C005230,Volkswagen,Taigun,2018,REG-V-002155,955000.0
V002156,C009796,Volkswagen,Taigun,2020,REG-V-002156,1174000.0
V002157,C004464,Tata,Harrier,2019,REG-V-002157,555000.0
V002158,C008794,Tata,Nexon,2022,REG-V-002158,695000.0
V002159,C003821,Toyota,Glanza,2017,REG-V-002159,1438000.0
V002160,C006275,Honda,City,2012,REG-V-002160,472000.0
V002161,C004852,Toyota,Fortuner,2013,REG-V-002161,470000.0
V002162,C006920,Kia,Sonet,2017,REG-V-002162,1018000.0
V002163,C009025,Hyundai,Verna,2013,REG-V-002163,485000.0
V002164,C004435,Kia,Seltos,2021,REG-V-002164,1021000.0
V002165,C007639,Hyundai,Creta,2023,REG-V-002165,731000.0
V002166,C008884,Maruti Suzuki,Baleno,2019,REG-V-002166,638000.0
V002167,C007961,Mahindra,Bolero,2025,REG-V-002167,2344000.0
V002168,C000263,Honda,Amaze,2018,REG-V-002168,650000.0
V002169,C000004,Toyota,Innova,2019,REG-V-002169,1723000.0
V002170,C008887,Kia,Seltos,2020,REG-V-002170,1231000.0
V002171,C007347,Toyota,Fortuner,2016,REG-V-002171,1263000.0
V002172,C009587,Tata,Altroz,2013,REG-V-002172,334000.0
V002173,C002909,Honda,Amaze,2019,REG-V-002173,1059000.0
V002174,C007949,Maruti Suzuki,Dzire,2012,REG-V-002174,253000.0
V002175,C008074,Mahindra,Scorpio,2014,REG-V-002175,418000.0
V002176,C008617,Mahindra,XUV700,2023,REG-V-002176,1428000.0
V002177,C006955,Kia,Seltos,2014,REG-V-002177,736000.0
V002178,C001388,Maruti Suzuki,Brezza,2017,REG-V-002178,368000.0
V002179,C006853,Toyota,Innova,2021,REG-V-002179,1473000.0
V002180,C006089,Toyota,Glanza,2014,REG-V-002180,1105000.0
V002181,C003320,Volkswagen,Taigun,2012,REG-V-002181,435000.0
V002182,C002094,Tata,Punch,2017,REG-V-002182,863000.0
V002183,C008908,Tata,Harrier,2023,REG-V-002183,1135000.0
V002184,C001418,Hyundai,i10,2017,REG-V-002184,361000.0
V002185,C004236,Mahindra,XUV300,2022,REG-V-002185,1315000.0
V002186,C006272,Maruti Suzuki,Dzire,2021,REG-V-002186,617000.0
V002187,C009713,Tata,Nexon,2025,REG-V-002187,1392000.0
V002188,C006755,Toyota,Glanza,2023,REG-V-002188,1401000.0
V002189,C003036,Tata,Nexon,2013,REG-V-002189,496000.0
V002190,C000629,Volkswagen,Virtus,2018,REG-V-002190,991000.0
V002191,C003160,Kia,Seltos,2016,REG-V-002191,788000.0
V002192,C002914,Volkswagen,Taigun,2024,REG-V-002192,1396000.0
V002193,C008240,Mahindra,XUV300,2025,REG-V-002193,1089000.0
V002194,C003777,Tata,Nexon,2016,REG-V-002194,754000.0
V002195,C000997,Honda,Civic,2014,REG-V-002195,397000.0
V002196,C008746,Honda,Amaze,2020,REG-V-002196,1000000.0
V002197,C000189,Toyota,Fortuner,2014,REG-V-002197,641000.0
V002198,C000031,Mahindra,XUV700,2019,REG-V-002198,914000.0
V002199,C004787,Mahindra,XUV700,2017,REG-V-002199,1225000.0
V002200,C000717,Tata,Tiago,2013,REG-V-002200,326000.0
V002201,C001764,Volkswagen,Virtus,2024,REG-V-002201,1685000.0
V002202,C009853,Honda,Amaze,2022,REG-V-002202,1231000.0
V002203,C008485,Volkswagen,Polo,2025,REG-V-002203,1206000.0
V002204,C007707,Maruti Suzuki,Baleno,2020,REG-V-002204,376000.0
V002205,C006753,Mahindra,XUV300,2020,REG-V-002205,1542000.0
V002206,C000496,Volkswagen,Virtus,2017,REG-V-002206,938000.0
V002207,C008395,Honda,City,2015,REG-V-002207,500000.0
V002208,C004749,Volkswagen,Virtus,2021,REG-V-002208,669000.0
V002209,C000995,Toyota,Fortuner,2018,REG-V-002209,821000.0
V002210,C002994,Tata,Altroz,2018,REG-V-002210,407000.0
V002211,C005070,Mahindra,XUV700,2019,REG-V-002211,628000.0
V002212,C000138,Volkswagen,Taigun,2020,REG-V-002212,651000.0
V002213,C002542,Volkswagen,Taigun,2024,REG-V-002213,1260000.0
V002214,C003346,Volkswagen,Taigun,2025,REG-V-002214,1578000.0
V002215,C004675,Volkswagen,Virtus,2018,REG-V-002215,1144000.0
V002216,C000021,Hyundai,i20,2024,REG-V-002216,729000.0
V002217,C005703,Hyundai,i20,2022,REG-V-002217,658000.0
V002218,C001986,Tata,Harrier,2016,REG-V-002218,788000.0
V002219,C006010,Hyundai,i10,2012,REG-V-002219,332000.0
V002220,C002413,Honda,Amaze,2020,REG-V-002220,1231000.0
V002221,C004045,Kia,Carens,2016,REG-V-002221,850000.0
V002222,C006281,Kia,Sonet,2019,REG-V-002222,667000.0
V002223,C006603,Kia,Carens,2018,REG-V-002223,1067000.0
V002224,C000319,Mahindra,XUV700,2022,REG-V-002224,1067000.0
V002225,C005390,Kia,Seltos,2019,REG-V-002225,879000.0
V002226,C008214,Kia,Sonet,2014,REG-V-002226,607000.0
V002227,C002076,Kia,Seltos,2023,REG-V-002227,1392000.0
V002228,C005364,Mahindra,XUV300,2021,REG-V-002228,2021000.0
V002229,C004489,Mahindra,Scorpio,2020,REG-V-002229,1575000.0
V002230,C008547,Volkswagen,Virtus,2023,REG-V-002230,1556000.0
V002231,C004418,Volkswagen,Polo,2023,REG-V-002231,857000.0
V002232,C009457,Toyota,Innova,2021,REG-V-002232,982000.0
V002233,C006561,Tata,Nexon,2017,REG-V-002233,859000.0
V002234,C005653,Volkswagen,Polo,2020,REG-V-002234,973000.0
V002235,C002905,Volkswagen,Taigun,2021,REG-V-002235,700000.0
V002236,C006000,Volkswagen,Taigun,2013,REG-V-002236,695000.0
V002237,C001315,Volkswagen,Polo,2023,REG-V-002237,1306000.0
V002238,C004184,Mahindra,Scorpio,2019,REG-V-002238,668000.0
V002239,C002835,Mahindra,Bolero,2014,REG-V-002239,933000.0
V002240,C006750,Toyota,Fortuner,2018,REG-V-002240,2000000.0
V002241,C007707,Mahindra,XUV700,2012,REG-V-002241,946000.0
V002242,C009318,Hyundai,Verna,2013,REG-V-002242,320000.0
V002243,C002243,Maruti Suzuki,Swift,2013,REG-V-002243,339000.0
V002244,C008903,Mahindra,XUV700,2024,REG-V-002244,1049000.0
V002245,C008503,Hyundai,Creta,2013,REG-V-002245,552000.0
V002246,C008651,Tata,Nexon,2020,REG-V-002246,673000.0
V002247,C007466,Mahindra,Scorpio,2018,REG-V-002247,1262000.0
V002248,C002686,Tata,Punch,2019,REG-V-002248,829000.0
V002249,C008829,Kia,Sonet,2018,REG-V-002249,1004000.0
V002250,C006034,Maruti Suzuki,Dzire,2022,REG-V-002250,474000.0
V002251,C007468,Hyundai,Verna,2013,REG-V-002251,435000.0
V002252,C002061,Volkswagen,Virtus,2021,REG-V-002252,1262000.0
V002253,C001571,Hyundai,Creta,2012,REG-V-002253,394000.0
V002254,C002766,Hyundai,i20,2015,REG-V-002254,521000.0
V002255,C005146,Maruti Suzuki,Ertiga,2019,REG-V-002255,660000.0
V002256,C004188,Maruti Suzuki,Dzire,2024,REG-V-002256,515000.0
V002257,C008936,Mahindra,Scorpio,2017,REG-V-002257,1379000.0
V002258,C000134,Hyundai,Creta,2019,REG-V-002258,818000.0
V002259,C000806,Volkswagen,Taigun,2023,REG-V-002259,1624000.0
V002260,C003236,Mahindra,XUV700,2015,REG-V-002260,528000.0
V002261,C001675,Hyundai,Venue,2021,REG-V-002261,533000.0
V002262,C004084,Volkswagen,Polo,2018,REG-V-002262,1058000.0
V002263,C007227,Tata,Nexon,2013,REG-V-002263,239000.0
V002264,C009941,Toyota,Innova,2012,REG-V-002264,710000.0
V002265,C002030,Kia,Carens,2019,REG-V-002265,845000.0
V002266,C002669,Maruti Suzuki,Brezza,2022,REG-V-002266,563000.0
V002267,C007756,Tata,Harrier,2023,REG-V-002267,1411000.0
V002268,C002721,Toyota,Fortuner,2024,REG-V-002268,1215000.0
V002269,C007087,Honda,Civic,2024,REG-V-002269,1117000.0
V002270,C005883,Toyota,Glanza,2018,REG-V-002270,1953000.0
V002271,C008593,Honda,Civic,2012,REG-V-002271,376000.0
V002272,C000342,Toyota,Fortuner,2020,REG-V-002272,1672000.0
V002273,C009795,Honda,Amaze,2023,REG-V-002273,1580000.0
V002274,C009643,Volkswagen,Polo,2025,REG-V-002274,1688000.0
V002275,C000235,Hyundai,Venue,2020,REG-V-002275,1040000.0
V002276,C005045,Tata,Nexon,2018,REG-V-002276,471000.0
V002277,C004032,Honda,City,2013,REG-V-002277,430000.0
V002278,C002557,Kia,Sonet,2022,REG-V-002278,1338000.0
V002279,C009777,Tata,Punch,2021,REG-V-002279,1170000.0
V002280,C001737,Kia,Sonet,2014,REG-V-002280,370000.0
V002281,C002648,Honda,Amaze,2021,REG-V-002281,893000.0
V002282,C000083,Hyundai,Verna,2025,REG-V-002282,811000.0
V002283,C005849,Volkswagen,Virtus,2015,REG-V-002283,520000.0
V002284,C008640,Tata,Tiago,2017,REG-V-002284,461000.0
V002285,C006264,Mahindra,XUV300,2019,REG-V-002285,1184000.0
V002286,C006551,Kia,Carens,2024,REG-V-002286,959000.0
V002287,C000691,Kia,Sonet,2012,REG-V-002287,598000.0
V002288,C007199,Kia,Sonet,2025,REG-V-002288,1582000.0
V002289,C004109,Toyota,Glanza,2020,REG-V-002289,878000.0
V002290,C004776,Maruti Suzuki,Dzire,2016,REG-V-002290,452000.0
V002291,C005894,Maruti Suzuki,Swift,2024,REG-V-002291,971000.0
V002292,C009755,Tata,Altroz,2020,REG-V-002292,718000.0
V002293,C007545,Toyota,Innova,2021,REG-V-002293,2614000.0
V002294,C006877,Kia,Carens,2022,REG-V-002294,820000.0
V002295,C004346,Mahindra,Bolero,2022,REG-V-002295,2042000.0
V002296,C000351,Honda,Civic,2022,REG-V-002296,1328000.0
V002297,C005424,Volkswagen,Virtus,2019,REG-V-002297,1114000.0
V002298,C006656,Maruti Suzuki,Baleno,2020,REG-V-002298,392000.0
V002299,C007092,Maruti Suzuki,Ertiga,2014,REG-V-002299,330000.0
V002300,C006123,Hyundai,Creta,2021,REG-V-002300,512000.0
V002301,C002990,Tata,Altroz,2022,REG-V-002301,942000.0
V002302,C002232,Honda,City,2025,REG-V-002302,1720000.0
V002303,C000910,Maruti Suzuki,Baleno,2012,REG-V-002303,283000.0
V002304,C007078,Mahindra,XUV700,2023,REG-V-002304,1259000.0
V002305,C009704,Maruti Suzuki,Dzire,2022,REG-V-002305,824000.0
V002306,C005290,Maruti Suzuki,Brezza,2024,REG-V-002306,592000.0
V002307,C006776,Hyundai,Venue,2022,REG-V-002307,655000.0
V002308,C006958,Honda,Amaze,2012,REG-V-002308,603000.0
V002309,C001610,Kia,Seltos,2013,REG-V-002309,726000.0
V002310,C001926,Toyota,Innova,2012,REG-V-002310,918000.0
V002311,C002091,Hyundai,i10,2016,REG-V-002311,404000.0
V002312,C009363,Kia,Seltos,2014,REG-V-002312,662000.0
V002313,C000160,Mahindra,XUV700,2016,REG-V-002313,605000.0
V002314,C005449,Toyota,Innova,2023,REG-V-002314,1826000.0
V002315,C003781,Honda,Amaze,2018,REG-V-002315,553000.0
V002316,C006638,Kia,Seltos,2020,REG-V-002316,1441000.0
V002317,C002224,Volkswagen,Virtus,2015,REG-V-002317,786000.0
V002318,C009612,Maruti Suzuki,Dzire,2013,REG-V-002318,252000.0
V002319,C003291,Mahindra,XUV700,2016,REG-V-002319,631000.0
V002320,C009293,Mahindra,XUV300,2015,REG-V-002320,666000.0
V002321,C005937,Mahindra,Scorpio,2013,REG-V-002321,665000.0
V002322,C004164,Kia,Seltos,2019,REG-V-002322,683000.0
V002323,C007396,Volkswagen,Taigun,2018,REG-V-002323,758000.0
V002324,C005571,Tata,Nexon,2015,REG-V-002324,692000.0
V002325,C001390,Mahindra,Bolero,2022,REG-V-002325,987000.0
V002326,C007093,Maruti Suzuki,Dzire,2018,REG-V-002326,343000.0
V002327,C005838,Volkswagen,Virtus,2016,REG-V-002327,594000.0
V002328,C005706,Tata,Nexon,2023,REG-V-002328,1026000.0
V002329,C007445,Volkswagen,Polo,2024,REG-V-002329,1758000.0
V002330,C006571,Tata,Nexon,2023,REG-V-002330,1262000.0
V002331,C003671,Hyundai,i10,2015,REG-V-002331,320000.0
V002332,C003168,Maruti Suzuki,Dzire,2012,REG-V-002332,201000.0
V002333,C002526,Mahindra,XUV300,2013,REG-V-002333,624000.0
V002334,C005795,Maruti Suzuki,Dzire,2015,REG-V-002334,395000.0
V002335,C002986,Kia,Carens,2016,REG-V-002335,626000.0
V002336,C001197,Kia,Seltos,2024,REG-V-002336,1838000.0
V002337,C007906,Volkswagen,Virtus,2012,REG-V-002337,457000.0
V002338,C002099,Toyota,Innova,2022,REG-V-002338,2839000.0
V002339,C001646,Mahindra,Scorpio,2022,REG-V-002339,1093000.0
V002340,C008535,Tata,Altroz,2025,REG-V-002340,1180000.0
V002341,C007064,Maruti Suzuki,Brezza,2017,REG-V-002341,341000.0
V002342,C007727,Toyota,Innova,2020,REG-V-002342,1075000.0
V002343,C003507,Honda,Amaze,2020,REG-V-002343,989000.0
V002344,C006222,Honda,Civic,2017,REG-V-002344,684000.0
V002345,C009356,Tata,Tiago,2025,REG-V-002345,1613000.0
V002346,C002817,Hyundai,Venue,2019,REG-V-002346,779000.0
V002347,C000716,Kia,Seltos,2020,REG-V-002347,1241000.0
V002348,C001710,Hyundai,i10,2024,REG-V-002348,1039000.0
V002349,C009026,Honda,City,2023,REG-V-002349,1518000.0
V002350,C002807,Kia,Seltos,2021,REG-V-002350,825000.0
V002351,C004952,Toyota,Fortuner,2012,REG-V-002351,594000.0
V002352,C005386,Volkswagen,Virtus,2014,REG-V-002352,610000.0
V002353,C009599,Mahindra,Bolero,2012,REG-V-002353,725000.0
V002354,C003002,Hyundai,Creta,2025,REG-V-002354,1389000.0
V002355,C005252,Kia,Seltos,2025,REG-V-002355,1621000.0
V002356,C009587,Volkswagen,Taigun,2015,REG-V-002356,400000.0
V002357,C002022,Hyundai,i10,2015,REG-V-002357,342000.0
V002358,C006018,Maruti Suzuki,Dzire,2021,REG-V-002358,692000.0
V002359,C000661,Maruti Suzuki,Baleno,2017,REG-V-002359,484000.0
V002360,C002643,Mahindra,Bolero,2023,REG-V-002360,1948000.0
V002361,C000717,Mahindra,XUV700,2015,REG-V-002361,778000.0
V002362,C003284,Volkswagen,Taigun,2018,REG-V-002362,520000.0
V002363,C002076,Mahindra,Bolero,2021,REG-V-002363,1407000.0
V002364,C008049,Hyundai,i10,2014,REG-V-002364,462000.0
V002365,C004671,Toyota,Innova,2013,REG-V-002365,1006000.0
V002366,C004067,Toyota,Glanza,2017,REG-V-002366,1810000.0
V002367,C006956,Mahindra,Bolero,2019,REG-V-002367,1073000.0
V002368,C009487,Kia,Seltos,2023,REG-V-002368,1726000.0
V002369,C003002,Tata,Harrier,2012,REG-V-002369,274000.0
V002370,C000693,Volkswagen,Virtus,2023,REG-V-002370,1278000.0
V002371,C001098,Honda,City,2015,REG-V-002371,407000.0
V002372,C008615,Mahindra,Bolero,2024,REG-V-002372,2181000.0
V002373,C008503,Volkswagen,Virtus,2012,REG-V-002373,719000.0
V002374,C004791,Hyundai,Creta,2023,REG-V-002374,1122000.0
V002375,C001466,Maruti Suzuki,Baleno,2018,REG-V-002375,394000.0
V002376,C005306,Honda,Civic,2023,REG-V-002376,1009000.0
V002377,C006732,Maruti Suzuki,Baleno,2020,REG-V-002377,496000.0
V002378,C003303,Hyundai,Creta,2020,REG-V-002378,970000.0
V002379,C000840,Toyota,Glanza,2023,REG-V-002379,1104000.0
V002380,C003202,Maruti Suzuki,Ertiga,2017,REG-V-002380,498000.0
V002381,C006938,Tata,Tiago,2012,REG-V-002381,330000.0
V002382,C009785,Hyundai,i10,2024,REG-V-002382,1084000.0
V002383,C001908,Tata,Harrier,2016,REG-V-002383,331000.0
V002384,C009184,Hyundai,Creta,2013,REG-V-002384,457000.0
V002385,C004591,Toyota,Glanza,2020,REG-V-002385,1860000.0
V002386,C006680,Tata,Nexon,2014,REG-V-002386,219000.0
V002387,C008670,Hyundai,i20,2023,REG-V-002387,1325000.0
V002388,C005615,Maruti Suzuki,Swift,2015,REG-V-002388,229000.0
V002389,C000635,Hyundai,Verna,2012,REG-V-002389,310000.0
V002390,C002667,Tata,Punch,2015,REG-V-002390,303000.0
V002391,C008089,Honda,City,2013,REG-V-002391,469000.0
V002392,C005570,Mahindra,Scorpio,2014,REG-V-002392,842000.0
V002393,C003275,Honda,City,2024,REG-V-002393,914000.0
V002394,C005881,Honda,Civic,2012,REG-V-002394,508000.0
V002395,C002691,Tata,Nexon,2021,REG-V-002395,852000.0
V002396,C002431,Maruti Suzuki,Ertiga,2023,REG-V-002396,661000.0
V002397,C008334,Maruti Suzuki,Swift,2016,REG-V-002397,345000.0
V002398,C004016,Tata,Tiago,2015,REG-V-002398,397000.0
V002399,C002736,Volkswagen,Virtus,2012,REG-V-002399,653000.0
V002400,C004110,Volkswagen,Taigun,2014,REG-V-002400,645000.0
V002401,C009244,Volkswagen,Virtus,2017,REG-V-002401,828000.0
V002402,C001806,Kia,Seltos,2021,REG-V-002402,994000.0
V002403,C001855,Volkswagen,Taigun,2019,REG-V-002403,1010000.0
V002404,C003539,Toyota,Innova,2019,REG-V-002404,827000.0
V002405,C000628,Hyundai,Venue,2020,REG-V-002405,571000.0
V002406,C000771,Maruti Suzuki,Ertiga,2018,REG-V-002406,416000.0
V002407,C000111,Volkswagen,Polo,2017,REG-V-002407,736000.0
V002408,C001451,Hyundai,Verna,2025,REG-V-002408,1075000.0
V002409,C006454,Maruti Suzuki,Ertiga,2020,REG-V-002409,412000.0
V002410,C001975,Honda,Civic,2012,REG-V-002410,446000.0
V002411,C003787,Honda,Civic,2016,REG-V-002411,571000.0
V002412,C007106,Tata,Punch,2021,REG-V-002412,1076000.0
V002413,C000329,Kia,Sonet,2021,REG-V-002413,1543000.0
V002414,C002099,Tata,Nexon,2016,REG-V-002414,428000.0
V002415,C009963,Toyota,Glanza,2024,REG-V-002415,3281000.0
V002416,C006006,Volkswagen,Virtus,2019,REG-V-002416,1195000.0
V002417,C006645,Tata,Nexon,2022,REG-V-002417,1178000.0
V002418,C005196,Volkswagen,Taigun,2017,REG-V-002418,603000.0
V002419,C009658,Hyundai,Verna,2017,REG-V-002419,798000.0
V002420,C001435,Honda,City,2023,REG-V-002420,1412000.0
V002421,C000699,Volkswagen,Virtus,2023,REG-V-002421,1509000.0
V002422,C008210,Mahindra,XUV300,2017,REG-V-002422,545000.0
V002423,C000042,Hyundai,Verna,2018,REG-V-002423,459000.0
V002424,C005655,Tata,Nexon,2012,REG-V-002424,347000.0
V002425,C000016,Volkswagen,Virtus,2016,REG-V-002425,709000.0
V002426,C003479,Maruti Suzuki,Ertiga,2024,REG-V-002426,764000.0
V002427,C006545,Maruti Suzuki,Dzire,2014,REG-V-002427,267000.0
V002428,C005512,Hyundai,i20,2020,REG-V-002428,991000.0
V002429,C005635,Toyota,Glanza,2012,REG-V-002429,587000.0
V002430,C001570,Honda,City,2021,REG-V-002430,1342000.0
V002431,C002932,Volkswagen,Taigun,2022,REG-V-002431,938000.0
V002432,C007150,Volkswagen,Polo,2023,REG-V-002432,803000.0
V002433,C000248,Honda,City,2020,REG-V-002433,683000.0
V002434,C005990,Mahindra,XUV300,2017,REG-V-002434,466000.0
V002435,C005206,Honda,City,2013,REG-V-002435,509000.0
V002436,C003436,Hyundai,Verna,2016,REG-V-002436,543000.0
V002437,C003334,Volkswagen,Virtus,2015,REG-V-002437,757000.0
V002438,C008052,Maruti Suzuki,Baleno,2012,REG-V-002438,358000.0
V002439,C003826,Honda,Civic,2019,REG-V-002439,887000.0
V002440,C000806,Volkswagen,Virtus,2022,REG-V-002440,864000.0
V002441,C009623,Hyundai,i10,2024,REG-V-002441,1065000.0
V002442,C001306,Maruti Suzuki,Brezza,2018,REG-V-002442,548000.0
V002443,C008036,Toyota,Glanza,2012,REG-V-002443,569000.0
V002444,C000142,Tata,Harrier,2023,REG-V-002444,1480000.0
V002445,C003651,Kia,Seltos,2019,REG-V-002445,966000.0
V002446,C005184,Mahindra,Scorpio,2016,REG-V-002446,417000.0
V002447,C000312,Kia,Carens,2016,REG-V-002447,903000.0
V002448,C007396,Hyundai,i10,2015,REG-V-002448,487000.0
V002449,C002615,Toyota,Innova,2023,REG-V-002449,1256000.0
V002450,C005449,Mahindra,Bolero,2016,REG-V-002450,840000.0
V002451,C007987,Toyota,Fortuner,2015,REG-V-002451,556000.0
V002452,C005955,Toyota,Innova,2012,REG-V-002452,636000.0
V002453,C004580,Toyota,Innova,2013,REG-V-002453,474000.0
V002454,C003349,Hyundai,Venue,2019,REG-V-002454,488000.0
V002455,C000466,Mahindra,Scorpio,2020,REG-V-002455,1586000.0
V002456,C009171,Kia,Seltos,2019,REG-V-002456,578000.0
V002457,C005963,Honda,Amaze,2016,REG-V-002457,661000.0
V002458,C006356,Tata,Harrier,2024,REG-V-002458,1174000.0
V002459,C004432,Volkswagen,Taigun,2018,REG-V-002459,684000.0
V002460,C003738,Hyundai,Venue,2014,REG-V-002460,270000.0
V002461,C000483,Volkswagen,Polo,2024,REG-V-002461,1283000.0
V002462,C001688,Volkswagen,Taigun,2025,REG-V-002462,1830000.0
V002463,C004280,Honda,Civic,2014,REG-V-002463,407000.0
V002464,C002438,Volkswagen,Polo,2023,REG-V-002464,1433000.0
V002465,C000462,Tata,Harrier,2019,REG-V-002465,1038000.0
V002466,C005501,Toyota,Glanza,2025,REG-V-002466,1569000.0
V002467,C004676,Toyota,Innova,2021,REG-V-002467,2397000.0
V002468,C004231,Tata,Altroz,2013,REG-V-002468,488000.0
V002469,C007919,Tata,Punch,2018,REG-V-002469,887000.0
V002470,C006034,Volkswagen,Polo,2019,REG-V-002470,834000.0
V002471,C000016,Toyota,Glanza,2015,REG-V-002471,1032000.0
V002472,C007691,Hyundai,Verna,2025,REG-V-002472,1175000.0
V002473,C004861,Maruti Suzuki,Brezza,2018,REG-V-002473,491000.0
V002474,C005205,Honda,Amaze,2025,REG-V-002474,1547000.0
V002475,C008953,Volkswagen,Taigun,2020,REG-V-002475,666000.0
V002476,C001093,Kia,Carens,2015,REG-V-002476,736000.0
V002477,C006033,Mahindra,XUV300,2015,REG-V-002477,591000.0
V002478,C002811,Kia,Seltos,2020,REG-V-002478,1179000.0
V002479,C000374,Maruti Suzuki,Dzire,2017,REG-V-002479,551000.0
V002480,C004409,Toyota,Glanza,2019,REG-V-002480,1049000.0
V002481,C002828,Hyundai,Venue,2014,REG-V-002481,462000.0
V002482,C000018,Hyundai,Creta,2024,REG-V-002482,1164000.0
V002483,C004967,Toyota,Glanza,2013,REG-V-002483,818000.0
V002484,C003098,Mahindra,Bolero,2019,REG-V-002484,1176000.0
V002485,C004371,Maruti Suzuki,Baleno,2025,REG-V-002485,870000.0
V002486,C000119,Maruti Suzuki,Swift,2012,REG-V-002486,218000.0
V002487,C004035,Hyundai,Venue,2023,REG-V-002487,815000.0
V002488,C004744,Volkswagen,Virtus,2023,REG-V-002488,1172000.0
V002489,C004697,Maruti Suzuki,Baleno,2020,REG-V-002489,371000.0
V002490,C007221,Maruti Suzuki,Brezza,2017,REG-V-002490,374000.0
V002491,C009917,Tata,Altroz,2016,REG-V-002491,423000.0
V002492,C000295,Maruti Suzuki,Baleno,2012,REG-V-002492,358000.0
V002493,C003975,Honda,Amaze,2024,REG-V-002493,1433000.0
V002494,C008610,Toyota,Glanza,2015,REG-V-002494,613000.0
V002495,C006302,Volkswagen,Virtus,2015,REG-V-002495,779000.0
V002496,C009834,Volkswagen,Polo,2016,REG-V-002496,549000.0
V002497,C007182,Toyota,Fortuner,2024,REG-V-002497,3300000.0
V002498,C007300,Hyundai,Verna,2012,REG-V-002498,305000.0
V002499,C000778,Mahindra,XUV700,2015,REG-V-002499,709000.0
V002500,C002750,Kia,Sonet,2015,REG-V-002500,559000.0
V002501,C005886,Tata,Nexon,2022,REG-V-002501,1354000.0
V002502,C005261,Maruti Suzuki,Baleno,2021,REG-V-002502,640000.0
V002503,C007698,Kia,Sonet,2021,REG-V-002503,1380000.0
V002504,C009943,Honda,Amaze,2012,REG-V-002504,549000.0
V002505,C002078,Mahindra,Bolero,2018,REG-V-002505,733000.0
V002506,C004310,Tata,Tiago,2024,REG-V-002506,1529000.0
V002507,C008711,Kia,Seltos,2017,REG-V-002507,892000.0
V002508,C008420,Hyundai,Creta,2022,REG-V-002508,891000.0
V002509,C008219,Maruti Suzuki,Brezza,2014,REG-V-002509,202000.0
V002510,C006251,Kia,Seltos,2013,REG-V-002510,354000.0
V002511,C009938,Toyota,Glanza,2016,REG-V-002511,1641000.0
V002512,C003583,Toyota,Fortuner,2022,REG-V-002512,2420000.0
V002513,C001157,Mahindra,XUV700,2019,REG-V-002513,1641000.0
V002514,C001335,Maruti Suzuki,Brezza,2018,REG-V-002514,614000.0
V002515,C004391,Honda,City,2014,REG-V-002515,515000.0
V002516,C008110,Toyota,Glanza,2012,REG-V-002516,892000.0
V002517,C004551,Mahindra,XUV300,2024,REG-V-002517,1600000.0
V002518,C006158,Honda,City,2021,REG-V-002518,1219000.0
V002519,C003585,Tata,Tiago,2015,REG-V-002519,447000.0
V002520,C007200,Honda,Civic,2018,REG-V-002520,1047000.0
V002521,C001522,Hyundai,i10,2013,REG-V-002521,335000.0
V002522,C005239,Toyota,Fortuner,2024,REG-V-002522,1464000.0
V002523,C001854,Toyota,Innova,2016,REG-V-002523,1342000.0
V002524,C004726,Honda,Amaze,2012,REG-V-002524,425000.0
V002525,C004335,Maruti Suzuki,Ertiga,2017,REG-V-002525,278000.0
V002526,C006090,Mahindra,XUV300,2014,REG-V-002526,797000.0
V002527,C005128,Maruti Suzuki,Swift,2023,REG-V-002527,915000.0
V002528,C009759,Maruti Suzuki,Swift,2020,REG-V-002528,507000.0
V002529,C009056,Hyundai,Venue,2016,REG-V-002529,516000.0
V002530,C002927,Mahindra,XUV700,2021,REG-V-002530,1629000.0
V002531,C001206,Kia,Seltos,2013,REG-V-002531,454000.0
V002532,C000675,Honda,Amaze,2023,REG-V-002532,1394000.0
V002533,C001991,Volkswagen,Taigun,2014,REG-V-002533,557000.0
V002534,C002243,Honda,City,2021,REG-V-002534,886000.0
V002535,C008946,Volkswagen,Taigun,2012,REG-V-002535,541000.0
V002536,C009285,Honda,Civic,2023,REG-V-002536,1375000.0
V002537,C002324,Maruti Suzuki,Dzire,2019,REG-V-002537,543000.0
V002538,C007653,Honda,Civic,2018,REG-V-002538,836000.0
V002539,C008394,Hyundai,Verna,2016,REG-V-002539,597000.0
V002540,C003784,Maruti Suzuki,Dzire,2012,REG-V-002540,329000.0
V002541,C008764,Volkswagen,Polo,2025,REG-V-002541,1153000.0
V002542,C009890,Honda,Civic,2016,REG-V-002542,688000.0
V002543,C009676,Kia,Sonet,2013,REG-V-002543,770000.0
V002544,C007480,Honda,Amaze,2013,REG-V-002544,449000.0
V002545,C003726,Volkswagen,Virtus,2018,REG-V-002545,694000.0
V002546,C002292,Kia,Carens,2017,REG-V-002546,994000.0
V002547,C009933,Mahindra,Bolero,2012,REG-V-002547,358000.0
V002548,C002760,Kia,Seltos,2016,REG-V-002548,731000.0
V002549,C004415,Volkswagen,Polo,2025,REG-V-002549,870000.0
V002550,C002653,Honda,Civic,2019,REG-V-002550,1119000.0
V002551,C005007,Hyundai,i10,2018,REG-V-002551,394000.0
V002552,C001105,Tata,Altroz,2024,REG-V-002552,1140000.0
V002553,C008145,Kia,Sonet,2024,REG-V-002553,1256000.0
V002554,C005093,Kia,Carens,2017,REG-V-002554,1014000.0
V002555,C004212,Maruti Suzuki,Dzire,2017,REG-V-002555,527000.0
V002556,C003640,Mahindra,Scorpio,2017,REG-V-002556,1307000.0
V002557,C005842,Tata,Punch,2017,REG-V-002557,488000.0
V002558,C007874,Volkswagen,Virtus,2015,REG-V-002558,697000.0
V002559,C009077,Toyota,Glanza,2019,REG-V-002559,1921000.0
V002560,C008455,Kia,Carens,2025,REG-V-002560,1535000.0
V002561,C004472,Mahindra,XUV300,2013,REG-V-002561,403000.0
V002562,C008377,Maruti Suzuki,Baleno,2015,REG-V-002562,422000.0
V002563,C005329,Kia,Seltos,2017,REG-V-002563,478000.0
V002564,C006432,Honda,Civic,2013,REG-V-002564,519000.0
V002565,C006792,Hyundai,i20,2017,REG-V-002565,756000.0
V002566,C004013,Volkswagen,Virtus,2020,REG-V-002566,922000.0
V002567,C004898,Volkswagen,Taigun,2020,REG-V-002567,756000.0
V002568,C006958,Honda,Civic,2016,REG-V-002568,568000.0
V002569,C003060,Tata,Harrier,2016,REG-V-002569,712000.0
V002570,C007532,Honda,Civic,2020,REG-V-002570,772000.0
V002571,C003543,Mahindra,Scorpio,2017,REG-V-002571,687000.0
V002572,C005900,Mahindra,Scorpio,2013,REG-V-002572,788000.0
V002573,C008415,Hyundai,Venue,2015,REG-V-002573,447000.0
V002574,C000248,Maruti Suzuki,Dzire,2019,REG-V-002574,317000.0
V002575,C002425,Maruti Suzuki,Ertiga,2021,REG-V-002575,374000.0
V002576,C005651,Honda,Amaze,2024,REG-V-002576,1322000.0
V002577,C001066,Toyota,Glanza,2016,REG-V-002577,1023000.0
V002578,C002066,Tata,Nexon,2021,REG-V-002578,1230000.0
V002579,C007552,Maruti Suzuki,Ertiga,2021,REG-V-002579,709000.0
V002580,C000274,Mahindra,Bolero,2013,REG-V-002580,797000.0
V002581,C006145,Honda,Amaze,2023,REG-V-002581,951000.0
V002582,C000348,Tata,Harrier,2016,REG-V-002582,336000.0
V002583,C001153,Tata,Punch,2022,REG-V-002583,1098000.0
V002584,C003915,Maruti Suzuki,Ertiga,2019,REG-V-002584,355000.0
V002585,C009647,Toyota,Glanza,2015,REG-V-002585,982000.0
V002586,C005499,Hyundai,i20,2024,REG-V-002586,1232000.0
V002587,C003106,Kia,Sonet,2022,REG-V-002587,767000.0
V002588,C004128,Toyota,Glanza,2017,REG-V-002588,1009000.0
V002589,C005740,Honda,Amaze,2017,REG-V-002589,852000.0
V002590,C006244,Volkswagen,Taigun,2020,REG-V-002590,1170000.0
V002591,C002686,Maruti Suzuki,Ertiga,2012,REG-V-002591,357000.0
V002592,C001983,Honda,Amaze,2020,REG-V-002592,1097000.0
V002593,C004997,Hyundai,i20,2025,REG-V-002593,971000.0
V002594,C006495,Toyota,Glanza,2012,REG-V-002594,1008000.0
V002595,C008213,Honda,Civic,2012,REG-V-002595,343000.0
V002596,C005968,Mahindra,Bolero,2012,REG-V-002596,544000.0
V002597,C006957,Kia,Seltos,2017,REG-V-002597,481000.0
V002598,C004875,Maruti Suzuki,Ertiga,2016,REG-V-002598,261000.0
V002599,C005720,Mahindra,XUV700,2012,REG-V-002599,976000.0
V002600,C006402,Kia,Seltos,2023,REG-V-002600,1004000.0
V002601,C002387,Honda,City,2020,REG-V-002601,1128000.0
V002602,C009375,Toyota,Fortuner,2021,REG-V-002602,2385000.0
V002603,C003450,Tata,Harrier,2014,REG-V-002603,540000.0
V002604,C006090,Volkswagen,Virtus,2012,REG-V-002604,468000.0
V002605,C005648,Toyota,Fortuner,2022,REG-V-002605,1754000.0
V002606,C008573,Hyundai,Verna,2020,REG-V-002606,802000.0
V002607,C001128,Toyota,Glanza,2015,REG-V-002607,1420000.0
V002608,C008899,Tata,Punch,2016,REG-V-002608,767000.0
V002609,C001374,Volkswagen,Polo,2014,REG-V-002609,707000.0
V002610,C001436,Toyota,Fortuner,2015,REG-V-002610,1346000.0
V002611,C008650,Volkswagen,Virtus,2023,REG-V-002611,1417000.0
V002612,C002583,Honda,City,2014,REG-V-002612,546000.0
V002613,C006162,Kia,Seltos,2022,REG-V-002613,1321000.0
V002614,C004673,Mahindra,Scorpio,2013,REG-V-002614,382000.0
V002615,C009376,Honda,Amaze,2014,REG-V-002615,534000.0
V002616,C007896,Maruti Suzuki,Brezza,2025,REG-V-002616,542000.0
V002617,C003336,Tata,Harrier,2022,REG-V-002617,1345000.0
V002618,C008180,Volkswagen,Polo,2012,REG-V-002618,654000.0
V002619,C002281,Tata,Punch,2015,REG-V-002619,405000.0
V002620,C006206,Mahindra,XUV700,2015,REG-V-002620,709000.0
V002621,C007579,Honda,City,2025,REG-V-002621,1224000.0
V002622,C007082,Honda,Civic,2025,REG-V-002622,1363000.0
V002623,C006603,Tata,Altroz,2021,REG-V-002623,1303000.0
V002624,C008346,Hyundai,Creta,2018,REG-V-002624,430000.0
V002625,C005601,Toyota,Fortuner,2019,REG-V-002625,1208000.0
V002626,C009314,Tata,Harrier,2016,REG-V-002626,513000.0
V002627,C001438,Honda,City,2019,REG-V-002627,664000.0
V002628,C003562,Kia,Seltos,2013,REG-V-002628,363000.0
V002629,C007909,Hyundai,Venue,2014,REG-V-002629,253000.0
V002630,C003062,Maruti Suzuki,Dzire,2016,REG-V-002630,490000.0
V002631,C004450,Volkswagen,Polo,2024,REG-V-002631,1424000.0
V002632,C007800,Maruti Suzuki,Ertiga,2018,REG-V-002632,315000.0
V002633,C005422,Honda,Civic,2019,REG-V-002633,858000.0
V002634,C001884,Mahindra,XUV700,2019,REG-V-002634,1484000.0
V002635,C001739,Kia,Seltos,2017,REG-V-002635,528000.0
V002636,C003001,Volkswagen,Taigun,2018,REG-V-002636,670000.0
V002637,C003017,Honda,Amaze,2016,REG-V-002637,683000.0
V002638,C001371,Kia,Seltos,2015,REG-V-002638,756000.0
V002639,C008384,Volkswagen,Taigun,2025,REG-V-002639,1138000.0
V002640,C002817,Hyundai,i20,2019,REG-V-002640,840000.0
V002641,C008083,Honda,City,2012,REG-V-002641,513000.0
V002642,C009737,Maruti Suzuki,Baleno,2023,REG-V-002642,567000.0
V002643,C003301,Kia,Sonet,2021,REG-V-002643,680000.0
V002644,C009699,Kia,Sonet,2016,REG-V-002644,582000.0
V002645,C001921,Kia,Carens,2021,REG-V-002645,1432000.0
V002646,C006514,Mahindra,Scorpio,2019,REG-V-002646,820000.0
V002647,C009915,Honda,Amaze,2024,REG-V-002647,1395000.0
V002648,C008137,Honda,Amaze,2025,REG-V-002648,1283000.0
V002649,C002315,Honda,Amaze,2014,REG-V-002649,516000.0
V002650,C002585,Hyundai,i10,2022,REG-V-002650,1082000.0
V002651,C002639,Toyota,Glanza,2020,REG-V-002651,1702000.0
V002652,C009450,Volkswagen,Taigun,2024,REG-V-002652,1588000.0
V002653,C002475,Volkswagen,Virtus,2018,REG-V-002653,1161000.0
V002654,C005129,Maruti Suzuki,Ertiga,2025,REG-V-002654,766000.0
V002655,C003501,Kia,Sonet,2023,REG-V-002655,811000.0
V002656,C003621,Maruti Suzuki,Swift,2023,REG-V-002656,623000.0
V002657,C004098,Hyundai,Venue,2015,REG-V-002657,495000.0
V002658,C003448,Tata,Nexon,2022,REG-V-002658,1304000.0
V002659,C006037,Mahindra,Scorpio,2017,REG-V-002659,528000.0
V002660,C004280,Tata,Harrier,2023,REG-V-002660,1356000.0
V002661,C004436,Mahindra,Scorpio,2025,REG-V-002661,2060000.0
V002662,C005099,Hyundai,i20,2022,REG-V-002662,1053000.0
V002663,C003565,Mahindra,XUV700,2016,REG-V-002663,871000.0
V002664,C007612,Volkswagen,Virtus,2020,REG-V-002664,639000.0
V002665,C005079,Tata,Nexon,2019,REG-V-002665,658000.0
V002666,C005127,Hyundai,i10,2025,REG-V-002666,1281000.0
V002667,C002104,Maruti Suzuki,Brezza,2022,REG-V-002667,437000.0
V002668,C000321,Mahindra,Scorpio,2021,REG-V-002668,1536000.0
V002669,C008146,Kia,Carens,2012,REG-V-002669,427000.0
V002670,C008598,Toyota,Glanza,2022,REG-V-002670,2464000.0
V002671,C002433,Maruti Suzuki,Dzire,2015,REG-V-002671,296000.0
V002672,C003605,Maruti Suzuki,Baleno,2023,REG-V-002672,570000.0
V002673,C003585,Kia,Carens,2015,REG-V-002673,524000.0
V002674,C006881,Tata,Punch,2016,REG-V-002674,343000.0
V002675,C001880,Mahindra,Scorpio,2013,REG-V-002675,582000.0
V002676,C009788,Mahindra,XUV300,2016,REG-V-002676,1004000.0
V002677,C000642,Maruti Suzuki,Dzire,2023,REG-V-002677,816000.0
V002678,C009741,Honda,Civic,2017,REG-V-002678,729000.0
V002679,C000714,Kia,Seltos,2018,REG-V-002679,676000.0
V002680,C003157,Tata,Altroz,2024,REG-V-002680,556000.0
V002681,C002526,Honda,Civic,2013,REG-V-002681,431000.0
V002682,C002608,Kia,Seltos,2015,REG-V-002682,440000.0
V002683,C009950,Tata,Punch,2017,REG-V-002683,329000.0
V002684,C004608,Volkswagen,Virtus,2018,REG-V-002684,682000.0
V002685,C001193,Toyota,Glanza,2021,REG-V-002685,1522000.0
V002686,C009819,Tata,Harrier,2012,REG-V-002686,592000.0
V002687,C002445,Hyundai,Venue,2023,REG-V-002687,1149000.0
V002688,C000751,Maruti Suzuki,Ertiga,2022,REG-V-002688,606000.0
V002689,C000257,Mahindra,XUV300,2012,REG-V-002689,876000.0
V002690,C004670,Hyundai,Verna,2023,REG-V-002690,976000.0
V002691,C009220,Honda,Amaze,2013,REG-V-002691,362000.0
V002692,C000179,Maruti Suzuki,Baleno,2017,REG-V-002692,531000.0
V002693,C007307,Kia,Seltos,2019,REG-V-002693,605000.0
V002694,C002614,Honda,City,2016,REG-V-002694,572000.0
V002695,C002211,Honda,Civic,2021,REG-V-002695,726000.0
V002696,C007087,Hyundai,i10,2012,REG-V-002696,409000.0
V002697,C007543,Mahindra,Bolero,2025,REG-V-002697,1295000.0
V002698,C005627,Hyundai,Verna,2016,REG-V-002698,319000.0
V002699,C002030,Mahindra,XUV300,2016,REG-V-002699,679000.0
V002700,C000062,Kia,Sonet,2020,REG-V-002700,889000.0
V002701,C007432,Honda,City,2020,REG-V-002701,1086000.0
V002702,C006035,Toyota,Fortuner,2016,REG-V-002702,822000.0
V002703,C004241,Maruti Suzuki,Baleno,2022,REG-V-002703,609000.0
V002704,C002153,Tata,Nexon,2022,REG-V-002704,654000.0
V002705,C007691,Kia,Carens,2015,REG-V-002705,448000.0
V002706,C000732,Volkswagen,Polo,2019,REG-V-002706,820000.0
V002707,C006473,Hyundai,Verna,2017,REG-V-002707,756000.0
V002708,C006917,Volkswagen,Taigun,2018,REG-V-002708,1013000.0
V002709,C002254,Volkswagen,Virtus,2013,REG-V-002709,686000.0
V002710,C004866,Kia,Carens,2021,REG-V-002710,710000.0
V002711,C005239,Honda,City,2025,REG-V-002711,869000.0
V002712,C005956,Kia,Carens,2019,REG-V-002712,1042000.0
V002713,C009065,Tata,Tiago,2015,REG-V-002713,272000.0
V002714,C005507,Kia,Carens,2021,REG-V-002714,1397000.0
V002715,C000699,Volkswagen,Polo,2016,REG-V-002715,756000.0
V002716,C003447,Honda,Amaze,2016,REG-V-002716,572000.0
V002717,C006323,Honda,City,2014,REG-V-002717,398000.0
V002718,C003315,Kia,Seltos,2018,REG-V-002718,880000.0
V002719,C007748,Maruti Suzuki,Swift,2025,REG-V-002719,559000.0
V002720,C001906,Honda,Amaze,2015,REG-V-002720,496000.0
V002721,C001423,Hyundai,Venue,2017,REG-V-002721,386000.0
V002722,C002333,Honda,City,2016,REG-V-002722,423000.0
V002723,C008809,Tata,Punch,2024,REG-V-002723,713000.0
V002724,C006853,Maruti Suzuki,Brezza,2019,REG-V-002724,650000.0
V002725,C005238,Mahindra,XUV700,2021,REG-V-002725,713000.0
V002726,C002990,Mahindra,Bolero,2016,REG-V-002726,748000.0
V002727,C009222,Honda,City,2015,REG-V-002727,413000.0
V002728,C008948,Mahindra,XUV700,2023,REG-V-002728,1690000.0
V002729,C004011,Honda,Civic,2012,REG-V-002729,426000.0
V002730,C007596,Hyundai,Creta,2021,REG-V-002730,803000.0
V002731,C009175,Maruti Suzuki,Ertiga,2013,REG-V-002731,316000.0
V002732,C003114,Honda,Civic,2020,REG-V-002732,804000.0
V002733,C003271,Tata,Tiago,2021,REG-V-002733,494000.0
V002734,C005499,Mahindra,XUV700,2012,REG-V-002734,791000.0
V002735,C004100,Volkswagen,Virtus,2022,REG-V-002735,1334000.0
V002736,C007687,Volkswagen,Virtus,2014,REG-V-002736,333000.0
V002737,C005399,Honda,Amaze,2017,REG-V-002737,928000.0
V002738,C002131,Honda,Amaze,2021,REG-V-002738,1305000.0
V002739,C003567,Toyota,Glanza,2016,REG-V-002739,1199000.0
V002740,C006758,Mahindra,XUV700,2020,REG-V-002740,1249000.0
V002741,C000551,Honda,Civic,2013,REG-V-002741,635000.0
V002742,C003413,Hyundai,i10,2019,REG-V-002742,673000.0
V002743,C000169,Kia,Seltos,2025,REG-V-002743,1568000.0
V002744,C008260,Tata,Punch,2014,REG-V-002744,211000.0
V002745,C001168,Mahindra,Scorpio,2018,REG-V-002745,1506000.0
V002746,C000785,Tata,Punch,2020,REG-V-002746,728000.0
V002747,C007937,Hyundai,i10,2020,REG-V-002747,1047000.0
V002748,C000905,Tata,Altroz,2025,REG-V-002748,1349000.0
V002749,C006881,Tata,Harrier,2020,REG-V-002749,662000.0
V002750,C003806,Kia,Sonet,2017,REG-V-002750,590000.0
V002751,C008271,Toyota,Innova,2013,REG-V-002751,1194000.0
V002752,C001830,Hyundai,i10,2012,REG-V-002752,379000.0
V002753,C000863,Hyundai,Creta,2024,REG-V-002753,1299000.0
V002754,C002307,Honda,City,2023,REG-V-002754,1305000.0
V002755,C009354,Volkswagen,Taigun,2016,REG-V-002755,613000.0
V002756,C008339,Kia,Sonet,2018,REG-V-002756,682000.0
V002757,C002846,Mahindra,XUV700,2020,REG-V-002757,1571000.0
V002758,C002072,Volkswagen,Virtus,2018,REG-V-002758,530000.0
V002759,C001563,Toyota,Glanza,2023,REG-V-002759,3014000.0
V002760,C002235,Volkswagen,Polo,2021,REG-V-002760,1216000.0
V002761,C002061,Honda,City,2019,REG-V-002761,717000.0
V002762,C008942,Maruti Suzuki,Swift,2019,REG-V-002762,644000.0
V002763,C000212,Maruti Suzuki,Brezza,2022,REG-V-002763,561000.0
V002764,C008857,Tata,Punch,2016,REG-V-002764,556000.0
V002765,C000432,Toyota,Glanza,2019,REG-V-002765,2155000.0
V002766,C008319,Kia,Sonet,2019,REG-V-002766,1080000.0
V002767,C004284,Hyundai,i10,2022,REG-V-002767,663000.0
V002768,C000785,Mahindra,XUV300,2016,REG-V-002768,470000.0
V002769,C008053,Toyota,Innova,2025,REG-V-002769,2949000.0
V002770,C002579,Honda,Amaze,2014,REG-V-002770,427000.0
V002771,C008832,Tata,Punch,2015,REG-V-002771,324000.0
V002772,C007592,Kia,Seltos,2012,REG-V-002772,599000.0
V002773,C009815,Tata,Harrier,2016,REG-V-002773,683000.0
V002774,C008361,Maruti Suzuki,Brezza,2017,REG-V-002774,418000.0
V002775,C002430,Tata,Altroz,2017,REG-V-002775,408000.0
V002776,C004111,Maruti Suzuki,Dzire,2018,REG-V-002776,338000.0
V002777,C007009,Volkswagen,Polo,2016,REG-V-002777,635000.0
V002778,C003145,Tata,Tiago,2023,REG-V-002778,1097000.0
V002779,C005508,Toyota,Glanza,2016,REG-V-002779,1093000.0
V002780,C002401,Honda,Amaze,2016,REG-V-002780,442000.0
V002781,C006676,Volkswagen,Polo,2020,REG-V-002781,1169000.0
V002782,C003413,Maruti Suzuki,Ertiga,2016,REG-V-002782,234000.0
V002783,C000571,Volkswagen,Taigun,2017,REG-V-002783,996000.0
V002784,C009676,Tata,Altroz,2023,REG-V-002784,805000.0
V002785,C008479,Mahindra,XUV700,2015,REG-V-002785,971000.0
V002786,C003025,Volkswagen,Virtus,2024,REG-V-002786,819000.0
V002787,C001297,Honda,Amaze,2017,REG-V-002787,644000.0
V002788,C007408,Tata,Altroz,2013,REG-V-002788,524000.0
V002789,C002226,Hyundai,Venue,2022,REG-V-002789,628000.0
V002790,C006099,Kia,Seltos,2025,REG-V-002790,1279000.0
V002791,C007863,Kia,Carens,2018,REG-V-002791,583000.0
V002792,C002725,Mahindra,Scorpio,2022,REG-V-002792,1533000.0
V002793,C002837,Kia,Seltos,2019,REG-V-002793,1316000.0
V002794,C000638,Hyundai,Verna,2025,REG-V-002794,1151000.0
V002795,C003183,Maruti Suzuki,Swift,2013,REG-V-002795,220000.0
V002796,C006012,Tata,Altroz,2020,REG-V-002796,724000.0
V002797,C001552,Toyota,Fortuner,2022,REG-V-002797,2890000.0
V002798,C009539,Kia,Sonet,2014,REG-V-002798,504000.0
V002799,C007281,Hyundai,Venue,2017,REG-V-002799,536000.0
V002800,C002047,Hyundai,Venue,2012,REG-V-002800,258000.0
V002801,C005352,Tata,Altroz,2024,REG-V-002801,1290000.0
V002802,C003929,Tata,Altroz,2013,REG-V-002802,492000.0
V002803,C003829,Tata,Altroz,2024,REG-V-002803,753000.0
V002804,C005636,Kia,Seltos,2019,REG-V-002804,1274000.0
V002805,C001084,Kia,Seltos,2013,REG-V-002805,472000.0
V002806,C002173,Maruti Suzuki,Swift,2025,REG-V-002806,562000.0
V002807,C001487,Toyota,Innova,2023,REG-V-002807,1856000.0
V002808,C001732,Volkswagen,Virtus,2014,REG-V-002808,550000.0
V002809,C006590,Mahindra,XUV700,2025,REG-V-002809,916000.0
V002810,C009967,Honda,Civic,2019,REG-V-002810,938000.0
V002811,C006548,Kia,Seltos,2012,REG-V-002811,745000.0
V002812,C009847,Toyota,Innova,2017,REG-V-002812,1859000.0
V002813,C005816,Tata,Tiago,2023,REG-V-002813,1080000.0
V002814,C002824,Hyundai,i10,2023,REG-V-002814,1117000.0
V002815,C008774,Honda,Civic,2013,REG-V-002815,636000.0
V002816,C000698,Tata,Punch,2015,REG-V-002816,543000.0
V002817,C001038,Mahindra,XUV300,2024,REG-V-002817,1735000.0
V002818,C009489,Tata,Tiago,2021,REG-V-002818,1243000.0
V002819,C006539,Toyota,Fortuner,2016,REG-V-002819,706000.0
V002820,C009322,Toyota,Innova,2012,REG-V-002820,440000.0
V002821,C001337,Hyundai,Venue,2023,REG-V-002821,649000.0
V002822,C007750,Toyota,Glanza,2014,REG-V-002822,662000.0
V002823,C002370,Mahindra,XUV300,2024,REG-V-002823,1629000.0
V002824,C003427,Maruti Suzuki,Brezza,2023,REG-V-002824,853000.0
V002825,C009040,Tata,Altroz,2014,REG-V-002825,261000.0
V002826,C004126,Tata,Tiago,2014,REG-V-002826,534000.0
V002827,C006750,Maruti Suzuki,Baleno,2018,REG-V-002827,339000.0
V002828,C008931,Tata,Altroz,2018,REG-V-002828,561000.0
V002829,C008754,Mahindra,Scorpio,2020,REG-V-002829,1192000.0
V002830,C000091,Maruti Suzuki,Baleno,2013,REG-V-002830,287000.0
V002831,C001576,Volkswagen,Taigun,2024,REG-V-002831,957000.0
V002832,C009222,Toyota,Glanza,2020,REG-V-002832,1523000.0
V002833,C005663,Volkswagen,Virtus,2023,REG-V-002833,1748000.0
V002834,C004838,Hyundai,Verna,2017,REG-V-002834,561000.0
V002835,C000681,Volkswagen,Polo,2023,REG-V-002835,1035000.0
V002836,C000268,Mahindra,XUV300,2022,REG-V-002836,801000.0
V002837,C009543,Tata,Punch,2020,REG-V-002837,720000.0
V002838,C004776,Mahindra,XUV700,2012,REG-V-002838,840000.0
V002839,C007936,Kia,Carens,2012,REG-V-002839,598000.0
V002840,C002218,Honda,Civic,2017,REG-V-002840,735000.0
V002841,C002396,Mahindra,Bolero,2014,REG-V-002841,524000.0
V002842,C005640,Mahindra,Scorpio,2014,REG-V-002842,677000.0
V002843,C008809,Tata,Altroz,2020,REG-V-002843,505000.0
V002844,C002873,Toyota,Innova,2016,REG-V-002844,1411000.0
V002845,C003272,Tata,Nexon,2013,REG-V-002845,406000.0
V002846,C005545,Volkswagen,Polo,2023,REG-V-002846,1093000.0
V002847,C000413,Kia,Sonet,2024,REG-V-002847,1457000.0
V002848,C003799,Volkswagen,Taigun,2013,REG-V-002848,717000.0
V002849,C005603,Hyundai,Creta,2023,REG-V-002849,681000.0
V002850,C000050,Mahindra,XUV700,2023,REG-V-002850,2273000.0
V002851,C006432,Maruti Suzuki,Baleno,2013,REG-V-002851,292000.0
V002852,C000523,Hyundai,Creta,2014,REG-V-002852,384000.0
V002853,C007255,Toyota,Fortuner,2018,REG-V-002853,2052000.0
V002854,C008078,Hyundai,Verna,2021,REG-V-002854,743000.0
V002855,C008426,Honda,Amaze,2020,REG-V-002855,922000.0
V002856,C006776,Kia,Seltos,2025,REG-V-002856,927000.0
V002857,C005655,Mahindra,Scorpio,2015,REG-V-002857,457000.0
V002858,C003058,Toyota,Fortuner,2016,REG-V-002858,1148000.0
V002859,C004267,Volkswagen,Polo,2015,REG-V-002859,483000.0
V002860,C000884,Hyundai,Venue,2013,REG-V-002860,307000.0
V002861,C007120,Maruti Suzuki,Swift,2023,REG-V-002861,498000.0
V002862,C000263,Volkswagen,Taigun,2012,REG-V-002862,717000.0
V002863,C004151,Honda,Civic,2017,REG-V-002863,898000.0
V002864,C005099,Tata,Harrier,2024,REG-V-002864,1325000.0
V002865,C006539,Tata,Harrier,2017,REG-V-002865,890000.0
V002866,C003427,Toyota,Glanza,2018,REG-V-002866,1849000.0
V002867,C004449,Tata,Nexon,2017,REG-V-002867,903000.0
V002868,C005917,Mahindra,XUV300,2012,REG-V-002868,487000.0
V002869,C009265,Kia,Carens,2021,REG-V-002869,1344000.0
V002870,C006764,Mahindra,Bolero,2025,REG-V-002870,1023000.0
V002871,C002560,Honda,Civic,2024,REG-V-002871,984000.0
V002872,C008518,Mahindra,XUV300,2014,REG-V-002872,747000.0
V002873,C000571,Toyota,Fortuner,2018,REG-V-002873,1345000.0
V002874,C002724,Toyota,Innova,2021,REG-V-002874,1477000.0
V002875,C001084,Toyota,Innova,2022,REG-V-002875,2188000.0
V002876,C004481,Toyota,Glanza,2023,REG-V-002876,1905000.0
V002877,C006423,Toyota,Glanza,2012,REG-V-002877,807000.0
V002878,C005355,Volkswagen,Polo,2019,REG-V-002878,1225000.0
V002879,C008158,Tata,Punch,2012,REG-V-002879,452000.0
V002880,C005727,Mahindra,XUV300,2017,REG-V-002880,1284000.0
V002881,C002350,Mahindra,XUV700,2025,REG-V-002881,1222000.0
V002882,C005398,Maruti Suzuki,Ertiga,2024,REG-V-002882,628000.0
V002883,C007412,Honda,Civic,2015,REG-V-002883,549000.0
V002884,C005075,Hyundai,Verna,2019,REG-V-002884,566000.0
V002885,C004443,Maruti Suzuki,Baleno,2019,REG-V-002885,345000.0
V002886,C005338,Tata,Altroz,2018,REG-V-002886,715000.0
V002887,C005521,Tata,Nexon,2022,REG-V-002887,901000.0
V002888,C003095,Tata,Nexon,2025,REG-V-002888,1259000.0
V002889,C008586,Hyundai,i10,2015,REG-V-002889,562000.0
V002890,C002087,Toyota,Innova,2013,REG-V-002890,934000.0
V002891,C000339,Tata,Punch,2013,REG-V-002891,579000.0
V002892,C007477,Mahindra,Scorpio,2021,REG-V-002892,774000.0
V002893,C008461,Mahindra,Bolero,2025,REG-V-002893,904000.0
V002894,C006473,Mahindra,XUV300,2014,REG-V-002894,767000.0
V002895,C004730,Kia,Seltos,2018,REG-V-002895,1151000.0
V002896,C009754,Maruti Suzuki,Baleno,2025,REG-V-002896,684000.0
V002897,C003715,Honda,Civic,2019,REG-V-002897,895000.0
V002898,C004078,Kia,Carens,2022,REG-V-002898,1651000.0
V002899,C005955,Honda,Civic,2016,REG-V-002899,492000.0
V002900,C004334,Tata,Tiago,2018,REG-V-002900,461000.0
V002901,C005588,Mahindra,XUV700,2021,REG-V-002901,1106000.0
V002902,C009663,Honda,City,2013,REG-V-002902,620000.0
V002903,C002401,Kia,Seltos,2020,REG-V-002903,1099000.0
V002904,C001478,Mahindra,Scorpio,2025,REG-V-002904,1306000.0
V002905,C004254,Kia,Seltos,2024,REG-V-002905,1447000.0
V002906,C005083,Mahindra,XUV300,2023,REG-V-002906,1026000.0
V002907,C007181,Kia,Seltos,2023,REG-V-002907,1535000.0
V002908,C009559,Maruti Suzuki,Swift,2016,REG-V-002908,289000.0
V002909,C006920,Mahindra,Bolero,2021,REG-V-002909,731000.0
V002910,C009875,Tata,Punch,2015,REG-V-002910,640000.0
V002911,C002484,Tata,Harrier,2024,REG-V-002911,1059000.0
V002912,C002096,Honda,City,2025,REG-V-002912,880000.0
V002913,C003051,Tata,Nexon,2024,REG-V-002913,1105000.0
V002914,C007942,Kia,Sonet,2025,REG-V-002914,1691000.0
V002915,C001874,Honda,Civic,2021,REG-V-002915,665000.0
V002916,C001973,Toyota,Fortuner,2024,REG-V-002916,2278000.0
V002917,C004133,Volkswagen,Polo,2023,REG-V-002917,1103000.0
V002918,C003157,Hyundai,Creta,2016,REG-V-002918,326000.0
V002919,C006507,Hyundai,Creta,2013,REG-V-002919,430000.0
V002920,C008957,Volkswagen,Virtus,2016,REG-V-002920,453000.0
V002921,C001390,Kia,Carens,2021,REG-V-002921,655000.0
V002922,C005509,Mahindra,Bolero,2025,REG-V-002922,1327000.0
V002923,C000896,Toyota,Innova,2013,REG-V-002923,1295000.0
V002924,C002237,Tata,Harrier,2023,REG-V-002924,1140000.0
V002925,C003077,Honda,Amaze,2022,REG-V-002925,963000.0
V002926,C005836,Tata,Punch,2016,REG-V-002926,736000.0
V002927,C005584,Kia,Carens,2022,REG-V-002927,1709000.0
V002928,C006475,Honda,City,2014,REG-V-002928,342000.0
V002929,C008239,Kia,Sonet,2021,REG-V-002929,675000.0
V002930,C001880,Volkswagen,Virtus,2013,REG-V-002930,458000.0
V002931,C007499,Volkswagen,Taigun,2016,REG-V-002931,771000.0
V002932,C006715,Tata,Harrier,2024,REG-V-002932,1250000.0
V002933,C000805,Tata,Nexon,2016,REG-V-002933,410000.0
V002934,C003443,Hyundai,i10,2023,REG-V-002934,1187000.0
V002935,C000295,Maruti Suzuki,Swift,2023,REG-V-002935,488000.0
V002936,C000911,Honda,Civic,2018,REG-V-002936,708000.0
V002937,C002830,Maruti Suzuki,Brezza,2015,REG-V-002937,209000.0
V002938,C002449,Honda,Amaze,2019,REG-V-002938,1111000.0
V002939,C009054,Maruti Suzuki,Baleno,2017,REG-V-002939,379000.0
V002940,C008989,Kia,Seltos,2019,REG-V-002940,955000.0
V002941,C005823,Toyota,Glanza,2024,REG-V-002941,1945000.0
V002942,C007406,Toyota,Innova,2022,REG-V-002942,1038000.0
V002943,C009995,Tata,Punch,2019,REG-V-002943,789000.0
V002944,C004120,Tata,Tiago,2023,REG-V-002944,1056000.0
V002945,C005261,Toyota,Fortuner,2025,REG-V-002945,3517000.0
V002946,C006548,Maruti Suzuki,Baleno,2016,REG-V-002946,260000.0
V002947,C009242,Hyundai,i10,2022,REG-V-002947,756000.0
V002948,C008033,Volkswagen,Taigun,2019,REG-V-002948,1132000.0
V002949,C000671,Maruti Suzuki,Swift,2024,REG-V-002949,618000.0
V002950,C007178,Volkswagen,Polo,2018,REG-V-002950,538000.0
V002951,C002536,Mahindra,XUV700,2018,REG-V-002951,846000.0
V002952,C002566,Maruti Suzuki,Dzire,2024,REG-V-002952,720000.0
V002953,C005511,Kia,Seltos,2023,REG-V-002953,1039000.0
V002954,C007003,Honda,Amaze,2020,REG-V-002954,943000.0
V002955,C001587,Kia,Sonet,2014,REG-V-002955,493000.0
V002956,C003131,Mahindra,XUV300,2023,REG-V-002956,1701000.0
V002957,C007213,Mahindra,XUV700,2014,REG-V-002957,485000.0
V002958,C001510,Hyundai,Verna,2024,REG-V-002958,1283000.0
V002959,C008545,Toyota,Glanza,2017,REG-V-002959,1807000.0
V002960,C004585,Mahindra,Scorpio,2016,REG-V-002960,935000.0
V002961,C005902,Toyota,Fortuner,2015,REG-V-002961,1498000.0
V002962,C000810,Kia,Sonet,2022,REG-V-002962,1494000.0
V002963,C009551,Tata,Tiago,2021,REG-V-002963,854000.0
V002964,C009127,Maruti Suzuki,Brezza,2022,REG-V-002964,673000.0
V002965,C001908,Volkswagen,Virtus,2017,REG-V-002965,588000.0
V002966,C006679,Honda,Civic,2024,REG-V-002966,1454000.0
V002967,C007994,Kia,Sonet,2013,REG-V-002967,366000.0
V002968,C001218,Maruti Suzuki,Brezza,2018,REG-V-002968,322000.0
V002969,C005821,Honda,City,2018,REG-V-002969,669000.0
V002970,C008553,Maruti Suzuki,Dzire,2012,REG-V-002970,329000.0
V002971,C005105,Honda,Amaze,2024,REG-V-002971,1679000.0
V002972,C009271,Toyota,Fortuner,2018,REG-V-002972,1938000.0
V002973,C000496,Kia,Seltos,2021,REG-V-002973,962000.0
V002974,C009227,Tata,Nexon,2025,REG-V-002974,1596000.0
V002975,C009770,Volkswagen,Virtus,2018,REG-V-002975,661000.0
V002976,C001554,Kia,Sonet,2020,REG-V-002976,744000.0
V002977,C004337,Honda,Amaze,2025,REG-V-002977,1404000.0
V002978,C006252,Hyundai,i10,2018,REG-V-002978,674000.0
V002979,C008987,Kia,Seltos,2022,REG-V-002979,1023000.0
V002980,C001589,Toyota,Glanza,2014,REG-V-002980,875000.0
V002981,C003324,Tata,Nexon,2025,REG-V-002981,933000.0
V002982,C008043,Honda,Amaze,2019,REG-V-002982,851000.0
V002983,C004118,Tata,Nexon,2021,REG-V-002983,919000.0
V002984,C006093,Tata,Tiago,2023,REG-V-002984,560000.0
V002985,C005638,Volkswagen,Polo,2022,REG-V-002985,1020000.0
V002986,C009734,Kia,Sonet,2015,REG-V-002986,473000.0
V002987,C001415,Hyundai,i10,2018,REG-V-002987,473000.0
V002988,C009496,Toyota,Glanza,2017,REG-V-002988,948000.0
V002989,C005685,Tata,Nexon,2019,REG-V-002989,697000.0
V002990,C009089,Volkswagen,Virtus,2021,REG-V-002990,1434000.0
V002991,C001177,Tata,Punch,2018,REG-V-002991,511000.0
V002992,C006462,Hyundai,Creta,2021,REG-V-002992,757000.0
V002993,C008440,Mahindra,Scorpio,2023,REG-V-002993,758000.0
V002994,C007940,Maruti Suzuki,Swift,2017,REG-V-002994,298000.0
V002995,C000100,Volkswagen,Taigun,2018,REG-V-002995,1126000.0
V002996,C004546,Volkswagen,Taigun,2018,REG-V-002996,697000.0
V002997,C001146,Volkswagen,Virtus,2015,REG-V-002997,803000.0
V002998,C001518,Maruti Suzuki,Ertiga,2021,REG-V-002998,487000.0
V002999,C007111,Tata,Altroz,2021,REG-V-002999,1089000.0
V003000,C009572,Hyundai,i10,2017,REG-V-003000,746000.0
V003001,C006385,Mahindra,XUV300,2025,REG-V-003001,1840000.0
V003002,C001038,Tata,Punch,2015,REG-V-003002,616000.0
V003003,C002460,Hyundai,Venue,2024,REG-V-003003,1333000.0
V003004,C003799,Volkswagen,Taigun,2015,REG-V-003004,412000.0
V003005,C001253,Maruti Suzuki,Ertiga,2012,REG-V-003005,228000.0
V003006,C008525,Tata,Punch,2019,REG-V-003006,766000.0
V003007,C001954,Kia,Sonet,2021,REG-V-003007,799000.0
V003008,C001296,Tata,Harrier,2014,REG-V-003008,512000.0
V003009,C007312,Volkswagen,Virtus,2025,REG-V-003009,1958000.0
V003010,C001268,Honda,Amaze,2024,REG-V-003010,859000.0
V003011,C004120,Honda,Civic,2021,REG-V-003011,1176000.0
V003012,C005188,Hyundai,Verna,2014,REG-V-003012,291000.0
V003013,C000807,Tata,Tiago,2012,REG-V-003013,357000.0
V003014,C005596,Toyota,Glanza,2024,REG-V-003014,1739000.0
V003015,C004837,Hyundai,i20,2019,REG-V-003015,822000.0
V003016,C006732,Honda,Civic,2021,REG-V-003016,996000.0
V003017,C002212,Honda,Amaze,2015,REG-V-003017,503000.0
V003018,C003571,Toyota,Glanza,2013,REG-V-003018,564000.0
V003019,C006641,Honda,Civic,2024,REG-V-003019,1153000.0
V003020,C000361,Kia,Sonet,2016,REG-V-003020,760000.0
V003021,C001150,Maruti Suzuki,Swift,2013,REG-V-003021,273000.0
V003022,C002827,Toyota,Innova,2018,REG-V-003022,674000.0
V003023,C001068,Mahindra,XUV300,2025,REG-V-003023,1053000.0
V003024,C000406,Hyundai,Venue,2017,REG-V-003024,707000.0
V003025,C009877,Toyota,Glanza,2025,REG-V-003025,2483000.0
V003026,C004582,Toyota,Innova,2018,REG-V-003026,709000.0
V003027,C005378,Honda,City,2021,REG-V-003027,1054000.0
V003028,C002566,Honda,Amaze,2021,REG-V-003028,1369000.0
V003029,C000075,Toyota,Fortuner,2015,REG-V-003029,1461000.0
V003030,C007567,Mahindra,Bolero,2015,REG-V-003030,696000.0
V003031,C007295,Toyota,Glanza,2021,REG-V-003031,2554000.0
V003032,C009728,Toyota,Innova,2019,REG-V-003032,2213000.0
V003033,C000222,Toyota,Innova,2022,REG-V-003033,1369000.0
V003034,C001374,Kia,Seltos,2012,REG-V-003034,366000.0
V003035,C007171,Kia,Sonet,2016,REG-V-003035,489000.0
V003036,C003284,Tata,Harrier,2020,REG-V-003036,794000.0
V003037,C000662,Kia,Sonet,2013,REG-V-003037,707000.0
V003038,C002997,Toyota,Innova,2022,REG-V-003038,1940000.0
V003039,C000889,Volkswagen,Taigun,2014,REG-V-003039,473000.0
V003040,C008415,Kia,Carens,2014,REG-V-003040,367000.0
V003041,C008818,Toyota,Fortuner,2020,REG-V-003041,871000.0
V003042,C006423,Volkswagen,Polo,2018,REG-V-003042,635000.0
V003043,C003862,Toyota,Fortuner,2018,REG-V-003043,1818000.0
V003044,C007756,Kia,Carens,2025,REG-V-003044,1446000.0
V003045,C006357,Maruti Suzuki,Ertiga,2019,REG-V-003045,565000.0
V003046,C007982,Volkswagen,Taigun,2025,REG-V-003046,1129000.0
V003047,C005141,Kia,Seltos,2023,REG-V-003047,1677000.0
V003048,C009588,Hyundai,i20,2012,REG-V-003048,500000.0
V003049,C002885,Kia,Sonet,2022,REG-V-003049,1458000.0
V003050,C006085,Mahindra,XUV700,2017,REG-V-003050,595000.0
V003051,C008134,Honda,Amaze,2020,REG-V-003051,620000.0
V003052,C008990,Volkswagen,Taigun,2015,REG-V-003052,770000.0
V003053,C009482,Toyota,Innova,2016,REG-V-003053,1567000.0
V003054,C003967,Maruti Suzuki,Baleno,2022,REG-V-003054,509000.0
V003055,C007037,Toyota,Glanza,2020,REG-V-003055,1011000.0
V003056,C002886,Mahindra,XUV300,2018,REG-V-003056,1424000.0
V003057,C006533,Honda,Civic,2017,REG-V-003057,665000.0
V003058,C001847,Toyota,Fortuner,2015,REG-V-003058,1104000.0
V003059,C004232,Kia,Seltos,2017,REG-V-003059,592000.0
V003060,C009239,Kia,Carens,2013,REG-V-003060,348000.0
V003061,C008157,Tata,Tiago,2017,REG-V-003061,545000.0
V003062,C005011,Honda,Amaze,2019,REG-V-003062,915000.0
V003063,C001460,Kia,Carens,2025,REG-V-003063,1080000.0
V003064,C004006,Tata,Altroz,2024,REG-V-003064,1047000.0
V003065,C001391,Maruti Suzuki,Dzire,2021,REG-V-003065,738000.0
V003066,C000710,Hyundai,i10,2025,REG-V-003066,1042000.0
V003067,C009117,Honda,City,2025,REG-V-003067,1136000.0
V003068,C004953,Maruti Suzuki,Dzire,2018,REG-V-003068,425000.0
V003069,C000904,Mahindra,Bolero,2015,REG-V-003069,513000.0
V003070,C007218,Tata,Harrier,2025,REG-V-003070,885000.0
V003071,C000766,Mahindra,XUV300,2021,REG-V-003071,749000.0
V003072,C003976,Toyota,Innova,2020,REG-V-003072,2521000.0
V003073,C002320,Honda,Civic,2021,REG-V-003073,722000.0
V003074,C001644,Tata,Altroz,2018,REG-V-003074,402000.0
V003075,C005376,Hyundai,Creta,2019,REG-V-003075,792000.0
V003076,C007253,Volkswagen,Polo,2022,REG-V-003076,1208000.0
V003077,C004908,Maruti Suzuki,Swift,2023,REG-V-003077,801000.0
V003078,C008259,Hyundai,i20,2018,REG-V-003078,644000.0
V003079,C009212,Volkswagen,Polo,2020,REG-V-003079,709000.0
V003080,C008125,Tata,Altroz,2014,REG-V-003080,583000.0
V003081,C009572,Tata,Altroz,2019,REG-V-003081,1014000.0
V003082,C009323,Kia,Seltos,2020,REG-V-003082,868000.0
V003083,C008365,Tata,Harrier,2023,REG-V-003083,1320000.0
V003084,C002911,Maruti Suzuki,Baleno,2023,REG-V-003084,672000.0
V003085,C001734,Volkswagen,Virtus,2020,REG-V-003085,664000.0
V003086,C007327,Hyundai,i20,2016,REG-V-003086,695000.0
V003087,C008499,Maruti Suzuki,Swift,2021,REG-V-003087,592000.0
V003088,C008281,Volkswagen,Virtus,2018,REG-V-003088,587000.0
V003089,C006480,Maruti Suzuki,Swift,2015,REG-V-003089,339000.0
V003090,C008345,Toyota,Innova,2018,REG-V-003090,1090000.0
V003091,C007121,Mahindra,XUV700,2022,REG-V-003091,1761000.0
V003092,C006703,Tata,Tiago,2020,REG-V-003092,529000.0
V003093,C000482,Maruti Suzuki,Ertiga,2021,REG-V-003093,709000.0
V003094,C004635,Hyundai,i20,2019,REG-V-003094,827000.0
V003095,C000346,Maruti Suzuki,Swift,2013,REG-V-003095,327000.0
V003096,C000926,Mahindra,Bolero,2014,REG-V-003096,406000.0
V003097,C005447,Hyundai,Verna,2018,REG-V-003097,718000.0
V003098,C000494,Honda,Civic,2012,REG-V-003098,379000.0
V003099,C009172,Volkswagen,Taigun,2024,REG-V-003099,887000.0
V003100,C004524,Hyundai,Venue,2014,REG-V-003100,507000.0
V003101,C007042,Kia,Sonet,2017,REG-V-003101,834000.0
V003102,C001467,Toyota,Innova,2017,REG-V-003102,729000.0
V003103,C008523,Honda,City,2015,REG-V-003103,715000.0
V003104,C004820,Hyundai,i10,2022,REG-V-003104,1124000.0
V003105,C005624,Hyundai,i10,2023,REG-V-003105,1147000.0
V003106,C006524,Maruti Suzuki,Brezza,2018,REG-V-003106,540000.0
V003107,C005436,Mahindra,XUV300,2013,REG-V-003107,717000.0
V003108,C005673,Tata,Nexon,2016,REG-V-003108,753000.0
V003109,C007511,Hyundai,Creta,2012,REG-V-003109,525000.0
V003110,C008118,Tata,Harrier,2013,REG-V-003110,417000.0
V003111,C003046,Toyota,Fortuner,2023,REG-V-003111,1263000.0
V003112,C009254,Toyota,Glanza,2012,REG-V-003112,799000.0
V003113,C003539,Volkswagen,Virtus,2017,REG-V-003113,912000.0
V003114,C002724,Volkswagen,Polo,2020,REG-V-003114,772000.0
V003115,C003099,Kia,Carens,2012,REG-V-003115,746000.0
V003116,C003588,Hyundai,Creta,2025,REG-V-003116,1493000.0
V003117,C003151,Toyota,Innova,2019,REG-V-003117,1743000.0
V003118,C008477,Hyundai,Verna,2017,REG-V-003118,530000.0
V003119,C005651,Tata,Harrier,2017,REG-V-003119,504000.0
V003120,C009675,Mahindra,Scorpio,2016,REG-V-003120,927000.0
V003121,C000858,Honda,City,2024,REG-V-003121,1512000.0
V003122,C006186,Mahindra,XUV700,2024,REG-V-003122,2076000.0
V003123,C000965,Volkswagen,Virtus,2022,REG-V-003123,1162000.0
V003124,C004614,Kia,Carens,2023,REG-V-003124,821000.0
V003125,C003833,Mahindra,Bolero,2023,REG-V-003125,795000.0
V003126,C006851,Maruti Suzuki,Baleno,2019,REG-V-003126,352000.0
V003127,C007518,Toyota,Innova,2016,REG-V-003127,1184000.0
V003128,C002404,Kia,Seltos,2022,REG-V-003128,1497000.0
V003129,C001940,Tata,Harrier,2017,REG-V-003129,425000.0
V003130,C004213,Volkswagen,Taigun,2013,REG-V-003130,449000.0
V003131,C002438,Kia,Carens,2024,REG-V-003131,1341000.0
V003132,C006814,Maruti Suzuki,Ertiga,2019,REG-V-003132,606000.0
V003133,C005212,Hyundai,i10,2021,REG-V-003133,686000.0
V003134,C008319,Hyundai,Creta,2021,REG-V-003134,1069000.0
V003135,C009810,Maruti Suzuki,Swift,2024,REG-V-003135,572000.0
V003136,C003791,Mahindra,Scorpio,2014,REG-V-003136,539000.0
V003137,C009163,Volkswagen,Taigun,2017,REG-V-003137,745000.0
V003138,C007845,Mahindra,XUV300,2021,REG-V-003138,1212000.0
V003139,C001483,Volkswagen,Polo,2021,REG-V-003139,699000.0
V003140,C008395,Kia,Carens,2024,REG-V-003140,1714000.0
V003141,C004850,Maruti Suzuki,Ertiga,2023,REG-V-003141,823000.0
V003142,C007140,Toyota,Fortuner,2012,REG-V-003142,958000.0
V003143,C007074,Toyota,Innova,2013,REG-V-003143,1034000.0
V003144,C008916,Mahindra,Bolero,2015,REG-V-003144,472000.0
V003145,C007683,Honda,Amaze,2024,REG-V-003145,1391000.0
V003146,C008296,Volkswagen,Virtus,2018,REG-V-003146,1133000.0
V003147,C003192,Mahindra,XUV300,2019,REG-V-003147,1065000.0
V003148,C009734,Mahindra,Bolero,2018,REG-V-003148,786000.0
V003149,C006663,Kia,Carens,2024,REG-V-003149,1615000.0
V003150,C007805,Tata,Punch,2024,REG-V-003150,1124000.0
V003151,C008628,Kia,Seltos,2018,REG-V-003151,994000.0
V003152,C001240,Maruti Suzuki,Brezza,2015,REG-V-003152,207000.0
V003153,C003354,Maruti Suzuki,Baleno,2016,REG-V-003153,374000.0
V003154,C008395,Toyota,Glanza,2014,REG-V-003154,970000.0
V003155,C009253,Honda,Amaze,2012,REG-V-003155,621000.0
V003156,C007628,Honda,Civic,2013,REG-V-003156,500000.0
V003157,C004858,Tata,Nexon,2014,REG-V-003157,466000.0
V003158,C002529,Hyundai,Venue,2021,REG-V-003158,903000.0
V003159,C005290,Hyundai,i10,2014,REG-V-003159,308000.0
V003160,C003990,Kia,Seltos,2020,REG-V-003160,1143000.0
V003161,C008911,Mahindra,Bolero,2025,REG-V-003161,2552000.0
V003162,C005724,Honda,Civic,2018,REG-V-003162,946000.0
V003163,C003936,Toyota,Fortuner,2023,REG-V-003163,1861000.0
V003164,C005032,Kia,Carens,2012,REG-V-003164,542000.0
V003165,C009371,Kia,Sonet,2017,REG-V-003165,891000.0
V003166,C006179,Maruti Suzuki,Swift,2023,REG-V-003166,853000.0
V003167,C002310,Honda,Amaze,2013,REG-V-003167,615000.0
V003168,C005048,Honda,Amaze,2025,REG-V-003168,900000.0
V003169,C004696,Maruti Suzuki,Swift,2012,REG-V-003169,272000.0
V003170,C003093,Maruti Suzuki,Ertiga,2022,REG-V-003170,434000.0
V003171,C007420,Maruti Suzuki,Ertiga,2025,REG-V-003171,491000.0
V003172,C002689,Hyundai,i20,2020,REG-V-003172,827000.0
V003173,C004966,Honda,City,2023,REG-V-003173,1047000.0
V003174,C004437,Tata,Harrier,2025,REG-V-003174,1549000.0
V003175,C004706,Maruti Suzuki,Dzire,2019,REG-V-003175,522000.0
V003176,C005721,Volkswagen,Virtus,2013,REG-V-003176,520000.0
V003177,C006872,Honda,Civic,2012,REG-V-003177,648000.0
V003178,C001423,Mahindra,XUV300,2019,REG-V-003178,1619000.0
V003179,C002869,Hyundai,Verna,2017,REG-V-003179,804000.0
V003180,C007800,Kia,Sonet,2016,REG-V-003180,772000.0
V003181,C009129,Mahindra,Scorpio,2019,REG-V-003181,1238000.0
V003182,C000462,Kia,Seltos,2014,REG-V-003182,507000.0
V003183,C000759,Hyundai,i20,2013,REG-V-003183,269000.0
V003184,C009373,Honda,Amaze,2025,REG-V-003184,1414000.0
V003185,C001468,Toyota,Glanza,2022,REG-V-003185,1716000.0
V003186,C009791,Hyundai,i20,2025,REG-V-003186,1250000.0
V003187,C008334,Kia,Seltos,2016,REG-V-003187,515000.0
V003188,C001201,Volkswagen,Virtus,2015,REG-V-003188,702000.0
V003189,C001038,Kia,Carens,2014,REG-V-003189,317000.0
V003190,C009770,Mahindra,XUV300,2015,REG-V-003190,614000.0
V003191,C002565,Mahindra,Scorpio,2018,REG-V-003191,1223000.0
V003192,C005423,Maruti Suzuki,Ertiga,2024,REG-V-003192,973000.0
V003193,C002387,Mahindra,XUV300,2014,REG-V-003193,655000.0
V003194,C006044,Hyundai,Venue,2024,REG-V-003194,676000.0
V003195,C008439,Toyota,Innova,2012,REG-V-003195,975000.0
V003196,C006606,Tata,Harrier,2025,REG-V-003196,1114000.0
V003197,C000482,Volkswagen,Virtus,2017,REG-V-003197,971000.0
V003198,C005990,Mahindra,Bolero,2016,REG-V-003198,940000.0
V003199,C006657,Volkswagen,Taigun,2021,REG-V-003199,985000.0
V003200,C002018,Volkswagen,Taigun,2013,REG-V-003200,703000.0
V003201,C007692,Toyota,Glanza,2013,REG-V-003201,494000.0
V003202,C006312,Maruti Suzuki,Baleno,2014,REG-V-003202,311000.0
V003203,C000097,Hyundai,Creta,2022,REG-V-003203,1107000.0
V003204,C009514,Hyundai,Creta,2015,REG-V-003204,618000.0
V003205,C004472,Volkswagen,Virtus,2012,REG-V-003205,711000.0
V003206,C002347,Honda,City,2013,REG-V-003206,355000.0
V003207,C000877,Hyundai,Venue,2015,REG-V-003207,457000.0
V003208,C003752,Toyota,Fortuner,2025,REG-V-003208,3574000.0
V003209,C003059,Volkswagen,Polo,2025,REG-V-003209,1478000.0
V003210,C002966,Hyundai,Verna,2025,REG-V-003210,900000.0
V003211,C007994,Honda,Amaze,2016,REG-V-003211,840000.0
V003212,C006502,Hyundai,Venue,2014,REG-V-003212,423000.0
V003213,C001338,Honda,City,2022,REG-V-003213,1008000.0
V003214,C007128,Toyota,Fortuner,2019,REG-V-003214,866000.0
V003215,C007292,Toyota,Innova,2014,REG-V-003215,1180000.0
V003216,C005175,Maruti Suzuki,Brezza,2022,REG-V-003216,450000.0
V003217,C009961,Maruti Suzuki,Baleno,2017,REG-V-003217,282000.0
V003218,C002827,Honda,City,2023,REG-V-003218,1055000.0
V003219,C000608,Kia,Carens,2023,REG-V-003219,1744000.0
V003220,C000305,Mahindra,XUV300,2022,REG-V-003220,753000.0
V003221,C003189,Kia,Seltos,2012,REG-V-003221,357000.0
V003222,C005026,Honda,Amaze,2017,REG-V-003222,948000.0
V003223,C000793,Hyundai,Creta,2023,REG-V-003223,780000.0
V003224,C005708,Mahindra,XUV300,2012,REG-V-003224,380000.0
V003225,C009062,Maruti Suzuki,Swift,2019,REG-V-003225,662000.0
V003226,C008031,Tata,Nexon,2020,REG-V-003226,501000.0
V003227,C006768,Honda,City,2013,REG-V-003227,375000.0
V003228,C006664,Volkswagen,Taigun,2015,REG-V-003228,754000.0
V003229,C007360,Kia,Sonet,2023,REG-V-003229,1473000.0
V003230,C004985,Hyundai,Venue,2017,REG-V-003230,618000.0
V003231,C004035,Kia,Seltos,2014,REG-V-003231,586000.0
V003232,C003051,Volkswagen,Virtus,2012,REG-V-003232,550000.0
V003233,C001008,Maruti Suzuki,Baleno,2023,REG-V-003233,487000.0
V003234,C005661,Volkswagen,Polo,2016,REG-V-003234,818000.0
V003235,C004764,Mahindra,XUV700,2016,REG-V-003235,1064000.0
V003236,C001186,Tata,Nexon,2021,REG-V-003236,748000.0
V003237,C002689,Toyota,Fortuner,2025,REG-V-003237,3316000.0
V003238,C007943,Toyota,Glanza,2021,REG-V-003238,1987000.0
V003239,C002572,Tata,Tiago,2024,REG-V-003239,1008000.0
V003240,C004283,Tata,Punch,2021,REG-V-003240,786000.0
V003241,C001609,Toyota,Fortuner,2013,REG-V-003241,975000.0
V003242,C001697,Hyundai,i10,2020,REG-V-003242,985000.0
V003243,C007630,Maruti Suzuki,Swift,2025,REG-V-003243,521000.0
V003244,C000692,Volkswagen,Polo,2022,REG-V-003244,1253000.0
V003245,C002841,Kia,Sonet,2018,REG-V-003245,836000.0
V003246,C009808,Volkswagen,Polo,2012,REG-V-003246,534000.0
V003247,C004795,Volkswagen,Virtus,2025,REG-V-003247,1257000.0
V003248,C006104,Mahindra,Bolero,2013,REG-V-003248,547000.0
V003249,C006458,Volkswagen,Virtus,2019,REG-V-003249,1179000.0
V003250,C001973,Toyota,Innova,2015,REG-V-003250,1059000.0
V003251,C003703,Tata,Tiago,2021,REG-V-003251,814000.0
V003252,C004024,Tata,Tiago,2025,REG-V-003252,731000.0
V003253,C002326,Maruti Suzuki,Dzire,2020,REG-V-003253,354000.0
V003254,C002362,Tata,Punch,2022,REG-V-003254,654000.0
V003255,C006123,Mahindra,XUV300,2014,REG-V-003255,411000.0
V003256,C001087,Honda,City,2015,REG-V-003256,684000.0
V003257,C001292,Honda,Amaze,2023,REG-V-003257,959000.0
V003258,C005774,Tata,Nexon,2020,REG-V-003258,608000.0
V003259,C004513,Maruti Suzuki,Brezza,2013,REG-V-003259,208000.0
V003260,C006163,Maruti Suzuki,Brezza,2018,REG-V-003260,350000.0
V003261,C000286,Hyundai,Verna,2019,REG-V-003261,763000.0
V003262,C007097,Volkswagen,Taigun,2023,REG-V-003262,1554000.0
V003263,C008547,Maruti Suzuki,Swift,2018,REG-V-003263,491000.0
V003264,C005278,Maruti Suzuki,Baleno,2025,REG-V-003264,944000.0
V003265,C008446,Mahindra,Bolero,2021,REG-V-003265,1727000.0
V003266,C004013,Maruti Suzuki,Baleno,2021,REG-V-003266,769000.0
V003267,C000798,Toyota,Glanza,2014,REG-V-003267,974000.0
V003268,C003784,Maruti Suzuki,Ertiga,2017,REG-V-003268,380000.0
V003269,C004478,Mahindra,Bolero,2015,REG-V-003269,926000.0
V003270,C008692,Volkswagen,Polo,2012,REG-V-003270,377000.0
V003271,C003334,Volkswagen,Virtus,2014,REG-V-003271,581000.0
V003272,C003137,Mahindra,XUV300,2019,REG-V-003272,1056000.0
V003273,C008940,Mahindra,XUV300,2018,REG-V-003273,1137000.0
V003274,C002527,Maruti Suzuki,Ertiga,2023,REG-V-003274,554000.0
V003275,C006471,Maruti Suzuki,Baleno,2013,REG-V-003275,212000.0
V003276,C003251,Mahindra,Bolero,2018,REG-V-003276,1486000.0
V003277,C009524,Maruti Suzuki,Swift,2023,REG-V-003277,513000.0
V003278,C001903,Volkswagen,Polo,2018,REG-V-003278,593000.0
V003279,C007298,Maruti Suzuki,Ertiga,2018,REG-V-003279,382000.0
V003280,C005540,Volkswagen,Polo,2024,REG-V-003280,1581000.0
V003281,C009788,Volkswagen,Taigun,2013,REG-V-003281,601000.0
V003282,C009947,Mahindra,XUV300,2025,REG-V-003282,2157000.0
V003283,C008000,Hyundai,i10,2021,REG-V-003283,618000.0
V003284,C001045,Tata,Tiago,2020,REG-V-003284,605000.0
V003285,C004730,Hyundai,Venue,2016,REG-V-003285,571000.0
V003286,C008589,Kia,Carens,2025,REG-V-003286,1286000.0
V003287,C006434,Hyundai,Creta,2016,REG-V-003287,710000.0
V003288,C008845,Hyundai,Creta,2018,REG-V-003288,856000.0
V003289,C008059,Maruti Suzuki,Baleno,2016,REG-V-003289,433000.0
V003290,C003110,Tata,Nexon,2020,REG-V-003290,824000.0
V003291,C001961,Mahindra,Scorpio,2021,REG-V-003291,1802000.0
V003292,C003206,Honda,City,2014,REG-V-003292,333000.0
V003293,C007000,Maruti Suzuki,Swift,2024,REG-V-003293,882000.0
V003294,C004847,Honda,City,2021,REG-V-003294,1371000.0
V003295,C000456,Kia,Sonet,2021,REG-V-003295,1201000.0
V003296,C007488,Toyota,Glanza,2024,REG-V-003296,1102000.0
V003297,C000462,Tata,Harrier,2015,REG-V-003297,689000.0
V003298,C004112,Honda,Amaze,2014,REG-V-003298,324000.0
V003299,C004660,Maruti Suzuki,Ertiga,2015,REG-V-003299,273000.0
V003300,C005076,Mahindra,Bolero,2019,REG-V-003300,1251000.0
V003301,C001394,Tata,Punch,2017,REG-V-003301,389000.0
V003302,C007542,Honda,Amaze,2022,REG-V-003302,1006000.0
V003303,C008543,Mahindra,Bolero,2019,REG-V-003303,743000.0
V003304,C007019,Honda,Amaze,2021,REG-V-003304,955000.0
V003305,C009522,Hyundai,i20,2024,REG-V-003305,1339000.0
V003306,C002586,Volkswagen,Virtus,2022,REG-V-003306,1241000.0
V003307,C001600,Tata,Altroz,2017,REG-V-003307,462000.0
V003308,C000699,Tata,Harrier,2020,REG-V-003308,997000.0
V003309,C007269,Toyota,Fortuner,2018,REG-V-003309,1238000.0
V003310,C001617,Volkswagen,Virtus,2017,REG-V-003310,712000.0
V003311,C009409,Kia,Carens,2014,REG-V-003311,476000.0
V003312,C006023,Maruti Suzuki,Swift,2022,REG-V-003312,650000.0
V003313,C008098,Mahindra,Scorpio,2019,REG-V-003313,1606000.0
V003314,C004378,Mahindra,Scorpio,2019,REG-V-003314,1417000.0
V003315,C007406,Volkswagen,Polo,2024,REG-V-003315,1112000.0
V003316,C004453,Honda,Amaze,2025,REG-V-003316,1057000.0
V003317,C005425,Mahindra,XUV300,2013,REG-V-003317,646000.0
V003318,C007804,Honda,Civic,2019,REG-V-003318,702000.0
V003319,C002405,Mahindra,XUV700,2018,REG-V-003319,1297000.0
V003320,C008900,Honda,City,2021,REG-V-003320,1376000.0
V003321,C007214,Honda,City,2021,REG-V-003321,794000.0
V003322,C007528,Kia,Sonet,2019,REG-V-003322,711000.0
V003323,C002405,Hyundai,i10,2022,REG-V-003323,876000.0
V003324,C000910,Toyota,Glanza,2016,REG-V-003324,1065000.0
V003325,C000753,Hyundai,i20,2024,REG-V-003325,1080000.0
V003326,C006513,Mahindra,Scorpio,2013,REG-V-003326,383000.0
V003327,C001491,Toyota,Innova,2018,REG-V-003327,996000.0
V003328,C009992,Honda,City,2013,REG-V-003328,349000.0
V003329,C009611,Toyota,Innova,2021,REG-V-003329,2149000.0
V003330,C000307,Mahindra,Bolero,2015,REG-V-003330,686000.0
V003331,C007306,Maruti Suzuki,Ertiga,2018,REG-V-003331,609000.0
V003332,C002620,Tata,Punch,2021,REG-V-003332,938000.0
V003333,C003401,Volkswagen,Virtus,2015,REG-V-003333,494000.0
V003334,C002425,Honda,City,2013,REG-V-003334,608000.0
V003335,C008352,Kia,Carens,2012,REG-V-003335,499000.0
V003336,C008989,Volkswagen,Polo,2025,REG-V-003336,1647000.0
V003337,C000420,Maruti Suzuki,Dzire,2015,REG-V-003337,427000.0
V003338,C002703,Volkswagen,Taigun,2019,REG-V-003338,1129000.0
V003339,C004501,Mahindra,XUV300,2025,REG-V-003339,1610000.0
V003340,C005257,Toyota,Fortuner,2013,REG-V-003340,1328000.0
V003341,C000888,Hyundai,i20,2023,REG-V-003341,866000.0
V003342,C008347,Hyundai,Venue,2017,REG-V-003342,475000.0
V003343,C009375,Mahindra,XUV700,2015,REG-V-003343,741000.0
V003344,C004046,Volkswagen,Virtus,2025,REG-V-003344,1846000.0
V003345,C008615,Honda,Amaze,2015,REG-V-003345,456000.0
V003346,C006812,Honda,Amaze,2025,REG-V-003346,1422000.0
V003347,C005961,Tata,Tiago,2024,REG-V-003347,773000.0
V003348,C008240,Volkswagen,Virtus,2024,REG-V-003348,1650000.0
V003349,C004769,Toyota,Fortuner,2014,REG-V-003349,957000.0
V003350,C005516,Volkswagen,Virtus,2017,REG-V-003350,551000.0
V003351,C002746,Mahindra,Bolero,2015,REG-V-003351,511000.0
V003352,C007171,Kia,Sonet,2017,REG-V-003352,491000.0
V003353,C001586,Volkswagen,Virtus,2021,REG-V-003353,1390000.0
V003354,C002450,Toyota,Innova,2012,REG-V-003354,529000.0
V003355,C004835,Kia,Seltos,2014,REG-V-003355,548000.0
V003356,C003860,Volkswagen,Taigun,2015,REG-V-003356,365000.0
V003357,C002418,Kia,Seltos,2025,REG-V-003357,1441000.0
V003358,C001926,Mahindra,Bolero,2022,REG-V-003358,1095000.0
V003359,C008641,Hyundai,Venue,2018,REG-V-003359,499000.0
V003360,C005955,Toyota,Innova,2016,REG-V-003360,706000.0
V003361,C003782,Kia,Carens,2023,REG-V-003361,1234000.0
V003362,C008502,Toyota,Glanza,2019,REG-V-003362,1009000.0
V003363,C008298,Toyota,Glanza,2014,REG-V-003363,586000.0
V003364,C001108,Kia,Sonet,2024,REG-V-003364,1257000.0
V003365,C005724,Honda,Amaze,2016,REG-V-003365,762000.0
V003366,C003042,Toyota,Glanza,2014,REG-V-003366,661000.0
V003367,C005445,Toyota,Glanza,2021,REG-V-003367,2395000.0
V003368,C007231,Volkswagen,Virtus,2014,REG-V-003368,565000.0
V003369,C000086,Hyundai,Venue,2018,REG-V-003369,430000.0
V003370,C005169,Maruti Suzuki,Baleno,2023,REG-V-003370,463000.0
V003371,C002904,Kia,Seltos,2024,REG-V-003371,1466000.0
V003372,C005381,Hyundai,i10,2022,REG-V-003372,732000.0
V003373,C001098,Maruti Suzuki,Ertiga,2013,REG-V-003373,250000.0
V003374,C008224,Hyundai,i10,2015,REG-V-003374,438000.0
V003375,C005472,Hyundai,i10,2023,REG-V-003375,739000.0
V003376,C002119,Mahindra,Bolero,2025,REG-V-003376,2074000.0
V003377,C007767,Kia,Sonet,2013,REG-V-003377,662000.0
V003378,C000389,Volkswagen,Virtus,2022,REG-V-003378,890000.0
V003379,C005968,Maruti Suzuki,Swift,2014,REG-V-003379,318000.0
V003380,C005066,Kia,Sonet,2023,REG-V-003380,1583000.0
V003381,C000409,Kia,Carens,2023,REG-V-003381,1132000.0
V003382,C002515,Honda,Amaze,2015,REG-V-003382,397000.0
V003383,C000784,Volkswagen,Virtus,2023,REG-V-003383,866000.0
V003384,C007381,Honda,Civic,2020,REG-V-003384,846000.0
V003385,C007109,Toyota,Fortuner,2013,REG-V-003385,703000.0
V003386,C000904,Toyota,Glanza,2021,REG-V-003386,1831000.0
V003387,C001093,Tata,Harrier,2023,REG-V-003387,525000.0
V003388,C008860,Honda,Amaze,2022,REG-V-003388,1456000.0
V003389,C002017,Kia,Seltos,2012,REG-V-003389,700000.0
V003390,C003025,Tata,Altroz,2021,REG-V-003390,707000.0
V003391,C006881,Mahindra,Bolero,2013,REG-V-003391,461000.0
V003392,C000630,Volkswagen,Polo,2021,REG-V-003392,1359000.0
V003393,C009489,Honda,City,2021,REG-V-003393,1348000.0
V003394,C000247,Volkswagen,Taigun,2022,REG-V-003394,1185000.0
V003395,C008538,Hyundai,Verna,2024,REG-V-003395,746000.0
V003396,C003614,Mahindra,Bolero,2016,REG-V-003396,491000.0
V003397,C001491,Honda,Amaze,2019,REG-V-003397,1098000.0
V003398,C003784,Mahindra,Scorpio,2017,REG-V-003398,1046000.0
V003399,C009732,Kia,Sonet,2025,REG-V-003399,1703000.0
V003400,C005335,Honda,City,2014,REG-V-003400,341000.0
V003401,C000616,Honda,Amaze,2020,REG-V-003401,1242000.0
V003402,C009433,Volkswagen,Virtus,2020,REG-V-003402,1068000.0
V003403,C001427,Volkswagen,Virtus,2016,REG-V-003403,561000.0
V003404,C000566,Honda,Civic,2012,REG-V-003404,322000.0
V003405,C000469,Hyundai,i10,2023,REG-V-003405,1103000.0
V003406,C008313,Mahindra,XUV700,2023,REG-V-003406,1714000.0
V003407,C001520,Volkswagen,Taigun,2012,REG-V-003407,368000.0
V003408,C001787,Kia,Carens,2014,REG-V-003408,568000.0
V003409,C009458,Mahindra,XUV700,2014,REG-V-003409,868000.0
V003410,C006160,Mahindra,Scorpio,2023,REG-V-003410,1264000.0
V003411,C002844,Kia,Seltos,2018,REG-V-003411,1168000.0
V003412,C005908,Volkswagen,Polo,2016,REG-V-003412,888000.0
V003413,C002449,Kia,Carens,2013,REG-V-003413,480000.0
V003414,C004985,Tata,Punch,2025,REG-V-003414,1408000.0
V003415,C003333,Kia,Sonet,2022,REG-V-003415,1579000.0
V003416,C006270,Volkswagen,Polo,2013,REG-V-003416,524000.0
V003417,C007654,Tata,Tiago,2012,REG-V-003417,240000.0
V003418,C003484,Maruti Suzuki,Swift,2024,REG-V-003418,860000.0
V003419,C001431,Tata,Nexon,2016,REG-V-003419,720000.0
V003420,C003562,Hyundai,Creta,2014,REG-V-003420,290000.0
V003421,C007647,Kia,Carens,2014,REG-V-003421,499000.0
V003422,C007941,Kia,Carens,2020,REG-V-003422,978000.0
V003423,C007930,Toyota,Innova,2022,REG-V-003423,2043000.0
V003424,C009750,Volkswagen,Polo,2020,REG-V-003424,931000.0
V003425,C008297,Honda,Amaze,2014,REG-V-003425,465000.0
V003426,C009684,Tata,Altroz,2020,REG-V-003426,1055000.0
V003427,C006311,Honda,Civic,2023,REG-V-003427,1198000.0
V003428,C002311,Maruti Suzuki,Brezza,2017,REG-V-003428,436000.0
V003429,C006127,Kia,Carens,2019,REG-V-003429,818000.0
V003430,C001989,Kia,Sonet,2022,REG-V-003430,805000.0
V003431,C000870,Tata,Nexon,2014,REG-V-003431,378000.0
V003432,C003001,Hyundai,i10,2019,REG-V-003432,651000.0
V003433,C003637,Mahindra,Bolero,2017,REG-V-003433,955000.0
V003434,C007137,Maruti Suzuki,Ertiga,2015,REG-V-003434,284000.0
V003435,C003640,Hyundai,Venue,2019,REG-V-003435,645000.0
V003436,C000032,Hyundai,Venue,2022,REG-V-003436,741000.0
V003437,C009206,Volkswagen,Taigun,2025,REG-V-003437,1706000.0
V003438,C005940,Hyundai,i10,2014,REG-V-003438,545000.0
V003439,C002115,Toyota,Innova,2014,REG-V-003439,628000.0
V003440,C002541,Volkswagen,Virtus,2021,REG-V-003440,918000.0
V003441,C001241,Mahindra,XUV700,2014,REG-V-003441,413000.0
V003442,C009117,Maruti Suzuki,Brezza,2017,REG-V-003442,428000.0
V003443,C002319,Tata,Harrier,2025,REG-V-003443,676000.0
V003444,C009427,Mahindra,XUV300,2021,REG-V-003444,1734000.0
V003445,C002656,Hyundai,Creta,2017,REG-V-003445,467000.0
V003446,C008057,Kia,Sonet,2018,REG-V-003446,1091000.0
V003447,C000105,Hyundai,Verna,2012,REG-V-003447,361000.0
V003448,C004866,Toyota,Innova,2019,REG-V-003448,1569000.0
V003449,C003702,Kia,Carens,2015,REG-V-003449,415000.0
V003450,C003333,Kia,Seltos,2017,REG-V-003450,840000.0
V003451,C009928,Toyota,Glanza,2024,REG-V-003451,2990000.0
V003452,C007263,Hyundai,i20,2020,REG-V-003452,510000.0
V003453,C002573,Mahindra,XUV700,2014,REG-V-003453,817000.0
V003454,C007594,Mahindra,XUV700,2016,REG-V-003454,543000.0
V003455,C001296,Toyota,Innova,2014,REG-V-003455,995000.0
V003456,C009293,Honda,City,2014,REG-V-003456,592000.0
V003457,C004291,Toyota,Innova,2019,REG-V-003457,2216000.0
V003458,C001915,Kia,Seltos,2014,REG-V-003458,733000.0
V003459,C002728,Hyundai,Verna,2020,REG-V-003459,678000.0
V003460,C001544,Volkswagen,Virtus,2024,REG-V-003460,1310000.0
V003461,C009343,Tata,Nexon,2017,REG-V-003461,878000.0
V003462,C003043,Volkswagen,Polo,2013,REG-V-003462,507000.0
V003463,C001422,Mahindra,XUV300,2014,REG-V-003463,646000.0
V003464,C008176,Toyota,Innova,2014,REG-V-003464,802000.0
V003465,C002150,Kia,Sonet,2020,REG-V-003465,995000.0
V003466,C000944,Mahindra,Bolero,2020,REG-V-003466,732000.0
V003467,C006732,Kia,Carens,2017,REG-V-003467,876000.0
V003468,C000070,Maruti Suzuki,Ertiga,2023,REG-V-003468,802000.0
V003469,C008364,Hyundai,i20,2016,REG-V-003469,347000.0
V003470,C005667,Kia,Seltos,2012,REG-V-003470,689000.0
V003471,C002489,Volkswagen,Polo,2019,REG-V-003471,1245000.0
V003472,C004774,Honda,Civic,2014,REG-V-003472,588000.0
V003473,C002639,Toyota,Fortuner,2013,REG-V-003473,838000.0
V003474,C005371,Honda,Civic,2017,REG-V-003474,872000.0
V003475,C005760,Toyota,Glanza,2012,REG-V-003475,1054000.0
V003476,C007787,Tata,Punch,2019,REG-V-003476,921000.0
V003477,C004698,Mahindra,XUV700,2020,REG-V-003477,1030000.0
V003478,C007938,Tata,Altroz,2020,REG-V-003478,569000.0
V003479,C000717,Tata,Harrier,2024,REG-V-003479,580000.0
V003480,C009248,Volkswagen,Polo,2019,REG-V-003480,656000.0
V003481,C001859,Hyundai,Venue,2015,REG-V-003481,597000.0
V003482,C008402,Hyundai,i10,2016,REG-V-003482,703000.0
V003483,C004988,Tata,Nexon,2015,REG-V-003483,361000.0
V003484,C001055,Kia,Carens,2014,REG-V-003484,717000.0
V003485,C003602,Kia,Seltos,2015,REG-V-003485,734000.0
V003486,C009220,Toyota,Glanza,2017,REG-V-003486,739000.0
V003487,C008385,Mahindra,XUV300,2024,REG-V-003487,2310000.0
V003488,C007280,Mahindra,XUV700,2022,REG-V-003488,1849000.0
V003489,C003806,Hyundai,Venue,2012,REG-V-003489,523000.0
V003490,C005933,Maruti Suzuki,Swift,2023,REG-V-003490,782000.0
V003491,C002342,Tata,Tiago,2020,REG-V-003491,629000.0
V003492,C006517,Hyundai,Venue,2014,REG-V-003492,449000.0
V003493,C002622,Volkswagen,Virtus,2020,REG-V-003493,1066000.0
V003494,C008338,Maruti Suzuki,Swift,2016,REG-V-003494,357000.0
V003495,C007093,Tata,Punch,2018,REG-V-003495,639000.0
V003496,C003869,Hyundai,i10,2015,REG-V-003496,420000.0
V003497,C006640,Maruti Suzuki,Baleno,2022,REG-V-003497,477000.0
V003498,C003235,Volkswagen,Virtus,2016,REG-V-003498,833000.0
V003499,C001549,Mahindra,Scorpio,2018,REG-V-003499,1315000.0
V003500,C002373,Honda,Civic,2012,REG-V-003500,650000.0
V003501,C002718,Honda,Amaze,2022,REG-V-003501,1420000.0
V003502,C002290,Kia,Sonet,2024,REG-V-003502,1056000.0
V003503,C006826,Maruti Suzuki,Dzire,2024,REG-V-003503,729000.0
V003504,C007461,Honda,Civic,2022,REG-V-003504,978000.0
V003505,C004596,Honda,Amaze,2023,REG-V-003505,977000.0
V003506,C009881,Toyota,Innova,2020,REG-V-003506,1063000.0
V003507,C008965,Mahindra,Bolero,2014,REG-V-003507,831000.0
V003508,C000884,Hyundai,Creta,2014,REG-V-003508,449000.0
V003509,C004635,Honda,Amaze,2017,REG-V-003509,780000.0
V003510,C009135,Honda,Civic,2023,REG-V-003510,852000.0
V003511,C002222,Maruti Suzuki,Ertiga,2018,REG-V-003511,506000.0
V003512,C003795,Honda,Civic,2024,REG-V-003512,1382000.0
V003513,C009483,Volkswagen,Polo,2025,REG-V-003513,1474000.0
V003514,C007833,Honda,Civic,2013,REG-V-003514,540000.0
V003515,C008364,Mahindra,Bolero,2024,REG-V-003515,1004000.0
V003516,C008850,Kia,Sonet,2021,REG-V-003516,998000.0
V003517,C001712,Toyota,Innova,2024,REG-V-003517,2393000.0
V003518,C007037,Toyota,Innova,2018,REG-V-003518,1896000.0
V003519,C008089,Kia,Seltos,2016,REG-V-003519,561000.0
V003520,C002289,Honda,Civic,2012,REG-V-003520,434000.0
V003521,C000450,Tata,Altroz,2020,REG-V-003521,739000.0
V003522,C001779,Toyota,Fortuner,2018,REG-V-003522,1127000.0
V003523,C007475,Toyota,Innova,2022,REG-V-003523,2590000.0
V003524,C006981,Toyota,Fortuner,2023,REG-V-003524,1509000.0
V003525,C008972,Tata,Harrier,2013,REG-V-003525,547000.0
V003526,C003151,Toyota,Glanza,2014,REG-V-003526,540000.0
V003527,C006263,Honda,Civic,2022,REG-V-003527,1474000.0
V003528,C000285,Hyundai,Venue,2020,REG-V-003528,770000.0
V003529,C009383,Toyota,Innova,2025,REG-V-003529,1557000.0
V003530,C005580,Kia,Sonet,2017,REG-V-003530,486000.0
V003531,C007548,Kia,Seltos,2014,REG-V-003531,410000.0
V003532,C002830,Mahindra,XUV300,2020,REG-V-003532,1524000.0
V003533,C000833,Hyundai,Venue,2014,REG-V-003533,321000.0
V003534,C000654,Mahindra,Scorpio,2023,REG-V-003534,1079000.0
V003535,C008193,Hyundai,Venue,2020,REG-V-003535,947000.0
V003536,C001509,Kia,Seltos,2012,REG-V-003536,482000.0
V003537,C008288,Mahindra,XUV300,2022,REG-V-003537,1645000.0
V003538,C002664,Kia,Seltos,2013,REG-V-003538,499000.0
V003539,C005450,Mahindra,XUV300,2020,REG-V-003539,1623000.0
V003540,C002633,Maruti Suzuki,Baleno,2017,REG-V-003540,478000.0
V003541,C000517,Hyundai,i20,2020,REG-V-003541,650000.0
V003542,C005459,Maruti Suzuki,Dzire,2024,REG-V-003542,808000.0
V003543,C003680,Tata,Altroz,2013,REG-V-003543,356000.0
V003544,C004381,Volkswagen,Polo,2023,REG-V-003544,861000.0
V003545,C006053,Maruti Suzuki,Swift,2024,REG-V-003545,957000.0
V003546,C003118,Honda,Amaze,2021,REG-V-003546,734000.0
V003547,C005680,Mahindra,XUV300,2025,REG-V-003547,2173000.0
V003548,C006618,Kia,Carens,2019,REG-V-003548,868000.0
V003549,C000906,Tata,Nexon,2018,REG-V-003549,422000.0
V003550,C003504,Toyota,Fortuner,2020,REG-V-003550,1744000.0
V003551,C000909,Honda,Amaze,2012,REG-V-003551,459000.0
V003552,C000065,Kia,Seltos,2018,REG-V-003552,548000.0
V003553,C000526,Toyota,Innova,2016,REG-V-003553,706000.0
V003554,C005964,Maruti Suzuki,Dzire,2017,REG-V-003554,376000.0
V003555,C000863,Mahindra,XUV300,2015,REG-V-003555,468000.0
V003556,C008731,Maruti Suzuki,Baleno,2022,REG-V-003556,400000.0
V003557,C007662,Toyota,Fortuner,2016,REG-V-003557,1276000.0
V003558,C000090,Mahindra,Scorpio,2016,REG-V-003558,494000.0
V003559,C005774,Honda,Civic,2020,REG-V-003559,1093000.0
V003560,C000104,Kia,Carens,2014,REG-V-003560,511000.0
V003561,C001092,Mahindra,Bolero,2025,REG-V-003561,2569000.0
V003562,C009887,Maruti Suzuki,Swift,2025,REG-V-003562,558000.0
V003563,C004595,Hyundai,i20,2013,REG-V-003563,387000.0
V003564,C000291,Tata,Tiago,2018,REG-V-003564,798000.0
V003565,C008551,Mahindra,Scorpio,2021,REG-V-003565,1012000.0
V003566,C009211,Hyundai,i20,2017,REG-V-003566,590000.0
V003567,C005525,Honda,Civic,2017,REG-V-003567,861000.0
V003568,C007110,Maruti Suzuki,Baleno,2016,REG-V-003568,421000.0
V003569,C007874,Hyundai,Creta,2013,REG-V-003569,385000.0
V003570,C007404,Honda,City,2022,REG-V-003570,832000.0
V003571,C004988,Maruti Suzuki,Baleno,2014,REG-V-003571,313000.0
V003572,C008366,Toyota,Innova,2013,REG-V-003572,506000.0
V003573,C005316,Tata,Altroz,2019,REG-V-003573,491000.0
V003574,C002607,Tata,Nexon,2015,REG-V-003574,521000.0
V003575,C000041,Volkswagen,Taigun,2015,REG-V-003575,733000.0
V003576,C003588,Mahindra,XUV300,2020,REG-V-003576,1076000.0
V003577,C000842,Volkswagen,Taigun,2021,REG-V-003577,1356000.0
V003578,C000656,Maruti Suzuki,Baleno,2015,REG-V-003578,342000.0
V003579,C004730,Kia,Carens,2017,REG-V-003579,1013000.0
V003580,C009456,Kia,Seltos,2023,REG-V-003580,1244000.0
V003581,C001059,Volkswagen,Virtus,2022,REG-V-003581,969000.0
V003582,C002735,Toyota,Glanza,2018,REG-V-003582,857000.0
V003583,C008347,Kia,Carens,2025,REG-V-003583,927000.0
V003584,C004035,Mahindra,XUV700,2021,REG-V-003584,1698000.0
V003585,C007654,Toyota,Glanza,2016,REG-V-003585,1278000.0
V003586,C005460,Tata,Nexon,2015,REG-V-003586,639000.0
V003587,C006083,Hyundai,i10,2015,REG-V-003587,378000.0
V003588,C001607,Maruti Suzuki,Ertiga,2013,REG-V-003588,259000.0
V003589,C003525,Kia,Seltos,2020,REG-V-003589,979000.0
V003590,C006263,Kia,Carens,2019,REG-V-003590,1147000.0
V003591,C000283,Honda,Civic,2025,REG-V-003591,1590000.0
V003592,C001892,Tata,Punch,2020,REG-V-003592,577000.0
V003593,C003874,Kia,Seltos,2018,REG-V-003593,625000.0
V003594,C006793,Kia,Sonet,2013,REG-V-003594,506000.0
V003595,C005129,Toyota,Glanza,2024,REG-V-003595,2915000.0
V003596,C007242,Mahindra,XUV700,2015,REG-V-003596,982000.0
V003597,C007324,Honda,Amaze,2025,REG-V-003597,1389000.0
V003598,C000322,Volkswagen,Taigun,2020,REG-V-003598,1339000.0
V003599,C009068,Tata,Tiago,2017,REG-V-003599,444000.0
V003600,C008289,Maruti Suzuki,Brezza,2020,REG-V-003600,336000.0
V003601,C002713,Tata,Punch,2018,REG-V-003601,688000.0
V003602,C004882,Hyundai,Verna,2020,REG-V-003602,583000.0
V003603,C003063,Hyundai,Venue,2025,REG-V-003603,1504000.0
V003604,C009117,Honda,City,2012,REG-V-003604,609000.0
V003605,C003833,Mahindra,XUV300,2012,REG-V-003605,768000.0
V003606,C003975,Toyota,Innova,2013,REG-V-003606,739000.0
V003607,C009163,Hyundai,i20,2014,REG-V-003607,542000.0
V003608,C006045,Toyota,Fortuner,2012,REG-V-003608,870000.0
V003609,C001383,Tata,Altroz,2025,REG-V-003609,1178000.0
V003610,C006306,Honda,Civic,2018,REG-V-003610,839000.0
V003611,C008006,Honda,City,2022,REG-V-003611,1101000.0
V003612,C003374,Toyota,Glanza,2014,REG-V-003612,907000.0
V003613,C005313,Kia,Sonet,2017,REG-V-003613,825000.0
V003614,C006311,Toyota,Glanza,2017,REG-V-003614,1632000.0
V003615,C005136,Mahindra,Scorpio,2019,REG-V-003615,1052000.0
V003616,C009992,Honda,City,2018,REG-V-003616,952000.0
V003617,C005106,Mahindra,Bolero,2015,REG-V-003617,727000.0
V003618,C006478,Maruti Suzuki,Dzire,2013,REG-V-003618,328000.0
V003619,C007999,Volkswagen,Taigun,2019,REG-V-003619,834000.0
V003620,C001370,Toyota,Innova,2013,REG-V-003620,723000.0
V003621,C000457,Tata,Harrier,2025,REG-V-003621,1149000.0
V003622,C009733,Volkswagen,Virtus,2025,REG-V-003622,1269000.0
V003623,C007379,Kia,Seltos,2013,REG-V-003623,415000.0
V003624,C003949,Mahindra,XUV300,2015,REG-V-003624,369000.0
V003625,C000186,Volkswagen,Virtus,2012,REG-V-003625,733000.0
V003626,C001663,Hyundai,Venue,2023,REG-V-003626,1126000.0
V003627,C000098,Maruti Suzuki,Baleno,2018,REG-V-003627,505000.0
V003628,C003979,Maruti Suzuki,Ertiga,2012,REG-V-003628,268000.0
V003629,C005584,Tata,Nexon,2012,REG-V-003629,445000.0
V003630,C001600,Toyota,Glanza,2019,REG-V-003630,1881000.0
V003631,C006448,Hyundai,Creta,2022,REG-V-003631,838000.0
V003632,C009548,Hyundai,i20,2021,REG-V-003632,584000.0
V003633,C009907,Hyundai,i10,2018,REG-V-003633,456000.0
V003634,C008368,Tata,Punch,2020,REG-V-003634,624000.0
V003635,C004456,Kia,Sonet,2024,REG-V-003635,1339000.0
V003636,C005513,Maruti Suzuki,Ertiga,2016,REG-V-003636,271000.0
V003637,C005078,Tata,Punch,2020,REG-V-003637,1016000.0
V003638,C001549,Kia,Carens,2017,REG-V-003638,1094000.0
V003639,C008588,Volkswagen,Polo,2023,REG-V-003639,1732000.0
V003640,C006807,Kia,Seltos,2020,REG-V-003640,655000.0
V003641,C006431,Volkswagen,Taigun,2017,REG-V-003641,559000.0
V003642,C002222,Honda,Civic,2024,REG-V-003642,1181000.0
V003643,C001523,Mahindra,Scorpio,2022,REG-V-003643,2046000.0
V003644,C008782,Toyota,Fortuner,2019,REG-V-003644,2158000.0
V003645,C001788,Honda,City,2013,REG-V-003645,499000.0
V003646,C000761,Toyota,Glanza,2016,REG-V-003646,789000.0
V003647,C006298,Mahindra,XUV700,2014,REG-V-003647,768000.0
V003648,C007093,Tata,Punch,2015,REG-V-003648,582000.0
V003649,C001193,Toyota,Glanza,2019,REG-V-003649,2025000.0
V003650,C002078,Mahindra,XUV300,2020,REG-V-003650,1808000.0
V003651,C007955,Maruti Suzuki,Ertiga,2012,REG-V-003651,327000.0
V003652,C009329,Tata,Altroz,2021,REG-V-003652,1089000.0
V003653,C004802,Maruti Suzuki,Baleno,2013,REG-V-003653,360000.0
V003654,C007983,Toyota,Innova,2025,REG-V-003654,2018000.0
V003655,C003177,Tata,Harrier,2012,REG-V-003655,512000.0
V003656,C007083,Tata,Tiago,2012,REG-V-003656,611000.0
V003657,C005615,Volkswagen,Virtus,2022,REG-V-003657,737000.0
V003658,C008470,Tata,Harrier,2019,REG-V-003658,802000.0
V003659,C007831,Volkswagen,Taigun,2014,REG-V-003659,532000.0
V003660,C002834,Toyota,Innova,2016,REG-V-003660,767000.0
V003661,C001485,Honda,City,2013,REG-V-003661,586000.0
V003662,C008131,Tata,Nexon,2013,REG-V-003662,480000.0
V003663,C000339,Honda,City,2016,REG-V-003663,528000.0
V003664,C006833,Maruti Suzuki,Brezza,2017,REG-V-003664,310000.0
V003665,C004795,Honda,Civic,2012,REG-V-003665,479000.0
V003666,C000773,Tata,Harrier,2025,REG-V-003666,855000.0
V003667,C006920,Honda,Amaze,2013,REG-V-003667,410000.0
V003668,C004864,Mahindra,Scorpio,2012,REG-V-003668,841000.0
V003669,C008636,Volkswagen,Polo,2015,REG-V-003669,552000.0
V003670,C002094,Tata,Nexon,2012,REG-V-003670,568000.0
V003671,C000023,Volkswagen,Taigun,2025,REG-V-003671,1058000.0
V003672,C001307,Kia,Carens,2025,REG-V-003672,1663000.0
V003673,C002698,Honda,Amaze,2012,REG-V-003673,580000.0
V003674,C006559,Mahindra,Scorpio,2017,REG-V-003674,1015000.0
V003675,C003637,Volkswagen,Virtus,2024,REG-V-003675,811000.0
V003676,C001180,Maruti Suzuki,Dzire,2018,REG-V-003676,468000.0
V003677,C009814,Kia,Carens,2012,REG-V-003677,582000.0
V003678,C001085,Kia,Carens,2015,REG-V-003678,674000.0
V003679,C003554,Toyota,Innova,2022,REG-V-003679,1794000.0
V003680,C008815,Kia,Seltos,2024,REG-V-003680,949000.0
V003681,C006562,Kia,Carens,2023,REG-V-003681,890000.0
V003682,C003182,Honda,Amaze,2019,REG-V-003682,684000.0
V003683,C009701,Maruti Suzuki,Baleno,2014,REG-V-003683,252000.0
V003684,C005059,Honda,Amaze,2017,REG-V-003684,655000.0
V003685,C000080,Mahindra,XUV700,2013,REG-V-003685,577000.0
V003686,C000062,Tata,Punch,2020,REG-V-003686,789000.0
V003687,C009430,Maruti Suzuki,Swift,2024,REG-V-003687,464000.0
V003688,C002804,Toyota,Glanza,2016,REG-V-003688,1266000.0
V003689,C008165,Maruti Suzuki,Ertiga,2025,REG-V-003689,665000.0
V003690,C000452,Hyundai,i20,2018,REG-V-003690,599000.0
V003691,C001460,Hyundai,Verna,2017,REG-V-003691,372000.0
V003692,C008611,Mahindra,Scorpio,2022,REG-V-003692,2004000.0
V003693,C009947,Maruti Suzuki,Brezza,2017,REG-V-003693,520000.0
V003694,C000534,Maruti Suzuki,Dzire,2014,REG-V-003694,246000.0
V003695,C001674,Maruti Suzuki,Baleno,2022,REG-V-003695,528000.0
V003696,C007283,Tata,Altroz,2014,REG-V-003696,487000.0
V003697,C005342,Maruti Suzuki,Dzire,2022,REG-V-003697,634000.0
V003698,C004078,Toyota,Glanza,2015,REG-V-003698,1076000.0
V003699,C001954,Honda,Amaze,2020,REG-V-003699,1265000.0
V003700,C009470,Maruti Suzuki,Swift,2020,REG-V-003700,592000.0
V003701,C001722,Toyota,Fortuner,2013,REG-V-003701,1018000.0
V003702,C002664,Mahindra,XUV700,2023,REG-V-003702,1008000.0
V003703,C003224,Tata,Nexon,2016,REG-V-003703,790000.0
V003704,C001390,Hyundai,Verna,2016,REG-V-003704,443000.0
V003705,C005398,Mahindra,XUV700,2013,REG-V-003705,917000.0
V003706,C003405,Honda,Amaze,2021,REG-V-003706,789000.0
V003707,C006123,Tata,Tiago,2013,REG-V-003707,509000.0
V003708,C003686,Volkswagen,Taigun,2020,REG-V-003708,1143000.0
V003709,C001159,Maruti Suzuki,Ertiga,2022,REG-V-003709,698000.0
V003710,C008778,Kia,Seltos,2019,REG-V-003710,699000.0
V003711,C005129,Kia,Sonet,2024,REG-V-003711,1644000.0
V003712,C003201,Maruti Suzuki,Swift,2025,REG-V-003712,527000.0
V003713,C000172,Kia,Sonet,2023,REG-V-003713,784000.0
V003714,C006017,Mahindra,Scorpio,2018,REG-V-003714,1350000.0
V003715,C007902,Kia,Seltos,2014,REG-V-003715,591000.0
V003716,C006539,Mahindra,Bolero,2021,REG-V-003716,983000.0
V003717,C007947,Kia,Seltos,2012,REG-V-003717,534000.0
V003718,C001541,Maruti Suzuki,Dzire,2014,REG-V-003718,312000.0
V003719,C009712,Tata,Harrier,2015,REG-V-003719,617000.0
V003720,C002123,Kia,Sonet,2017,REG-V-003720,649000.0
V003721,C002675,Mahindra,XUV700,2023,REG-V-003721,1539000.0
V003722,C005153,Kia,Sonet,2016,REG-V-003722,817000.0
V003723,C000055,Hyundai,Creta,2017,REG-V-003723,552000.0
V003724,C004446,Honda,Civic,2015,REG-V-003724,668000.0
V003725,C001967,Tata,Altroz,2025,REG-V-003725,1351000.0
V003726,C007552,Toyota,Innova,2013,REG-V-003726,811000.0
V003727,C007642,Kia,Sonet,2024,REG-V-003727,1627000.0
V003728,C006208,Honda,City,2019,REG-V-003728,789000.0
V003729,C004232,Kia,Sonet,2021,REG-V-003729,715000.0
V003730,C003090,Mahindra,XUV300,2023,REG-V-003730,842000.0
V003731,C008326,Mahindra,XUV700,2018,REG-V-003731,902000.0
V003732,C005109,Kia,Sonet,2018,REG-V-003732,775000.0
V003733,C005011,Kia,Seltos,2016,REG-V-003733,808000.0
V003734,C001125,Toyota,Innova,2014,REG-V-003734,1104000.0
V003735,C002205,Tata,Nexon,2018,REG-V-003735,807000.0
V003736,C003610,Kia,Sonet,2024,REG-V-003736,1742000.0
V003737,C007031,Volkswagen,Taigun,2015,REG-V-003737,756000.0
V003738,C008497,Volkswagen,Polo,2023,REG-V-003738,948000.0
V003739,C009933,Tata,Altroz,2023,REG-V-003739,1464000.0
V003740,C004300,Mahindra,Scorpio,2022,REG-V-003740,1087000.0
V003741,C004553,Maruti Suzuki,Swift,2021,REG-V-003741,571000.0
V003742,C007725,Tata,Tiago,2021,REG-V-003742,622000.0
V003743,C003195,Tata,Punch,2012,REG-V-003743,549000.0
V003744,C005442,Tata,Punch,2017,REG-V-003744,350000.0
V003745,C006818,Mahindra,Bolero,2021,REG-V-003745,1581000.0
V003746,C002387,Maruti Suzuki,Swift,2023,REG-V-003746,501000.0
V003747,C002792,Kia,Carens,2013,REG-V-003747,360000.0
V003748,C003565,Mahindra,XUV700,2015,REG-V-003748,526000.0
V003749,C005822,Kia,Seltos,2019,REG-V-003749,1279000.0
V003750,C002708,Tata,Punch,2015,REG-V-003750,676000.0
V003751,C002091,Kia,Sonet,2019,REG-V-003751,1092000.0
V003752,C001486,Toyota,Innova,2023,REG-V-003752,3081000.0
V003753,C008146,Honda,City,2017,REG-V-003753,545000.0
V003754,C008917,Honda,City,2014,REG-V-003754,366000.0
V003755,C009095,Mahindra,Bolero,2019,REG-V-003755,1531000.0
V003756,C008270,Maruti Suzuki,Ertiga,2022,REG-V-003756,582000.0
V003757,C001377,Volkswagen,Virtus,2024,REG-V-003757,813000.0
V003758,C000988,Mahindra,XUV300,2017,REG-V-003758,627000.0
V003759,C005041,Honda,City,2013,REG-V-003759,401000.0
V003760,C005252,Toyota,Fortuner,2017,REG-V-003760,1548000.0
V003761,C007386,Tata,Altroz,2022,REG-V-003761,514000.0
V003762,C002252,Tata,Harrier,2012,REG-V-003762,415000.0
V003763,C009345,Tata,Harrier,2021,REG-V-003763,506000.0
V003764,C003087,Kia,Seltos,2023,REG-V-003764,982000.0
V003765,C005823,Volkswagen,Virtus,2012,REG-V-003765,667000.0
V003766,C008678,Kia,Carens,2019,REG-V-003766,619000.0
V003767,C005272,Maruti Suzuki,Dzire,2018,REG-V-003767,368000.0
V003768,C007603,Kia,Seltos,2014,REG-V-003768,541000.0
V003769,C007552,Tata,Altroz,2018,REG-V-003769,497000.0
V003770,C007963,Toyota,Fortuner,2024,REG-V-003770,3086000.0
V003771,C008157,Hyundai,Verna,2020,REG-V-003771,609000.0
V003772,C003942,Maruti Suzuki,Dzire,2020,REG-V-003772,649000.0
V003773,C003642,Toyota,Fortuner,2025,REG-V-003773,3307000.0
V003774,C008094,Tata,Tiago,2017,REG-V-003774,858000.0
V003775,C005841,Kia,Sonet,2022,REG-V-003775,829000.0
V003776,C006120,Toyota,Glanza,2015,REG-V-003776,1475000.0
V003777,C004136,Tata,Altroz,2023,REG-V-003777,1023000.0
V003778,C002025,Honda,Amaze,2013,REG-V-003778,589000.0
V003779,C004594,Kia,Seltos,2016,REG-V-003779,645000.0
V003780,C009694,Honda,Civic,2020,REG-V-003780,881000.0
V003781,C002892,Kia,Carens,2019,REG-V-003781,1320000.0
V003782,C002720,Kia,Carens,2019,REG-V-003782,795000.0
V003783,C001312,Tata,Tiago,2012,REG-V-003783,599000.0
V003784,C004847,Maruti Suzuki,Baleno,2013,REG-V-003784,344000.0
V003785,C002872,Mahindra,XUV300,2025,REG-V-003785,2256000.0
V003786,C006907,Mahindra,XUV700,2013,REG-V-003786,563000.0
V003787,C001356,Toyota,Fortuner,2023,REG-V-003787,2028000.0
V003788,C002494,Volkswagen,Virtus,2012,REG-V-003788,424000.0
V003789,C000641,Hyundai,i10,2025,REG-V-003789,1450000.0
V003790,C000433,Volkswagen,Virtus,2014,REG-V-003790,604000.0
V003791,C008187,Kia,Sonet,2020,REG-V-003791,1321000.0
V003792,C009108,Mahindra,Scorpio,2015,REG-V-003792,731000.0
V003793,C007707,Tata,Punch,2016,REG-V-003793,427000.0
V003794,C008688,Honda,Civic,2016,REG-V-003794,528000.0
V003795,C000879,Kia,Seltos,2021,REG-V-003795,1218000.0
V003796,C009032,Toyota,Glanza,2024,REG-V-003796,1972000.0
V003797,C004697,Tata,Altroz,2018,REG-V-003797,649000.0
V003798,C007755,Volkswagen,Polo,2022,REG-V-003798,1610000.0
V003799,C006208,Toyota,Glanza,2024,REG-V-003799,1515000.0
V003800,C003501,Maruti Suzuki,Baleno,2016,REG-V-003800,410000.0
V003801,C002659,Toyota,Glanza,2022,REG-V-003801,1847000.0
V003802,C001179,Hyundai,Creta,2017,REG-V-003802,667000.0
V003803,C004141,Hyundai,Creta,2015,REG-V-003803,489000.0
V003804,C004984,Hyundai,i10,2013,REG-V-003804,456000.0
V003805,C009827,Kia,Sonet,2022,REG-V-003805,1515000.0
V003806,C000382,Toyota,Glanza,2014,REG-V-003806,611000.0
V003807,C005945,Honda,Civic,2013,REG-V-003807,407000.0
V003808,C005288,Mahindra,XUV700,2022,REG-V-003808,1380000.0
V003809,C000243,Hyundai,Verna,2025,REG-V-003809,700000.0
V003810,C003282,Kia,Carens,2020,REG-V-003810,898000.0
V003811,C004244,Volkswagen,Virtus,2015,REG-V-003811,802000.0
V003812,C004986,Tata,Tiago,2020,REG-V-003812,1083000.0
V003813,C002357,Tata,Punch,2024,REG-V-003813,1375000.0
V003814,C000348,Tata,Punch,2015,REG-V-003814,711000.0
V003815,C002925,Maruti Suzuki,Ertiga,2016,REG-V-003815,253000.0
V003816,C008400,Volkswagen,Polo,2017,REG-V-003816,658000.0
V003817,C008132,Hyundai,i10,2021,REG-V-003817,996000.0
V003818,C001806,Hyundai,i10,2020,REG-V-003818,982000.0
V003819,C006506,Tata,Tiago,2014,REG-V-003819,316000.0
V003820,C009269,Kia,Sonet,2023,REG-V-003820,1323000.0
V003821,C001720,Kia,Sonet,2023,REG-V-003821,1637000.0
V003822,C001286,Tata,Punch,2018,REG-V-003822,879000.0
V003823,C000234,Kia,Sonet,2025,REG-V-003823,977000.0
V003824,C001722,Toyota,Innova,2013,REG-V-003824,1287000.0
V003825,C008185,Tata,Altroz,2019,REG-V-003825,810000.0
V003826,C008185,Hyundai,Verna,2022,REG-V-003826,966000.0
V003827,C005441,Hyundai,Venue,2022,REG-V-003827,582000.0
V003828,C003319,Kia,Carens,2020,REG-V-003828,1015000.0
V003829,C008121,Honda,Amaze,2020,REG-V-003829,712000.0
V003830,C001960,Tata,Punch,2025,REG-V-003830,1547000.0
V003831,C001400,Honda,Civic,2020,REG-V-003831,646000.0
V003832,C000903,Kia,Sonet,2020,REG-V-003832,935000.0
V003833,C008561,Maruti Suzuki,Baleno,2013,REG-V-003833,213000.0
V003834,C007201,Hyundai,i20,2013,REG-V-003834,283000.0
V003835,C006288,Maruti Suzuki,Ertiga,2018,REG-V-003835,408000.0
V003836,C007331,Volkswagen,Polo,2013,REG-V-003836,408000.0
V003837,C001426,Maruti Suzuki,Ertiga,2025,REG-V-003837,848000.0
V003838,C003855,Tata,Nexon,2014,REG-V-003838,528000.0
V003839,C008187,Hyundai,Verna,2025,REG-V-003839,1454000.0
V003840,C009205,Hyundai,i10,2019,REG-V-003840,552000.0
V003841,C005164,Maruti Suzuki,Dzire,2014,REG-V-003841,368000.0
V003842,C001221,Honda,Amaze,2016,REG-V-003842,804000.0
V003843,C009786,Toyota,Glanza,2018,REG-V-003843,940000.0
V003844,C003967,Mahindra,XUV700,2013,REG-V-003844,890000.0
V003845,C003174,Toyota,Fortuner,2024,REG-V-003845,2263000.0
V003846,C001194,Volkswagen,Virtus,2020,REG-V-003846,1405000.0
V003847,C000129,Mahindra,Bolero,2012,REG-V-003847,865000.0
V003848,C006081,Tata,Punch,2016,REG-V-003848,554000.0
V003849,C006169,Honda,City,2024,REG-V-003849,1633000.0
V003850,C002365,Volkswagen,Taigun,2024,REG-V-003850,1229000.0
V003851,C001616,Toyota,Glanza,2025,REG-V-003851,2092000.0
V003852,C005325,Tata,Altroz,2023,REG-V-003852,558000.0
V003853,C004386,Volkswagen,Polo,2019,REG-V-003853,1125000.0
V003854,C003025,Mahindra,Bolero,2017,REG-V-003854,1102000.0
V003855,C002203,Maruti Suzuki,Brezza,2013,REG-V-003855,349000.0
V003856,C008631,Maruti Suzuki,Brezza,2020,REG-V-003856,505000.0
V003857,C009838,Volkswagen,Polo,2020,REG-V-003857,1241000.0
V003858,C003561,Honda,Civic,2019,REG-V-003858,662000.0
V003859,C007021,Maruti Suzuki,Baleno,2013,REG-V-003859,266000.0
V003860,C008692,Kia,Sonet,2013,REG-V-003860,758000.0
V003861,C000286,Hyundai,Creta,2022,REG-V-003861,555000.0
V003862,C009134,Kia,Carens,2015,REG-V-003862,529000.0
V003863,C005041,Volkswagen,Taigun,2012,REG-V-003863,444000.0
V003864,C005610,Mahindra,XUV300,2023,REG-V-003864,2037000.0
V003865,C005436,Mahindra,Bolero,2024,REG-V-003865,1663000.0
V003866,C002447,Toyota,Fortuner,2014,REG-V-003866,1160000.0
V003867,C007897,Volkswagen,Taigun,2018,REG-V-003867,1052000.0
V003868,C007380,Kia,Carens,2022,REG-V-003868,1493000.0
V003869,C000963,Honda,Civic,2024,REG-V-003869,1538000.0
V003870,C005669,Toyota,Fortuner,2023,REG-V-003870,1589000.0
V003871,C009576,Hyundai,Venue,2012,REG-V-003871,278000.0
V003872,C008760,Mahindra,Scorpio,2019,REG-V-003872,557000.0
V003873,C006305,Toyota,Innova,2017,REG-V-003873,1009000.0
V003874,C001997,Honda,Amaze,2022,REG-V-003874,1199000.0
V003875,C003470,Tata,Punch,2013,REG-V-003875,317000.0
V003876,C001494,Maruti Suzuki,Ertiga,2019,REG-V-003876,589000.0
V003877,C008272,Honda,Amaze,2013,REG-V-003877,478000.0
V003878,C007861,Maruti Suzuki,Brezza,2025,REG-V-003878,985000.0
V003879,C009152,Kia,Carens,2017,REG-V-003879,469000.0
V003880,C000657,Tata,Nexon,2018,REG-V-003880,588000.0
V003881,C009646,Kia,Carens,2015,REG-V-003881,830000.0
V003882,C009661,Maruti Suzuki,Baleno,2022,REG-V-003882,844000.0
V003883,C006791,Volkswagen,Taigun,2016,REG-V-003883,763000.0
V003884,C008874,Honda,City,2023,REG-V-003884,922000.0
V003885,C004416,Maruti Suzuki,Swift,2017,REG-V-003885,385000.0
V003886,C003115,Tata,Nexon,2020,REG-V-003886,614000.0
V003887,C001535,Honda,Amaze,2023,REG-V-003887,1440000.0
V003888,C000327,Mahindra,Scorpio,2015,REG-V-003888,956000.0
V003889,C000439,Maruti Suzuki,Brezza,2020,REG-V-003889,557000.0
V003890,C006951,Honda,Civic,2012,REG-V-003890,564000.0
V003891,C003356,Maruti Suzuki,Brezza,2016,REG-V-003891,453000.0
V003892,C000559,Maruti Suzuki,Brezza,2014,REG-V-003892,352000.0
V003893,C001119,Maruti Suzuki,Dzire,2019,REG-V-003893,655000.0
V003894,C006702,Tata,Punch,2020,REG-V-003894,433000.0
V003895,C009412,Kia,Carens,2014,REG-V-003895,735000.0
V003896,C004095,Hyundai,i10,2014,REG-V-003896,399000.0
V003897,C007848,Mahindra,Bolero,2020,REG-V-003897,1282000.0
V003898,C009738,Toyota,Innova,2018,REG-V-003898,1710000.0
V003899,C007131,Kia,Seltos,2020,REG-V-003899,636000.0
V003900,C007284,Kia,Carens,2023,REG-V-003900,1565000.0
V003901,C006208,Tata,Altroz,2025,REG-V-003901,1531000.0
V003902,C009775,Tata,Punch,2021,REG-V-003902,1278000.0
V003903,C002986,Maruti Suzuki,Swift,2017,REG-V-003903,441000.0
V003904,C007909,Kia,Sonet,2025,REG-V-003904,1395000.0
V003905,C004171,Maruti Suzuki,Baleno,2012,REG-V-003905,243000.0
V003906,C001546,Volkswagen,Polo,2021,REG-V-003906,941000.0
V003907,C007456,Tata,Tiago,2012,REG-V-003907,344000.0
V003908,C008342,Toyota,Innova,2023,REG-V-003908,1138000.0
V003909,C008670,Honda,City,2024,REG-V-003909,1089000.0
V003910,C009251,Kia,Carens,2014,REG-V-003910,582000.0
V003911,C007514,Volkswagen,Polo,2018,REG-V-003911,1055000.0
V003912,C005320,Volkswagen,Taigun,2024,REG-V-003912,1691000.0
V003913,C009412,Kia,Carens,2024,REG-V-003913,1580000.0
V003914,C002102,Tata,Nexon,2024,REG-V-003914,1267000.0
V003915,C000785,Maruti Suzuki,Brezza,2025,REG-V-003915,513000.0
V003916,C004343,Kia,Carens,2019,REG-V-003916,774000.0
V003917,C005871,Mahindra,XUV300,2020,REG-V-003917,1324000.0
V003918,C006841,Volkswagen,Virtus,2012,REG-V-003918,461000.0
V003919,C008201,Toyota,Innova,2019,REG-V-003919,2313000.0
V003920,C000283,Toyota,Innova,2016,REG-V-003920,1399000.0
V003921,C008081,Mahindra,XUV300,2019,REG-V-003921,728000.0
V003922,C006039,Kia,Sonet,2015,REG-V-003922,470000.0
V003923,C009537,Hyundai,Creta,2024,REG-V-003923,1055000.0
V003924,C003478,Maruti Suzuki,Ertiga,2022,REG-V-003924,512000.0
V003925,C006218,Kia,Sonet,2017,REG-V-003925,520000.0
V003926,C007731,Toyota,Glanza,2015,REG-V-003926,722000.0
V003927,C005200,Toyota,Fortuner,2024,REG-V-003927,1765000.0
V003928,C001554,Mahindra,XUV300,2013,REG-V-003928,494000.0
V003929,C000516,Honda,City,2021,REG-V-003929,1160000.0
V003930,C001112,Mahindra,XUV700,2021,REG-V-003930,1503000.0
V003931,C004994,Mahindra,Scorpio,2013,REG-V-003931,713000.0
V003932,C006445,Maruti Suzuki,Swift,2022,REG-V-003932,769000.0
V003933,C005752,Mahindra,Bolero,2014,REG-V-003933,863000.0
V003934,C007178,Mahindra,Bolero,2022,REG-V-003934,2102000.0
V003935,C000401,Mahindra,XUV700,2023,REG-V-003935,1671000.0
V003936,C001367,Hyundai,Venue,2017,REG-V-003936,508000.0
V003937,C007683,Volkswagen,Taigun,2023,REG-V-003937,1279000.0
V003938,C007885,Toyota,Glanza,2012,REG-V-003938,840000.0
V003939,C007068,Tata,Altroz,2024,REG-V-003939,789000.0
V003940,C007518,Tata,Tiago,2019,REG-V-003940,1042000.0
V003941,C009637,Hyundai,i20,2015,REG-V-003941,297000.0
V003942,C009459,Tata,Tiago,2016,REG-V-003942,645000.0
V003943,C006491,Kia,Seltos,2021,REG-V-003943,1534000.0
V003944,C003176,Honda,Civic,2016,REG-V-003944,648000.0
V003945,C000143,Volkswagen,Taigun,2018,REG-V-003945,618000.0
V003946,C006357,Toyota,Innova,2014,REG-V-003946,1238000.0
V003947,C004338,Tata,Tiago,2019,REG-V-003947,829000.0
V003948,C001460,Tata,Harrier,2014,REG-V-003948,307000.0
V003949,C002173,Honda,Civic,2025,REG-V-003949,1048000.0
V003950,C009398,Honda,City,2019,REG-V-003950,1077000.0
V003951,C000690,Tata,Tiago,2018,REG-V-003951,883000.0
V003952,C007945,Mahindra,Scorpio,2022,REG-V-003952,2130000.0
V003953,C009070,Honda,Amaze,2019,REG-V-003953,1110000.0
V003954,C006916,Toyota,Innova,2017,REG-V-003954,1253000.0
V003955,C000634,Hyundai,i10,2020,REG-V-003955,723000.0
V003956,C008503,Volkswagen,Virtus,2020,REG-V-003956,1277000.0
V003957,C006568,Volkswagen,Virtus,2017,REG-V-003957,494000.0
V003958,C002767,Honda,Amaze,2014,REG-V-003958,431000.0
V003959,C006334,Hyundai,Venue,2012,REG-V-003959,298000.0
V003960,C001370,Kia,Seltos,2013,REG-V-003960,582000.0
V003961,C007124,Maruti Suzuki,Swift,2019,REG-V-003961,402000.0
V003962,C009082,Volkswagen,Taigun,2023,REG-V-003962,1132000.0
V003963,C005256,Maruti Suzuki,Brezza,2024,REG-V-003963,959000.0
V003964,C009530,Toyota,Innova,2018,REG-V-003964,1712000.0
V003965,C004413,Maruti Suzuki,Swift,2016,REG-V-003965,298000.0
V003966,C008618,Honda,Amaze,2023,REG-V-003966,1196000.0
V003967,C007805,Mahindra,Bolero,2015,REG-V-003967,443000.0
V003968,C000896,Tata,Tiago,2021,REG-V-003968,820000.0
V003969,C009167,Maruti Suzuki,Dzire,2014,REG-V-003969,200000.0
V003970,C009152,Volkswagen,Polo,2021,REG-V-003970,705000.0
V003971,C003518,Tata,Altroz,2019,REG-V-003971,905000.0
V003972,C007996,Toyota,Fortuner,2022,REG-V-003972,1204000.0
V003973,C002271,Mahindra,Scorpio,2013,REG-V-003973,719000.0
V003974,C000318,Tata,Harrier,2015,REG-V-003974,482000.0
V003975,C002090,Honda,Amaze,2022,REG-V-003975,976000.0
V003976,C004876,Toyota,Innova,2024,REG-V-003976,3301000.0
V003977,C000598,Hyundai,Creta,2017,REG-V-003977,714000.0
V003978,C001593,Volkswagen,Virtus,2015,REG-V-003978,622000.0
V003979,C009514,Toyota,Fortuner,2017,REG-V-003979,1780000.0
V003980,C004981,Kia,Sonet,2020,REG-V-003980,1152000.0
V003981,C008281,Maruti Suzuki,Ertiga,2019,REG-V-003981,481000.0
V003982,C002078,Honda,Civic,2019,REG-V-003982,1057000.0
V003983,C000898,Honda,Amaze,2012,REG-V-003983,364000.0
V003984,C007879,Hyundai,Venue,2017,REG-V-003984,653000.0
V003985,C003487,Honda,Amaze,2015,REG-V-003985,709000.0
V003986,C004625,Honda,Amaze,2024,REG-V-003986,1224000.0
V003987,C009928,Honda,Civic,2017,REG-V-003987,759000.0
V003988,C003147,Honda,City,2015,REG-V-003988,552000.0
V003989,C004771,Mahindra,Bolero,2016,REG-V-003989,1054000.0
V003990,C006397,Honda,Amaze,2015,REG-V-003990,361000.0
V003991,C000902,Honda,Civic,2017,REG-V-003991,582000.0
V003992,C007216,Tata,Punch,2018,REG-V-003992,504000.0
V003993,C004540,Hyundai,Verna,2019,REG-V-003993,979000.0
V003994,C001741,Tata,Tiago,2015,REG-V-003994,409000.0
V003995,C004335,Maruti Suzuki,Dzire,2025,REG-V-003995,475000.0
V003996,C004637,Maruti Suzuki,Brezza,2015,REG-V-003996,217000.0
V003997,C006458,Volkswagen,Taigun,2019,REG-V-003997,858000.0
V003998,C009401,Kia,Carens,2019,REG-V-003998,1043000.0
V003999,C007716,Volkswagen,Polo,2025,REG-V-003999,1938000.0
V004000,C003830,Honda,Amaze,2014,REG-V-004000,344000.0
V004001,C009694,Toyota,Innova,2016,REG-V-004001,1556000.0
V004002,C007969,Toyota,Innova,2016,REG-V-004002,943000.0
V004003,C000296,Volkswagen,Virtus,2021,REG-V-004003,1061000.0
V004004,C001160,Kia,Carens,2016,REG-V-004004,509000.0
V004005,C002201,Volkswagen,Polo,2021,REG-V-004005,1076000.0
V004006,C000851,Volkswagen,Taigun,2013,REG-V-004006,696000.0
V004007,C004891,Hyundai,i10,2022,REG-V-004007,768000.0
V004008,C003398,Hyundai,Venue,2025,REG-V-004008,675000.0
V004009,C009732,Toyota,Innova,2019,REG-V-004009,1970000.0
V004010,C004766,Honda,City,2017,REG-V-004010,625000.0
V004011,C002135,Volkswagen,Taigun,2021,REG-V-004011,734000.0
V004012,C009704,Kia,Sonet,2013,REG-V-004012,615000.0
V004013,C005171,Volkswagen,Polo,2016,REG-V-004013,499000.0
V004014,C000755,Mahindra,XUV700,2023,REG-V-004014,1261000.0
V004015,C000816,Volkswagen,Virtus,2021,REG-V-004015,836000.0
V004016,C006799,Hyundai,Venue,2020,REG-V-004016,820000.0
V004017,C004991,Kia,Carens,2016,REG-V-004017,655000.0
V004018,C006285,Mahindra,Bolero,2023,REG-V-004018,778000.0
V004019,C008545,Maruti Suzuki,Ertiga,2019,REG-V-004019,389000.0
V004020,C006855,Toyota,Innova,2020,REG-V-004020,2523000.0
V004021,C008647,Volkswagen,Virtus,2014,REG-V-004021,500000.0
V004022,C007492,Mahindra,Scorpio,2017,REG-V-004022,749000.0
V004023,C006791,Kia,Seltos,2016,REG-V-004023,858000.0
V004024,C001352,Hyundai,i20,2016,REG-V-004024,529000.0
V004025,C004863,Hyundai,Creta,2018,REG-V-004025,688000.0
V004026,C004359,Hyundai,Venue,2020,REG-V-004026,774000.0
V004027,C005444,Maruti Suzuki,Ertiga,2019,REG-V-004027,381000.0
V004028,C003925,Mahindra,Bolero,2012,REG-V-004028,494000.0
V004029,C006251,Tata,Harrier,2018,REG-V-004029,660000.0
V004030,C003942,Hyundai,Creta,2012,REG-V-004030,395000.0
V004031,C005615,Maruti Suzuki,Baleno,2013,REG-V-004031,359000.0
V004032,C003964,Volkswagen,Virtus,2025,REG-V-004032,1598000.0
V004033,C009069,Honda,Civic,2020,REG-V-004033,960000.0
V004034,C003746,Hyundai,Creta,2022,REG-V-004034,885000.0
V004035,C007366,Tata,Punch,2014,REG-V-004035,618000.0
V004036,C006184,Mahindra,Bolero,2019,REG-V-004036,843000.0
V004037,C003861,Volkswagen,Polo,2024,REG-V-004037,1631000.0
V004038,C008130,Maruti Suzuki,Dzire,2018,REG-V-004038,350000.0
V004039,C009305,Tata,Tiago,2015,REG-V-004039,614000.0
V004040,C007673,Honda,City,2023,REG-V-004040,1351000.0
V004041,C009496,Maruti Suzuki,Brezza,2013,REG-V-004041,201000.0
V004042,C004397,Volkswagen,Taigun,2016,REG-V-004042,920000.0
V004043,C009176,Volkswagen,Virtus,2024,REG-V-004043,1722000.0
V004044,C008810,Honda,City,2020,REG-V-004044,851000.0
V004045,C007695,Mahindra,Scorpio,2025,REG-V-004045,2371000.0
V004046,C008390,Kia,Carens,2024,REG-V-004046,1709000.0
V004047,C007358,Kia,Seltos,2014,REG-V-004047,464000.0
V004048,C005153,Honda,City,2015,REG-V-004048,669000.0
V004049,C005564,Kia,Seltos,2019,REG-V-004049,1246000.0
V004050,C004197,Honda,City,2023,REG-V-004050,975000.0
V004051,C006690,Toyota,Innova,2012,REG-V-004051,960000.0
V004052,C003231,Honda,Civic,2023,REG-V-004052,1193000.0
V004053,C007460,Tata,Punch,2024,REG-V-004053,963000.0
V004054,C005093,Mahindra,XUV300,2023,REG-V-004054,789000.0
V004055,C003532,Tata,Harrier,2014,REG-V-004055,457000.0
V004056,C001461,Honda,City,2017,REG-V-004056,658000.0
V004057,C002571,Hyundai,Verna,2015,REG-V-004057,361000.0
V004058,C006451,Hyundai,i20,2013,REG-V-004058,326000.0
V004059,C003706,Honda,Amaze,2015,REG-V-004059,385000.0
V004060,C000342,Hyundai,i10,2025,REG-V-004060,1049000.0
V004061,C003282,Kia,Carens,2018,REG-V-004061,624000.0
V004062,C003672,Mahindra,XUV300,2019,REG-V-004062,1217000.0
V004063,C002366,Maruti Suzuki,Swift,2019,REG-V-004063,405000.0
V004064,C002850,Maruti Suzuki,Ertiga,2015,REG-V-004064,263000.0
V004065,C007097,Toyota,Innova,2024,REG-V-004065,1749000.0
V004066,C007528,Toyota,Innova,2022,REG-V-004066,1042000.0
V004067,C009590,Mahindra,Bolero,2016,REG-V-004067,779000.0
V004068,C001179,Kia,Carens,2016,REG-V-004068,582000.0
V004069,C003104,Hyundai,Creta,2016,REG-V-004069,550000.0
V004070,C000783,Maruti Suzuki,Brezza,2020,REG-V-004070,492000.0
V004071,C006179,Hyundai,i10,2023,REG-V-004071,808000.0
V004072,C000172,Volkswagen,Virtus,2022,REG-V-004072,811000.0
V004073,C002063,Volkswagen,Taigun,2018,REG-V-004073,744000.0
V004074,C005916,Mahindra,XUV700,2017,REG-V-004074,1017000.0
V004075,C003591,Honda,City,2017,REG-V-004075,903000.0
V004076,C005482,Toyota,Innova,2018,REG-V-004076,969000.0
V004077,C006451,Mahindra,Bolero,2013,REG-V-004077,665000.0
V004078,C008427,Mahindra,Scorpio,2012,REG-V-004078,760000.0
V004079,C003946,Tata,Nexon,2024,REG-V-004079,977000.0
V004080,C002786,Honda,Civic,2023,REG-V-004080,1472000.0
V004081,C005425,Maruti Suzuki,Ertiga,2022,REG-V-004081,492000.0
V004082,C000720,Kia,Sonet,2022,REG-V-004082,1462000.0
V004083,C000438,Kia,Carens,2013,REG-V-004083,389000.0
V004084,C004546,Kia,Seltos,2015,REG-V-004084,758000.0
V004085,C002201,Volkswagen,Polo,2025,REG-V-004085,1958000.0
V004086,C000068,Maruti Suzuki,Dzire,2025,REG-V-004086,663000.0
V004087,C006834,Volkswagen,Polo,2022,REG-V-004087,726000.0
V004088,C008210,Honda,Civic,2014,REG-V-004088,393000.0
V004089,C001467,Volkswagen,Taigun,2023,REG-V-004089,760000.0
V004090,C005681,Honda,City,2020,REG-V-004090,650000.0
V004091,C009840,Volkswagen,Taigun,2018,REG-V-004091,664000.0
V004092,C002692,Hyundai,i20,2017,REG-V-004092,402000.0
V004093,C007365,Volkswagen,Polo,2023,REG-V-004093,1617000.0
V004094,C001617,Volkswagen,Virtus,2024,REG-V-004094,1524000.0
V004095,C009353,Toyota,Innova,2015,REG-V-004095,1202000.0
V004096,C000007,Volkswagen,Virtus,2017,REG-V-004096,898000.0
V004097,C002932,Tata,Harrier,2020,REG-V-004097,1065000.0
V004098,C009765,Mahindra,Scorpio,2025,REG-V-004098,2281000.0
V004099,C006751,Maruti Suzuki,Brezza,2012,REG-V-004099,246000.0
V004100,C002131,Toyota,Glanza,2021,REG-V-004100,1918000.0
V004101,C007974,Mahindra,XUV700,2012,REG-V-004101,593000.0
V004102,C009031,Toyota,Fortuner,2017,REG-V-004102,1557000.0
V004103,C004908,Toyota,Glanza,2012,REG-V-004103,1143000.0
V004104,C001555,Hyundai,Venue,2014,REG-V-004104,427000.0
V004105,C002597,Maruti Suzuki,Brezza,2016,REG-V-004105,308000.0
V004106,C009451,Volkswagen,Polo,2023,REG-V-004106,1632000.0
V004107,C001606,Hyundai,i20,2015,REG-V-004107,552000.0
V004108,C003104,Honda,Civic,2012,REG-V-004108,534000.0
V004109,C001446,Hyundai,Venue,2022,REG-V-004109,840000.0
V004110,C001059,Toyota,Innova,2014,REG-V-004110,737000.0
V004111,C005259,Kia,Carens,2014,REG-V-004111,532000.0
V004112,C003981,Toyota,Innova,2021,REG-V-004112,1216000.0
V004113,C000480,Tata,Nexon,2025,REG-V-004113,580000.0
V004114,C001443,Toyota,Innova,2014,REG-V-004114,1073000.0
V004115,C000388,Hyundai,i10,2022,REG-V-004115,815000.0
V004116,C000263,Tata,Harrier,2021,REG-V-004116,1135000.0
V004117,C001780,Kia,Seltos,2017,REG-V-004117,1093000.0
V004118,C007503,Kia,Seltos,2013,REG-V-004118,417000.0
V004119,C000153,Mahindra,Bolero,2018,REG-V-004119,806000.0
V004120,C003033,Maruti Suzuki,Baleno,2023,REG-V-004120,759000.0
V004121,C005694,Maruti Suzuki,Ertiga,2019,REG-V-004121,493000.0
V004122,C007503,Toyota,Fortuner,2022,REG-V-004122,2691000.0
V004123,C006823,Volkswagen,Taigun,2019,REG-V-004123,1128000.0
V004124,C009887,Honda,Civic,2022,REG-V-004124,1057000.0
V004125,C002752,Tata,Punch,2025,REG-V-004125,1126000.0
V004126,C000004,Honda,Amaze,2014,REG-V-004126,391000.0
V004127,C000393,Hyundai,i20,2025,REG-V-004127,1143000.0
V004128,C000985,Maruti Suzuki,Brezza,2021,REG-V-004128,629000.0
V004129,C009754,Toyota,Glanza,2016,REG-V-004129,1475000.0
V004130,C005749,Honda,City,2022,REG-V-004130,1257000.0
V004131,C008059,Mahindra,XUV300,2019,REG-V-004131,1219000.0
V004132,C009850,Hyundai,Verna,2022,REG-V-004132,615000.0
V004133,C008485,Hyundai,Creta,2015,REG-V-004133,424000.0
V004134,C004092,Honda,Amaze,2024,REG-V-004134,1469000.0
V004135,C008807,Kia,Seltos,2022,REG-V-004135,1475000.0
V004136,C004366,Honda,City,2021,REG-V-004136,1042000.0
V004137,C001131,Mahindra,XUV700,2022,REG-V-004137,1317000.0
V004138,C005522,Volkswagen,Virtus,2014,REG-V-004138,350000.0
V004139,C009195,Hyundai,Verna,2020,REG-V-004139,621000.0
V004140,C007924,Toyota,Glanza,2019,REG-V-004140,2251000.0
V004141,C004035,Toyota,Fortuner,2020,REG-V-004141,1340000.0
V004142,C008592,Honda,Amaze,2014,REG-V-004142,634000.0
V004143,C004677,Hyundai,i20,2018,REG-V-004143,464000.0
V004144,C006884,Maruti Suzuki,Baleno,2014,REG-V-004144,264000.0
V004145,C003315,Maruti Suzuki,Brezza,2025,REG-V-004145,555000.0
V004146,C001958,Hyundai,Creta,2018,REG-V-004146,848000.0
V004147,C003116,Kia,Carens,2012,REG-V-004147,373000.0
V004148,C008800,Volkswagen,Taigun,2021,REG-V-004148,1216000.0
V004149,C009899,Kia,Seltos,2019,REG-V-004149,1111000.0
V004150,C002651,Mahindra,XUV700,2021,REG-V-004150,950000.0
V004151,C001650,Toyota,Innova,2016,REG-V-004151,702000.0
V004152,C000734,Toyota,Fortuner,2014,REG-V-004152,1056000.0
V004153,C007605,Volkswagen,Polo,2022,REG-V-004153,875000.0
V004154,C005325,Maruti Suzuki,Ertiga,2013,REG-V-004154,234000.0
V004155,C005599,Tata,Altroz,2014,REG-V-004155,240000.0
V004156,C000467,Kia,Carens,2019,REG-V-004156,624000.0
V004157,C000818,Honda,City,2019,REG-V-004157,1151000.0
V004158,C009184,Kia,Seltos,2015,REG-V-004158,754000.0
V004159,C005813,Tata,Punch,2014,REG-V-004159,450000.0
V004160,C002213,Kia,Sonet,2019,REG-V-004160,1200000.0
V004161,C002085,Volkswagen,Taigun,2017,REG-V-004161,674000.0
V004162,C002429,Volkswagen,Taigun,2025,REG-V-004162,1789000.0
V004163,C000662,Honda,Amaze,2019,REG-V-004163,1108000.0
V004164,C000516,Toyota,Glanza,2020,REG-V-004164,1392000.0
V004165,C007256,Hyundai,i20,2020,REG-V-004165,600000.0
V004166,C002649,Tata,Nexon,2013,REG-V-004166,493000.0
V004167,C003850,Kia,Sonet,2022,REG-V-004167,1034000.0
V004168,C005408,Maruti Suzuki,Ertiga,2013,REG-V-004168,301000.0
V004169,C003186,Honda,Amaze,2017,REG-V-004169,762000.0
V004170,C004828,Volkswagen,Taigun,2022,REG-V-004170,1016000.0
V004171,C008687,Volkswagen,Taigun,2024,REG-V-004171,1859000.0
V004172,C002460,Mahindra,XUV300,2021,REG-V-004172,1915000.0
V004173,C007974,Volkswagen,Taigun,2016,REG-V-004173,715000.0
V004174,C002652,Volkswagen,Taigun,2015,REG-V-004174,633000.0
V004175,C001877,Hyundai,i10,2013,REG-V-004175,543000.0
V004176,C000752,Volkswagen,Polo,2018,REG-V-004176,1045000.0
V004177,C006881,Hyundai,Venue,2017,REG-V-004177,550000.0
V004178,C004132,Mahindra,XUV300,2016,REG-V-004178,783000.0
V004179,C007772,Maruti Suzuki,Baleno,2023,REG-V-004179,757000.0
V004180,C001336,Honda,Amaze,2014,REG-V-004180,552000.0
V004181,C006077,Tata,Nexon,2017,REG-V-004181,444000.0
V004182,C000134,Maruti Suzuki,Baleno,2014,REG-V-004182,350000.0
V004183,C002361,Volkswagen,Taigun,2013,REG-V-004183,612000.0
V004184,C006141,Mahindra,Bolero,2021,REG-V-004184,1791000.0
V004185,C000581,Kia,Sonet,2012,REG-V-004185,708000.0
V004186,C003781,Maruti Suzuki,Dzire,2018,REG-V-004186,592000.0
V004187,C005655,Hyundai,i10,2021,REG-V-004187,1116000.0
V004188,C007331,Honda,City,2012,REG-V-004188,547000.0
V004189,C007106,Toyota,Glanza,2017,REG-V-004189,1225000.0
V004190,C001473,Kia,Sonet,2015,REG-V-004190,378000.0
V004191,C000773,Maruti Suzuki,Dzire,2021,REG-V-004191,518000.0
V004192,C003776,Honda,City,2020,REG-V-004192,959000.0
V004193,C002429,Mahindra,XUV700,2015,REG-V-004193,1024000.0
V004194,C003042,Maruti Suzuki,Swift,2022,REG-V-004194,607000.0
V004195,C003417,Maruti Suzuki,Dzire,2025,REG-V-004195,622000.0
V004196,C003989,Maruti Suzuki,Ertiga,2023,REG-V-004196,481000.0
V004197,C005224,Volkswagen,Polo,2024,REG-V-004197,1698000.0
V004198,C000096,Toyota,Glanza,2017,REG-V-004198,1454000.0
V004199,C002966,Toyota,Glanza,2022,REG-V-004199,1885000.0
V004200,C002657,Volkswagen,Taigun,2016,REG-V-004200,715000.0
V004201,C002386,Honda,Civic,2015,REG-V-004201,733000.0
V004202,C007954,Mahindra,Bolero,2020,REG-V-004202,630000.0
V004203,C002532,Volkswagen,Virtus,2021,REG-V-004203,682000.0
V004204,C001499,Volkswagen,Taigun,2020,REG-V-004204,907000.0
V004205,C008563,Volkswagen,Virtus,2012,REG-V-004205,488000.0
V004206,C003834,Toyota,Fortuner,2024,REG-V-004206,1771000.0
V004207,C001842,Tata,Altroz,2022,REG-V-004207,780000.0
V004208,C007575,Maruti Suzuki,Swift,2014,REG-V-004208,221000.0
V004209,C006609,Toyota,Fortuner,2018,REG-V-004209,743000.0
V004210,C009468,Tata,Harrier,2024,REG-V-004210,1255000.0
V004211,C008829,Tata,Tiago,2017,REG-V-004211,642000.0
V004212,C006982,Kia,Seltos,2018,REG-V-004212,1193000.0
V004213,C001604,Maruti Suzuki,Dzire,2013,REG-V-004213,245000.0
V004214,C004865,Toyota,Fortuner,2015,REG-V-004214,1342000.0
V004215,C001185,Kia,Seltos,2015,REG-V-004215,729000.0
V004216,C005535,Hyundai,Venue,2023,REG-V-004216,1282000.0
V004217,C009206,Maruti Suzuki,Ertiga,2013,REG-V-004217,282000.0
V004218,C000039,Tata,Punch,2014,REG-V-004218,299000.0
V004219,C008809,Mahindra,XUV300,2016,REG-V-004219,644000.0
V004220,C005429,Kia,Seltos,2017,REG-V-004220,1084000.0
V004221,C001502,Kia,Sonet,2019,REG-V-004221,714000.0
V004222,C008600,Tata,Nexon,2017,REG-V-004222,523000.0
V004223,C005399,Mahindra,Bolero,2019,REG-V-004223,1089000.0
V004224,C004495,Tata,Altroz,2016,REG-V-004224,442000.0
V004225,C005047,Toyota,Innova,2013,REG-V-004225,810000.0
V004226,C001463,Honda,Civic,2012,REG-V-004226,641000.0
V004227,C001121,Toyota,Fortuner,2021,REG-V-004227,2580000.0
V004228,C006663,Kia,Sonet,2012,REG-V-004228,371000.0
V004229,C008862,Toyota,Innova,2021,REG-V-004229,1899000.0
V004230,C006984,Volkswagen,Taigun,2016,REG-V-004230,429000.0
V004231,C008445,Mahindra,XUV700,2013,REG-V-004231,783000.0
V004232,C008490,Toyota,Fortuner,2017,REG-V-004232,984000.0
V004233,C000332,Maruti Suzuki,Brezza,2019,REG-V-004233,449000.0
V004234,C007777,Kia,Seltos,2022,REG-V-004234,1584000.0
V004235,C007791,Hyundai,Creta,2015,REG-V-004235,407000.0
V004236,C003501,Hyundai,i20,2012,REG-V-004236,256000.0
V004237,C004116,Volkswagen,Taigun,2024,REG-V-004237,1492000.0
V004238,C007518,Kia,Carens,2023,REG-V-004238,1767000.0
V004239,C009870,Hyundai,Verna,2015,REG-V-004239,603000.0
V004240,C009882,Volkswagen,Polo,2015,REG-V-004240,806000.0
V004241,C004776,Mahindra,XUV300,2024,REG-V-004241,1862000.0
V004242,C007961,Tata,Altroz,2015,REG-V-004242,424000.0
V004243,C004697,Kia,Sonet,2021,REG-V-004243,1262000.0
V004244,C008697,Maruti Suzuki,Baleno,2018,REG-V-004244,322000.0
V004245,C006535,Honda,Civic,2022,REG-V-004245,704000.0
V004246,C009398,Volkswagen,Virtus,2018,REG-V-004246,589000.0
V004247,C009975,Volkswagen,Polo,2021,REG-V-004247,906000.0
V004248,C003285,Honda,Amaze,2021,REG-V-004248,844000.0
V004249,C009791,Kia,Carens,2021,REG-V-004249,1508000.0
V004250,C006958,Hyundai,i10,2017,REG-V-004250,379000.0
V004251,C002404,Mahindra,XUV700,2013,REG-V-004251,921000.0
V004252,C000032,Toyota,Fortuner,2019,REG-V-004252,1458000.0
V004253,C006876,Mahindra,XUV300,2018,REG-V-004253,1224000.0
V004254,C002246,Hyundai,Venue,2015,REG-V-004254,577000.0
V004255,C002335,Tata,Tiago,2015,REG-V-004255,305000.0
V004256,C005561,Hyundai,Creta,2022,REG-V-004256,1004000.0
V004257,C000321,Maruti Suzuki,Ertiga,2021,REG-V-004257,419000.0
V004258,C004185,Toyota,Fortuner,2022,REG-V-004258,1265000.0
V004259,C008059,Mahindra,Bolero,2015,REG-V-004259,604000.0
V004260,C000291,Tata,Punch,2023,REG-V-004260,958000.0
V004261,C006284,Tata,Harrier,2015,REG-V-004261,502000.0
V004262,C001579,Volkswagen,Virtus,2023,REG-V-004262,1616000.0
V004263,C008658,Hyundai,Verna,2012,REG-V-004263,283000.0
V004264,C003919,Hyundai,Venue,2018,REG-V-004264,424000.0
V004265,C008166,Mahindra,Scorpio,2022,REG-V-004265,759000.0
V004266,C007296,Hyundai,i10,2017,REG-V-004266,467000.0
V004267,C008829,Hyundai,i20,2013,REG-V-004267,532000.0
V004268,C005206,Mahindra,XUV300,2020,REG-V-004268,1786000.0
V004269,C004899,Volkswagen,Polo,2020,REG-V-004269,932000.0
V004270,C000386,Kia,Sonet,2018,REG-V-004270,988000.0
V004271,C005378,Toyota,Glanza,2013,REG-V-004271,773000.0
V004272,C005258,Maruti Suzuki,Baleno,2022,REG-V-004272,640000.0
V004273,C006108,Volkswagen,Virtus,2015,REG-V-004273,359000.0
V004274,C001314,Maruti Suzuki,Dzire,2017,REG-V-004274,399000.0
V004275,C005436,Maruti Suzuki,Baleno,2019,REG-V-004275,574000.0
V004276,C004561,Kia,Seltos,2014,REG-V-004276,401000.0
V004277,C005994,Toyota,Glanza,2012,REG-V-004277,1316000.0
V004278,C006652,Volkswagen,Taigun,2021,REG-V-004278,1461000.0
V004279,C003622,Honda,City,2016,REG-V-004279,424000.0
V004280,C005083,Hyundai,Venue,2019,REG-V-004280,553000.0
V004281,C003967,Tata,Harrier,2016,REG-V-004281,556000.0
V004282,C007719,Maruti Suzuki,Swift,2024,REG-V-004282,833000.0
V004283,C008027,Maruti Suzuki,Baleno,2015,REG-V-004283,256000.0
V004284,C002916,Maruti Suzuki,Baleno,2019,REG-V-004284,402000.0
V004285,C002608,Hyundai,Verna,2017,REG-V-004285,434000.0
V004286,C006826,Volkswagen,Taigun,2012,REG-V-004286,350000.0
V004287,C007809,Kia,Carens,2025,REG-V-004287,1767000.0
V004288,C000110,Maruti Suzuki,Brezza,2017,REG-V-004288,382000.0
V004289,C004300,Mahindra,Bolero,2016,REG-V-004289,1098000.0
V004290,C003058,Tata,Nexon,2013,REG-V-004290,512000.0
V004291,C007730,Hyundai,i10,2012,REG-V-004291,420000.0
V004292,C001426,Hyundai,Creta,2020,REG-V-004292,549000.0
V004293,C007856,Kia,Sonet,2024,REG-V-004293,1673000.0
V004294,C006662,Tata,Punch,2019,REG-V-004294,672000.0
V004295,C008469,Mahindra,Bolero,2015,REG-V-004295,513000.0
V004296,C009905,Mahindra,XUV300,2012,REG-V-004296,480000.0
V004297,C004803,Mahindra,XUV300,2021,REG-V-004297,930000.0
V004298,C007037,Honda,City,2017,REG-V-004298,648000.0
V004299,C007149,Maruti Suzuki,Dzire,2024,REG-V-004299,604000.0
V004300,C008488,Honda,Amaze,2016,REG-V-004300,765000.0
V004301,C005214,Mahindra,Bolero,2016,REG-V-004301,568000.0
V004302,C001082,Mahindra,XUV300,2025,REG-V-004302,1007000.0
V004303,C009791,Honda,Civic,2019,REG-V-004303,718000.0
V004304,C000589,Mahindra,Bolero,2013,REG-V-004304,805000.0
V004305,C009625,Volkswagen,Virtus,2022,REG-V-004305,1383000.0
V004306,C002570,Volkswagen,Virtus,2025,REG-V-004306,1570000.0
V004307,C004964,Kia,Sonet,2015,REG-V-004307,776000.0
V004308,C009516,Volkswagen,Taigun,2012,REG-V-004308,560000.0
V004309,C006814,Maruti Suzuki,Swift,2016,REG-V-004309,407000.0
V004310,C005900,Volkswagen,Virtus,2018,REG-V-004310,1149000.0
V004311,C003242,Toyota,Fortuner,2018,REG-V-004311,1253000.0
V004312,C002909,Honda,Civic,2013,REG-V-004312,367000.0
V004313,C000339,Volkswagen,Virtus,2018,REG-V-004313,1130000.0
V004314,C005907,Maruti Suzuki,Brezza,2016,REG-V-004314,312000.0
V004315,C004332,Volkswagen,Polo,2013,REG-V-004315,605000.0
V004316,C002267,Tata,Tiago,2025,REG-V-004316,785000.0
V004317,C003848,Maruti Suzuki,Swift,2022,REG-V-004317,659000.0
V004318,C009429,Hyundai,Verna,2013,REG-V-004318,273000.0
V004319,C008530,Maruti Suzuki,Ertiga,2019,REG-V-004319,424000.0
V004320,C004334,Kia,Seltos,2020,REG-V-004320,1250000.0
V004321,C009798,Maruti Suzuki,Swift,2023,REG-V-004321,561000.0
V004322,C004656,Mahindra,Scorpio,2017,REG-V-004322,796000.0
V004323,C003491,Toyota,Glanza,2013,REG-V-004323,1112000.0
V004324,C003887,Honda,City,2016,REG-V-004324,649000.0
V004325,C008795,Maruti Suzuki,Brezza,2013,REG-V-004325,296000.0
V004326,C002686,Honda,Amaze,2021,REG-V-004326,1314000.0
V004327,C002243,Maruti Suzuki,Ertiga,2016,REG-V-004327,450000.0
V004328,C009603,Toyota,Glanza,2025,REG-V-004328,3343000.0
V004329,C007398,Mahindra,XUV700,2024,REG-V-004329,1357000.0
V004330,C007706,Mahindra,Bolero,2017,REG-V-004330,1074000.0
V004331,C007463,Tata,Nexon,2014,REG-V-004331,333000.0
V004332,C006866,Mahindra,Scorpio,2023,REG-V-004332,1341000.0
V004333,C000918,Kia,Seltos,2021,REG-V-004333,1359000.0
V004334,C007603,Toyota,Innova,2020,REG-V-004334,2161000.0
V004335,C002510,Honda,Civic,2020,REG-V-004335,604000.0
V004336,C001333,Maruti Suzuki,Ertiga,2015,REG-V-004336,251000.0
V004337,C009825,Honda,Amaze,2013,REG-V-004337,443000.0
V004338,C000295,Hyundai,Verna,2018,REG-V-004338,695000.0
V004339,C000327,Hyundai,i10,2021,REG-V-004339,681000.0
V004340,C003087,Mahindra,Scorpio,2016,REG-V-004340,442000.0
V004341,C008483,Toyota,Fortuner,2015,REG-V-004341,1449000.0
V004342,C009779,Toyota,Glanza,2015,REG-V-004342,724000.0
V004343,C001182,Tata,Nexon,2016,REG-V-004343,808000.0
V004344,C003970,Toyota,Glanza,2017,REG-V-004344,1260000.0
V004345,C007399,Tata,Nexon,2017,REG-V-004345,430000.0
V004346,C006498,Toyota,Fortuner,2012,REG-V-004346,1042000.0
V004347,C002354,Volkswagen,Polo,2023,REG-V-004347,980000.0
V004348,C003275,Maruti Suzuki,Brezza,2013,REG-V-004348,306000.0
V004349,C005981,Maruti Suzuki,Baleno,2018,REG-V-004349,463000.0
V004350,C000359,Mahindra,Bolero,2016,REG-V-004350,570000.0
V004351,C007647,Mahindra,Bolero,2024,REG-V-004351,2020000.0
V004352,C002750,Toyota,Glanza,2019,REG-V-004352,2021000.0
V004353,C008334,Toyota,Fortuner,2021,REG-V-004353,1906000.0
V004354,C006875,Kia,Seltos,2025,REG-V-004354,1899000.0
V004355,C006496,Honda,City,2015,REG-V-004355,408000.0
V004356,C007742,Mahindra,Scorpio,2024,REG-V-004356,1385000.0
V004357,C000772,Mahindra,Scorpio,2017,REG-V-004357,1287000.0
V004358,C002609,Maruti Suzuki,Brezza,2025,REG-V-004358,739000.0
V004359,C005256,Maruti Suzuki,Swift,2023,REG-V-004359,566000.0
V004360,C007845,Mahindra,Scorpio,2025,REG-V-004360,1409000.0
V004361,C008536,Volkswagen,Virtus,2025,REG-V-004361,1973000.0
V004362,C003826,Maruti Suzuki,Brezza,2020,REG-V-004362,727000.0
V004363,C008000,Hyundai,Creta,2024,REG-V-004363,638000.0
V004364,C002222,Toyota,Innova,2022,REG-V-004364,1274000.0
V004365,C000839,Volkswagen,Virtus,2021,REG-V-004365,724000.0
V004366,C002487,Mahindra,Bolero,2022,REG-V-004366,1896000.0
V004367,C009083,Toyota,Fortuner,2017,REG-V-004367,730000.0
V004368,C005476,Toyota,Fortuner,2018,REG-V-004368,1897000.0
V004369,C004848,Toyota,Innova,2021,REG-V-004369,1786000.0
V004370,C007499,Volkswagen,Polo,2012,REG-V-004370,458000.0
V004371,C000102,Volkswagen,Virtus,2020,REG-V-004371,1170000.0
V004372,C001180,Volkswagen,Virtus,2020,REG-V-004372,1380000.0
V004373,C001008,Tata,Punch,2016,REG-V-004373,685000.0
V004374,C001213,Honda,Civic,2020,REG-V-004374,750000.0
V004375,C004554,Mahindra,XUV300,2017,REG-V-004375,991000.0
V004376,C002801,Tata,Nexon,2023,REG-V-004376,777000.0
V004377,C007932,Kia,Carens,2019,REG-V-004377,807000.0
V004378,C008428,Kia,Carens,2014,REG-V-004378,709000.0
V004379,C009286,Honda,Amaze,2025,REG-V-004379,860000.0
V004380,C001972,Tata,Punch,2014,REG-V-004380,425000.0
V004381,C005074,Kia,Carens,2017,REG-V-004381,636000.0
V004382,C000506,Toyota,Innova,2025,REG-V-004382,2041000.0
V004383,C002421,Hyundai,i20,2019,REG-V-004383,650000.0
V004384,C006200,Volkswagen,Taigun,2018,REG-V-004384,1062000.0
V004385,C004238,Volkswagen,Polo,2025,REG-V-004385,1833000.0
V004386,C006940,Toyota,Innova,2015,REG-V-004386,1392000.0
V004387,C008430,Volkswagen,Polo,2012,REG-V-004387,480000.0
V004388,C000618,Kia,Seltos,2019,REG-V-004388,994000.0
V004389,C009412,Hyundai,Creta,2013,REG-V-004389,469000.0
V004390,C000443,Hyundai,Venue,2023,REG-V-004390,687000.0
V004391,C009814,Hyundai,Verna,2020,REG-V-004391,827000.0
V004392,C006429,Tata,Harrier,2019,REG-V-004392,918000.0
V004393,C000449,Hyundai,Venue,2019,REG-V-004393,585000.0
V004394,C003952,Maruti Suzuki,Baleno,2017,REG-V-004394,426000.0
V004395,C002592,Maruti Suzuki,Swift,2019,REG-V-004395,331000.0
V004396,C008051,Tata,Punch,2016,REG-V-004396,547000.0
V004397,C002279,Maruti Suzuki,Brezza,2012,REG-V-004397,181000.0
V004398,C008310,Hyundai,Verna,2017,REG-V-004398,630000.0
V004399,C003106,Maruti Suzuki,Ertiga,2021,REG-V-004399,379000.0
V004400,C009893,Tata,Tiago,2024,REG-V-004400,1070000.0
V004401,C002708,Honda,Civic,2015,REG-V-004401,684000.0
V004402,C006887,Honda,Amaze,2022,REG-V-004402,776000.0
V004403,C008066,Volkswagen,Polo,2021,REG-V-004403,1368000.0
V004404,C002183,Hyundai,Venue,2015,REG-V-004404,417000.0
V004405,C000777,Volkswagen,Virtus,2018,REG-V-004405,791000.0
V004406,C005551,Mahindra,XUV700,2018,REG-V-004406,853000.0
V004407,C006818,Tata,Nexon,2019,REG-V-004407,1026000.0
V004408,C008219,Hyundai,i10,2025,REG-V-004408,1364000.0
V004409,C002728,Kia,Seltos,2017,REG-V-004409,789000.0
V004410,C008774,Hyundai,Creta,2013,REG-V-004410,533000.0
V004411,C009195,Honda,Civic,2016,REG-V-004411,790000.0
V004412,C007863,Volkswagen,Virtus,2017,REG-V-004412,645000.0
V004413,C000074,Hyundai,i10,2019,REG-V-004413,917000.0
V004414,C000886,Toyota,Glanza,2016,REG-V-004414,1179000.0
V004415,C009980,Volkswagen,Virtus,2025,REG-V-004415,1464000.0
V004416,C007396,Hyundai,Creta,2013,REG-V-004416,363000.0
V004417,C006311,Tata,Harrier,2023,REG-V-004417,1256000.0
V004418,C009065,Hyundai,Verna,2014,REG-V-004418,474000.0
V004419,C000409,Hyundai,i20,2024,REG-V-004419,944000.0
V004420,C007639,Mahindra,XUV300,2023,REG-V-004420,1643000.0
V004421,C006582,Toyota,Fortuner,2019,REG-V-004421,1358000.0
V004422,C008528,Mahindra,XUV300,2016,REG-V-004422,769000.0
V004423,C007851,Volkswagen,Taigun,2022,REG-V-004423,1560000.0
V004424,C004887,Toyota,Glanza,2012,REG-V-004424,566000.0
V004425,C000732,Hyundai,Venue,2023,REG-V-004425,652000.0
V004426,C009145,Mahindra,Bolero,2016,REG-V-004426,1250000.0
V004427,C007704,Hyundai,Creta,2019,REG-V-004427,563000.0
V004428,C003567,Honda,Civic,2012,REG-V-004428,415000.0
V004429,C009839,Volkswagen,Polo,2021,REG-V-004429,855000.0
V004430,C003098,Honda,Civic,2017,REG-V-004430,591000.0
V004431,C003713,Tata,Tiago,2012,REG-V-004431,289000.0
V004432,C009751,Tata,Tiago,2022,REG-V-004432,1228000.0
V004433,C006729,Kia,Sonet,2019,REG-V-004433,1220000.0
V004434,C008848,Tata,Punch,2021,REG-V-004434,767000.0
V004435,C008937,Hyundai,Creta,2025,REG-V-004435,711000.0
V004436,C005398,Maruti Suzuki,Ertiga,2013,REG-V-004436,227000.0
V004437,C002677,Maruti Suzuki,Brezza,2017,REG-V-004437,265000.0
V004438,C008520,Kia,Seltos,2012,REG-V-004438,582000.0
V004439,C005068,Maruti Suzuki,Baleno,2012,REG-V-004439,379000.0
V004440,C005688,Kia,Seltos,2018,REG-V-004440,633000.0
V004441,C005451,Mahindra,XUV300,2024,REG-V-004441,1506000.0
V004442,C000097,Honda,City,2021,REG-V-004442,921000.0
V004443,C000476,Maruti Suzuki,Baleno,2017,REG-V-004443,309000.0
V004444,C006212,Mahindra,Scorpio,2012,REG-V-004444,646000.0
V004445,C008006,Mahindra,XUV700,2020,REG-V-004445,1847000.0
V004446,C004595,Kia,Carens,2025,REG-V-004446,1033000.0
V004447,C001912,Maruti Suzuki,Brezza,2013,REG-V-004447,249000.0
V004448,C004082,Maruti Suzuki,Dzire,2013,REG-V-004448,348000.0
V004449,C007751,Toyota,Innova,2014,REG-V-004449,1114000.0
V004450,C001089,Mahindra,XUV700,2017,REG-V-004450,1212000.0
V004451,C005639,Tata,Punch,2019,REG-V-004451,708000.0
V004452,C007066,Hyundai,Venue,2021,REG-V-004452,533000.0
V004453,C004180,Maruti Suzuki,Brezza,2024,REG-V-004453,809000.0
V004454,C006051,Tata,Tiago,2013,REG-V-004454,374000.0
V004455,C008893,Toyota,Fortuner,2018,REG-V-004455,1070000.0
V004456,C002142,Honda,City,2019,REG-V-004456,724000.0
V004457,C001356,Volkswagen,Polo,2013,REG-V-004457,691000.0
V004458,C000631,Hyundai,i10,2013,REG-V-004458,369000.0
V004459,C007316,Honda,City,2020,REG-V-004459,835000.0
V004460,C009057,Toyota,Innova,2016,REG-V-004460,1674000.0
V004461,C006937,Kia,Carens,2022,REG-V-004461,1404000.0
V004462,C009765,Hyundai,i20,2024,REG-V-004462,1401000.0
V004463,C007128,Tata,Punch,2020,REG-V-004463,665000.0
V004464,C002872,Kia,Sonet,2020,REG-V-004464,1050000.0
V004465,C002572,Hyundai,Verna,2022,REG-V-004465,625000.0
V004466,C006713,Volkswagen,Polo,2015,REG-V-004466,633000.0
V004467,C006807,Mahindra,Scorpio,2015,REG-V-004467,943000.0
V004468,C005277,Toyota,Innova,2021,REG-V-004468,2315000.0
V004469,C005312,Toyota,Innova,2012,REG-V-004469,1213000.0
V004470,C004188,Maruti Suzuki,Swift,2018,REG-V-004470,494000.0
V004471,C003501,Maruti Suzuki,Swift,2023,REG-V-004471,468000.0
V004472,C006383,Mahindra,Bolero,2023,REG-V-004472,848000.0
V004473,C007539,Toyota,Innova,2016,REG-V-004473,788000.0
V004474,C008180,Tata,Tiago,2025,REG-V-004474,1079000.0
V004475,C003060,Volkswagen,Virtus,2018,REG-V-004475,834000.0
V004476,C008621,Maruti Suzuki,Baleno,2012,REG-V-004476,307000.0
V004477,C003012,Maruti Suzuki,Brezza,2015,REG-V-004477,389000.0
V004478,C003036,Tata,Tiago,2025,REG-V-004478,1665000.0
V004479,C008113,Maruti Suzuki,Ertiga,2021,REG-V-004479,515000.0
V004480,C009692,Kia,Sonet,2020,REG-V-004480,1180000.0
V004481,C009356,Mahindra,XUV700,2020,REG-V-004481,1063000.0
V004482,C001109,Tata,Altroz,2012,REG-V-004482,402000.0
V004483,C002872,Mahindra,XUV300,2014,REG-V-004483,731000.0
V004484,C007665,Mahindra,XUV700,2020,REG-V-004484,632000.0
V004485,C008116,Honda,City,2013,REG-V-004485,635000.0
V004486,C005085,Hyundai,Creta,2023,REG-V-004486,1018000.0
V004487,C000169,Tata,Punch,2019,REG-V-004487,418000.0
V004488,C005066,Volkswagen,Taigun,2013,REG-V-004488,576000.0
V004489,C000323,Toyota,Fortuner,2021,REG-V-004489,2383000.0
V004490,C002805,Volkswagen,Polo,2025,REG-V-004490,1669000.0
V004491,C006606,Tata,Tiago,2019,REG-V-004491,757000.0
V004492,C001351,Mahindra,XUV300,2020,REG-V-004492,1750000.0
V004493,C007172,Hyundai,i20,2020,REG-V-004493,706000.0
V004494,C006258,Toyota,Innova,2021,REG-V-004494,2008000.0
V004495,C004325,Volkswagen,Virtus,2019,REG-V-004495,949000.0
V004496,C003732,Mahindra,Scorpio,2014,REG-V-004496,739000.0
V004497,C009185,Honda,City,2012,REG-V-004497,632000.0
V004498,C005572,Kia,Seltos,2013,REG-V-004498,432000.0
V004499,C008949,Tata,Nexon,2013,REG-V-004499,240000.0
V004500,C004139,Kia,Sonet,2019,REG-V-004500,864000.0
V004501,C005985,Hyundai,Verna,2021,REG-V-004501,863000.0
V004502,C009553,Mahindra,XUV300,2019,REG-V-004502,1459000.0
V004503,C001241,Honda,Amaze,2016,REG-V-004503,416000.0
V004504,C002641,Honda,Civic,2015,REG-V-004504,502000.0
V004505,C009205,Mahindra,Bolero,2015,REG-V-004505,1078000.0
V004506,C004234,Mahindra,Scorpio,2015,REG-V-004506,764000.0
V004507,C002720,Toyota,Glanza,2014,REG-V-004507,919000.0
V004508,C009975,Tata,Punch,2017,REG-V-004508,544000.0
V004509,C001036,Volkswagen,Polo,2018,REG-V-004509,702000.0
V004510,C006159,Maruti Suzuki,Swift,2024,REG-V-004510,548000.0
V004511,C007951,Mahindra,XUV700,2019,REG-V-004511,1674000.0
V004512,C007938,Toyota,Innova,2012,REG-V-004512,1098000.0
V004513,C004441,Toyota,Innova,2013,REG-V-004513,1272000.0
V004514,C000458,Hyundai,i20,2021,REG-V-004514,872000.0
V004515,C008448,Hyundai,i20,2021,REG-V-004515,548000.0
V004516,C008088,Toyota,Fortuner,2017,REG-V-004516,1531000.0
V004517,C002399,Honda,Amaze,2019,REG-V-004517,625000.0
V004518,C003396,Mahindra,Bolero,2022,REG-V-004518,2119000.0
V004519,C005157,Mahindra,XUV300,2012,REG-V-004519,381000.0
V004520,C001133,Maruti Suzuki,Ertiga,2019,REG-V-004520,501000.0
V004521,C008258,Honda,Civic,2014,REG-V-004521,495000.0
V004522,C009255,Tata,Punch,2014,REG-V-004522,608000.0
V004523,C003064,Kia,Seltos,2016,REG-V-004523,926000.0
V004524,C009273,Volkswagen,Taigun,2012,REG-V-004524,641000.0
V004525,C008069,Honda,Amaze,2018,REG-V-004525,729000.0
V004526,C007336,Hyundai,Venue,2024,REG-V-004526,943000.0
V004527,C009689,Toyota,Innova,2014,REG-V-004527,793000.0
V004528,C003229,Toyota,Innova,2012,REG-V-004528,590000.0
V004529,C009193,Maruti Suzuki,Swift,2019,REG-V-004529,544000.0
V004530,C000997,Toyota,Fortuner,2022,REG-V-004530,1358000.0
V004531,C004820,Maruti Suzuki,Brezza,2012,REG-V-004531,185000.0
V004532,C005558,Honda,Civic,2024,REG-V-004532,1418000.0
V004533,C001227,Kia,Sonet,2022,REG-V-004533,716000.0
V004534,C007435,Maruti Suzuki,Swift,2019,REG-V-004534,632000.0
V004535,C004789,Hyundai,Verna,2022,REG-V-004535,994000.0
V004536,C004579,Maruti Suzuki,Swift,2016,REG-V-004536,258000.0
V004537,C005863,Maruti Suzuki,Brezza,2013,REG-V-004537,327000.0
V004538,C001353,Toyota,Glanza,2014,REG-V-004538,526000.0
V004539,C002009,Volkswagen,Virtus,2012,REG-V-004539,559000.0
V004540,C001805,Toyota,Innova,2022,REG-V-004540,2282000.0
V004541,C009528,Honda,Civic,2016,REG-V-004541,593000.0
V004542,C007801,Hyundai,Verna,2020,REG-V-004542,782000.0
V004543,C005339,Tata,Punch,2019,REG-V-004543,472000.0
V004544,C006640,Volkswagen,Polo,2025,REG-V-004544,1737000.0
V004545,C006538,Toyota,Fortuner,2020,REG-V-004545,1786000.0
V004546,C002638,Hyundai,i10,2013,REG-V-004546,539000.0
V004547,C000879,Kia,Seltos,2022,REG-V-004547,1348000.0
V004548,C005585,Honda,Amaze,2012,REG-V-004548,505000.0
V004549,C002644,Toyota,Glanza,2024,REG-V-004549,1424000.0
V004550,C008784,Hyundai,Verna,2018,REG-V-004550,662000.0
V004551,C002383,Toyota,Fortuner,2021,REG-V-004551,1643000.0
V004552,C005770,Tata,Punch,2016,REG-V-004552,405000.0
V004553,C004216,Honda,Amaze,2020,REG-V-004553,895000.0
V004554,C007495,Honda,Amaze,2012,REG-V-004554,557000.0
V004555,C009518,Maruti Suzuki,Swift,2022,REG-V-004555,766000.0
V004556,C004131,Hyundai,Venue,2025,REG-V-004556,1505000.0
V004557,C000461,Maruti Suzuki,Dzire,2023,REG-V-004557,836000.0
V004558,C006662,Tata,Altroz,2021,REG-V-004558,1293000.0
V004559,C001292,Volkswagen,Virtus,2017,REG-V-004559,481000.0
V004560,C001052,Toyota,Fortuner,2014,REG-V-004560,1027000.0
V004561,C006663,Volkswagen,Taigun,2013,REG-V-004561,327000.0
V004562,C001039,Honda,Civic,2017,REG-V-004562,518000.0
V004563,C001287,Tata,Tiago,2024,REG-V-004563,660000.0
V004564,C004419,Hyundai,i10,2018,REG-V-004564,665000.0
V004565,C004547,Hyundai,Verna,2016,REG-V-004565,678000.0
V004566,C009176,Tata,Punch,2020,REG-V-004566,440000.0
V004567,C002760,Tata,Nexon,2022,REG-V-004567,879000.0
V004568,C004026,Honda,City,2018,REG-V-004568,536000.0
V004569,C007123,Hyundai,i20,2019,REG-V-004569,837000.0
V004570,C008319,Maruti Suzuki,Dzire,2020,REG-V-004570,390000.0
V004571,C003491,Hyundai,Venue,2024,REG-V-004571,678000.0
V004572,C006348,Volkswagen,Virtus,2014,REG-V-004572,479000.0
V004573,C006285,Volkswagen,Polo,2013,REG-V-004573,724000.0
V004574,C003019,Hyundai,i10,2022,REG-V-004574,1058000.0
V004575,C001184,Maruti Suzuki,Brezza,2023,REG-V-004575,863000.0
V004576,C006864,Hyundai,Venue,2025,REG-V-004576,1160000.0
V004577,C002687,Maruti Suzuki,Brezza,2023,REG-V-004577,577000.0
V004578,C003166,Kia,Seltos,2016,REG-V-004578,800000.0
V004579,C005765,Kia,Sonet,2016,REG-V-004579,433000.0
V004580,C001601,Honda,Amaze,2012,REG-V-004580,349000.0
V004581,C002435,Hyundai,Venue,2016,REG-V-004581,375000.0
V004582,C004476,Maruti Suzuki,Ertiga,2025,REG-V-004582,728000.0
V004583,C008838,Mahindra,XUV300,2017,REG-V-004583,799000.0
V004584,C007792,Hyundai,i10,2021,REG-V-004584,1153000.0
V004585,C003159,Mahindra,Bolero,2012,REG-V-004585,348000.0
V004586,C003006,Volkswagen,Taigun,2016,REG-V-004586,882000.0
V004587,C009877,Toyota,Fortuner,2014,REG-V-004587,575000.0
V004588,C006570,Hyundai,Venue,2022,REG-V-004588,657000.0
V004589,C006891,Honda,Amaze,2017,REG-V-004589,560000.0
V004590,C000571,Hyundai,i20,2017,REG-V-004590,407000.0
V004591,C001056,Hyundai,Verna,2020,REG-V-004591,922000.0
V004592,C002930,Hyundai,Verna,2019,REG-V-004592,622000.0
V004593,C008457,Maruti Suzuki,Ertiga,2023,REG-V-004593,459000.0
V004594,C009153,Honda,City,2016,REG-V-004594,641000.0
V004595,C001920,Maruti Suzuki,Swift,2022,REG-V-004595,557000.0
V004596,C007189,Mahindra,Bolero,2014,REG-V-004596,320000.0
V004597,C008791,Toyota,Innova,2023,REG-V-004597,1799000.0
V004598,C008844,Hyundai,i10,2014,REG-V-004598,417000.0
V004599,C004614,Kia,Seltos,2017,REG-V-004599,825000.0
V004600,C002599,Volkswagen,Virtus,2023,REG-V-004600,1174000.0
V004601,C009570,Volkswagen,Polo,2023,REG-V-004601,1165000.0
V004602,C002764,Honda,Amaze,2020,REG-V-004602,1213000.0
V004603,C002546,Hyundai,Creta,2023,REG-V-004603,1122000.0
V004604,C002066,Maruti Suzuki,Dzire,2012,REG-V-004604,342000.0
V004605,C005368,Tata,Altroz,2021,REG-V-004605,514000.0
V004606,C001079,Kia,Seltos,2014,REG-V-004606,566000.0
V004607,C005752,Honda,City,2019,REG-V-004607,835000.0
V004608,C009456,Kia,Carens,2018,REG-V-004608,638000.0
V004609,C005090,Tata,Harrier,2017,REG-V-004609,576000.0
V004610,C009652,Tata,Harrier,2015,REG-V-004610,526000.0
V004611,C009106,Volkswagen,Taigun,2012,REG-V-004611,412000.0
V004612,C007987,Maruti Suzuki,Swift,2021,REG-V-004612,670000.0
V004613,C006124,Hyundai,Creta,2016,REG-V-004613,617000.0
V004614,C008865,Tata,Punch,2019,REG-V-004614,656000.0
V004615,C005585,Hyundai,i20,2025,REG-V-004615,911000.0
V004616,C002082,Mahindra,XUV700,2020,REG-V-004616,1523000.0
V004617,C009288,Toyota,Fortuner,2019,REG-V-004617,1080000.0
V004618,C005070,Tata,Punch,2021,REG-V-004618,1211000.0
V004619,C009129,Honda,Civic,2025,REG-V-004619,1420000.0
V004620,C003948,Kia,Seltos,2024,REG-V-004620,1252000.0
V004621,C003343,Tata,Tiago,2020,REG-V-004621,881000.0
V004622,C007724,Honda,Amaze,2014,REG-V-004622,489000.0
V004623,C006391,Honda,Amaze,2025,REG-V-004623,1416000.0
V004624,C004426,Tata,Punch,2024,REG-V-004624,1416000.0
V004625,C008839,Toyota,Fortuner,2015,REG-V-004625,1036000.0
V004626,C005202,Mahindra,Scorpio,2016,REG-V-004626,1181000.0
V004627,C000131,Volkswagen,Polo,2013,REG-V-004627,404000.0
V004628,C006969,Kia,Seltos,2024,REG-V-004628,1636000.0
V004629,C000655,Honda,Amaze,2016,REG-V-004629,486000.0
V004630,C004847,Maruti Suzuki,Baleno,2014,REG-V-004630,335000.0
V004631,C001928,Maruti Suzuki,Ertiga,2019,REG-V-004631,443000.0
V004632,C002438,Hyundai,Creta,2016,REG-V-004632,579000.0
V004633,C009795,Mahindra,Scorpio,2016,REG-V-004633,999000.0
V004634,C001127,Kia,Carens,2015,REG-V-004634,522000.0
V004635,C007641,Toyota,Fortuner,2023,REG-V-004635,1244000.0
V004636,C006428,Volkswagen,Polo,2017,REG-V-004636,818000.0
V004637,C001961,Tata,Punch,2022,REG-V-004637,872000.0
V004638,C009386,Tata,Altroz,2014,REG-V-004638,463000.0
V004639,C002023,Hyundai,i10,2016,REG-V-004639,506000.0
V004640,C005188,Volkswagen,Virtus,2016,REG-V-004640,611000.0
V004641,C007967,Maruti Suzuki,Baleno,2015,REG-V-004641,229000.0
V004642,C007704,Toyota,Glanza,2016,REG-V-004642,740000.0
V004643,C003182,Toyota,Innova,2024,REG-V-004643,3365000.0
V004644,C008430,Mahindra,Bolero,2021,REG-V-004644,989000.0
V004645,C009623,Toyota,Fortuner,2023,REG-V-004645,2885000.0
V004646,C004779,Mahindra,XUV300,2021,REG-V-004646,853000.0
V004647,C006560,Mahindra,Bolero,2013,REG-V-004647,564000.0
V004648,C003652,Hyundai,Venue,2025,REG-V-004648,1420000.0
V004649,C003543,Maruti Suzuki,Baleno,2024,REG-V-004649,621000.0
V004650,C004736,Mahindra,Bolero,2012,REG-V-004650,880000.0
V004651,C001982,Kia,Carens,2018,REG-V-004651,1066000.0
V004652,C006927,Tata,Punch,2012,REG-V-004652,437000.0
V004653,C001652,Honda,Civic,2020,REG-V-004653,989000.0
V004654,C000055,Kia,Sonet,2017,REG-V-004654,937000.0
V004655,C004423,Honda,Civic,2020,REG-V-004655,636000.0
V004656,C000780,Hyundai,Verna,2017,REG-V-004656,588000.0
V004657,C005664,Honda,City,2013,REG-V-004657,422000.0
V004658,C005240,Toyota,Fortuner,2025,REG-V-004658,1786000.0
V004659,C001377,Tata,Tiago,2013,REG-V-004659,420000.0
V004660,C002481,Volkswagen,Taigun,2014,REG-V-004660,689000.0
V004661,C000260,Mahindra,Scorpio,2013,REG-V-004661,348000.0
V004662,C005978,Toyota,Innova,2016,REG-V-004662,1190000.0
V004663,C002915,Volkswagen,Taigun,2019,REG-V-004663,984000.0
V004664,C007178,Volkswagen,Polo,2015,REG-V-004664,620000.0
V004665,C006335,Volkswagen,Polo,2014,REG-V-004665,463000.0
V004666,C003748,Hyundai,i10,2012,REG-V-004666,269000.0
V004667,C000231,Maruti Suzuki,Swift,2022,REG-V-004667,776000.0
V004668,C003187,Hyundai,Verna,2016,REG-V-004668,680000.0
V004669,C003232,Toyota,Glanza,2016,REG-V-004669,788000.0
V004670,C003309,Kia,Sonet,2016,REG-V-004670,679000.0
V004671,C009543,Maruti Suzuki,Dzire,2024,REG-V-004671,573000.0
V004672,C001643,Maruti Suzuki,Dzire,2020,REG-V-004672,607000.0
V004673,C002703,Hyundai,Creta,2020,REG-V-004673,822000.0
V004674,C008364,Tata,Altroz,2021,REG-V-004674,1054000.0
V004675,C009288,Mahindra,XUV300,2016,REG-V-004675,729000.0
V004676,C004722,Toyota,Glanza,2016,REG-V-004676,580000.0
V004677,C005436,Honda,Amaze,2015,REG-V-004677,603000.0
V004678,C000544,Kia,Carens,2020,REG-V-004678,798000.0
V004679,C008133,Maruti Suzuki,Dzire,2013,REG-V-004679,247000.0
V004680,C005984,Hyundai,Creta,2020,REG-V-004680,496000.0
V004681,C004829,Tata,Punch,2015,REG-V-004681,315000.0
V004682,C003012,Maruti Suzuki,Brezza,2016,REG-V-004682,412000.0
V004683,C004455,Toyota,Innova,2016,REG-V-004683,1007000.0
V004684,C007410,Maruti Suzuki,Dzire,2015,REG-V-004684,382000.0
V004685,C000815,Honda,Civic,2016,REG-V-004685,681000.0
V004686,C005106,Mahindra,Scorpio,2022,REG-V-004686,1259000.0
V004687,C000354,Kia,Sonet,2016,REG-V-004687,656000.0
V004688,C007792,Honda,City,2023,REG-V-004688,1412000.0
V004689,C002118,Toyota,Fortuner,2023,REG-V-004689,2178000.0
V004690,C009086,Volkswagen,Virtus,2018,REG-V-004690,841000.0
V004691,C004797,Maruti Suzuki,Ertiga,2013,REG-V-004691,320000.0
V004692,C004597,Volkswagen,Polo,2016,REG-V-004692,684000.0
V004693,C003610,Honda,City,2021,REG-V-004693,1377000.0
V004694,C005200,Mahindra,Bolero,2024,REG-V-004694,1600000.0
V004695,C003376,Toyota,Fortuner,2023,REG-V-004695,1689000.0
V004696,C003604,Honda,City,2025,REG-V-004696,1041000.0
V004697,C001967,Mahindra,XUV300,2017,REG-V-004697,1080000.0
V004698,C003450,Honda,City,2024,REG-V-004698,1328000.0
V004699,C008162,Maruti Suzuki,Ertiga,2013,REG-V-004699,202000.0
V004700,C002478,Maruti Suzuki,Ertiga,2019,REG-V-004700,444000.0
V004701,C008266,Hyundai,Verna,2023,REG-V-004701,716000.0
V004702,C008644,Honda,Civic,2023,REG-V-004702,1457000.0
V004703,C006708,Maruti Suzuki,Brezza,2021,REG-V-004703,498000.0
V004704,C000320,Hyundai,i20,2015,REG-V-004704,607000.0
V004705,C005649,Volkswagen,Virtus,2014,REG-V-004705,689000.0
V004706,C008368,Volkswagen,Polo,2015,REG-V-004706,558000.0
V004707,C003666,Kia,Sonet,2020,REG-V-004707,1472000.0
V004708,C002817,Honda,Civic,2014,REG-V-004708,585000.0
V004709,C003196,Tata,Punch,2025,REG-V-004709,797000.0
V004710,C004248,Mahindra,Bolero,2019,REG-V-004710,1334000.0
V004711,C000725,Kia,Sonet,2025,REG-V-004711,1717000.0
V004712,C002401,Volkswagen,Virtus,2014,REG-V-004712,471000.0
V004713,C006512,Hyundai,Creta,2023,REG-V-004713,744000.0
V004714,C004764,Tata,Nexon,2014,REG-V-004714,575000.0
V004715,C002494,Tata,Tiago,2024,REG-V-004715,1379000.0
V004716,C009344,Hyundai,Verna,2015,REG-V-004716,462000.0
V004717,C002941,Hyundai,i20,2017,REG-V-004717,540000.0
V004718,C001294,Tata,Nexon,2021,REG-V-004718,847000.0
V004719,C002004,Maruti Suzuki,Brezza,2016,REG-V-004719,379000.0
V004720,C002952,Maruti Suzuki,Ertiga,2013,REG-V-004720,200000.0
V004721,C005263,Hyundai,Creta,2020,REG-V-004721,937000.0
V004722,C000691,Maruti Suzuki,Brezza,2019,REG-V-004722,545000.0
V004723,C008593,Volkswagen,Polo,2014,REG-V-004723,535000.0
V004724,C008826,Hyundai,i20,2013,REG-V-004724,296000.0
V004725,C003168,Tata,Nexon,2022,REG-V-004725,872000.0
V004726,C007824,Volkswagen,Virtus,2012,REG-V-004726,508000.0
V004727,C006036,Maruti Suzuki,Brezza,2020,REG-V-004727,431000.0
V004728,C008499,Hyundai,Verna,2025,REG-V-004728,1388000.0
V004729,C002767,Volkswagen,Virtus,2021,REG-V-004729,843000.0
V004730,C006148,Hyundai,Creta,2024,REG-V-004730,1164000.0
V004731,C000753,Tata,Punch,2024,REG-V-004731,679000.0
V004732,C000097,Maruti Suzuki,Brezza,2022,REG-V-004732,694000.0
V004733,C008796,Maruti Suzuki,Baleno,2022,REG-V-004733,743000.0
V004734,C002931,Toyota,Innova,2021,REG-V-004734,1321000.0
V004735,C004470,Maruti Suzuki,Brezza,2022,REG-V-004735,650000.0
V004736,C002338,Maruti Suzuki,Brezza,2015,REG-V-004736,365000.0
V004737,C008817,Volkswagen,Virtus,2017,REG-V-004737,761000.0
V004738,C003852,Hyundai,i10,2019,REG-V-004738,663000.0
V004739,C001787,Honda,City,2018,REG-V-004739,1047000.0
V004740,C006123,Hyundai,Verna,2014,REG-V-004740,390000.0
V004741,C002065,Kia,Seltos,2020,REG-V-004741,1107000.0
V004742,C002618,Kia,Seltos,2022,REG-V-004742,1348000.0
V004743,C006770,Toyota,Fortuner,2013,REG-V-004743,1060000.0
V004744,C009592,Volkswagen,Virtus,2021,REG-V-004744,1253000.0
V004745,C007615,Toyota,Fortuner,2022,REG-V-004745,2162000.0
V004746,C001242,Mahindra,XUV300,2024,REG-V-004746,2456000.0
V004747,C003107,Toyota,Fortuner,2012,REG-V-004747,684000.0
V004748,C008027,Toyota,Innova,2023,REG-V-004748,2545000.0
V004749,C002750,Volkswagen,Taigun,2015,REG-V-004749,691000.0
V004750,C007462,Toyota,Innova,2013,REG-V-004750,972000.0
V004751,C004759,Hyundai,Creta,2017,REG-V-004751,502000.0
V004752,C008900,Toyota,Glanza,2016,REG-V-004752,1500000.0
V004753,C003596,Kia,Sonet,2017,REG-V-004753,958000.0
V004754,C009379,Tata,Tiago,2013,REG-V-004754,333000.0
V004755,C004090,Tata,Punch,2017,REG-V-004755,814000.0
V004756,C007316,Hyundai,i20,2021,REG-V-004756,945000.0
V004757,C001963,Honda,Amaze,2019,REG-V-004757,959000.0
V004758,C005352,Honda,City,2022,REG-V-004758,1122000.0
V004759,C003090,Hyundai,Venue,2014,REG-V-004759,271000.0
V004760,C000130,Hyundai,Creta,2012,REG-V-004760,470000.0
V004761,C004408,Toyota,Fortuner,2013,REG-V-004761,882000.0
V004762,C001723,Mahindra,XUV700,2018,REG-V-004762,1173000.0
V004763,C009588,Honda,City,2015,REG-V-004763,486000.0
V004764,C008138,Volkswagen,Virtus,2022,REG-V-004764,934000.0
V004765,C007459,Tata,Harrier,2017,REG-V-004765,489000.0
V004766,C004553,Honda,City,2016,REG-V-004766,601000.0
V004767,C002601,Volkswagen,Taigun,2020,REG-V-004767,674000.0
V004768,C003224,Toyota,Fortuner,2015,REG-V-004768,1487000.0
V004769,C002053,Hyundai,i20,2020,REG-V-004769,596000.0
V004770,C005555,Mahindra,XUV700,2018,REG-V-004770,884000.0
V004771,C008158,Volkswagen,Taigun,2024,REG-V-004771,1068000.0
V004772,C001883,Toyota,Glanza,2020,REG-V-004772,928000.0
V004773,C000046,Hyundai,i10,2015,REG-V-004773,591000.0
V004774,C001256,Tata,Punch,2023,REG-V-004774,688000.0
V004775,C004638,Toyota,Glanza,2025,REG-V-004775,3113000.0
V004776,C000195,Volkswagen,Virtus,2018,REG-V-004776,956000.0
V004777,C004052,Toyota,Innova,2017,REG-V-004777,897000.0
V004778,C001109,Volkswagen,Polo,2022,REG-V-004778,1452000.0
V004779,C001082,Maruti Suzuki,Brezza,2024,REG-V-004779,882000.0
V004780,C007175,Kia,Seltos,2021,REG-V-004780,1196000.0
V004781,C009994,Volkswagen,Polo,2020,REG-V-004781,964000.0
V004782,C001954,Volkswagen,Polo,2023,REG-V-004782,1130000.0
V004783,C002314,Honda,Amaze,2020,REG-V-004783,1266000.0
V004784,C002951,Honda,City,2014,REG-V-004784,491000.0
V004785,C007928,Honda,City,2013,REG-V-004785,506000.0
V004786,C005098,Honda,Civic,2013,REG-V-004786,559000.0
V004787,C005752,Mahindra,XUV300,2025,REG-V-004787,2160000.0
V004788,C005508,Kia,Sonet,2013,REG-V-004788,598000.0
V004789,C009402,Kia,Carens,2016,REG-V-004789,820000.0
V004790,C000356,Kia,Carens,2020,REG-V-004790,1237000.0
V004791,C001575,Maruti Suzuki,Brezza,2019,REG-V-004791,361000.0
V004792,C003826,Toyota,Fortuner,2023,REG-V-004792,2437000.0
V004793,C004916,Volkswagen,Taigun,2016,REG-V-004793,486000.0
V004794,C001131,Tata,Harrier,2022,REG-V-004794,514000.0
V004795,C008986,Kia,Sonet,2019,REG-V-004795,567000.0
V004796,C006823,Toyota,Innova,2020,REG-V-004796,1012000.0
V004797,C009356,Volkswagen,Polo,2015,REG-V-004797,621000.0
V004798,C009429,Volkswagen,Virtus,2025,REG-V-004798,1409000.0
V004799,C005156,Maruti Suzuki,Brezza,2020,REG-V-004799,452000.0
V004800,C008571,Maruti Suzuki,Brezza,2015,REG-V-004800,214000.0
V004801,C007424,Toyota,Glanza,2021,REG-V-004801,1988000.0
V004802,C003610,Toyota,Innova,2019,REG-V-004802,1135000.0
V004803,C006611,Mahindra,XUV300,2017,REG-V-004803,573000.0
V004804,C009535,Mahindra,XUV300,2018,REG-V-004804,506000.0
V004805,C007707,Hyundai,Verna,2016,REG-V-004805,681000.0
V004806,C007143,Toyota,Glanza,2025,REG-V-004806,1375000.0
V004807,C002243,Maruti Suzuki,Swift,2018,REG-V-004807,452000.0
V004808,C008357,Volkswagen,Taigun,2018,REG-V-004808,888000.0
V004809,C003909,Toyota,Fortuner,2022,REG-V-004809,2861000.0
V004810,C006285,Toyota,Fortuner,2020,REG-V-004810,1363000.0
V004811,C006823,Maruti Suzuki,Baleno,2025,REG-V-004811,801000.0
V004812,C005185,Volkswagen,Polo,2019,REG-V-004812,578000.0
V004813,C001652,Volkswagen,Taigun,2025,REG-V-004813,1984000.0
V004814,C007015,Honda,City,2014,REG-V-004814,429000.0
V004815,C002494,Hyundai,Creta,2021,REG-V-004815,1145000.0
V004816,C002664,Honda,Civic,2017,REG-V-004816,872000.0
V004817,C001268,Kia,Carens,2015,REG-V-004817,653000.0
V004818,C006249,Tata,Nexon,2023,REG-V-004818,1114000.0
V004819,C001171,Hyundai,Creta,2015,REG-V-004819,474000.0
V004820,C003450,Kia,Seltos,2025,REG-V-004820,1656000.0
V004821,C008952,Hyundai,Venue,2012,REG-V-004821,522000.0
V004822,C004553,Honda,Civic,2025,REG-V-004822,1238000.0
V004823,C008999,Tata,Nexon,2014,REG-V-004823,345000.0
V004824,C004967,Maruti Suzuki,Dzire,2016,REG-V-004824,340000.0
V004825,C001785,Toyota,Innova,2024,REG-V-004825,3251000.0
V004826,C007655,Honda,City,2015,REG-V-004826,626000.0
V004827,C003536,Honda,City,2021,REG-V-004827,1332000.0
V004828,C009661,Mahindra,XUV300,2015,REG-V-004828,968000.0
V004829,C002634,Honda,City,2017,REG-V-004829,458000.0
V004830,C008273,Tata,Tiago,2016,REG-V-004830,437000.0
V004831,C004981,Maruti Suzuki,Ertiga,2022,REG-V-004831,775000.0
V004832,C008458,Tata,Altroz,2016,REG-V-004832,391000.0
V004833,C001831,Mahindra,Scorpio,2014,REG-V-004833,906000.0
V004834,C006379,Mahindra,XUV700,2023,REG-V-004834,1584000.0
V004835,C001123,Kia,Carens,2018,REG-V-004835,1232000.0
V004836,C008112,Tata,Punch,2017,REG-V-004836,462000.0
V004837,C002378,Toyota,Fortuner,2019,REG-V-004837,1496000.0
V004838,C004300,Toyota,Fortuner,2012,REG-V-004838,744000.0
V004839,C006597,Maruti Suzuki,Dzire,2023,REG-V-004839,895000.0
V004840,C004823,Mahindra,Bolero,2025,REG-V-004840,1773000.0
V004841,C007861,Maruti Suzuki,Dzire,2025,REG-V-004841,946000.0
V004842,C006914,Mahindra,XUV300,2022,REG-V-004842,1770000.0
V004843,C001307,Kia,Sonet,2021,REG-V-004843,1277000.0
V004844,C007803,Kia,Sonet,2014,REG-V-004844,587000.0
V004845,C004253,Mahindra,Scorpio,2017,REG-V-004845,1077000.0
V004846,C006014,Hyundai,i20,2020,REG-V-004846,1045000.0
V004847,C002184,Mahindra,XUV300,2017,REG-V-004847,626000.0
V004848,C004248,Honda,Civic,2013,REG-V-004848,656000.0
V004849,C008219,Tata,Punch,2012,REG-V-004849,471000.0
V004850,C009295,Tata,Altroz,2012,REG-V-004850,482000.0
V004851,C009412,Honda,Civic,2023,REG-V-004851,1100000.0
V004852,C007043,Mahindra,Bolero,2013,REG-V-004852,475000.0
V004853,C000798,Tata,Punch,2021,REG-V-004853,551000.0
V004854,C004448,Honda,Amaze,2020,REG-V-004854,848000.0
V004855,C001934,Toyota,Fortuner,2012,REG-V-004855,833000.0
V004856,C007017,Tata,Nexon,2021,REG-V-004856,512000.0
V004857,C001609,Tata,Harrier,2015,REG-V-004857,553000.0
V004858,C009774,Toyota,Glanza,2024,REG-V-004858,2876000.0
V004859,C001955,Tata,Altroz,2020,REG-V-004859,1137000.0
V004860,C000543,Kia,Seltos,2023,REG-V-004860,1418000.0
V004861,C008473,Tata,Tiago,2022,REG-V-004861,1359000.0
V004862,C002031,Tata,Tiago,2014,REG-V-004862,306000.0
V004863,C000256,Hyundai,i20,2022,REG-V-004863,851000.0
V004864,C005521,Kia,Carens,2022,REG-V-004864,1219000.0
V004865,C009690,Hyundai,Venue,2017,REG-V-004865,550000.0
V004866,C002682,Volkswagen,Taigun,2020,REG-V-004866,1293000.0
V004867,C004105,Toyota,Innova,2017,REG-V-004867,796000.0
V004868,C002397,Honda,Amaze,2019,REG-V-004868,1039000.0
V004869,C005619,Tata,Nexon,2013,REG-V-004869,521000.0
V004870,C003208,Maruti Suzuki,Ertiga,2021,REG-V-004870,537000.0
V004871,C005956,Kia,Sonet,2020,REG-V-004871,657000.0
V004872,C004820,Tata,Altroz,2019,REG-V-004872,824000.0
V004873,C009322,Hyundai,i10,2012,REG-V-004873,293000.0
V004874,C006749,Toyota,Innova,2016,REG-V-004874,1458000.0
V004875,C006865,Volkswagen,Virtus,2018,REG-V-004875,782000.0
V004876,C004902,Kia,Sonet,2012,REG-V-004876,721000.0
V004877,C003019,Kia,Sonet,2025,REG-V-004877,1571000.0
V004878,C003125,Maruti Suzuki,Dzire,2022,REG-V-004878,614000.0
V004879,C005083,Hyundai,Verna,2017,REG-V-004879,723000.0
V004880,C001926,Honda,Civic,2022,REG-V-004880,1264000.0
V004881,C001333,Mahindra,XUV700,2014,REG-V-004881,837000.0
V004882,C003734,Toyota,Glanza,2015,REG-V-004882,740000.0
V004883,C001307,Volkswagen,Taigun,2019,REG-V-004883,1283000.0
V004884,C002326,Kia,Seltos,2018,REG-V-004884,594000.0
V004885,C005390,Hyundai,i20,2025,REG-V-004885,1356000.0
V004886,C007964,Mahindra,Bolero,2017,REG-V-004886,863000.0
V004887,C002273,Honda,Civic,2025,REG-V-004887,910000.0
V004888,C007977,Hyundai,Verna,2025,REG-V-004888,1123000.0
V004889,C000160,Volkswagen,Taigun,2023,REG-V-004889,1564000.0
V004890,C009974,Volkswagen,Taigun,2018,REG-V-004890,940000.0
V004891,C005206,Volkswagen,Virtus,2022,REG-V-004891,834000.0
V004892,C004795,Volkswagen,Polo,2021,REG-V-004892,1403000.0
V004893,C006542,Maruti Suzuki,Baleno,2014,REG-V-004893,227000.0
V004894,C004789,Mahindra,Bolero,2013,REG-V-004894,332000.0
V004895,C004095,Tata,Harrier,2012,REG-V-004895,459000.0
V004896,C003717,Maruti Suzuki,Swift,2017,REG-V-004896,255000.0
V004897,C009777,Toyota,Innova,2021,REG-V-004897,1584000.0
V004898,C008646,Mahindra,Bolero,2022,REG-V-004898,1910000.0
V004899,C005071,Tata,Altroz,2017,REG-V-004899,755000.0
V004900,C008400,Mahindra,Scorpio,2019,REG-V-004900,1097000.0
V004901,C001483,Toyota,Innova,2017,REG-V-004901,1709000.0
V004902,C005341,Volkswagen,Taigun,2021,REG-V-004902,1213000.0
V004903,C004523,Hyundai,Venue,2019,REG-V-004903,607000.0
V004904,C003232,Maruti Suzuki,Ertiga,2016,REG-V-004904,439000.0
V004905,C009221,Toyota,Fortuner,2016,REG-V-004905,924000.0
V004906,C008365,Honda,Civic,2023,REG-V-004906,1408000.0
V004907,C009122,Maruti Suzuki,Brezza,2015,REG-V-004907,311000.0
V004908,C006401,Honda,Civic,2020,REG-V-004908,732000.0
V004909,C003775,Kia,Sonet,2021,REG-V-004909,1284000.0
V004910,C007635,Honda,Amaze,2018,REG-V-004910,591000.0
V004911,C001088,Volkswagen,Virtus,2025,REG-V-004911,1588000.0
V004912,C008571,Toyota,Fortuner,2023,REG-V-004912,1507000.0
V004913,C000305,Kia,Sonet,2018,REG-V-004913,1004000.0
V004914,C008230,Honda,Civic,2024,REG-V-004914,1226000.0
V004915,C007088,Volkswagen,Taigun,2018,REG-V-004915,1117000.0
V004916,C000896,Maruti Suzuki,Ertiga,2023,REG-V-004916,485000.0
V004917,C001460,Toyota,Glanza,2013,REG-V-004917,1303000.0
V004918,C004548,Toyota,Innova,2016,REG-V-004918,1253000.0
V004919,C002986,Volkswagen,Virtus,2014,REG-V-004919,657000.0
V004920,C008716,Hyundai,i20,2022,REG-V-004920,928000.0
V004921,C001933,Kia,Carens,2015,REG-V-004921,776000.0
V004922,C004190,Volkswagen,Polo,2014,REG-V-004922,691000.0
V004923,C002614,Volkswagen,Polo,2019,REG-V-004923,1273000.0
V004924,C001272,Toyota,Glanza,2015,REG-V-004924,679000.0
V004925,C002608,Maruti Suzuki,Brezza,2024,REG-V-004925,538000.0
V004926,C008636,Maruti Suzuki,Dzire,2016,REG-V-004926,424000.0
V004927,C007208,Maruti Suzuki,Dzire,2016,REG-V-004927,473000.0
V004928,C009180,Honda,Amaze,2022,REG-V-004928,1196000.0
V004929,C004070,Honda,Amaze,2023,REG-V-004929,963000.0
V004930,C002426,Kia,Sonet,2025,REG-V-004930,1170000.0
V004931,C000279,Toyota,Glanza,2016,REG-V-004931,805000.0
V004932,C004995,Volkswagen,Virtus,2015,REG-V-004932,393000.0
V004933,C000410,Mahindra,Scorpio,2019,REG-V-004933,654000.0
V004934,C000043,Toyota,Fortuner,2014,REG-V-004934,804000.0
V004935,C006090,Hyundai,i20,2013,REG-V-004935,347000.0
V004936,C001645,Kia,Sonet,2012,REG-V-004936,385000.0
V004937,C005635,Volkswagen,Polo,2022,REG-V-004937,904000.0
V004938,C005778,Hyundai,i20,2014,REG-V-004938,377000.0
V004939,C007296,Hyundai,Venue,2017,REG-V-004939,767000.0
V004940,C003835,Toyota,Fortuner,2021,REG-V-004940,1244000.0
V004941,C007100,Kia,Sonet,2021,REG-V-004941,1176000.0
V004942,C003668,Mahindra,Scorpio,2014,REG-V-004942,839000.0
V004943,C000988,Hyundai,i20,2013,REG-V-004943,476000.0
V004944,C003089,Tata,Harrier,2025,REG-V-004944,1577000.0
V004945,C000074,Maruti Suzuki,Brezza,2016,REG-V-004945,343000.0
V004946,C004662,Honda,City,2014,REG-V-004946,480000.0
V004947,C007464,Hyundai,Verna,2014,REG-V-004947,345000.0
V004948,C007926,Maruti Suzuki,Baleno,2024,REG-V-004948,542000.0
V004949,C002342,Toyota,Innova,2025,REG-V-004949,1981000.0
V004950,C001060,Volkswagen,Polo,2023,REG-V-004950,1039000.0
V004951,C001859,Toyota,Innova,2022,REG-V-004951,1063000.0
V004952,C009836,Hyundai,Creta,2017,REG-V-004952,678000.0
V004953,C003105,Volkswagen,Virtus,2025,REG-V-004953,1082000.0
V004954,C004318,Honda,Amaze,2021,REG-V-004954,836000.0
V004955,C000775,Mahindra,XUV700,2024,REG-V-004955,2395000.0
V004956,C007959,Volkswagen,Polo,2015,REG-V-004956,469000.0
V004957,C004498,Mahindra,Bolero,2016,REG-V-004957,1164000.0
V004958,C000886,Honda,Amaze,2017,REG-V-004958,523000.0
V004959,C004768,Tata,Harrier,2020,REG-V-004959,762000.0
V004960,C007182,Maruti Suzuki,Swift,2020,REG-V-004960,715000.0
V004961,C004769,Mahindra,Scorpio,2021,REG-V-004961,653000.0
V004962,C009685,Mahindra,XUV300,2024,REG-V-004962,1337000.0
V004963,C008766,Maruti Suzuki,Baleno,2013,REG-V-004963,340000.0
V004964,C005179,Maruti Suzuki,Ertiga,2012,REG-V-004964,305000.0
V004965,C009424,Toyota,Innova,2017,REG-V-004965,1874000.0
V004966,C008159,Mahindra,Bolero,2015,REG-V-004966,821000.0
V004967,C003691,Kia,Sonet,2019,REG-V-004967,620000.0
V004968,C007782,Toyota,Fortuner,2014,REG-V-004968,1143000.0
V004969,C005097,Toyota,Fortuner,2021,REG-V-004969,1475000.0
V004970,C005426,Maruti Suzuki,Swift,2021,REG-V-004970,785000.0
V004971,C005242,Kia,Carens,2016,REG-V-004971,949000.0
V004972,C008095,Kia,Carens,2021,REG-V-004972,1142000.0
V004973,C009222,Tata,Harrier,2012,REG-V-004973,211000.0
V004974,C003178,Volkswagen,Virtus,2019,REG-V-004974,1121000.0
V004975,C006467,Tata,Nexon,2018,REG-V-004975,903000.0
V004976,C006323,Kia,Carens,2019,REG-V-004976,1216000.0
V004977,C008935,Maruti Suzuki,Swift,2015,REG-V-004977,209000.0
V004978,C004484,Volkswagen,Taigun,2012,REG-V-004978,535000.0
V004979,C001909,Mahindra,Bolero,2024,REG-V-004979,1731000.0
V004980,C002038,Mahindra,XUV300,2022,REG-V-004980,1603000.0
V004981,C000526,Tata,Tiago,2022,REG-V-004981,1387000.0
V004982,C001017,Maruti Suzuki,Ertiga,2024,REG-V-004982,923000.0
V004983,C003001,Toyota,Fortuner,2018,REG-V-004983,878000.0
V004984,C001038,Volkswagen,Virtus,2013,REG-V-004984,482000.0
V004985,C008759,Maruti Suzuki,Brezza,2023,REG-V-004985,665000.0
V004986,C003629,Volkswagen,Virtus,2022,REG-V-004986,1206000.0
V004987,C003693,Toyota,Innova,2014,REG-V-004987,554000.0
V004988,C007640,Mahindra,XUV700,2021,REG-V-004988,984000.0
V004989,C003001,Toyota,Innova,2023,REG-V-004989,2011000.0
V004990,C007204,Mahindra,Bolero,2023,REG-V-004990,1831000.0
V004991,C008274,Honda,City,2020,REG-V-004991,646000.0
V004992,C003608,Kia,Carens,2022,REG-V-004992,1093000.0
V004993,C004816,Mahindra,Scorpio,2016,REG-V-004993,1181000.0
V004994,C003204,Toyota,Glanza,2015,REG-V-004994,1500000.0
V004995,C004249,Volkswagen,Virtus,2021,REG-V-004995,1254000.0
V004996,C005854,Tata,Punch,2022,REG-V-004996,966000.0
V004997,C003497,Maruti Suzuki,Swift,2020,REG-V-004997,661000.0
V004998,C004676,Kia,Carens,2022,REG-V-004998,1468000.0
V004999,C005008,Kia,Sonet,2017,REG-V-004999,889000.0
V005000,C000261,Honda,Amaze,2014,REG-V-005000,526000.0
V005001,C001633,Maruti Suzuki,Swift,2025,REG-V-005001,540000.0
V005002,C005451,Kia,Seltos,2022,REG-V-005002,927000.0
V005003,C000026,Maruti Suzuki,Brezza,2022,REG-V-005003,592000.0
V005004,C007092,Mahindra,XUV700,2012,REG-V-005004,719000.0
V005005,C009103,Mahindra,Scorpio,2013,REG-V-005005,842000.0
V005006,C007612,Kia,Sonet,2021,REG-V-005006,905000.0
V005007,C003128,Maruti Suzuki,Swift,2018,REG-V-005007,432000.0
V005008,C004520,Honda,City,2021,REG-V-005008,1039000.0
V005009,C006545,Toyota,Fortuner,2019,REG-V-005009,1544000.0
V005010,C006846,Honda,Civic,2024,REG-V-005010,953000.0
V005011,C009773,Maruti Suzuki,Swift,2023,REG-V-005011,573000.0
V005012,C004968,Hyundai,i10,2020,REG-V-005012,977000.0
V005013,C002515,Volkswagen,Taigun,2018,REG-V-005013,504000.0
V005014,C003632,Volkswagen,Taigun,2014,REG-V-005014,352000.0
V005015,C009258,Honda,Amaze,2018,REG-V-005015,678000.0
V005016,C006371,Honda,Civic,2016,REG-V-005016,807000.0
V005017,C008678,Maruti Suzuki,Swift,2024,REG-V-005017,712000.0
V005018,C007298,Tata,Nexon,2017,REG-V-005018,720000.0
V005019,C009652,Kia,Sonet,2014,REG-V-005019,699000.0
V005020,C005060,Kia,Carens,2017,REG-V-005020,1023000.0
V005021,C009510,Toyota,Fortuner,2018,REG-V-005021,1350000.0
V005022,C008916,Kia,Seltos,2012,REG-V-005022,614000.0
V005023,C008470,Honda,Civic,2013,REG-V-005023,368000.0
V005024,C009415,Volkswagen,Polo,2018,REG-V-005024,1091000.0
V005025,C005293,Hyundai,Venue,2017,REG-V-005025,807000.0
V005026,C007494,Toyota,Innova,2018,REG-V-005026,949000.0
V005027,C005589,Honda,City,2022,REG-V-005027,1103000.0
V005028,C007835,Honda,Amaze,2024,REG-V-005028,1506000.0
V005029,C007706,Kia,Seltos,2023,REG-V-005029,827000.0
V005030,C007648,Kia,Seltos,2012,REG-V-005030,564000.0
V005031,C004311,Tata,Harrier,2018,REG-V-005031,645000.0
V005032,C008026,Tata,Harrier,2024,REG-V-005032,1256000.0
V005033,C008814,Volkswagen,Virtus,2017,REG-V-005033,553000.0
V005034,C006414,Volkswagen,Polo,2014,REG-V-005034,413000.0
V005035,C004569,Volkswagen,Polo,2014,REG-V-005035,445000.0
V005036,C008572,Maruti Suzuki,Brezza,2019,REG-V-005036,390000.0
V005037,C007859,Maruti Suzuki,Swift,2023,REG-V-005037,628000.0
V005038,C004735,Mahindra,XUV700,2021,REG-V-005038,994000.0
V005039,C005843,Mahindra,XUV300,2025,REG-V-005039,1320000.0
V005040,C006893,Volkswagen,Taigun,2020,REG-V-005040,1218000.0
V005041,C006916,Kia,Sonet,2023,REG-V-005041,984000.0
V005042,C003097,Tata,Harrier,2021,REG-V-005042,853000.0
V005043,C002911,Hyundai,i10,2015,REG-V-005043,288000.0
V005044,C008932,Maruti Suzuki,Brezza,2017,REG-V-005044,396000.0
V005045,C009400,Volkswagen,Virtus,2015,REG-V-005045,634000.0
V005046,C004037,Maruti Suzuki,Swift,2023,REG-V-005046,873000.0
V005047,C009173,Maruti Suzuki,Brezza,2024,REG-V-005047,925000.0
V005048,C004745,Toyota,Glanza,2019,REG-V-005048,855000.0
V005049,C001670,Volkswagen,Taigun,2024,REG-V-005049,1106000.0
V005050,C007386,Maruti Suzuki,Dzire,2012,REG-V-005050,289000.0
V005051,C000476,Hyundai,Venue,2019,REG-V-005051,508000.0
V005052,C001131,Mahindra,Scorpio,2012,REG-V-005052,492000.0
V005053,C009430,Tata,Nexon,2019,REG-V-005053,564000.0
V005054,C005212,Maruti Suzuki,Ertiga,2025,REG-V-005054,928000.0
V005055,C002672,Hyundai,Creta,2023,REG-V-005055,1283000.0
V005056,C004841,Honda,Civic,2021,REG-V-005056,1259000.0
V005057,C005828,Volkswagen,Taigun,2016,REG-V-005057,414000.0
V005058,C006439,Hyundai,Verna,2015,REG-V-005058,488000.0
V005059,C003479,Maruti Suzuki,Brezza,2025,REG-V-005059,955000.0
V005060,C003882,Tata,Harrier,2021,REG-V-005060,1004000.0
V005061,C005538,Honda,Civic,2013,REG-V-005061,551000.0
V005062,C006310,Toyota,Innova,2023,REG-V-005062,2282000.0
V005063,C009248,Mahindra,XUV700,2025,REG-V-005063,1922000.0
V005064,C003939,Toyota,Innova,2024,REG-V-005064,1080000.0
V005065,C008795,Mahindra,XUV700,2014,REG-V-005065,849000.0
V005066,C009939,Tata,Altroz,2018,REG-V-005066,541000.0
V005067,C003384,Volkswagen,Taigun,2020,REG-V-005067,1064000.0
V005068,C000291,Toyota,Glanza,2017,REG-V-005068,1558000.0
V005069,C006087,Tata,Nexon,2013,REG-V-005069,497000.0
V005070,C009088,Maruti Suzuki,Baleno,2012,REG-V-005070,246000.0
V005071,C000551,Kia,Sonet,2021,REG-V-005071,1381000.0
V005072,C001982,Toyota,Glanza,2023,REG-V-005072,1610000.0
V005073,C006810,Tata,Nexon,2024,REG-V-005073,581000.0
V005074,C008150,Volkswagen,Taigun,2023,REG-V-005074,772000.0
V005075,C000880,Tata,Harrier,2016,REG-V-005075,528000.0
V005076,C003645,Mahindra,Scorpio,2019,REG-V-005076,583000.0
V005077,C002411,Kia,Seltos,2025,REG-V-005077,1867000.0
V005078,C009649,Toyota,Innova,2019,REG-V-005078,1537000.0
V005079,C006864,Volkswagen,Taigun,2017,REG-V-005079,688000.0
V005080,C004792,Honda,Amaze,2013,REG-V-005080,589000.0
V005081,C008651,Mahindra,XUV700,2024,REG-V-005081,897000.0
V005082,C005411,Hyundai,i20,2014,REG-V-005082,383000.0
V005083,C009157,Hyundai,i20,2015,REG-V-005083,448000.0
V005084,C002411,Honda,City,2013,REG-V-005084,334000.0
V005085,C000291,Volkswagen,Polo,2021,REG-V-005085,1181000.0
V005086,C004315,Mahindra,Bolero,2013,REG-V-005086,376000.0
V005087,C002051,Honda,City,2016,REG-V-005087,824000.0
V005088,C008394,Kia,Carens,2019,REG-V-005088,1275000.0
V005089,C005373,Tata,Nexon,2017,REG-V-005089,696000.0
V005090,C002873,Mahindra,Scorpio,2018,REG-V-005090,1289000.0
V005091,C007804,Tata,Harrier,2020,REG-V-005091,511000.0
V005092,C005312,Kia,Sonet,2012,REG-V-005092,487000.0
V005093,C005073,Mahindra,XUV700,2018,REG-V-005093,555000.0
V005094,C001806,Hyundai,Venue,2018,REG-V-005094,764000.0
V005095,C009956,Kia,Sonet,2019,REG-V-005095,563000.0
V005096,C006632,Tata,Harrier,2019,REG-V-005096,611000.0
V005097,C008592,Toyota,Innova,2020,REG-V-005097,1100000.0
V005098,C007664,Honda,City,2016,REG-V-005098,822000.0
V005099,C005075,Mahindra,Bolero,2022,REG-V-005099,1633000.0
V005100,C000098,Volkswagen,Virtus,2013,REG-V-005100,595000.0
V005101,C006713,Maruti Suzuki,Brezza,2018,REG-V-005101,466000.0
V005102,C001017,Volkswagen,Virtus,2013,REG-V-005102,585000.0
V005103,C009617,Honda,City,2023,REG-V-005103,928000.0
V005104,C002514,Maruti Suzuki,Ertiga,2013,REG-V-005104,269000.0
V005105,C003681,Honda,Civic,2014,REG-V-005105,558000.0
V005106,C005552,Mahindra,Bolero,2023,REG-V-005106,1131000.0
V005107,C005072,Mahindra,Bolero,2024,REG-V-005107,1315000.0
V005108,C006588,Mahindra,Bolero,2017,REG-V-005108,1127000.0
V005109,C007914,Tata,Tiago,2021,REG-V-005109,979000.0
V005110,C007641,Tata,Punch,2021,REG-V-005110,1243000.0
V005111,C009134,Toyota,Glanza,2019,REG-V-005111,1738000.0
V005112,C004738,Hyundai,i20,2025,REG-V-005112,983000.0
V005113,C005381,Maruti Suzuki,Ertiga,2018,REG-V-005113,427000.0
V005114,C008790,Toyota,Fortuner,2019,REG-V-005114,1418000.0
V005115,C002812,Hyundai,Creta,2019,REG-V-005115,725000.0
V005116,C002481,Kia,Sonet,2025,REG-V-005116,861000.0
V005117,C000094,Mahindra,XUV300,2022,REG-V-005117,1830000.0
V005118,C007446,Hyundai,i10,2024,REG-V-005118,1251000.0
V005119,C006910,Tata,Harrier,2012,REG-V-005119,613000.0
V005120,C002765,Maruti Suzuki,Baleno,2016,REG-V-005120,233000.0
V005121,C001302,Hyundai,i20,2020,REG-V-005121,971000.0
V005122,C000444,Mahindra,Bolero,2023,REG-V-005122,1638000.0
V005123,C004914,Hyundai,Verna,2016,REG-V-005123,584000.0
V005124,C001938,Volkswagen,Virtus,2016,REG-V-005124,918000.0
V005125,C007996,Volkswagen,Taigun,2012,REG-V-005125,553000.0
V005126,C009512,Mahindra,Scorpio,2025,REG-V-005126,2248000.0
V005127,C007840,Mahindra,XUV700,2014,REG-V-005127,797000.0
V005128,C008562,Volkswagen,Virtus,2022,REG-V-005128,1077000.0
V005129,C009913,Toyota,Innova,2016,REG-V-005129,927000.0
V005130,C007469,Tata,Punch,2018,REG-V-005130,807000.0
V005131,C005724,Volkswagen,Virtus,2020,REG-V-005131,802000.0
V005132,C008153,Tata,Punch,2022,REG-V-005132,1205000.0
V005133,C005681,Mahindra,Scorpio,2022,REG-V-005133,1028000.0
V005134,C004354,Hyundai,Verna,2021,REG-V-005134,1012000.0
V005135,C000334,Hyundai,Verna,2018,REG-V-005135,772000.0
V005136,C006474,Kia,Carens,2018,REG-V-005136,699000.0
V005137,C009026,Tata,Punch,2018,REG-V-005137,403000.0
V005138,C006967,Tata,Nexon,2014,REG-V-005138,215000.0
V005139,C004058,Mahindra,XUV700,2022,REG-V-005139,1498000.0
V005140,C006217,Kia,Sonet,2017,REG-V-005140,610000.0
V005141,C008176,Hyundai,Venue,2012,REG-V-005141,355000.0
V005142,C007708,Volkswagen,Polo,2023,REG-V-005142,1693000.0
V005143,C004950,Volkswagen,Taigun,2014,REG-V-005143,442000.0
V005144,C003626,Toyota,Innova,2012,REG-V-005144,1090000.0
V005145,C003982,Hyundai,i10,2016,REG-V-005145,330000.0
V005146,C009133,Mahindra,Bolero,2013,REG-V-005146,576000.0
V005147,C001697,Hyundai,i10,2017,REG-V-005147,498000.0
V005148,C008660,Maruti Suzuki,Dzire,2019,REG-V-005148,349000.0
V005149,C001964,Tata,Nexon,2019,REG-V-005149,740000.0
V005150,C009808,Maruti Suzuki,Baleno,2016,REG-V-005150,236000.0
V005151,C004497,Mahindra,Bolero,2013,REG-V-005151,760000.0
V005152,C007393,Mahindra,XUV300,2021,REG-V-005152,1411000.0
V005153,C007348,Kia,Carens,2016,REG-V-005153,517000.0
V005154,C007795,Maruti Suzuki,Brezza,2021,REG-V-005154,509000.0
V005155,C007960,Toyota,Innova,2018,REG-V-005155,1937000.0
V005156,C000402,Maruti Suzuki,Ertiga,2023,REG-V-005156,448000.0
V005157,C002732,Honda,City,2013,REG-V-005157,387000.0
V005158,C002315,Hyundai,Verna,2015,REG-V-005158,382000.0
V005159,C007026,Maruti Suzuki,Ertiga,2014,REG-V-005159,185000.0
V005160,C006873,Volkswagen,Polo,2016,REG-V-005160,765000.0
V005161,C002958,Tata,Punch,2024,REG-V-005161,713000.0
V005162,C007998,Hyundai,Creta,2020,REG-V-005162,560000.0
V005163,C003102,Kia,Seltos,2014,REG-V-005163,471000.0
V005164,C003424,Mahindra,XUV300,2024,REG-V-005164,1640000.0
V005165,C004008,Volkswagen,Polo,2017,REG-V-005165,989000.0
V005166,C007511,Hyundai,Verna,2013,REG-V-005166,344000.0
V005167,C000119,Volkswagen,Polo,2013,REG-V-005167,724000.0
V005168,C009116,Volkswagen,Polo,2021,REG-V-005168,857000.0
V005169,C006955,Toyota,Innova,2019,REG-V-005169,836000.0
V005170,C005911,Maruti Suzuki,Ertiga,2025,REG-V-005170,815000.0
V005171,C002399,Toyota,Innova,2021,REG-V-005171,1014000.0
V005172,C007930,Kia,Seltos,2019,REG-V-005172,710000.0
V005173,C008780,Tata,Harrier,2021,REG-V-005173,554000.0
V005174,C005063,Hyundai,Creta,2024,REG-V-005174,1360000.0
V005175,C002909,Volkswagen,Virtus,2014,REG-V-005175,400000.0
V005176,C003814,Kia,Carens,2017,REG-V-005176,603000.0
V005177,C004184,Mahindra,XUV700,2025,REG-V-005177,2188000.0
V005178,C003043,Honda,City,2022,REG-V-005178,1048000.0
V005179,C007171,Tata,Harrier,2020,REG-V-005179,1152000.0
V005180,C003413,Toyota,Fortuner,2014,REG-V-005180,788000.0
V005181,C008265,Volkswagen,Taigun,2015,REG-V-005181,731000.0
V005182,C004675,Toyota,Glanza,2018,REG-V-005182,2013000.0
V005183,C006328,Honda,Civic,2012,REG-V-005183,317000.0
V005184,C009491,Honda,City,2019,REG-V-005184,679000.0
V005185,C004475,Volkswagen,Polo,2012,REG-V-005185,504000.0
V005186,C001703,Honda,City,2024,REG-V-005186,829000.0
V005187,C005539,Volkswagen,Polo,2019,REG-V-005187,1013000.0
V005188,C005012,Mahindra,XUV700,2016,REG-V-005188,557000.0
V005189,C007903,Tata,Punch,2013,REG-V-005189,320000.0
V005190,C008636,Volkswagen,Taigun,2018,REG-V-005190,1137000.0
V005191,C007175,Hyundai,i20,2017,REG-V-005191,691000.0
V005192,C009709,Kia,Carens,2018,REG-V-005192,1195000.0
V005193,C002696,Kia,Seltos,2020,REG-V-005193,775000.0
V005194,C002415,Kia,Carens,2016,REG-V-005194,477000.0
V005195,C002898,Honda,Amaze,2020,REG-V-005195,774000.0
V005196,C006753,Hyundai,i20,2012,REG-V-005196,341000.0
V005197,C002349,Hyundai,i20,2023,REG-V-005197,1064000.0
V005198,C000896,Mahindra,Bolero,2021,REG-V-005198,1584000.0
V005199,C009776,Mahindra,XUV700,2024,REG-V-005199,2048000.0
V005200,C003134,Hyundai,Venue,2018,REG-V-005200,710000.0
V005201,C002246,Tata,Nexon,2013,REG-V-005201,394000.0
V005202,C003591,Honda,Civic,2021,REG-V-005202,1314000.0
V005203,C001579,Maruti Suzuki,Dzire,2016,REG-V-005203,399000.0
V005204,C000363,Kia,Carens,2024,REG-V-005204,1739000.0
V005205,C003041,Maruti Suzuki,Baleno,2024,REG-V-005205,932000.0
V005206,C003374,Hyundai,Creta,2020,REG-V-005206,740000.0
V005207,C008157,Maruti Suzuki,Ertiga,2021,REG-V-005207,714000.0
V005208,C004391,Tata,Tiago,2019,REG-V-005208,1012000.0
V005209,C007424,Honda,Amaze,2024,REG-V-005209,1660000.0
V005210,C007415,Tata,Nexon,2017,REG-V-005210,767000.0
V005211,C007956,Hyundai,Creta,2021,REG-V-005211,989000.0
V005212,C009222,Honda,Civic,2021,REG-V-005212,1333000.0
V005213,C005037,Toyota,Glanza,2020,REG-V-005213,2308000.0
V005214,C001049,Tata,Tiago,2024,REG-V-005214,1553000.0
V005215,C000397,Tata,Tiago,2019,REG-V-005215,956000.0
V005216,C001876,Mahindra,Scorpio,2021,REG-V-005216,1093000.0
V005217,C008340,Maruti Suzuki,Brezza,2017,REG-V-005217,383000.0
V005218,C005786,Hyundai,i10,2016,REG-V-005218,385000.0
V005219,C001403,Volkswagen,Taigun,2012,REG-V-005219,536000.0
V005220,C001336,Honda,Amaze,2019,REG-V-005220,977000.0
V005221,C008972,Mahindra,XUV700,2021,REG-V-005221,1011000.0
V005222,C005238,Toyota,Fortuner,2025,REG-V-005222,1282000.0
V005223,C001716,Hyundai,i10,2023,REG-V-005223,667000.0
V005224,C009017,Maruti Suzuki,Baleno,2024,REG-V-005224,791000.0
V005225,C007259,Hyundai,Creta,2013,REG-V-005225,297000.0
V005226,C004816,Toyota,Innova,2012,REG-V-005226,465000.0
V005227,C004686,Tata,Punch,2014,REG-V-005227,379000.0
V005228,C006769,Hyundai,Venue,2024,REG-V-005228,926000.0
V005229,C003379,Kia,Sonet,2015,REG-V-005229,863000.0
V005230,C009998,Maruti Suzuki,Swift,2014,REG-V-005230,246000.0
V005231,C007924,Honda,Civic,2025,REG-V-005231,1170000.0
V005232,C006459,Honda,Amaze,2022,REG-V-005232,728000.0
V005233,C006909,Toyota,Innova,2017,REG-V-005233,1907000.0
V005234,C009965,Toyota,Fortuner,2025,REG-V-005234,2673000.0
V005235,C000109,Toyota,Fortuner,2020,REG-V-005235,2431000.0
V005236,C000242,Toyota,Glanza,2021,REG-V-005236,1151000.0
V005237,C007928,Toyota,Glanza,2013,REG-V-005237,617000.0
V005238,C002101,Volkswagen,Taigun,2021,REG-V-005238,1417000.0
V005239,C006888,Maruti Suzuki,Baleno,2015,REG-V-005239,240000.0
V005240,C005078,Volkswagen,Taigun,2017,REG-V-005240,1026000.0
V005241,C003170,Tata,Tiago,2022,REG-V-005241,1279000.0
V005242,C002335,Maruti Suzuki,Brezza,2021,REG-V-005242,742000.0
V005243,C007839,Hyundai,Venue,2016,REG-V-005243,618000.0
V005244,C001711,Volkswagen,Polo,2022,REG-V-005244,1102000.0
V005245,C001582,Kia,Sonet,2021,REG-V-005245,707000.0
V005246,C004442,Hyundai,i20,2024,REG-V-005246,1096000.0
V005247,C001191,Honda,Amaze,2021,REG-V-005247,1189000.0
V005248,C006462,Tata,Harrier,2017,REG-V-005248,793000.0
V005249,C009925,Toyota,Innova,2023,REG-V-005249,1617000.0
V005250,C007543,Hyundai,i20,2012,REG-V-005250,454000.0
V005251,C006075,Tata,Altroz,2012,REG-V-005251,544000.0
V005252,C003960,Honda,City,2025,REG-V-005252,1547000.0
V005253,C009883,Hyundai,Verna,2019,REG-V-005253,737000.0
V005254,C008855,Honda,Amaze,2016,REG-V-005254,515000.0
V005255,C008258,Mahindra,XUV700,2015,REG-V-005255,524000.0
V005256,C002318,Honda,Amaze,2018,REG-V-005256,959000.0
V005257,C001234,Toyota,Fortuner,2019,REG-V-005257,1452000.0
V005258,C001775,Tata,Punch,2018,REG-V-005258,519000.0
V005259,C002599,Honda,Amaze,2015,REG-V-005259,548000.0
V005260,C000831,Maruti Suzuki,Ertiga,2021,REG-V-005260,565000.0
V005261,C008943,Volkswagen,Taigun,2012,REG-V-005261,505000.0
V005262,C001855,Hyundai,Creta,2016,REG-V-005262,681000.0
V005263,C002290,Kia,Seltos,2017,REG-V-005263,733000.0
V005264,C008942,Toyota,Fortuner,2024,REG-V-005264,2358000.0
V005265,C009587,Tata,Harrier,2021,REG-V-005265,1054000.0
V005266,C002240,Toyota,Innova,2012,REG-V-005266,645000.0
V005267,C002928,Volkswagen,Polo,2024,REG-V-005267,1417000.0
V005268,C008064,Honda,City,2024,REG-V-005268,1305000.0
V005269,C009700,Tata,Nexon,2012,REG-V-005269,390000.0
V005270,C006535,Toyota,Glanza,2021,REG-V-005270,2070000.0
V005271,C004448,Hyundai,Verna,2024,REG-V-005271,645000.0
V005272,C006793,Volkswagen,Taigun,2022,REG-V-005272,1502000.0
V005273,C007876,Volkswagen,Polo,2014,REG-V-005273,359000.0
V005274,C001121,Kia,Carens,2019,REG-V-005274,811000.0
V005275,C004385,Honda,City,2012,REG-V-005275,456000.0
V005276,C008617,Mahindra,Scorpio,2014,REG-V-005276,718000.0
V005277,C007103,Toyota,Fortuner,2022,REG-V-005277,2600000.0
V005278,C001531,Maruti Suzuki,Swift,2025,REG-V-005278,667000.0
V005279,C007620,Tata,Tiago,2019,REG-V-005279,712000.0
V005280,C006720,Volkswagen,Polo,2024,REG-V-005280,1636000.0
V005281,C002658,Hyundai,i10,2012,REG-V-005281,491000.0
V005282,C003437,Maruti Suzuki,Brezza,2015,REG-V-005282,375000.0
V005283,C003129,Volkswagen,Polo,2013,REG-V-005283,690000.0
V005284,C009939,Kia,Sonet,2019,REG-V-005284,900000.0
V005285,C001839,Maruti Suzuki,Swift,2016,REG-V-005285,493000.0
V005286,C008342,Hyundai,Creta,2022,REG-V-005286,1086000.0
V005287,C005352,Kia,Carens,2025,REG-V-005287,1392000.0
V005288,C008864,Toyota,Innova,2016,REG-V-005288,572000.0
V005289,C009815,Kia,Carens,2015,REG-V-005289,532000.0
V005290,C009611,Kia,Carens,2019,REG-V-005290,1016000.0
V005291,C008586,Volkswagen,Virtus,2019,REG-V-005291,699000.0
V005292,C004155,Mahindra,Bolero,2021,REG-V-005292,1689000.0
V005293,C002713,Maruti Suzuki,Swift,2017,REG-V-005293,379000.0
V005294,C003178,Toyota,Innova,2024,REG-V-005294,3252000.0
V005295,C006566,Tata,Harrier,2017,REG-V-005295,871000.0
V005296,C003412,Honda,Civic,2015,REG-V-005296,550000.0
V005297,C004379,Kia,Sonet,2012,REG-V-005297,722000.0
V005298,C000805,Hyundai,Verna,2015,REG-V-005298,559000.0
V005299,C007777,Tata,Altroz,2021,REG-V-005299,530000.0
V005300,C001113,Mahindra,Scorpio,2017,REG-V-005300,1344000.0
V005301,C003360,Hyundai,Creta,2012,REG-V-005301,474000.0
V005302,C005948,Maruti Suzuki,Dzire,2021,REG-V-005302,615000.0
V005303,C005356,Honda,Amaze,2012,REG-V-005303,395000.0
V005304,C008986,Tata,Nexon,2020,REG-V-005304,1203000.0
V005305,C006628,Kia,Carens,2018,REG-V-005305,919000.0
V005306,C007956,Mahindra,Scorpio,2021,REG-V-005306,1344000.0
V005307,C003024,Kia,Carens,2022,REG-V-005307,953000.0
V005308,C001331,Toyota,Fortuner,2019,REG-V-005308,1130000.0
V005309,C007499,Kia,Sonet,2018,REG-V-005309,1034000.0
V005310,C001528,Kia,Carens,2015,REG-V-005310,730000.0
V005311,C008378,Toyota,Innova,2019,REG-V-005311,1241000.0
V005312,C009450,Mahindra,XUV300,2020,REG-V-005312,1701000.0
V005313,C002818,Kia,Seltos,2012,REG-V-005313,626000.0
V005314,C007681,Mahindra,Bolero,2022,REG-V-005314,2138000.0
V005315,C004408,Maruti Suzuki,Dzire,2023,REG-V-005315,766000.0
V005316,C002979,Hyundai,i10,2019,REG-V-005316,880000.0
V005317,C004338,Hyundai,Verna,2014,REG-V-005317,370000.0
V005318,C006512,Mahindra,XUV300,2018,REG-V-005318,1479000.0
V005319,C009885,Toyota,Fortuner,2024,REG-V-005319,2650000.0
V005320,C002987,Toyota,Innova,2013,REG-V-005320,1120000.0
V005321,C007110,Volkswagen,Polo,2013,REG-V-005321,554000.0
V005322,C003335,Volkswagen,Virtus,2014,REG-V-005322,644000.0
V005323,C002533,Tata,Tiago,2020,REG-V-005323,435000.0
V005324,C006359,Hyundai,Venue,2019,REG-V-005324,785000.0
V005325,C007685,Tata,Nexon,2014,REG-V-005325,431000.0
V005326,C007227,Toyota,Fortuner,2024,REG-V-005326,2956000.0
V005327,C009446,Toyota,Innova,2021,REG-V-005327,1818000.0
V005328,C001080,Mahindra,XUV700,2018,REG-V-005328,677000.0
V005329,C005444,Mahindra,Bolero,2022,REG-V-005329,1007000.0
V005330,C002892,Kia,Sonet,2012,REG-V-005330,592000.0
V005331,C008216,Tata,Tiago,2023,REG-V-005331,754000.0
V005332,C000645,Mahindra,Bolero,2024,REG-V-005332,1711000.0
V005333,C001751,Volkswagen,Virtus,2023,REG-V-005333,812000.0
V005334,C007789,Maruti Suzuki,Ertiga,2020,REG-V-005334,659000.0
V005335,C003550,Toyota,Glanza,2021,REG-V-005335,1818000.0
V005336,C006857,Volkswagen,Polo,2020,REG-V-005336,1107000.0
V005337,C009987,Maruti Suzuki,Baleno,2018,REG-V-005337,562000.0
V005338,C004625,Maruti Suzuki,Dzire,2012,REG-V-005338,376000.0
V005339,C005373,Hyundai,i10,2015,REG-V-005339,320000.0
V005340,C009755,Maruti Suzuki,Brezza,2022,REG-V-005340,644000.0
V005341,C007528,Volkswagen,Virtus,2012,REG-V-005341,686000.0
V005342,C001977,Tata,Harrier,2019,REG-V-005342,786000.0
V005343,C008102,Volkswagen,Taigun,2014,REG-V-005343,604000.0
V005344,C005192,Kia,Sonet,2024,REG-V-005344,1948000.0
V005345,C007944,Toyota,Glanza,2023,REG-V-005345,1417000.0
V005346,C006026,Kia,Seltos,2024,REG-V-005346,1821000.0
V005347,C002295,Tata,Harrier,2012,REG-V-005347,472000.0
V005348,C008191,Mahindra,XUV300,2019,REG-V-005348,768000.0
V005349,C000021,Hyundai,Verna,2017,REG-V-005349,597000.0
V005350,C008940,Honda,Civic,2024,REG-V-005350,898000.0
V005351,C008236,Kia,Carens,2019,REG-V-005351,1313000.0
V005352,C009698,Toyota,Fortuner,2014,REG-V-005352,469000.0
V005353,C000361,Maruti Suzuki,Ertiga,2016,REG-V-005353,423000.0
V005354,C004410,Toyota,Innova,2020,REG-V-005354,1700000.0
V005355,C001690,Tata,Tiago,2013,REG-V-005355,324000.0
V005356,C003749,Tata,Altroz,2023,REG-V-005356,853000.0
V005357,C003602,Toyota,Fortuner,2023,REG-V-005357,1641000.0
V005358,C006014,Toyota,Fortuner,2016,REG-V-005358,588000.0
V005359,C004409,Mahindra,Scorpio,2019,REG-V-005359,573000.0
V005360,C009654,Tata,Punch,2023,REG-V-005360,1388000.0
V005361,C002775,Volkswagen,Polo,2023,REG-V-005361,1194000.0
V005362,C004207,Toyota,Glanza,2013,REG-V-005362,443000.0
V005363,C007049,Volkswagen,Virtus,2019,REG-V-005363,1211000.0
V005364,C002764,Maruti Suzuki,Brezza,2023,REG-V-005364,780000.0
V005365,C007296,Kia,Carens,2018,REG-V-005365,960000.0
V005366,C007135,Maruti Suzuki,Swift,2014,REG-V-005366,284000.0
V005367,C007171,Honda,Amaze,2015,REG-V-005367,646000.0
V005368,C006796,Maruti Suzuki,Brezza,2016,REG-V-005368,258000.0
V005369,C008222,Volkswagen,Taigun,2025,REG-V-005369,1083000.0
V005370,C009953,Hyundai,Venue,2012,REG-V-005370,408000.0
V005371,C000573,Tata,Tiago,2013,REG-V-005371,522000.0
V005372,C005018,Kia,Sonet,2018,REG-V-005372,1152000.0
V005373,C008179,Volkswagen,Taigun,2025,REG-V-005373,1122000.0
V005374,C000001,Volkswagen,Taigun,2020,REG-V-005374,620000.0
V005375,C005492,Tata,Harrier,2025,REG-V-005375,1404000.0
V005376,C006643,Volkswagen,Polo,2022,REG-V-005376,999000.0
V005377,C001926,Toyota,Fortuner,2020,REG-V-005377,1270000.0
V005378,C004025,Volkswagen,Taigun,2013,REG-V-005378,478000.0
V005379,C007960,Volkswagen,Taigun,2013,REG-V-005379,333000.0
V005380,C000692,Toyota,Fortuner,2021,REG-V-005380,2257000.0
V005381,C001355,Toyota,Fortuner,2020,REG-V-005381,1137000.0
V005382,C008230,Hyundai,Venue,2017,REG-V-005382,516000.0
V005383,C008145,Maruti Suzuki,Swift,2014,REG-V-005383,369000.0
V005384,C005947,Kia,Carens,2014,REG-V-005384,571000.0
V005385,C004183,Toyota,Fortuner,2020,REG-V-005385,1815000.0
V005386,C001060,Honda,Amaze,2018,REG-V-005386,757000.0
V005387,C008160,Volkswagen,Polo,2021,REG-V-005387,1157000.0
V005388,C002438,Mahindra,Bolero,2012,REG-V-005388,565000.0
V005389,C009172,Mahindra,XUV700,2013,REG-V-005389,394000.0
V005390,C007830,Honda,Amaze,2020,REG-V-005390,993000.0
V005391,C000817,Toyota,Fortuner,2025,REG-V-005391,2908000.0
V005392,C006402,Tata,Nexon,2023,REG-V-005392,918000.0
V005393,C009243,Hyundai,Venue,2020,REG-V-005393,834000.0
V005394,C008848,Volkswagen,Taigun,2019,REG-V-005394,1098000.0
V005395,C006179,Toyota,Innova,2024,REG-V-005395,2692000.0
V005396,C001716,Maruti Suzuki,Ertiga,2021,REG-V-005396,549000.0
V005397,C006843,Volkswagen,Polo,2025,REG-V-005397,1679000.0
V005398,C006706,Volkswagen,Virtus,2017,REG-V-005398,576000.0
V005399,C005933,Hyundai,Venue,2025,REG-V-005399,1050000.0
V005400,C002667,Maruti Suzuki,Ertiga,2025,REG-V-005400,892000.0
V005401,C009056,Hyundai,i10,2025,REG-V-005401,736000.0
V005402,C005072,Honda,Amaze,2025,REG-V-005402,1668000.0
V005403,C002959,Volkswagen,Virtus,2022,REG-V-005403,1393000.0
V005404,C002569,Hyundai,Venue,2012,REG-V-005404,533000.0
V005405,C002803,Toyota,Glanza,2014,REG-V-005405,570000.0
V005406,C004640,Hyundai,i10,2012,REG-V-005406,488000.0
V005407,C002328,Maruti Suzuki,Swift,2022,REG-V-005407,558000.0
V005408,C005208,Toyota,Glanza,2019,REG-V-005408,1849000.0
V005409,C001927,Volkswagen,Polo,2023,REG-V-005409,1090000.0
V005410,C002711,Hyundai,Verna,2025,REG-V-005410,1039000.0
V005411,C001193,Honda,City,2012,REG-V-005411,378000.0
V005412,C003577,Toyota,Glanza,2022,REG-V-005412,1583000.0
V005413,C004078,Mahindra,XUV300,2016,REG-V-005413,928000.0
V005414,C004053,Mahindra,Scorpio,2016,REG-V-005414,558000.0
V005415,C007305,Kia,Seltos,2024,REG-V-005415,1934000.0
V005416,C004866,Kia,Carens,2015,REG-V-005416,866000.0
V005417,C006964,Toyota,Fortuner,2024,REG-V-005417,3355000.0
V005418,C000342,Kia,Carens,2025,REG-V-005418,1548000.0
V005419,C004400,Toyota,Fortuner,2016,REG-V-005419,797000.0
V005420,C000907,Mahindra,XUV300,2017,REG-V-005420,1249000.0
V005421,C004656,Toyota,Innova,2016,REG-V-005421,909000.0
V005422,C006203,Honda,Amaze,2020,REG-V-005422,730000.0
V005423,C008030,Toyota,Glanza,2021,REG-V-005423,1023000.0
V005424,C005541,Kia,Sonet,2016,REG-V-005424,430000.0
V005425,C003805,Hyundai,i20,2012,REG-V-005425,349000.0
V005426,C002658,Honda,Civic,2019,REG-V-005426,732000.0
V005427,C009581,Honda,City,2017,REG-V-005427,896000.0
V005428,C001993,Volkswagen,Taigun,2012,REG-V-005428,568000.0
V005429,C000443,Tata,Nexon,2017,REG-V-005429,810000.0
V005430,C001258,Kia,Sonet,2021,REG-V-005430,1287000.0
V005431,C009977,Honda,Civic,2014,REG-V-005431,563000.0
V005432,C009111,Maruti Suzuki,Baleno,2013,REG-V-005432,184000.0
V005433,C003188,Honda,Amaze,2015,REG-V-005433,374000.0
V005434,C000039,Tata,Tiago,2012,REG-V-005434,621000.0
V005435,C007742,Tata,Punch,2015,REG-V-005435,363000.0
V005436,C002991,Honda,City,2025,REG-V-005436,920000.0
V005437,C000234,Tata,Harrier,2013,REG-V-005437,501000.0
V005438,C004591,Honda,Amaze,2024,REG-V-005438,801000.0
V005439,C004262,Hyundai,i20,2018,REG-V-005439,594000.0
V005440,C003626,Honda,City,2024,REG-V-005440,1049000.0
V005441,C006570,Kia,Carens,2022,REG-V-005441,780000.0
V005442,C007315,Maruti Suzuki,Ertiga,2022,REG-V-005442,747000.0
V005443,C005628,Hyundai,i20,2015,REG-V-005443,305000.0
V005444,C000142,Volkswagen,Polo,2024,REG-V-005444,1008000.0
V005445,C000235,Mahindra,XUV700,2021,REG-V-005445,906000.0
V005446,C008874,Kia,Sonet,2019,REG-V-005446,1215000.0
V005447,C001873,Toyota,Innova,2022,REG-V-005447,2014000.0
V005448,C003999,Mahindra,Scorpio,2015,REG-V-005448,387000.0
V005449,C001045,Honda,City,2016,REG-V-005449,571000.0
V005450,C002311,Honda,Amaze,2022,REG-V-005450,1022000.0
V005451,C004891,Toyota,Fortuner,2019,REG-V-005451,1480000.0
V005452,C002377,Kia,Sonet,2025,REG-V-005452,1556000.0
V005453,C006633,Maruti Suzuki,Brezza,2022,REG-V-005453,584000.0
V005454,C003681,Volkswagen,Polo,2020,REG-V-005454,716000.0
V005455,C007954,Hyundai,Venue,2019,REG-V-005455,698000.0
V005456,C006057,Honda,Amaze,2014,REG-V-005456,618000.0
V005457,C002556,Maruti Suzuki,Swift,2019,REG-V-005457,656000.0
V005458,C008137,Kia,Sonet,2013,REG-V-005458,512000.0
V005459,C009353,Honda,Amaze,2015,REG-V-005459,697000.0
V005460,C001194,Volkswagen,Taigun,2017,REG-V-005460,1041000.0
V005461,C006747,Toyota,Innova,2014,REG-V-005461,881000.0
V005462,C006346,Tata,Nexon,2022,REG-V-005462,648000.0
V005463,C006747,Mahindra,Bolero,2023,REG-V-005463,1168000.0
V005464,C000323,Maruti Suzuki,Dzire,2025,REG-V-005464,845000.0
V005465,C000297,Honda,Amaze,2025,REG-V-005465,1262000.0
V005466,C002933,Mahindra,Bolero,2013,REG-V-005466,646000.0
V005467,C000807,Maruti Suzuki,Brezza,2017,REG-V-005467,269000.0
V005468,C003670,Tata,Nexon,2022,REG-V-005468,893000.0
V005469,C008776,Mahindra,Scorpio,2017,REG-V-005469,1347000.0
V005470,C003547,Honda,City,2015,REG-V-005470,435000.0
V005471,C003945,Toyota,Fortuner,2018,REG-V-005471,890000.0
V005472,C002683,Honda,Civic,2020,REG-V-005472,988000.0
V005473,C004232,Kia,Sonet,2021,REG-V-005473,926000.0
V005474,C008037,Honda,Civic,2016,REG-V-005474,780000.0
V005475,C008355,Hyundai,Verna,2019,REG-V-005475,770000.0
V005476,C004228,Honda,Civic,2016,REG-V-005476,793000.0
V005477,C003982,Kia,Carens,2020,REG-V-005477,652000.0
V005478,C001961,Maruti Suzuki,Baleno,2012,REG-V-005478,181000.0
V005479,C009758,Volkswagen,Virtus,2012,REG-V-005479,598000.0
V005480,C003097,Hyundai,Verna,2018,REG-V-005480,439000.0
V005481,C003420,Tata,Nexon,2017,REG-V-005481,626000.0
V005482,C004328,Maruti Suzuki,Ertiga,2020,REG-V-005482,477000.0
V005483,C000810,Maruti Suzuki,Swift,2025,REG-V-005483,703000.0
V005484,C003268,Volkswagen,Polo,2018,REG-V-005484,760000.0
V005485,C009343,Kia,Seltos,2020,REG-V-005485,1182000.0
V005486,C000768,Mahindra,Bolero,2014,REG-V-005486,494000.0
V005487,C002427,Hyundai,Venue,2020,REG-V-005487,1071000.0
V005488,C002199,Honda,Civic,2018,REG-V-005488,998000.0
V005489,C002371,Tata,Punch,2015,REG-V-005489,390000.0
V005490,C009553,Toyota,Innova,2025,REG-V-005490,2488000.0
V005491,C007134,Hyundai,Verna,2017,REG-V-005491,575000.0
V005492,C009235,Maruti Suzuki,Swift,2020,REG-V-005492,452000.0
V005493,C008619,Volkswagen,Taigun,2013,REG-V-005493,551000.0
V005494,C006289,Honda,Amaze,2017,REG-V-005494,796000.0
V005495,C005635,Kia,Seltos,2013,REG-V-005495,723000.0
V005496,C005126,Toyota,Fortuner,2015,REG-V-005496,1366000.0
V005497,C006930,Maruti Suzuki,Brezza,2017,REG-V-005497,277000.0
V005498,C007058,Hyundai,i20,2022,REG-V-005498,1219000.0
V005499,C006033,Toyota,Innova,2024,REG-V-005499,1550000.0
V005500,C004507,Volkswagen,Taigun,2017,REG-V-005500,991000.0
V005501,C006800,Hyundai,Creta,2014,REG-V-005501,291000.0
V005502,C001562,Kia,Seltos,2017,REG-V-005502,1072000.0
V005503,C005552,Toyota,Innova,2021,REG-V-005503,2603000.0
V005504,C005230,Mahindra,Bolero,2022,REG-V-005504,2107000.0
V005505,C005387,Volkswagen,Taigun,2019,REG-V-005505,998000.0
V005506,C005139,Maruti Suzuki,Dzire,2017,REG-V-005506,459000.0
V005507,C007562,Toyota,Glanza,2013,REG-V-005507,1148000.0
V005508,C007640,Hyundai,Verna,2017,REG-V-005508,652000.0
V005509,C003281,Kia,Sonet,2024,REG-V-005509,1604000.0
V005510,C003508,Tata,Altroz,2019,REG-V-005510,998000.0
V005511,C000174,Hyundai,Verna,2023,REG-V-005511,1160000.0
V005512,C001124,Kia,Carens,2024,REG-V-005512,982000.0
V005513,C002638,Kia,Sonet,2025,REG-V-005513,1464000.0
V005514,C007721,Maruti Suzuki,Ertiga,2024,REG-V-005514,832000.0
V005515,C008043,Honda,Amaze,2013,REG-V-005515,376000.0
V005516,C002503,Mahindra,XUV700,2025,REG-V-005516,1232000.0
V005517,C008743,Volkswagen,Polo,2019,REG-V-005517,1244000.0
V005518,C003768,Hyundai,Creta,2018,REG-V-005518,661000.0
V005519,C008045,Volkswagen,Virtus,2015,REG-V-005519,387000.0
V005520,C004705,Maruti Suzuki,Dzire,2012,REG-V-005520,288000.0
V005521,C007175,Toyota,Innova,2022,REG-V-005521,1870000.0
V005522,C003566,Honda,Civic,2019,REG-V-005522,1103000.0
V005523,C000730,Hyundai,i20,2021,REG-V-005523,594000.0
V005524,C002557,Honda,City,2024,REG-V-005524,1618000.0
V005525,C007013,Tata,Nexon,2019,REG-V-005525,450000.0
V005526,C009217,Maruti Suzuki,Swift,2013,REG-V-005526,208000.0
V005527,C006323,Hyundai,i20,2013,REG-V-005527,292000.0
V005528,C007759,Hyundai,Venue,2017,REG-V-005528,469000.0
V005529,C000143,Honda,Amaze,2013,REG-V-005529,438000.0
V005530,C007667,Volkswagen,Virtus,2016,REG-V-005530,899000.0
V005531,C008392,Kia,Seltos,2013,REG-V-005531,597000.0
V005532,C004141,Maruti Suzuki,Dzire,2015,REG-V-005532,321000.0
V005533,C004981,Volkswagen,Taigun,2015,REG-V-005533,739000.0
V005534,C000540,Toyota,Fortuner,2016,REG-V-005534,737000.0
V005535,C001738,Kia,Sonet,2024,REG-V-005535,1629000.0
V005536,C000586,Honda,Civic,2021,REG-V-005536,877000.0
V005537,C007374,Maruti Suzuki,Brezza,2023,REG-V-005537,917000.0
V005538,C008062,Tata,Nexon,2012,REG-V-005538,493000.0
V005539,C001090,Toyota,Fortuner,2022,REG-V-005539,2516000.0
V005540,C009250,Toyota,Innova,2020,REG-V-005540,1866000.0
V005541,C008433,Hyundai,i10,2015,REG-V-005541,465000.0
V005542,C005809,Hyundai,Creta,2021,REG-V-005542,708000.0
V005543,C009784,Tata,Punch,2021,REG-V-005543,664000.0
V005544,C008884,Hyundai,i20,2021,REG-V-005544,909000.0
V005545,C002249,Tata,Nexon,2024,REG-V-005545,762000.0
V005546,C009548,Honda,Civic,2025,REG-V-005546,1535000.0
V005547,C004450,Mahindra,XUV700,2018,REG-V-005547,1412000.0
V005548,C001540,Tata,Tiago,2019,REG-V-005548,632000.0
V005549,C002010,Mahindra,Bolero,2019,REG-V-005549,1619000.0
V005550,C006881,Honda,Amaze,2024,REG-V-005550,944000.0
V005551,C009880,Mahindra,Bolero,2015,REG-V-005551,514000.0
V005552,C004468,Kia,Sonet,2024,REG-V-005552,1286000.0
V005553,C005773,Kia,Seltos,2025,REG-V-005553,1696000.0
V005554,C002989,Volkswagen,Taigun,2016,REG-V-005554,691000.0
V005555,C008499,Honda,Amaze,2018,REG-V-005555,621000.0
V005556,C001143,Mahindra,XUV700,2020,REG-V-005556,1682000.0
V005557,C005871,Honda,Civic,2024,REG-V-005557,1664000.0
V005558,C005905,Tata,Nexon,2012,REG-V-005558,537000.0
V005559,C000014,Mahindra,Scorpio,2021,REG-V-005559,1839000.0
V005560,C009425,Volkswagen,Virtus,2024,REG-V-005560,1070000.0
V005561,C009748,Honda,Civic,2021,REG-V-005561,977000.0
V005562,C004714,Tata,Nexon,2024,REG-V-005562,1303000.0
V005563,C007312,Honda,Amaze,2015,REG-V-005563,568000.0
V005564,C008534,Hyundai,i10,2013,REG-V-005564,269000.0
V005565,C001163,Honda,Civic,2012,REG-V-005565,317000.0
V005566,C000864,Toyota,Fortuner,2018,REG-V-005566,1089000.0
V005567,C006927,Mahindra,XUV700,2020,REG-V-005567,799000.0
V005568,C005630,Kia,Sonet,2014,REG-V-005568,421000.0
V005569,C006836,Mahindra,Bolero,2025,REG-V-005569,1428000.0
V005570,C005762,Hyundai,i20,2024,REG-V-005570,1076000.0
V005571,C007319,Tata,Nexon,2012,REG-V-005571,425000.0
V005572,C001540,Kia,Seltos,2023,REG-V-005572,837000.0
V005573,C002177,Hyundai,i20,2021,REG-V-005573,822000.0
V005574,C002395,Maruti Suzuki,Swift,2017,REG-V-005574,379000.0
V005575,C004187,Maruti Suzuki,Baleno,2019,REG-V-005575,448000.0
V005576,C007662,Honda,City,2014,REG-V-005576,514000.0
V005577,C008358,Maruti Suzuki,Brezza,2025,REG-V-005577,539000.0
V005578,C004030,Volkswagen,Taigun,2017,REG-V-005578,601000.0
V005579,C006059,Mahindra,Bolero,2018,REG-V-005579,1438000.0
V005580,C002936,Tata,Altroz,2025,REG-V-005580,936000.0
V005581,C004795,Toyota,Fortuner,2025,REG-V-005581,2695000.0
V005582,C009429,Toyota,Fortuner,2022,REG-V-005582,1139000.0
V005583,C002697,Honda,City,2022,REG-V-005583,1075000.0
V005584,C007949,Mahindra,XUV300,2021,REG-V-005584,1068000.0
V005585,C000442,Volkswagen,Polo,2012,REG-V-005585,645000.0
V005586,C003450,Maruti Suzuki,Dzire,2017,REG-V-005586,278000.0
V005587,C006629,Mahindra,XUV700,2025,REG-V-005587,1715000.0
V005588,C007833,Kia,Sonet,2023,REG-V-005588,1778000.0
V005589,C005964,Kia,Seltos,2015,REG-V-005589,546000.0
V005590,C008739,Volkswagen,Taigun,2021,REG-V-005590,1003000.0
V005591,C008259,Toyota,Fortuner,2012,REG-V-005591,541000.0
V005592,C006223,Mahindra,XUV300,2018,REG-V-005592,724000.0
V005593,C003479,Kia,Seltos,2025,REG-V-005593,1686000.0
V005594,C003644,Toyota,Glanza,2015,REG-V-005594,482000.0
V005595,C006201,Hyundai,i10,2022,REG-V-005595,1004000.0
V005596,C006603,Honda,Civic,2013,REG-V-005596,532000.0
V005597,C003960,Toyota,Glanza,2024,REG-V-005597,2280000.0
V005598,C003992,Maruti Suzuki,Baleno,2013,REG-V-005598,206000.0
V005599,C001762,Honda,Amaze,2018,REG-V-005599,814000.0
V005600,C000006,Toyota,Glanza,2019,REG-V-005600,1490000.0
V005601,C004644,Tata,Harrier,2016,REG-V-005601,409000.0
V005602,C008355,Tata,Nexon,2015,REG-V-005602,667000.0
V005603,C007731,Kia,Seltos,2024,REG-V-005603,1384000.0
V005604,C009945,Tata,Tiago,2022,REG-V-005604,1195000.0
V005605,C006744,Volkswagen,Taigun,2018,REG-V-005605,614000.0
V005606,C002362,Tata,Altroz,2023,REG-V-005606,1377000.0
V005607,C006821,Mahindra,XUV300,2021,REG-V-005607,1150000.0
V005608,C008334,Kia,Sonet,2014,REG-V-005608,620000.0
V005609,C006460,Toyota,Fortuner,2021,REG-V-005609,2039000.0
V005610,C004851,Hyundai,Verna,2025,REG-V-005610,805000.0
V005611,C006234,Volkswagen,Virtus,2015,REG-V-005611,457000.0
V005612,C000274,Honda,City,2023,REG-V-005612,1342000.0
V005613,C002664,Tata,Punch,2018,REG-V-005613,622000.0
V005614,C001572,Kia,Seltos,2019,REG-V-005614,1101000.0
V005615,C004151,Honda,Civic,2025,REG-V-005615,1410000.0
V005616,C008984,Hyundai,i20,2021,REG-V-005616,1086000.0
V005617,C001888,Kia,Carens,2015,REG-V-005617,394000.0
V005618,C000732,Volkswagen,Virtus,2017,REG-V-005618,640000.0
V005619,C007841,Volkswagen,Virtus,2014,REG-V-005619,522000.0
V005620,C008724,Kia,Seltos,2012,REG-V-005620,620000.0
V005621,C005357,Toyota,Innova,2020,REG-V-005621,2072000.0
V005622,C003777,Maruti Suzuki,Dzire,2023,REG-V-005622,577000.0
V005623,C004335,Kia,Sonet,2024,REG-V-005623,865000.0
V005624,C006632,Toyota,Innova,2019,REG-V-005624,756000.0
V005625,C008357,Tata,Tiago,2017,REG-V-005625,475000.0
V005626,C001902,Mahindra,Bolero,2015,REG-V-005626,498000.0
V005627,C009073,Kia,Carens,2024,REG-V-005627,1770000.0
V005628,C006611,Kia,Sonet,2018,REG-V-005628,1095000.0
V005629,C007445,Volkswagen,Virtus,2021,REG-V-005629,1027000.0
V005630,C000883,Tata,Altroz,2017,REG-V-005630,516000.0
V005631,C009220,Tata,Punch,2013,REG-V-005631,462000.0
V005632,C005327,Honda,Amaze,2014,REG-V-005632,365000.0
V005633,C003629,Mahindra,Bolero,2019,REG-V-005633,965000.0
V005634,C004008,Toyota,Glanza,2024,REG-V-005634,2135000.0
V005635,C002916,Tata,Punch,2017,REG-V-005635,499000.0
V005636,C001625,Hyundai,i10,2015,REG-V-005636,585000.0
V005637,C000355,Volkswagen,Taigun,2014,REG-V-005637,425000.0
V005638,C002657,Honda,Civic,2013,REG-V-005638,566000.0
V005639,C005011,Maruti Suzuki,Brezza,2015,REG-V-005639,405000.0
V005640,C006713,Honda,Civic,2015,REG-V-005640,596000.0
V005641,C007390,Honda,City,2022,REG-V-005641,1200000.0
V005642,C005991,Toyota,Glanza,2021,REG-V-005642,2338000.0
V005643,C001154,Tata,Nexon,2018,REG-V-005643,802000.0
V005644,C004342,Tata,Tiago,2020,REG-V-005644,1165000.0
V005645,C006719,Volkswagen,Taigun,2024,REG-V-005645,1371000.0
V005646,C007496,Honda,Amaze,2021,REG-V-005646,660000.0
V005647,C003226,Volkswagen,Virtus,2012,REG-V-005647,416000.0
V005648,C009315,Maruti Suzuki,Ertiga,2023,REG-V-005648,692000.0
V005649,C008016,Mahindra,XUV300,2024,REG-V-005649,2164000.0
V005650,C008563,Volkswagen,Taigun,2022,REG-V-005650,857000.0
V005651,C006710,Maruti Suzuki,Baleno,2025,REG-V-005651,643000.0
V005652,C004157,Mahindra,XUV700,2017,REG-V-005652,1353000.0
V005653,C009376,Volkswagen,Taigun,2020,REG-V-005653,1183000.0
V005654,C009065,Maruti Suzuki,Dzire,2023,REG-V-005654,875000.0
V005655,C008334,Maruti Suzuki,Ertiga,2016,REG-V-005655,432000.0
V005656,C008967,Maruti Suzuki,Swift,2021,REG-V-005656,561000.0
V005657,C009205,Hyundai,Verna,2024,REG-V-005657,1370000.0
V005658,C007528,Toyota,Glanza,2025,REG-V-005658,1688000.0
V005659,C002013,Hyundai,Venue,2019,REG-V-005659,614000.0
V005660,C005422,Hyundai,Creta,2015,REG-V-005660,458000.0
V005661,C006209,Maruti Suzuki,Swift,2012,REG-V-005661,208000.0
V005662,C007802,Kia,Carens,2015,REG-V-005662,445000.0
V005663,C004995,Kia,Sonet,2022,REG-V-005663,1573000.0
V005664,C005161,Maruti Suzuki,Swift,2017,REG-V-005664,533000.0
V005665,C009958,Toyota,Innova,2025,REG-V-005665,3188000.0
V005666,C004546,Hyundai,i20,2018,REG-V-005666,422000.0
V005667,C001302,Honda,City,2021,REG-V-005667,842000.0
V005668,C007146,Volkswagen,Polo,2017,REG-V-005668,998000.0
V005669,C003635,Maruti Suzuki,Ertiga,2016,REG-V-005669,352000.0
V005670,C002508,Kia,Seltos,2021,REG-V-005670,1203000.0
V005671,C006323,Honda,City,2014,REG-V-005671,639000.0
V005672,C009549,Toyota,Glanza,2016,REG-V-005672,1118000.0
V005673,C003110,Kia,Sonet,2017,REG-V-005673,866000.0
V005674,C003733,Mahindra,Scorpio,2018,REG-V-005674,554000.0
V005675,C004693,Mahindra,Scorpio,2012,REG-V-005675,802000.0
V005676,C006912,Tata,Punch,2017,REG-V-005676,532000.0
V005677,C003974,Tata,Harrier,2022,REG-V-005677,1140000.0
V005678,C004274,Honda,Civic,2021,REG-V-005678,1206000.0
V005679,C007051,Kia,Seltos,2021,REG-V-005679,932000.0
V005680,C009852,Mahindra,Bolero,2012,REG-V-005680,740000.0
V005681,C003147,Honda,City,2013,REG-V-005681,329000.0
V005682,C005898,Maruti Suzuki,Ertiga,2020,REG-V-005682,419000.0
V005683,C008006,Hyundai,i10,2020,REG-V-005683,671000.0
V005684,C002135,Tata,Punch,2019,REG-V-005684,941000.0
V005685,C008230,Maruti Suzuki,Ertiga,2012,REG-V-005685,335000.0
V005686,C003553,Hyundai,i10,2019,REG-V-005686,977000.0
V005687,C001108,Kia,Sonet,2022,REG-V-005687,1474000.0
V005688,C000266,Tata,Nexon,2012,REG-V-005688,514000.0
V005689,C000341,Tata,Harrier,2012,REG-V-005689,220000.0
V005690,C008038,Hyundai,i20,2012,REG-V-005690,271000.0
V005691,C006796,Hyundai,Venue,2020,REG-V-005691,550000.0
V005692,C007997,Mahindra,XUV700,2014,REG-V-005692,856000.0
V005693,C007598,Toyota,Innova,2013,REG-V-005693,506000.0
V005694,C003817,Kia,Sonet,2023,REG-V-005694,1547000.0
V005695,C009366,Honda,City,2015,REG-V-005695,487000.0
V005696,C008830,Tata,Tiago,2013,REG-V-005696,368000.0
V005697,C003481,Volkswagen,Taigun,2019,REG-V-005697,703000.0
V005698,C007800,Mahindra,XUV300,2022,REG-V-005698,1097000.0
V005699,C008248,Hyundai,i20,2024,REG-V-005699,897000.0
V005700,C004922,Hyundai,i10,2012,REG-V-005700,275000.0
V005701,C001197,Maruti Suzuki,Baleno,2020,REG-V-005701,591000.0
V005702,C003324,Volkswagen,Taigun,2025,REG-V-005702,893000.0
V005703,C009891,Volkswagen,Taigun,2015,REG-V-005703,468000.0
V005704,C007211,Hyundai,Venue,2013,REG-V-005704,375000.0
V005705,C007820,Hyundai,Creta,2021,REG-V-005705,1000000.0
V005706,C009163,Mahindra,XUV300,2016,REG-V-005706,1089000.0
V005707,C002035,Volkswagen,Polo,2024,REG-V-005707,977000.0
V005708,C009683,Maruti Suzuki,Swift,2015,REG-V-005708,209000.0
V005709,C005215,Tata,Nexon,2017,REG-V-005709,820000.0
V005710,C007511,Tata,Nexon,2023,REG-V-005710,1497000.0
V005711,C003165,Honda,City,2014,REG-V-005711,513000.0
V005712,C003278,Maruti Suzuki,Brezza,2020,REG-V-005712,430000.0
V005713,C003600,Tata,Altroz,2023,REG-V-005713,833000.0
V005714,C003478,Volkswagen,Taigun,2025,REG-V-005714,969000.0
V005715,C000649,Toyota,Fortuner,2021,REG-V-005715,1972000.0
V005716,C003083,Hyundai,Venue,2012,REG-V-005716,404000.0
V005717,C006514,Tata,Nexon,2023,REG-V-005717,1190000.0
V005718,C009069,Honda,Civic,2016,REG-V-005718,648000.0
V005719,C000434,Hyundai,i10,2024,REG-V-005719,1422000.0
V005720,C000176,Volkswagen,Taigun,2014,REG-V-005720,523000.0
V005721,C005965,Maruti Suzuki,Ertiga,2013,REG-V-005721,226000.0
V005722,C007038,Volkswagen,Polo,2025,REG-V-005722,1351000.0
V005723,C006128,Kia,Carens,2020,REG-V-005723,862000.0
V005724,C009734,Toyota,Innova,2013,REG-V-005724,567000.0
V005725,C002310,Tata,Altroz,2019,REG-V-005725,688000.0
V005726,C004847,Toyota,Fortuner,2020,REG-V-005726,1688000.0
V005727,C009197,Toyota,Innova,2013,REG-V-005727,813000.0
V005728,C006223,Tata,Punch,2017,REG-V-005728,850000.0
V005729,C005818,Mahindra,XUV300,2021,REG-V-005729,1018000.0
V005730,C009363,Toyota,Innova,2023,REG-V-005730,1397000.0
V005731,C003383,Honda,Amaze,2021,REG-V-005731,1287000.0
V005732,C001569,Volkswagen,Taigun,2025,REG-V-005732,961000.0
V005733,C001293,Hyundai,Venue,2022,REG-V-005733,656000.0
V005734,C008272,Kia,Sonet,2022,REG-V-005734,1049000.0
V005735,C008612,Mahindra,XUV300,2018,REG-V-005735,770000.0
V005736,C002361,Honda,City,2024,REG-V-005736,1435000.0
V005737,C004595,Hyundai,Venue,2012,REG-V-005737,435000.0
V005738,C005893,Volkswagen,Virtus,2020,REG-V-005738,893000.0
V005739,C001393,Kia,Carens,2017,REG-V-005739,863000.0
V005740,C008534,Toyota,Fortuner,2025,REG-V-005740,1797000.0
V005741,C004207,Maruti Suzuki,Ertiga,2013,REG-V-005741,188000.0
V005742,C008667,Kia,Sonet,2022,REG-V-005742,1544000.0
V005743,C007667,Maruti Suzuki,Dzire,2012,REG-V-005743,192000.0
V005744,C002933,Maruti Suzuki,Brezza,2012,REG-V-005744,252000.0
V005745,C007217,Toyota,Fortuner,2021,REG-V-005745,1831000.0
V005746,C007468,Toyota,Glanza,2017,REG-V-005746,1500000.0
V005747,C003098,Honda,Civic,2015,REG-V-005747,638000.0
V005748,C002554,Kia,Carens,2016,REG-V-005748,955000.0
V005749,C008283,Mahindra,XUV300,2025,REG-V-005749,1962000.0
V005750,C006823,Volkswagen,Taigun,2016,REG-V-005750,649000.0
V005751,C007460,Tata,Punch,2025,REG-V-005751,1050000.0
V005752,C003111,Tata,Punch,2025,REG-V-005752,1131000.0
V005753,C007278,Kia,Sonet,2015,REG-V-005753,503000.0
V005754,C007191,Mahindra,XUV700,2012,REG-V-005754,800000.0
V005755,C003316,Kia,Seltos,2021,REG-V-005755,1157000.0
V005756,C002708,Hyundai,Creta,2014,REG-V-005756,333000.0
V005757,C004341,Tata,Harrier,2024,REG-V-005757,795000.0
V005758,C007454,Volkswagen,Polo,2018,REG-V-005758,859000.0
V005759,C001939,Hyundai,Verna,2016,REG-V-005759,612000.0
V005760,C008792,Toyota,Fortuner,2024,REG-V-005760,1722000.0
V005761,C002569,Tata,Tiago,2023,REG-V-005761,1312000.0
V005762,C008434,Tata,Harrier,2020,REG-V-005762,859000.0
V005763,C001552,Mahindra,Scorpio,2023,REG-V-005763,1124000.0
V005764,C007458,Toyota,Glanza,2018,REG-V-005764,1558000.0
V005765,C005653,Tata,Punch,2016,REG-V-005765,458000.0
V005766,C006662,Honda,City,2023,REG-V-005766,1073000.0
V005767,C009746,Hyundai,Venue,2015,REG-V-005767,287000.0
V005768,C000542,Volkswagen,Virtus,2015,REG-V-005768,794000.0
V005769,C001484,Hyundai,Verna,2021,REG-V-005769,566000.0
V005770,C000800,Honda,Amaze,2019,REG-V-005770,1036000.0
V005771,C005232,Volkswagen,Virtus,2024,REG-V-005771,1111000.0
V005772,C008089,Kia,Sonet,2018,REG-V-005772,570000.0
V005773,C000569,Kia,Sonet,2014,REG-V-005773,384000.0
V005774,C007867,Kia,Sonet,2020,REG-V-005774,877000.0
V005775,C004358,Honda,Amaze,2021,REG-V-005775,1039000.0
V005776,C009433,Maruti Suzuki,Ertiga,2025,REG-V-005776,556000.0
V005777,C003832,Honda,City,2019,REG-V-005777,899000.0
V005778,C009847,Hyundai,Creta,2014,REG-V-005778,545000.0
V005779,C005607,Kia,Carens,2017,REG-V-005779,457000.0
V005780,C009901,Mahindra,XUV300,2018,REG-V-005780,1365000.0
V005781,C006360,Mahindra,Bolero,2023,REG-V-005781,1834000.0
V005782,C003461,Mahindra,XUV700,2025,REG-V-005782,1509000.0
V005783,C008094,Maruti Suzuki,Brezza,2019,REG-V-005783,513000.0
V005784,C004905,Tata,Punch,2020,REG-V-005784,758000.0
V005785,C003071,Mahindra,XUV700,2015,REG-V-005785,503000.0
V005786,C004823,Honda,Amaze,2018,REG-V-005786,516000.0
V005787,C008769,Honda,Amaze,2025,REG-V-005787,863000.0
V005788,C007380,Honda,City,2020,REG-V-005788,813000.0
V005789,C001732,Honda,Amaze,2018,REG-V-005789,988000.0
V005790,C008424,Volkswagen,Taigun,2019,REG-V-005790,901000.0
V005791,C004342,Volkswagen,Virtus,2020,REG-V-005791,840000.0
V005792,C000845,Honda,City,2014,REG-V-005792,635000.0
V005793,C001461,Tata,Nexon,2017,REG-V-005793,404000.0
V005794,C000688,Tata,Altroz,2012,REG-V-005794,283000.0
V005795,C006813,Kia,Sonet,2024,REG-V-005795,1836000.0
V005796,C002587,Toyota,Glanza,2021,REG-V-005796,2382000.0
V005797,C000972,Mahindra,Bolero,2019,REG-V-005797,1547000.0
V005798,C003664,Hyundai,i10,2018,REG-V-005798,781000.0
V005799,C008712,Volkswagen,Polo,2021,REG-V-005799,947000.0
V005800,C006326,Honda,Civic,2016,REG-V-005800,709000.0
V005801,C004899,Tata,Tiago,2013,REG-V-005801,546000.0
V005802,C007390,Kia,Seltos,2023,REG-V-005802,1658000.0
V005803,C000777,Tata,Altroz,2025,REG-V-005803,818000.0
V005804,C008886,Kia,Seltos,2025,REG-V-005804,1469000.0
V005805,C001771,Toyota,Innova,2017,REG-V-005805,1687000.0
V005806,C000227,Honda,Civic,2021,REG-V-005806,763000.0
V005807,C003632,Tata,Harrier,2014,REG-V-005807,501000.0
V005808,C000608,Kia,Sonet,2014,REG-V-005808,653000.0
V005809,C001668,Honda,Civic,2025,REG-V-005809,1141000.0
V005810,C007453,Hyundai,i20,2017,REG-V-005810,660000.0
V005811,C004063,Tata,Tiago,2025,REG-V-005811,1349000.0
V005812,C000064,Volkswagen,Virtus,2017,REG-V-005812,496000.0
V005813,C006481,Hyundai,Venue,2017,REG-V-005813,658000.0
V005814,C007120,Honda,City,2025,REG-V-005814,1008000.0
V005815,C009069,Kia,Sonet,2017,REG-V-005815,685000.0
V005816,C001538,Toyota,Fortuner,2014,REG-V-005816,965000.0
V005817,C008614,Hyundai,i20,2012,REG-V-005817,551000.0
V005818,C007135,Honda,Amaze,2018,REG-V-005818,561000.0
V005819,C005678,Tata,Tiago,2020,REG-V-005819,604000.0
V005820,C002632,Hyundai,Creta,2025,REG-V-005820,1321000.0
V005821,C004604,Honda,City,2014,REG-V-005821,486000.0
V005822,C001993,Mahindra,XUV300,2024,REG-V-005822,1748000.0
V005823,C007228,Toyota,Fortuner,2020,REG-V-005823,1239000.0
V005824,C007085,Hyundai,Verna,2012,REG-V-005824,430000.0
V005825,C001924,Kia,Sonet,2014,REG-V-005825,421000.0
V005826,C002545,Tata,Tiago,2018,REG-V-005826,406000.0
V005827,C009064,Honda,Civic,2015,REG-V-005827,591000.0
V005828,C004757,Kia,Seltos,2024,REG-V-005828,1511000.0
V005829,C005550,Mahindra,Scorpio,2014,REG-V-005829,372000.0
V005830,C009588,Toyota,Innova,2015,REG-V-005830,1047000.0
V005831,C002079,Toyota,Innova,2024,REG-V-005831,1462000.0
V005832,C006314,Kia,Carens,2017,REG-V-005832,773000.0
V005833,C007809,Volkswagen,Polo,2025,REG-V-005833,1400000.0
V005834,C003177,Hyundai,Verna,2013,REG-V-005834,304000.0
V005835,C003071,Toyota,Innova,2017,REG-V-005835,1686000.0
V005836,C009019,Toyota,Fortuner,2023,REG-V-005836,1772000.0
V005837,C001007,Tata,Altroz,2024,REG-V-005837,986000.0
V005838,C001570,Volkswagen,Virtus,2024,REG-V-005838,1632000.0
V005839,C004125,Kia,Seltos,2016,REG-V-005839,950000.0
V005840,C008049,Honda,City,2014,REG-V-005840,335000.0
V005841,C004573,Toyota,Innova,2017,REG-V-005841,773000.0
V005842,C002708,Maruti Suzuki,Baleno,2017,REG-V-005842,484000.0
V005843,C004218,Honda,City,2020,REG-V-005843,1265000.0
V005844,C004471,Kia,Sonet,2018,REG-V-005844,1226000.0
V005845,C007327,Mahindra,Bolero,2017,REG-V-005845,561000.0
V005846,C008733,Maruti Suzuki,Ertiga,2019,REG-V-005846,648000.0
V005847,C003195,Hyundai,i20,2017,REG-V-005847,722000.0
V005848,C007134,Toyota,Fortuner,2025,REG-V-005848,3365000.0
V005849,C007054,Honda,City,2023,REG-V-005849,923000.0
V005850,C007739,Maruti Suzuki,Ertiga,2015,REG-V-005850,403000.0
V005851,C005796,Tata,Altroz,2012,REG-V-005851,386000.0
V005852,C000152,Volkswagen,Taigun,2017,REG-V-005852,624000.0
V005853,C006596,Mahindra,Scorpio,2019,REG-V-005853,1368000.0
V005854,C006167,Kia,Sonet,2023,REG-V-005854,1653000.0
V005855,C006159,Mahindra,XUV700,2024,REG-V-005855,1907000.0
V005856,C002804,Hyundai,Verna,2018,REG-V-005856,451000.0
V005857,C000991,Hyundai,i20,2024,REG-V-005857,1303000.0
V005858,C001901,Volkswagen,Taigun,2016,REG-V-005858,750000.0
V005859,C002182,Maruti Suzuki,Swift,2013,REG-V-005859,245000.0
V005860,C001731,Hyundai,i10,2015,REG-V-005860,625000.0
V005861,C002467,Honda,City,2020,REG-V-005861,1175000.0
V005862,C000713,Toyota,Glanza,2012,REG-V-005862,924000.0
V005863,C002697,Mahindra,Scorpio,2018,REG-V-005863,754000.0
V005864,C009981,Hyundai,Venue,2023,REG-V-005864,934000.0
V005865,C005146,Hyundai,i20,2023,REG-V-005865,1198000.0
V005866,C003440,Honda,Amaze,2021,REG-V-005866,1345000.0
V005867,C007259,Tata,Altroz,2016,REG-V-005867,306000.0
V005868,C004734,Hyundai,Venue,2018,REG-V-005868,616000.0
V005869,C000310,Toyota,Fortuner,2013,REG-V-005869,651000.0
V005870,C005513,Mahindra,XUV300,2025,REG-V-005870,1739000.0
V005871,C003029,Tata,Altroz,2020,REG-V-005871,952000.0
V005872,C005756,Honda,Civic,2025,REG-V-005872,996000.0
V005873,C001730,Volkswagen,Virtus,2024,REG-V-005873,1716000.0
V005874,C004861,Mahindra,XUV300,2020,REG-V-005874,897000.0
V005875,C001940,Hyundai,Verna,2017,REG-V-005875,373000.0
V005876,C002977,Toyota,Innova,2020,REG-V-005876,1732000.0
V005877,C006907,Mahindra,Scorpio,2015,REG-V-005877,932000.0
V005878,C002297,Hyundai,Creta,2012,REG-V-005878,335000.0
V005879,C004191,Hyundai,Verna,2013,REG-V-005879,282000.0
V005880,C000755,Hyundai,i10,2025,REG-V-005880,1143000.0
V005881,C006907,Toyota,Innova,2014,REG-V-005881,426000.0
V005882,C005425,Hyundai,Verna,2022,REG-V-005882,797000.0
V005883,C008185,Maruti Suzuki,Swift,2023,REG-V-005883,766000.0
V005884,C005390,Volkswagen,Taigun,2023,REG-V-005884,1409000.0
V005885,C009948,Kia,Carens,2021,REG-V-005885,800000.0
V005886,C002432,Tata,Nexon,2012,REG-V-005886,224000.0
V005887,C007482,Hyundai,i10,2017,REG-V-005887,374000.0
V005888,C004352,Toyota,Fortuner,2013,REG-V-005888,1054000.0
V005889,C003771,Mahindra,Scorpio,2018,REG-V-005889,1500000.0
V005890,C007376,Kia,Sonet,2022,REG-V-005890,886000.0
V005891,C009563,Honda,Amaze,2019,REG-V-005891,1075000.0
V005892,C007623,Toyota,Innova,2014,REG-V-005892,1074000.0
V005893,C003284,Honda,Amaze,2024,REG-V-005893,1060000.0
V005894,C005132,Honda,Civic,2012,REG-V-005894,597000.0
V005895,C002192,Mahindra,XUV700,2023,REG-V-005895,1539000.0
V005896,C006251,Honda,Amaze,2016,REG-V-005896,703000.0
V005897,C004044,Volkswagen,Polo,2016,REG-V-005897,456000.0
V005898,C002304,Toyota,Fortuner,2018,REG-V-005898,1521000.0
V005899,C000222,Maruti Suzuki,Brezza,2019,REG-V-005899,432000.0
V005900,C009289,Hyundai,Venue,2015,REG-V-005900,331000.0
V005901,C000798,Tata,Punch,2022,REG-V-005901,817000.0
V005902,C003276,Volkswagen,Virtus,2015,REG-V-005902,810000.0
V005903,C001912,Hyundai,Verna,2015,REG-V-005903,543000.0
V005904,C004984,Tata,Tiago,2020,REG-V-005904,1089000.0
V005905,C001960,Toyota,Innova,2012,REG-V-005905,1059000.0
V005906,C007419,Toyota,Glanza,2025,REG-V-005906,2612000.0
V005907,C002273,Volkswagen,Polo,2022,REG-V-005907,1131000.0
V005908,C001859,Volkswagen,Polo,2018,REG-V-005908,674000.0
V005909,C002189,Kia,Carens,2012,REG-V-005909,758000.0
V005910,C002962,Toyota,Glanza,2019,REG-V-005910,1027000.0
V005911,C006466,Toyota,Glanza,2025,REG-V-005911,1830000.0
V005912,C002103,Hyundai,i10,2025,REG-V-005912,1492000.0
V005913,C007010,Toyota,Glanza,2024,REG-V-005913,2785000.0
V005914,C004332,Hyundai,Venue,2020,REG-V-005914,738000.0
V005915,C001980,Toyota,Fortuner,2018,REG-V-005915,1141000.0
V005916,C002423,Honda,City,2019,REG-V-005916,576000.0
V005917,C005316,Toyota,Glanza,2015,REG-V-005917,875000.0
V005918,C003798,Volkswagen,Taigun,2025,REG-V-005918,1731000.0
V005919,C005170,Mahindra,XUV300,2024,REG-V-005919,1376000.0
V005920,C008173,Volkswagen,Taigun,2023,REG-V-005920,897000.0
V005921,C000476,Maruti Suzuki,Brezza,2020,REG-V-005921,614000.0
V005922,C003952,Toyota,Innova,2016,REG-V-005922,577000.0
V005923,C004174,Volkswagen,Polo,2018,REG-V-005923,801000.0
V005924,C002526,Hyundai,Verna,2016,REG-V-005924,697000.0
V005925,C004441,Honda,Civic,2025,REG-V-005925,1656000.0
V005926,C005720,Toyota,Glanza,2020,REG-V-005926,2407000.0
V005927,C005894,Tata,Altroz,2015,REG-V-005927,367000.0
V005928,C006748,Mahindra,XUV300,2023,REG-V-005928,1977000.0
V005929,C000783,Honda,City,2023,REG-V-005929,1487000.0
V005930,C004629,Maruti Suzuki,Swift,2025,REG-V-005930,815000.0
V005931,C007641,Tata,Nexon,2012,REG-V-005931,219000.0
V005932,C004573,Honda,City,2023,REG-V-005932,838000.0
V005933,C006602,Volkswagen,Virtus,2014,REG-V-005933,608000.0
V005934,C005948,Toyota,Fortuner,2024,REG-V-005934,2044000.0
V005935,C004680,Mahindra,XUV700,2017,REG-V-005935,1086000.0
V005936,C000798,Maruti Suzuki,Swift,2013,REG-V-005936,313000.0
V005937,C006376,Kia,Sonet,2023,REG-V-005937,1035000.0
V005938,C005386,Honda,Amaze,2024,REG-V-005938,1438000.0
V005939,C000060,Honda,Amaze,2020,REG-V-005939,844000.0
V005940,C002078,Honda,City,2017,REG-V-005940,886000.0
V005941,C000635,Mahindra,Scorpio,2023,REG-V-005941,2216000.0
V005942,C005751,Maruti Suzuki,Ertiga,2020,REG-V-005942,402000.0
V005943,C000156,Hyundai,i20,2025,REG-V-005943,1182000.0
V005944,C008462,Honda,Civic,2025,REG-V-005944,902000.0
V005945,C009488,Kia,Sonet,2014,REG-V-005945,507000.0
V005946,C009758,Tata,Harrier,2023,REG-V-005946,660000.0
V005947,C002290,Maruti Suzuki,Brezza,2014,REG-V-005947,333000.0
V005948,C004995,Tata,Harrier,2020,REG-V-005948,842000.0
V005949,C008967,Toyota,Glanza,2021,REG-V-005949,2345000.0
V005950,C006909,Toyota,Innova,2020,REG-V-005950,2059000.0
V005951,C002977,Kia,Seltos,2023,REG-V-005951,1717000.0
V005952,C008376,Mahindra,XUV300,2021,REG-V-005952,1779000.0
V005953,C005782,Honda,Civic,2018,REG-V-005953,890000.0
V005954,C007356,Hyundai,i20,2024,REG-V-005954,646000.0
V005955,C009692,Hyundai,i20,2021,REG-V-005955,1082000.0
V005956,C009977,Hyundai,Verna,2025,REG-V-005956,1438000.0
V005957,C005089,Kia,Sonet,2015,REG-V-005957,409000.0
V005958,C001562,Mahindra,Scorpio,2025,REG-V-005958,2546000.0
V005959,C006245,Hyundai,Venue,2016,REG-V-005959,699000.0
V005960,C006482,Hyundai,Creta,2024,REG-V-005960,1417000.0
V005961,C005764,Honda,Amaze,2013,REG-V-005961,447000.0
V005962,C004234,Tata,Nexon,2018,REG-V-005962,949000.0
V005963,C005865,Tata,Nexon,2012,REG-V-005963,594000.0
V005964,C005381,Mahindra,Bolero,2015,REG-V-005964,750000.0
V005965,C009465,Tata,Altroz,2021,REG-V-005965,894000.0
V005966,C008415,Toyota,Fortuner,2022,REG-V-005966,1270000.0
V005967,C003953,Honda,Civic,2017,REG-V-005967,506000.0
V005968,C005753,Volkswagen,Virtus,2012,REG-V-005968,352000.0
V005969,C005711,Maruti Suzuki,Ertiga,2017,REG-V-005969,393000.0
V005970,C005138,Honda,Civic,2022,REG-V-005970,1110000.0
V005971,C000603,Kia,Sonet,2012,REG-V-005971,520000.0
V005972,C007175,Kia,Carens,2024,REG-V-005972,1406000.0
V005973,C007371,Honda,Amaze,2016,REG-V-005973,734000.0
V005974,C004878,Tata,Punch,2020,REG-V-005974,1052000.0
V005975,C009066,Honda,Amaze,2025,REG-V-005975,1122000.0
V005976,C009839,Kia,Sonet,2022,REG-V-005976,1101000.0
V005977,C008176,Toyota,Innova,2022,REG-V-005977,1405000.0
V005978,C009310,Toyota,Fortuner,2012,REG-V-005978,751000.0
V005979,C004910,Honda,Civic,2020,REG-V-005979,1259000.0
V005980,C009180,Volkswagen,Virtus,2012,REG-V-005980,379000.0
V005981,C009383,Kia,Seltos,2021,REG-V-005981,1574000.0
V005982,C006281,Mahindra,XUV300,2017,REG-V-005982,1014000.0
V005983,C001497,Kia,Seltos,2014,REG-V-005983,725000.0
V005984,C001513,Mahindra,Bolero,2021,REG-V-005984,1552000.0
V005985,C004763,Tata,Harrier,2012,REG-V-005985,365000.0
V005986,C007413,Honda,City,2023,REG-V-005986,1290000.0
V005987,C005061,Mahindra,Scorpio,2016,REG-V-005987,504000.0
V005988,C008062,Toyota,Innova,2012,REG-V-005988,544000.0
V005989,C007768,Kia,Carens,2023,REG-V-005989,1797000.0
V005990,C002041,Tata,Nexon,2016,REG-V-005990,491000.0
V005991,C001336,Volkswagen,Taigun,2025,REG-V-005991,1882000.0
V005992,C007110,Hyundai,i20,2021,REG-V-005992,548000.0
V005993,C003188,Toyota,Glanza,2025,REG-V-005993,1704000.0
V005994,C009350,Tata,Harrier,2024,REG-V-005994,882000.0
V005995,C008731,Toyota,Glanza,2021,REG-V-005995,2606000.0
V005996,C004534,Maruti Suzuki,Ertiga,2017,REG-V-005996,307000.0
V005997,C005852,Hyundai,i10,2016,REG-V-005997,636000.0
V005998,C008516,Mahindra,XUV300,2019,REG-V-005998,1358000.0
V005999,C008763,Hyundai,Creta,2012,REG-V-005999,365000.0
V006000,C005613,Toyota,Glanza,2017,REG-V-006000,612000.0
V006001,C009716,Kia,Carens,2018,REG-V-006001,849000.0
V006002,C005249,Hyundai,Creta,2021,REG-V-006002,530000.0
V006003,C000429,Hyundai,Creta,2023,REG-V-006003,684000.0
V006004,C005667,Tata,Tiago,2023,REG-V-006004,1044000.0
V006005,C007842,Mahindra,Scorpio,2025,REG-V-006005,1774000.0
V006006,C009850,Hyundai,Verna,2015,REG-V-006006,322000.0
V006007,C001058,Maruti Suzuki,Dzire,2022,REG-V-006007,417000.0
V006008,C004433,Mahindra,Scorpio,2012,REG-V-006008,806000.0
V006009,C005913,Toyota,Innova,2012,REG-V-006009,1296000.0
V006010,C008872,Hyundai,Creta,2014,REG-V-006010,461000.0
V006011,C007211,Tata,Tiago,2012,REG-V-006011,404000.0
V006012,C002335,Tata,Punch,2019,REG-V-006012,517000.0
V006013,C008631,Mahindra,Scorpio,2024,REG-V-006013,1264000.0
V006014,C006690,Volkswagen,Taigun,2023,REG-V-006014,1288000.0
V006015,C009004,Hyundai,Verna,2025,REG-V-006015,1162000.0
V006016,C008380,Honda,Civic,2019,REG-V-006016,850000.0
V006017,C001294,Maruti Suzuki,Brezza,2016,REG-V-006017,294000.0
V006018,C009603,Volkswagen,Taigun,2013,REG-V-006018,656000.0
V006019,C004563,Hyundai,Creta,2016,REG-V-006019,357000.0
V006020,C009821,Kia,Sonet,2013,REG-V-006020,398000.0
V006021,C001877,Tata,Nexon,2012,REG-V-006021,377000.0
V006022,C007995,Mahindra,XUV700,2025,REG-V-006022,1506000.0
V006023,C003036,Kia,Carens,2022,REG-V-006023,1031000.0
V006024,C000463,Mahindra,Bolero,2024,REG-V-006024,1474000.0
V006025,C009946,Volkswagen,Virtus,2013,REG-V-006025,498000.0
V006026,C003024,Honda,Amaze,2012,REG-V-006026,424000.0
V006027,C000812,Maruti Suzuki,Brezza,2017,REG-V-006027,519000.0
V006028,C008639,Kia,Sonet,2021,REG-V-006028,1268000.0
V006029,C004348,Mahindra,XUV300,2016,REG-V-006029,1188000.0
V006030,C005810,Toyota,Glanza,2017,REG-V-006030,1391000.0
V006031,C009849,Honda,Amaze,2022,REG-V-006031,857000.0
V006032,C004843,Maruti Suzuki,Ertiga,2024,REG-V-006032,764000.0
V006033,C000697,Toyota,Innova,2021,REG-V-006033,2619000.0
V006034,C006945,Volkswagen,Virtus,2021,REG-V-006034,899000.0
V006035,C007156,Volkswagen,Polo,2022,REG-V-006035,759000.0
V006036,C001951,Kia,Carens,2015,REG-V-006036,441000.0
V006037,C005494,Tata,Altroz,2012,REG-V-006037,595000.0
V006038,C003702,Honda,Amaze,2023,REG-V-006038,1574000.0
V006039,C000517,Honda,City,2024,REG-V-006039,1388000.0
V006040,C003102,Honda,Civic,2025,REG-V-006040,1176000.0
V006041,C009146,Volkswagen,Polo,2021,REG-V-006041,1231000.0
V006042,C002989,Mahindra,Bolero,2014,REG-V-006042,617000.0
V006043,C002253,Kia,Sonet,2018,REG-V-006043,606000.0
V006044,C009429,Honda,Amaze,2021,REG-V-006044,788000.0
V006045,C003829,Mahindra,XUV700,2015,REG-V-006045,384000.0
V006046,C009425,Honda,Amaze,2021,REG-V-006046,1083000.0
V006047,C008859,Maruti Suzuki,Dzire,2012,REG-V-006047,201000.0
V006048,C004744,Maruti Suzuki,Brezza,2021,REG-V-006048,377000.0
V006049,C003857,Hyundai,i20,2020,REG-V-006049,570000.0
V006050,C001381,Kia,Seltos,2018,REG-V-006050,576000.0
V006051,C001915,Honda,City,2014,REG-V-006051,579000.0
V006052,C002348,Volkswagen,Polo,2014,REG-V-006052,405000.0
V006053,C004743,Maruti Suzuki,Dzire,2015,REG-V-006053,336000.0
V006054,C003732,Mahindra,XUV700,2015,REG-V-006054,1066000.0
V006055,C008067,Maruti Suzuki,Brezza,2024,REG-V-006055,930000.0
V006056,C002952,Mahindra,XUV300,2016,REG-V-006056,661000.0
V006057,C004267,Hyundai,Creta,2025,REG-V-006057,781000.0
V006058,C001226,Hyundai,Venue,2024,REG-V-006058,1310000.0
V006059,C002713,Kia,Sonet,2012,REG-V-006059,424000.0
V006060,C007909,Mahindra,Bolero,2012,REG-V-006060,609000.0
V006061,C007120,Hyundai,Verna,2023,REG-V-006061,1039000.0
V006062,C004039,Mahindra,XUV300,2024,REG-V-006062,1155000.0
V006063,C005821,Hyundai,Creta,2024,REG-V-006063,1373000.0
V006064,C004608,Maruti Suzuki,Brezza,2018,REG-V-006064,415000.0
V006065,C009005,Mahindra,XUV300,2020,REG-V-006065,1029000.0
V006066,C003961,Honda,City,2014,REG-V-006066,469000.0
V006067,C007277,Volkswagen,Taigun,2020,REG-V-006067,757000.0
V006068,C002207,Volkswagen,Taigun,2021,REG-V-006068,658000.0
V006069,C004371,Hyundai,i10,2025,REG-V-006069,695000.0
V006070,C005340,Tata,Altroz,2017,REG-V-006070,844000.0
V006071,C001055,Toyota,Innova,2025,REG-V-006071,1546000.0
V006072,C005917,Tata,Tiago,2025,REG-V-006072,1058000.0
V006073,C005789,Honda,Civic,2020,REG-V-006073,904000.0
V006074,C001582,Maruti Suzuki,Swift,2018,REG-V-006074,366000.0
V006075,C009988,Mahindra,Scorpio,2018,REG-V-006075,766000.0
V006076,C000927,Tata,Tiago,2017,REG-V-006076,688000.0
V006077,C009005,Kia,Sonet,2020,REG-V-006077,1346000.0
V006078,C004955,Honda,Civic,2021,REG-V-006078,1114000.0
V006079,C002250,Toyota,Innova,2023,REG-V-006079,1082000.0
V006080,C001121,Kia,Carens,2014,REG-V-006080,503000.0
V006081,C007037,Mahindra,XUV300,2013,REG-V-006081,611000.0
V006082,C007610,Maruti Suzuki,Ertiga,2013,REG-V-006082,223000.0
V006083,C006778,Hyundai,Venue,2023,REG-V-006083,1208000.0
V006084,C004216,Maruti Suzuki,Dzire,2013,REG-V-006084,298000.0
V006085,C001724,Mahindra,XUV700,2017,REG-V-006085,898000.0
V006086,C007961,Maruti Suzuki,Ertiga,2016,REG-V-006086,237000.0
V006087,C008761,Hyundai,i20,2023,REG-V-006087,1173000.0
V006088,C003933,Tata,Tiago,2023,REG-V-006088,567000.0
V006089,C008451,Tata,Nexon,2022,REG-V-006089,1076000.0
V006090,C006403,Tata,Harrier,2015,REG-V-006090,342000.0
V006091,C005313,Hyundai,Venue,2015,REG-V-006091,450000.0
V006092,C006151,Mahindra,XUV300,2021,REG-V-006092,658000.0
V006093,C001082,Mahindra,Scorpio,2013,REG-V-006093,748000.0
V006094,C001254,Toyota,Glanza,2014,REG-V-006094,722000.0
V006095,C007322,Toyota,Innova,2020,REG-V-006095,1320000.0
V006096,C009696,Volkswagen,Virtus,2024,REG-V-006096,1745000.0
V006097,C005115,Toyota,Fortuner,2025,REG-V-006097,1322000.0
V006098,C000559,Kia,Seltos,2013,REG-V-006098,500000.0
V006099,C000706,Hyundai,Verna,2015,REG-V-006099,442000.0
V006100,C004713,Volkswagen,Polo,2012,REG-V-006100,391000.0
V006101,C006617,Maruti Suzuki,Dzire,2021,REG-V-006101,618000.0
V006102,C001540,Mahindra,XUV700,2024,REG-V-006102,1250000.0
V006103,C000341,Kia,Sonet,2017,REG-V-006103,878000.0
V006104,C007349,Hyundai,Venue,2022,REG-V-006104,906000.0
V006105,C001451,Hyundai,Venue,2020,REG-V-006105,1032000.0
V006106,C004413,Hyundai,Venue,2020,REG-V-006106,961000.0
V006107,C007396,Tata,Nexon,2022,REG-V-006107,920000.0
V006108,C001253,Tata,Punch,2019,REG-V-006108,668000.0
V006109,C004448,Tata,Punch,2016,REG-V-006109,468000.0
V006110,C001113,Honda,Amaze,2012,REG-V-006110,557000.0
V006111,C003474,Mahindra,XUV300,2019,REG-V-006111,1682000.0
V006112,C009165,Tata,Nexon,2025,REG-V-006112,1212000.0
V006113,C006899,Maruti Suzuki,Ertiga,2017,REG-V-006113,332000.0
V006114,C000247,Toyota,Fortuner,2012,REG-V-006114,733000.0
V006115,C001350,Mahindra,XUV700,2012,REG-V-006115,961000.0
V006116,C002925,Volkswagen,Taigun,2019,REG-V-006116,969000.0
V006117,C009007,Honda,Civic,2012,REG-V-006117,372000.0
V006118,C007533,Mahindra,Bolero,2025,REG-V-006118,1876000.0
V006119,C006223,Honda,City,2012,REG-V-006119,594000.0
V006120,C001516,Hyundai,i20,2013,REG-V-006120,513000.0
V006121,C009321,Toyota,Glanza,2014,REG-V-006121,721000.0
V006122,C008135,Maruti Suzuki,Baleno,2019,REG-V-006122,336000.0
V006123,C002416,Toyota,Fortuner,2022,REG-V-006123,2153000.0
V006124,C004059,Volkswagen,Taigun,2018,REG-V-006124,1087000.0
V006125,C004310,Volkswagen,Taigun,2024,REG-V-006125,840000.0
V006126,C005917,Volkswagen,Taigun,2013,REG-V-006126,573000.0
V006127,C003758,Volkswagen,Polo,2014,REG-V-006127,667000.0
V006128,C002106,Toyota,Innova,2025,REG-V-006128,1954000.0
V006129,C006715,Mahindra,XUV300,2018,REG-V-006129,1205000.0
V006130,C006822,Toyota,Glanza,2013,REG-V-006130,478000.0
V006131,C004446,Hyundai,Verna,2015,REG-V-006131,569000.0
V006132,C004903,Toyota,Innova,2013,REG-V-006132,576000.0
V006133,C000521,Mahindra,XUV700,2020,REG-V-006133,1387000.0
V006134,C004585,Mahindra,Scorpio,2017,REG-V-006134,584000.0
V006135,C008067,Maruti Suzuki,Swift,2016,REG-V-006135,226000.0
V006136,C005956,Tata,Altroz,2025,REG-V-006136,760000.0
V006137,C009244,Kia,Seltos,2016,REG-V-006137,987000.0
V006138,C007217,Kia,Carens,2020,REG-V-006138,824000.0
V006139,C007848,Mahindra,Scorpio,2021,REG-V-006139,803000.0
V006140,C004610,Maruti Suzuki,Dzire,2021,REG-V-006140,723000.0
V006141,C001730,Kia,Seltos,2014,REG-V-006141,606000.0
V006142,C009163,Mahindra,XUV700,2019,REG-V-006142,892000.0
V006143,C006637,Toyota,Glanza,2014,REG-V-006143,610000.0
V006144,C009146,Hyundai,i10,2013,REG-V-006144,453000.0
V006145,C006223,Tata,Tiago,2020,REG-V-006145,486000.0
V006146,C004567,Hyundai,Venue,2024,REG-V-006146,1152000.0
V006147,C001353,Honda,Civic,2020,REG-V-006147,1120000.0
V006148,C003995,Mahindra,XUV300,2018,REG-V-006148,758000.0
V006149,C006014,Hyundai,Venue,2013,REG-V-006149,393000.0
V006150,C009343,Tata,Punch,2019,REG-V-006150,389000.0
V006151,C008340,Mahindra,Bolero,2021,REG-V-006151,1771000.0
V006152,C005166,Tata,Altroz,2012,REG-V-006152,444000.0
V006153,C004493,Tata,Punch,2019,REG-V-006153,674000.0
V006154,C000342,Maruti Suzuki,Brezza,2017,REG-V-006154,481000.0
V006155,C003517,Kia,Seltos,2025,REG-V-006155,909000.0
V006156,C009810,Kia,Seltos,2019,REG-V-006156,1072000.0
V006157,C007470,Volkswagen,Polo,2015,REG-V-006157,485000.0
V006158,C005285,Maruti Suzuki,Ertiga,2017,REG-V-006158,357000.0
V006159,C008650,Mahindra,XUV300,2014,REG-V-006159,907000.0
V006160,C000247,Hyundai,i10,2025,REG-V-006160,811000.0
V006161,C009583,Mahindra,XUV300,2023,REG-V-006161,1145000.0
V006162,C007038,Volkswagen,Polo,2019,REG-V-006162,1114000.0
V006163,C000135,Kia,Carens,2012,REG-V-006163,473000.0
V006164,C007104,Kia,Sonet,2013,REG-V-006164,623000.0
V006165,C000847,Honda,Amaze,2015,REG-V-006165,543000.0
V006166,C006445,Mahindra,XUV300,2018,REG-V-006166,1442000.0
V006167,C002996,Tata,Altroz,2018,REG-V-006167,988000.0
V006168,C002134,Toyota,Glanza,2015,REG-V-006168,1181000.0
V006169,C006321,Hyundai,Creta,2022,REG-V-006169,1120000.0
V006170,C004371,Toyota,Fortuner,2024,REG-V-006170,2056000.0
V006171,C000672,Honda,Civic,2023,REG-V-006171,1303000.0
V006172,C008273,Tata,Punch,2024,REG-V-006172,1266000.0
V006173,C002670,Volkswagen,Taigun,2019,REG-V-006173,740000.0
V006174,C006229,Kia,Sonet,2022,REG-V-006174,1349000.0
V006175,C006140,Kia,Sonet,2014,REG-V-006175,503000.0
V006176,C000583,Volkswagen,Virtus,2015,REG-V-006176,753000.0
V006177,C009975,Kia,Seltos,2019,REG-V-006177,1296000.0
V006178,C004489,Mahindra,XUV700,2023,REG-V-006178,1756000.0
V006179,C002063,Toyota,Glanza,2020,REG-V-006179,936000.0
V006180,C004403,Honda,City,2022,REG-V-006180,1261000.0
V006181,C006073,Honda,Civic,2016,REG-V-006181,470000.0
V006182,C000031,Honda,City,2013,REG-V-006182,436000.0
V006183,C002988,Honda,Civic,2023,REG-V-006183,894000.0
V006184,C005398,Toyota,Innova,2015,REG-V-006184,832000.0
V006185,C006984,Hyundai,Venue,2013,REG-V-006185,558000.0
V006186,C003112,Kia,Seltos,2020,REG-V-006186,942000.0
V006187,C004056,Volkswagen,Polo,2014,REG-V-006187,573000.0
V006188,C002235,Toyota,Glanza,2016,REG-V-006188,919000.0
V006189,C002917,Maruti Suzuki,Brezza,2019,REG-V-006189,474000.0
V006190,C006909,Mahindra,XUV300,2019,REG-V-006190,1143000.0
V006191,C003364,Hyundai,i20,2025,REG-V-006191,739000.0
V006192,C002793,Kia,Carens,2014,REG-V-006192,571000.0
V006193,C002976,Honda,Amaze,2024,REG-V-006193,1620000.0
V006194,C006171,Toyota,Glanza,2016,REG-V-006194,716000.0
V006195,C005648,Hyundai,i20,2024,REG-V-006195,1256000.0
V006196,C004084,Maruti Suzuki,Swift,2018,REG-V-006196,366000.0
V006197,C006364,Tata,Altroz,2014,REG-V-006197,604000.0
V006198,C006473,Kia,Sonet,2017,REG-V-006198,907000.0
V006199,C000134,Hyundai,Creta,2020,REG-V-006199,1017000.0
V006200,C003384,Kia,Sonet,2020,REG-V-006200,1177000.0
V006201,C002463,Maruti Suzuki,Ertiga,2017,REG-V-006201,385000.0
V006202,C008339,Toyota,Glanza,2022,REG-V-006202,2917000.0
V006203,C002751,Toyota,Glanza,2013,REG-V-006203,875000.0
V006204,C003155,Tata,Nexon,2020,REG-V-006204,468000.0
V006205,C005413,Hyundai,Venue,2017,REG-V-006205,586000.0
V006206,C005513,Maruti Suzuki,Dzire,2013,REG-V-006206,251000.0
V006207,C008157,Volkswagen,Taigun,2020,REG-V-006207,824000.0
V006208,C003887,Maruti Suzuki,Dzire,2017,REG-V-006208,431000.0
V006209,C002804,Tata,Tiago,2024,REG-V-006209,1489000.0
V006210,C006128,Mahindra,Bolero,2014,REG-V-006210,507000.0
V006211,C007339,Mahindra,XUV300,2013,REG-V-006211,617000.0
V006212,C009932,Maruti Suzuki,Swift,2018,REG-V-006212,598000.0
V006213,C006231,Kia,Sonet,2023,REG-V-006213,1387000.0
V006214,C004947,Volkswagen,Polo,2016,REG-V-006214,485000.0
V006215,C001338,Volkswagen,Virtus,2024,REG-V-006215,1159000.0
V006216,C009872,Maruti Suzuki,Ertiga,2019,REG-V-006216,514000.0
V006217,C006887,Honda,Amaze,2025,REG-V-006217,991000.0
V006218,C001647,Volkswagen,Polo,2025,REG-V-006218,1635000.0
V006219,C004624,Mahindra,XUV300,2016,REG-V-006219,589000.0
V006220,C005640,Mahindra,Bolero,2022,REG-V-006220,1959000.0
V006221,C002189,Toyota,Glanza,2022,REG-V-006221,1065000.0
V006222,C007382,Kia,Carens,2025,REG-V-006222,2004000.0
V006223,C006541,Hyundai,i10,2013,REG-V-006223,512000.0
V006224,C002360,Mahindra,Bolero,2020,REG-V-006224,1230000.0
V006225,C009899,Tata,Tiago,2019,REG-V-006225,997000.0
V006226,C009497,Hyundai,Verna,2018,REG-V-006226,539000.0
V006227,C002665,Toyota,Fortuner,2019,REG-V-006227,1030000.0
V006228,C004441,Mahindra,Bolero,2022,REG-V-006228,1287000.0
V006229,C009003,Toyota,Glanza,2016,REG-V-006229,605000.0
V006230,C004081,Hyundai,i10,2014,REG-V-006230,302000.0
V006231,C009555,Toyota,Glanza,2014,REG-V-006231,1115000.0
V006232,C002013,Honda,Amaze,2022,REG-V-006232,893000.0
V006233,C007298,Toyota,Glanza,2017,REG-V-006233,718000.0
V006234,C006033,Kia,Seltos,2020,REG-V-006234,962000.0
V006235,C003458,Honda,Amaze,2022,REG-V-006235,1089000.0
V006236,C007229,Tata,Tiago,2016,REG-V-006236,520000.0
V006237,C000257,Hyundai,Venue,2018,REG-V-006237,468000.0
V006238,C002329,Mahindra,XUV700,2013,REG-V-006238,646000.0
V006239,C002626,Honda,Amaze,2012,REG-V-006239,530000.0
V006240,C001173,Toyota,Innova,2015,REG-V-006240,1139000.0
V006241,C000347,Volkswagen,Virtus,2022,REG-V-006241,1258000.0
V006242,C003530,Honda,City,2020,REG-V-006242,1016000.0
V006243,C002203,Maruti Suzuki,Brezza,2020,REG-V-006243,713000.0
V006244,C001337,Honda,City,2025,REG-V-006244,1167000.0
V006245,C001570,Volkswagen,Taigun,2023,REG-V-006245,1728000.0
V006246,C008311,Honda,City,2024,REG-V-006246,1192000.0
V006247,C000953,Maruti Suzuki,Baleno,2013,REG-V-006247,252000.0
V006248,C007305,Mahindra,Bolero,2021,REG-V-006248,1233000.0
V006249,C000559,Maruti Suzuki,Dzire,2016,REG-V-006249,440000.0
V006250,C000422,Honda,City,2020,REG-V-006250,1061000.0
V006251,C004444,Maruti Suzuki,Brezza,2021,REG-V-006251,584000.0
V006252,C003825,Kia,Carens,2015,REG-V-006252,542000.0
V006253,C005497,Honda,Amaze,2022,REG-V-006253,1311000.0
V006254,C007075,Hyundai,Verna,2015,REG-V-006254,396000.0
V006255,C003085,Maruti Suzuki,Ertiga,2022,REG-V-006255,575000.0
V006256,C001953,Mahindra,Scorpio,2022,REG-V-006256,2039000.0
V006257,C008273,Tata,Nexon,2012,REG-V-006257,436000.0
V006258,C001649,Volkswagen,Polo,2018,REG-V-006258,1039000.0
V006259,C008050,Kia,Carens,2013,REG-V-006259,501000.0
V006260,C005916,Mahindra,Bolero,2015,REG-V-006260,626000.0
V006261,C002876,Volkswagen,Virtus,2016,REG-V-006261,904000.0
V006262,C003129,Toyota,Fortuner,2018,REG-V-006262,1643000.0
V006263,C003713,Kia,Sonet,2013,REG-V-006263,766000.0
V006264,C005955,Mahindra,Scorpio,2023,REG-V-006264,814000.0
V006265,C009794,Volkswagen,Taigun,2023,REG-V-006265,789000.0
V006266,C003165,Volkswagen,Virtus,2020,REG-V-006266,1085000.0
V006267,C009437,Maruti Suzuki,Dzire,2017,REG-V-006267,499000.0
V006268,C002061,Volkswagen,Taigun,2014,REG-V-006268,358000.0
V006269,C001123,Tata,Nexon,2013,REG-V-006269,251000.0
V006270,C005365,Volkswagen,Polo,2021,REG-V-006270,1247000.0
V006271,C009765,Tata,Punch,2014,REG-V-006271,561000.0
V006272,C004887,Hyundai,Venue,2017,REG-V-006272,581000.0
V006273,C008063,Volkswagen,Virtus,2025,REG-V-006273,1349000.0
V006274,C004765,Hyundai,i10,2015,REG-V-006274,383000.0
V006275,C008547,Toyota,Innova,2018,REG-V-006275,1090000.0
V006276,C008175,Mahindra,XUV700,2014,REG-V-006276,853000.0
V006277,C006900,Hyundai,Venue,2013,REG-V-006277,491000.0
V006278,C006204,Kia,Seltos,2017,REG-V-006278,823000.0
V006279,C005215,Toyota,Glanza,2023,REG-V-006279,1522000.0
V006280,C009573,Tata,Altroz,2014,REG-V-006280,605000.0
V006281,C005615,Honda,City,2019,REG-V-006281,917000.0
V006282,C003361,Volkswagen,Taigun,2020,REG-V-006282,925000.0
V006283,C008880,Kia,Sonet,2012,REG-V-006283,647000.0
V006284,C006645,Tata,Harrier,2022,REG-V-006284,965000.0
V006285,C005619,Volkswagen,Virtus,2021,REG-V-006285,1080000.0
V006286,C006861,Mahindra,Scorpio,2023,REG-V-006286,855000.0
V006287,C003487,Volkswagen,Taigun,2020,REG-V-006287,1012000.0
V006288,C004226,Toyota,Innova,2017,REG-V-006288,1305000.0
V006289,C001967,Tata,Punch,2022,REG-V-006289,841000.0
V006290,C008594,Honda,City,2016,REG-V-006290,500000.0
V006291,C006704,Toyota,Glanza,2014,REG-V-006291,861000.0
V006292,C008289,Kia,Sonet,2015,REG-V-006292,587000.0
V006293,C003156,Maruti Suzuki,Brezza,2015,REG-V-006293,389000.0
V006294,C009958,Kia,Seltos,2021,REG-V-006294,1335000.0
V006295,C003576,Maruti Suzuki,Swift,2024,REG-V-006295,889000.0
V006296,C003538,Tata,Altroz,2014,REG-V-006296,242000.0
V006297,C009604,Maruti Suzuki,Brezza,2018,REG-V-006297,333000.0
V006298,C006586,Kia,Sonet,2019,REG-V-006298,587000.0
V006299,C009370,Tata,Nexon,2014,REG-V-006299,506000.0
V006300,C006276,Tata,Tiago,2016,REG-V-006300,708000.0
V006301,C002486,Honda,City,2018,REG-V-006301,672000.0
V006302,C003920,Maruti Suzuki,Brezza,2022,REG-V-006302,835000.0
V006303,C008628,Volkswagen,Polo,2019,REG-V-006303,584000.0
V006304,C004931,Toyota,Fortuner,2012,REG-V-006304,434000.0
V006305,C007138,Hyundai,i20,2018,REG-V-006305,715000.0
V006306,C001665,Kia,Sonet,2024,REG-V-006306,1767000.0
V006307,C004014,Mahindra,XUV300,2018,REG-V-006307,647000.0
V006308,C008433,Tata,Altroz,2013,REG-V-006308,221000.0
V006309,C009430,Maruti Suzuki,Swift,2014,REG-V-006309,319000.0
V006310,C003224,Maruti Suzuki,Baleno,2017,REG-V-006310,413000.0
V006311,C001724,Honda,Amaze,2017,REG-V-006311,512000.0
V006312,C000249,Tata,Harrier,2019,REG-V-006312,1006000.0
V006313,C001274,Volkswagen,Taigun,2025,REG-V-006313,1254000.0
V006314,C008393,Volkswagen,Polo,2023,REG-V-006314,1476000.0
V006315,C004581,Volkswagen,Taigun,2021,REG-V-006315,1352000.0
V006316,C002903,Tata,Nexon,2019,REG-V-006316,691000.0
V006317,C007828,Volkswagen,Virtus,2014,REG-V-006317,683000.0
V006318,C007996,Honda,City,2025,REG-V-006318,1477000.0
V006319,C003632,Volkswagen,Polo,2025,REG-V-006319,1254000.0
V006320,C009065,Honda,Civic,2021,REG-V-006320,703000.0
V006321,C004668,Volkswagen,Virtus,2013,REG-V-006321,425000.0
V006322,C002625,Honda,Amaze,2012,REG-V-006322,334000.0
V006323,C009049,Volkswagen,Taigun,2014,REG-V-006323,547000.0
V006324,C001519,Toyota,Fortuner,2012,REG-V-006324,1122000.0
V006325,C009963,Maruti Suzuki,Baleno,2013,REG-V-006325,311000.0
V006326,C006179,Honda,Amaze,2013,REG-V-006326,594000.0
V006327,C009192,Volkswagen,Taigun,2016,REG-V-006327,602000.0
V006328,C001785,Toyota,Innova,2015,REG-V-006328,1218000.0
V006329,C003903,Kia,Sonet,2017,REG-V-006329,935000.0
V006330,C008783,Kia,Carens,2016,REG-V-006330,539000.0
V006331,C008410,Tata,Punch,2017,REG-V-006331,883000.0
V006332,C008769,Tata,Harrier,2020,REG-V-006332,931000.0
V006333,C002800,Tata,Punch,2017,REG-V-006333,585000.0
V006334,C006224,Tata,Tiago,2025,REG-V-006334,1324000.0
V006335,C003908,Maruti Suzuki,Swift,2021,REG-V-006335,480000.0
V006336,C003191,Volkswagen,Taigun,2020,REG-V-006336,1307000.0
V006337,C005239,Tata,Altroz,2016,REG-V-006337,728000.0
V006338,C007204,Volkswagen,Taigun,2012,REG-V-006338,603000.0
V006339,C005222,Kia,Carens,2021,REG-V-006339,1510000.0
V006340,C002324,Tata,Nexon,2023,REG-V-006340,869000.0
V006341,C008129,Kia,Seltos,2015,REG-V-006341,469000.0
V006342,C009777,Hyundai,Verna,2020,REG-V-006342,857000.0
V006343,C003638,Honda,City,2018,REG-V-006343,644000.0
V006344,C008541,Toyota,Fortuner,2024,REG-V-006344,3049000.0
V006345,C008673,Hyundai,i20,2017,REG-V-006345,783000.0
V006346,C002614,Tata,Harrier,2016,REG-V-006346,711000.0
V006347,C007101,Honda,City,2018,REG-V-006347,848000.0
V006348,C009409,Honda,Civic,2017,REG-V-006348,854000.0
V006349,C007461,Hyundai,i10,2017,REG-V-006349,564000.0
V006350,C000314,Toyota,Innova,2021,REG-V-006350,2291000.0
V006351,C006089,Mahindra,XUV700,2023,REG-V-006351,1544000.0
V006352,C007859,Honda,City,2016,REG-V-006352,747000.0
V006353,C006229,Toyota,Glanza,2014,REG-V-006353,997000.0
V006354,C000304,Kia,Carens,2023,REG-V-006354,1004000.0
V006355,C001194,Hyundai,i20,2021,REG-V-006355,775000.0
V006356,C008075,Toyota,Fortuner,2024,REG-V-006356,2894000.0
V006357,C004917,Maruti Suzuki,Baleno,2012,REG-V-006357,233000.0
V006358,C009586,Maruti Suzuki,Brezza,2017,REG-V-006358,457000.0
V006359,C004171,Volkswagen,Taigun,2012,REG-V-006359,645000.0
V006360,C008271,Hyundai,i10,2022,REG-V-006360,794000.0
V006361,C000360,Honda,City,2021,REG-V-006361,1101000.0
V006362,C008448,Maruti Suzuki,Brezza,2023,REG-V-006362,734000.0
V006363,C008628,Tata,Altroz,2019,REG-V-006363,563000.0
V006364,C003629,Toyota,Innova,2012,REG-V-006364,1164000.0
V006365,C003081,Maruti Suzuki,Dzire,2023,REG-V-006365,603000.0
V006366,C009149,Volkswagen,Virtus,2015,REG-V-006366,672000.0
V006367,C007849,Mahindra,Bolero,2018,REG-V-006367,601000.0
V006368,C006019,Mahindra,XUV300,2013,REG-V-006368,695000.0
V006369,C004397,Volkswagen,Virtus,2012,REG-V-006369,496000.0
V006370,C009163,Maruti Suzuki,Ertiga,2020,REG-V-006370,553000.0
V006371,C007536,Maruti Suzuki,Swift,2014,REG-V-006371,182000.0
V006372,C004189,Volkswagen,Polo,2015,REG-V-006372,388000.0
V006373,C005012,Volkswagen,Polo,2023,REG-V-006373,775000.0
V006374,C000997,Mahindra,Bolero,2012,REG-V-006374,452000.0
V006375,C008156,Volkswagen,Polo,2016,REG-V-006375,529000.0
V006376,C008456,Honda,Civic,2016,REG-V-006376,782000.0
V006377,C003561,Hyundai,Venue,2020,REG-V-006377,799000.0
V006378,C003083,Maruti Suzuki,Ertiga,2013,REG-V-006378,187000.0
V006379,C002539,Volkswagen,Polo,2013,REG-V-006379,362000.0
V006380,C001731,Tata,Punch,2016,REG-V-006380,531000.0
V006381,C009490,Maruti Suzuki,Baleno,2014,REG-V-006381,362000.0
V006382,C007656,Maruti Suzuki,Baleno,2021,REG-V-006382,670000.0
V006383,C004362,Mahindra,Scorpio,2015,REG-V-006383,883000.0
V006384,C001102,Toyota,Innova,2016,REG-V-006384,1513000.0
V006385,C001396,Kia,Carens,2013,REG-V-006385,466000.0
V006386,C007148,Tata,Harrier,2014,REG-V-006386,421000.0
V006387,C002038,Maruti Suzuki,Brezza,2016,REG-V-006387,321000.0
V006388,C003478,Toyota,Innova,2017,REG-V-006388,1515000.0
V006389,C009576,Mahindra,Bolero,2024,REG-V-006389,1832000.0
V006390,C005859,Toyota,Glanza,2022,REG-V-006390,2205000.0
V006391,C008137,Volkswagen,Taigun,2021,REG-V-006391,1459000.0
V006392,C001049,Mahindra,Scorpio,2022,REG-V-006392,1512000.0
V006393,C003285,Toyota,Glanza,2024,REG-V-006393,1881000.0
V006394,C009007,Volkswagen,Polo,2023,REG-V-006394,1736000.0
V006395,C008155,Mahindra,XUV700,2016,REG-V-006395,760000.0
V006396,C007292,Honda,Civic,2020,REG-V-006396,1248000.0
V006397,C005917,Toyota,Innova,2017,REG-V-006397,1628000.0
V006398,C002694,Kia,Seltos,2021,REG-V-006398,1207000.0
V006399,C005900,Hyundai,Venue,2023,REG-V-006399,688000.0
V006400,C000522,Tata,Tiago,2016,REG-V-006400,394000.0
V006401,C002031,Toyota,Fortuner,2018,REG-V-006401,903000.0
V006402,C005218,Kia,Carens,2021,REG-V-006402,767000.0
V006403,C000021,Toyota,Fortuner,2012,REG-V-006403,693000.0
V006404,C002344,Hyundai,i20,2024,REG-V-006404,959000.0
V006405,C001512,Mahindra,XUV700,2016,REG-V-006405,1126000.0
V006406,C003452,Hyundai,Venue,2017,REG-V-006406,779000.0
V006407,C008624,Honda,Amaze,2019,REG-V-006407,834000.0
V006408,C009488,Toyota,Fortuner,2022,REG-V-006408,2631000.0
V006409,C001647,Mahindra,XUV700,2024,REG-V-006409,1279000.0
V006410,C002333,Honda,Civic,2024,REG-V-006410,1455000.0
V006411,C008512,Mahindra,Scorpio,2017,REG-V-006411,857000.0
V006412,C001724,Honda,Civic,2025,REG-V-006412,1298000.0
V006413,C007472,Mahindra,XUV700,2012,REG-V-006413,379000.0
V006414,C000871,Mahindra,Bolero,2020,REG-V-006414,1257000.0
V006415,C006523,Kia,Carens,2020,REG-V-006415,756000.0
V006416,C002666,Toyota,Glanza,2024,REG-V-006416,3158000.0
V006417,C007556,Mahindra,Scorpio,2018,REG-V-006417,1092000.0
V006418,C005231,Toyota,Fortuner,2019,REG-V-006418,882000.0
V006419,C001786,Mahindra,Scorpio,2014,REG-V-006419,846000.0
V006420,C004039,Hyundai,Creta,2023,REG-V-006420,599000.0
V006421,C005176,Hyundai,Verna,2019,REG-V-006421,436000.0
V006422,C009964,Maruti Suzuki,Dzire,2012,REG-V-006422,273000.0
V006423,C004839,Toyota,Glanza,2015,REG-V-006423,1424000.0
V006424,C001502,Tata,Nexon,2017,REG-V-006424,417000.0
V006425,C005588,Hyundai,Venue,2013,REG-V-006425,404000.0
V006426,C002221,Mahindra,XUV700,2018,REG-V-006426,705000.0
V006427,C008850,Tata,Altroz,2017,REG-V-006427,891000.0
V006428,C008377,Tata,Tiago,2017,REG-V-006428,437000.0
V006429,C001285,Mahindra,XUV300,2024,REG-V-006429,1085000.0
V006430,C005930,Hyundai,i20,2022,REG-V-006430,755000.0
V006431,C007006,Toyota,Fortuner,2015,REG-V-006431,1279000.0
V006432,C002534,Honda,Civic,2020,REG-V-006432,1100000.0
V006433,C006309,Honda,Civic,2016,REG-V-006433,530000.0
V006434,C004665,Mahindra,Scorpio,2022,REG-V-006434,1962000.0
V006435,C004854,Honda,Amaze,2019,REG-V-006435,855000.0
V006436,C005551,Mahindra,XUV700,2013,REG-V-006436,800000.0
V006437,C005750,Tata,Harrier,2019,REG-V-006437,714000.0
V006438,C007148,Tata,Punch,2020,REG-V-006438,1011000.0
V006439,C004548,Toyota,Glanza,2025,REG-V-006439,3577000.0
V006440,C007282,Mahindra,XUV300,2014,REG-V-006440,418000.0
V006441,C004897,Tata,Altroz,2019,REG-V-006441,1005000.0
V006442,C006675,Mahindra,Scorpio,2021,REG-V-006442,670000.0
V006443,C002645,Kia,Carens,2014,REG-V-006443,518000.0
V006444,C005453,Hyundai,i20,2021,REG-V-006444,936000.0
V006445,C004720,Mahindra,Scorpio,2016,REG-V-006445,1212000.0
V006446,C003006,Mahindra,Bolero,2015,REG-V-006446,445000.0
V006447,C000647,Maruti Suzuki,Swift,2022,REG-V-006447,530000.0
V006448,C005135,Honda,City,2018,REG-V-006448,551000.0
V006449,C000098,Mahindra,XUV700,2019,REG-V-006449,1645000.0
V006450,C003911,Tata,Altroz,2016,REG-V-006450,296000.0
V006451,C003713,Kia,Seltos,2015,REG-V-006451,575000.0
V006452,C006380,Volkswagen,Virtus,2023,REG-V-006452,1019000.0
V006453,C009878,Kia,Seltos,2019,REG-V-006453,1115000.0
V006454,C008623,Honda,City,2023,REG-V-006454,953000.0
V006455,C009753,Toyota,Glanza,2023,REG-V-006455,2092000.0
V006456,C009519,Honda,Civic,2024,REG-V-006456,1164000.0
V006457,C000766,Toyota,Glanza,2013,REG-V-006457,543000.0
V006458,C002810,Toyota,Innova,2012,REG-V-006458,1270000.0
V006459,C002957,Honda,Civic,2020,REG-V-006459,1055000.0
V006460,C000733,Volkswagen,Taigun,2021,REG-V-006460,834000.0
V006461,C008510,Hyundai,Verna,2020,REG-V-006461,697000.0
V006462,C009005,Honda,Civic,2021,REG-V-006462,714000.0
V006463,C006094,Honda,Amaze,2022,REG-V-006463,1349000.0
V006464,C008964,Kia,Seltos,2018,REG-V-006464,761000.0
V006465,C007193,Honda,Amaze,2012,REG-V-006465,347000.0
V006466,C004433,Hyundai,Creta,2023,REG-V-006466,680000.0
V006467,C001489,Honda,Amaze,2013,REG-V-006467,659000.0
V006468,C009588,Honda,City,2021,REG-V-006468,1208000.0
V006469,C006956,Kia,Carens,2024,REG-V-006469,1219000.0
V006470,C003543,Tata,Nexon,2014,REG-V-006470,438000.0
V006471,C001285,Kia,Seltos,2021,REG-V-006471,838000.0
V006472,C008053,Volkswagen,Taigun,2014,REG-V-006472,519000.0
V006473,C008080,Maruti Suzuki,Baleno,2022,REG-V-006473,851000.0
V006474,C005467,Hyundai,Creta,2015,REG-V-006474,539000.0
V006475,C009999,Honda,Civic,2020,REG-V-006475,789000.0
V006476,C003874,Hyundai,Verna,2019,REG-V-006476,907000.0
V006477,C009440,Volkswagen,Taigun,2020,REG-V-006477,638000.0
V006478,C006340,Tata,Nexon,2020,REG-V-006478,784000.0
V006479,C007421,Volkswagen,Virtus,2017,REG-V-006479,1031000.0
V006480,C009209,Mahindra,Scorpio,2024,REG-V-006480,1927000.0
V006481,C008357,Maruti Suzuki,Brezza,2023,REG-V-006481,468000.0
V006482,C002874,Honda,Amaze,2018,REG-V-006482,874000.0
V006483,C008715,Maruti Suzuki,Brezza,2014,REG-V-006483,284000.0
V006484,C005434,Volkswagen,Virtus,2017,REG-V-006484,625000.0
V006485,C000464,Volkswagen,Virtus,2018,REG-V-006485,929000.0
V006486,C006784,Mahindra,XUV700,2014,REG-V-006486,612000.0
V006487,C005046,Hyundai,i20,2020,REG-V-006487,598000.0
V006488,C005398,Toyota,Glanza,2024,REG-V-006488,2938000.0
V006489,C004131,Hyundai,Verna,2017,REG-V-006489,557000.0
V006490,C000667,Maruti Suzuki,Baleno,2014,REG-V-006490,184000.0
V006491,C001799,Volkswagen,Virtus,2016,REG-V-006491,901000.0
V006492,C007633,Tata,Punch,2024,REG-V-006492,1532000.0
V006493,C002365,Toyota,Innova,2016,REG-V-006493,561000.0
V006494,C006319,Toyota,Fortuner,2020,REG-V-006494,1690000.0
V006495,C005455,Honda,Amaze,2022,REG-V-006495,784000.0
V006496,C002236,Maruti Suzuki,Ertiga,2016,REG-V-006496,290000.0
V006497,C002801,Volkswagen,Polo,2017,REG-V-006497,472000.0
V006498,C003839,Kia,Seltos,2015,REG-V-006498,826000.0
V006499,C008858,Kia,Carens,2019,REG-V-006499,1197000.0
V006500,C009432,Tata,Altroz,2014,REG-V-006500,479000.0
V006501,C003877,Mahindra,XUV300,2015,REG-V-006501,481000.0
V006502,C000480,Honda,Amaze,2020,REG-V-006502,1104000.0
V006503,C006048,Tata,Tiago,2022,REG-V-006503,734000.0
V006504,C004196,Honda,Amaze,2021,REG-V-006504,834000.0
V006505,C004962,Hyundai,Creta,2021,REG-V-006505,747000.0
V006506,C004442,Hyundai,Creta,2018,REG-V-006506,757000.0
V006507,C006581,Mahindra,XUV700,2024,REG-V-006507,1913000.0
V006508,C003033,Honda,City,2019,REG-V-006508,1038000.0
V006509,C008981,Mahindra,XUV300,2019,REG-V-006509,1615000.0
V006510,C004229,Hyundai,Verna,2024,REG-V-006510,914000.0
V006511,C003408,Hyundai,i10,2023,REG-V-006511,1194000.0
V006512,C009263,Toyota,Glanza,2022,REG-V-006512,2888000.0
V006513,C003586,Volkswagen,Polo,2016,REG-V-006513,413000.0
V006514,C000847,Mahindra,Bolero,2024,REG-V-006514,1137000.0
V006515,C001546,Hyundai,Creta,2024,REG-V-006515,1006000.0
V006516,C007190,Kia,Seltos,2021,REG-V-006516,993000.0
V006517,C005662,Hyundai,Venue,2015,REG-V-006517,594000.0
V006518,C005387,Kia,Sonet,2018,REG-V-006518,1028000.0
V006519,C000833,Hyundai,Venue,2024,REG-V-006519,1206000.0
V006520,C001638,Volkswagen,Taigun,2018,REG-V-006520,839000.0
V006521,C003977,Volkswagen,Polo,2016,REG-V-006521,543000.0
V006522,C004493,Volkswagen,Taigun,2014,REG-V-006522,505000.0
V006523,C003777,Volkswagen,Taigun,2013,REG-V-006523,422000.0
V006524,C005073,Mahindra,Bolero,2015,REG-V-006524,532000.0
V006525,C007393,Honda,Amaze,2012,REG-V-006525,626000.0
V006526,C006405,Volkswagen,Virtus,2019,REG-V-006526,832000.0
V006527,C006158,Mahindra,Scorpio,2019,REG-V-006527,1314000.0
V006528,C005617,Kia,Sonet,2012,REG-V-006528,349000.0
V006529,C002018,Tata,Harrier,2015,REG-V-006529,692000.0
V006530,C006090,Toyota,Fortuner,2013,REG-V-006530,1155000.0
V006531,C001580,Kia,Carens,2012,REG-V-006531,389000.0
V006532,C007178,Honda,Amaze,2015,REG-V-006532,617000.0
V006533,C004547,Mahindra,XUV700,2021,REG-V-006533,1695000.0
V006534,C005863,Volkswagen,Taigun,2023,REG-V-006534,1493000.0
V006535,C008658,Tata,Nexon,2024,REG-V-006535,1174000.0
V006536,C003743,Mahindra,Bolero,2012,REG-V-006536,504000.0
V006537,C001009,Toyota,Fortuner,2017,REG-V-006537,843000.0
V006538,C008971,Toyota,Innova,2019,REG-V-006538,2269000.0
V006539,C003659,Tata,Punch,2023,REG-V-006539,971000.0
V006540,C004082,Hyundai,Creta,2018,REG-V-006540,854000.0
V006541,C002947,Honda,Amaze,2024,REG-V-006541,1001000.0
V006542,C004217,Hyundai,Verna,2012,REG-V-006542,479000.0
V006543,C005249,Mahindra,Scorpio,2014,REG-V-006543,681000.0
V006544,C008471,Kia,Carens,2021,REG-V-006544,844000.0
V006545,C007257,Toyota,Innova,2016,REG-V-006545,957000.0
V006546,C005166,Honda,City,2019,REG-V-006546,1014000.0
V006547,C007706,Maruti Suzuki,Brezza,2022,REG-V-006547,496000.0
V006548,C008525,Toyota,Fortuner,2016,REG-V-006548,1600000.0
V006549,C000603,Volkswagen,Polo,2015,REG-V-006549,792000.0
V006550,C005964,Maruti Suzuki,Swift,2012,REG-V-006550,332000.0
V006551,C000449,Mahindra,XUV700,2012,REG-V-006551,439000.0
V006552,C003063,Mahindra,Scorpio,2024,REG-V-006552,885000.0
V006553,C007696,Maruti Suzuki,Baleno,2022,REG-V-006553,656000.0
V006554,C007974,Kia,Sonet,2017,REG-V-006554,740000.0
V006555,C008895,Volkswagen,Virtus,2020,REG-V-006555,1145000.0
V006556,C005030,Volkswagen,Polo,2018,REG-V-006556,720000.0
V006557,C000860,Toyota,Fortuner,2017,REG-V-006557,894000.0
V006558,C001268,Volkswagen,Virtus,2016,REG-V-006558,440000.0
V006559,C002464,Toyota,Fortuner,2019,REG-V-006559,1749000.0
V006560,C003732,Kia,Seltos,2023,REG-V-006560,1588000.0
V006561,C005306,Maruti Suzuki,Brezza,2019,REG-V-006561,339000.0
V006562,C006503,Honda,Civic,2019,REG-V-006562,1028000.0
V006563,C001621,Kia,Sonet,2017,REG-V-006563,939000.0
V006564,C001899,Honda,Civic,2012,REG-V-006564,545000.0
V006565,C001728,Toyota,Glanza,2012,REG-V-006565,1084000.0
V006566,C007617,Volkswagen,Polo,2013,REG-V-006566,524000.0
V006567,C003006,Volkswagen,Virtus,2022,REG-V-006567,1437000.0
V006568,C001665,Honda,Amaze,2020,REG-V-006568,1093000.0
V006569,C004340,Kia,Carens,2024,REG-V-006569,1678000.0
V006570,C002496,Mahindra,Bolero,2015,REG-V-006570,430000.0
V006571,C003703,Kia,Seltos,2013,REG-V-006571,750000.0
V006572,C008288,Kia,Seltos,2025,REG-V-006572,866000.0
V006573,C003322,Kia,Carens,2024,REG-V-006573,1031000.0
V006574,C001739,Volkswagen,Polo,2019,REG-V-006574,1280000.0
V006575,C002348,Honda,Amaze,2023,REG-V-006575,1206000.0
V006576,C000350,Volkswagen,Polo,2016,REG-V-006576,492000.0
V006577,C009064,Tata,Nexon,2015,REG-V-006577,392000.0
V006578,C007012,Mahindra,XUV300,2017,REG-V-006578,1354000.0
V006579,C004671,Toyota,Innova,2015,REG-V-006579,1408000.0
V006580,C005648,Tata,Altroz,2025,REG-V-006580,1477000.0
V006581,C002557,Mahindra,Scorpio,2016,REG-V-006581,1080000.0
V006582,C004053,Hyundai,Venue,2023,REG-V-006582,1122000.0
V006583,C003183,Volkswagen,Virtus,2021,REG-V-006583,1263000.0
V006584,C008293,Mahindra,Scorpio,2024,REG-V-006584,1036000.0
V006585,C007500,Mahindra,Scorpio,2015,REG-V-006585,965000.0
V006586,C002831,Honda,City,2024,REG-V-006586,1049000.0
V006587,C007692,Honda,Amaze,2024,REG-V-006587,948000.0
V006588,C000942,Toyota,Innova,2023,REG-V-006588,2024000.0
V006589,C002034,Toyota,Glanza,2018,REG-V-006589,1885000.0
V006590,C001069,Toyota,Innova,2012,REG-V-006590,819000.0
V006591,C002406,Toyota,Fortuner,2016,REG-V-006591,1197000.0
V006592,C002285,Hyundai,Verna,2022,REG-V-006592,892000.0
V006593,C009058,Toyota,Glanza,2013,REG-V-006593,692000.0
V006594,C003258,Tata,Tiago,2014,REG-V-006594,539000.0
V006595,C003555,Mahindra,XUV700,2013,REG-V-006595,320000.0
V006596,C001009,Hyundai,Verna,2017,REG-V-006596,552000.0
V006597,C000687,Honda,Amaze,2023,REG-V-006597,1098000.0
V006598,C002213,Kia,Carens,2012,REG-V-006598,592000.0
V006599,C001351,Maruti Suzuki,Swift,2025,REG-V-006599,913000.0
V006600,C003441,Maruti Suzuki,Brezza,2015,REG-V-006600,377000.0
V006601,C001865,Volkswagen,Virtus,2015,REG-V-006601,525000.0
V006602,C001777,Volkswagen,Virtus,2021,REG-V-006602,1147000.0
V006603,C006515,Mahindra,XUV300,2014,REG-V-006603,714000.0
V006604,C009440,Tata,Punch,2019,REG-V-006604,401000.0
V006605,C000127,Honda,City,2025,REG-V-006605,1456000.0
V006606,C007105,Volkswagen,Virtus,2020,REG-V-006606,1200000.0
V006607,C006637,Kia,Seltos,2023,REG-V-006607,1457000.0
V006608,C005894,Hyundai,Verna,2022,REG-V-006608,988000.0
V006609,C006956,Honda,Amaze,2014,REG-V-006609,560000.0
V006610,C005122,Toyota,Fortuner,2017,REG-V-006610,1347000.0
V006611,C009299,Mahindra,XUV700,2023,REG-V-006611,1977000.0
V006612,C001576,Hyundai,i20,2017,REG-V-006612,707000.0
V006613,C004773,Volkswagen,Taigun,2015,REG-V-006613,721000.0
V006614,C006565,Tata,Nexon,2013,REG-V-006614,277000.0
V006615,C009137,Tata,Harrier,2013,REG-V-006615,335000.0
V006616,C004910,Mahindra,Bolero,2016,REG-V-006616,1142000.0
V006617,C009768,Toyota,Glanza,2017,REG-V-006617,635000.0
V006618,C006602,Volkswagen,Polo,2023,REG-V-006618,1515000.0
V006619,C007035,Honda,City,2015,REG-V-006619,369000.0
V006620,C008230,Hyundai,i20,2023,REG-V-006620,1041000.0
V006621,C007396,Tata,Nexon,2018,REG-V-006621,894000.0
V006622,C005263,Hyundai,i10,2020,REG-V-006622,985000.0
V006623,C007797,Kia,Seltos,2017,REG-V-006623,591000.0
V006624,C000363,Volkswagen,Virtus,2016,REG-V-006624,905000.0
V006625,C009363,Kia,Seltos,2017,REG-V-006625,680000.0
V006626,C008281,Toyota,Fortuner,2022,REG-V-006626,1567000.0
V006627,C006429,Honda,Amaze,2013,REG-V-006627,637000.0
V006628,C000714,Maruti Suzuki,Brezza,2024,REG-V-006628,874000.0
V006629,C002933,Maruti Suzuki,Brezza,2018,REG-V-006629,309000.0
V006630,C002553,Toyota,Innova,2012,REG-V-006630,1135000.0
V006631,C002583,Honda,Amaze,2015,REG-V-006631,370000.0
V006632,C006764,Tata,Harrier,2025,REG-V-006632,677000.0
V006633,C008809,Honda,Amaze,2021,REG-V-006633,1104000.0
V006634,C006856,Mahindra,XUV700,2013,REG-V-006634,728000.0
V006635,C003896,Toyota,Fortuner,2022,REG-V-006635,2187000.0
V006636,C009690,Hyundai,i20,2024,REG-V-006636,1225000.0
V006637,C008655,Mahindra,XUV700,2025,REG-V-006637,1693000.0
V006638,C006890,Hyundai,Verna,2012,REG-V-006638,252000.0
V006639,C003992,Mahindra,Scorpio,2016,REG-V-006639,872000.0
V006640,C006876,Maruti Suzuki,Baleno,2012,REG-V-006640,226000.0
V006641,C004095,Maruti Suzuki,Swift,2017,REG-V-006641,359000.0
V006642,C001544,Toyota,Fortuner,2013,REG-V-006642,742000.0
V006643,C006238,Mahindra,XUV700,2012,REG-V-006643,557000.0
V006644,C007020,Kia,Sonet,2021,REG-V-006644,1321000.0
V006645,C003493,Kia,Sonet,2015,REG-V-006645,576000.0
V006646,C009325,Toyota,Innova,2017,REG-V-006646,1008000.0
V006647,C008586,Maruti Suzuki,Swift,2013,REG-V-006647,272000.0
V006648,C005877,Tata,Tiago,2013,REG-V-006648,591000.0
V006649,C000626,Maruti Suzuki,Swift,2021,REG-V-006649,658000.0
V006650,C000182,Hyundai,i20,2023,REG-V-006650,941000.0
V006651,C006448,Volkswagen,Virtus,2022,REG-V-006651,1595000.0
V006652,C008185,Tata,Altroz,2021,REG-V-006652,549000.0
V006653,C005051,Tata,Altroz,2019,REG-V-006653,667000.0
V006654,C000249,Hyundai,i20,2018,REG-V-006654,756000.0
V006655,C001438,Volkswagen,Taigun,2012,REG-V-006655,599000.0
V006656,C002122,Tata,Nexon,2021,REG-V-006656,595000.0
V006657,C006319,Hyundai,Verna,2018,REG-V-006657,672000.0
V006658,C004898,Volkswagen,Taigun,2018,REG-V-006658,939000.0
V006659,C001036,Maruti Suzuki,Brezza,2021,REG-V-006659,433000.0
V006660,C005065,Hyundai,Verna,2021,REG-V-006660,530000.0
V006661,C008742,Maruti Suzuki,Brezza,2018,REG-V-006661,317000.0
V006662,C004419,Tata,Altroz,2022,REG-V-006662,677000.0
V006663,C001488,Tata,Harrier,2023,REG-V-006663,1323000.0
V006664,C005826,Honda,Amaze,2015,REG-V-006664,606000.0
V006665,C009326,Mahindra,XUV300,2020,REG-V-006665,782000.0
V006666,C001152,Toyota,Glanza,2015,REG-V-006666,1024000.0
V006667,C001561,Volkswagen,Polo,2022,REG-V-006667,1210000.0
V006668,C005721,Toyota,Glanza,2022,REG-V-006668,2199000.0
V006669,C003393,Tata,Altroz,2018,REG-V-006669,620000.0
V006670,C009007,Hyundai,Venue,2023,REG-V-006670,1150000.0
V006671,C007177,Hyundai,i20,2012,REG-V-006671,451000.0
V006672,C001460,Maruti Suzuki,Dzire,2018,REG-V-006672,418000.0
V006673,C008753,Maruti Suzuki,Swift,2014,REG-V-006673,213000.0
V006674,C006469,Honda,Civic,2012,REG-V-006674,455000.0
V006675,C004979,Mahindra,XUV300,2022,REG-V-006675,1055000.0
V006676,C002580,Volkswagen,Virtus,2015,REG-V-006676,402000.0
V006677,C006535,Kia,Carens,2013,REG-V-006677,741000.0
V006678,C009034,Maruti Suzuki,Swift,2020,REG-V-006678,651000.0
V006679,C000395,Toyota,Innova,2016,REG-V-006679,667000.0
V006680,C003762,Toyota,Fortuner,2021,REG-V-006680,2002000.0
V006681,C009391,Honda,Civic,2018,REG-V-006681,1048000.0
V006682,C003833,Mahindra,Scorpio,2018,REG-V-006682,1091000.0
V006683,C000365,Kia,Seltos,2023,REG-V-006683,940000.0
V006684,C001025,Maruti Suzuki,Brezza,2013,REG-V-006684,204000.0
V006685,C006940,Maruti Suzuki,Baleno,2013,REG-V-006685,321000.0
V006686,C007043,Tata,Nexon,2018,REG-V-006686,959000.0
V006687,C001142,Honda,Amaze,2016,REG-V-006687,785000.0
V006688,C002213,Maruti Suzuki,Baleno,2023,REG-V-006688,600000.0
V006689,C005681,Mahindra,XUV700,2016,REG-V-006689,1203000.0
V006690,C006902,Volkswagen,Polo,2025,REG-V-006690,1294000.0
V006691,C001563,Toyota,Innova,2014,REG-V-006691,953000.0
V006692,C004588,Honda,Civic,2012,REG-V-006692,411000.0
V006693,C005660,Mahindra,XUV300,2022,REG-V-006693,926000.0
V006694,C000516,Maruti Suzuki,Baleno,2020,REG-V-006694,720000.0
V006695,C002260,Tata,Tiago,2018,REG-V-006695,748000.0
V006696,C009225,Tata,Tiago,2025,REG-V-006696,1281000.0
V006697,C008855,Tata,Punch,2020,REG-V-006697,813000.0
V006698,C003205,Mahindra,Bolero,2018,REG-V-006698,1024000.0
V006699,C008725,Hyundai,i20,2018,REG-V-006699,567000.0
V006700,C006367,Kia,Sonet,2014,REG-V-006700,516000.0
V006701,C009814,Honda,Amaze,2022,REG-V-006701,1341000.0
V006702,C009660,Toyota,Fortuner,2023,REG-V-006702,2349000.0
V006703,C006217,Hyundai,Venue,2023,REG-V-006703,880000.0
V006704,C004718,Toyota,Innova,2018,REG-V-006704,1439000.0
V006705,C001420,Toyota,Glanza,2015,REG-V-006705,675000.0
V006706,C005349,Mahindra,XUV700,2025,REG-V-006706,2584000.0
V006707,C004002,Kia,Seltos,2019,REG-V-006707,973000.0
V006708,C006498,Volkswagen,Virtus,2015,REG-V-006708,697000.0
V006709,C000905,Volkswagen,Polo,2017,REG-V-006709,961000.0
V006710,C008386,Mahindra,Bolero,2016,REG-V-006710,691000.0
V006711,C009667,Honda,City,2025,REG-V-006711,1392000.0
V006712,C002101,Honda,City,2022,REG-V-006712,1394000.0
V006713,C006371,Volkswagen,Virtus,2017,REG-V-006713,682000.0
V006714,C008080,Honda,City,2020,REG-V-006714,700000.0
V006715,C005580,Tata,Harrier,2020,REG-V-006715,908000.0
V006716,C009388,Toyota,Glanza,2012,REG-V-006716,811000.0
V006717,C005149,Honda,Civic,2017,REG-V-006717,729000.0
V006718,C002708,Kia,Sonet,2024,REG-V-006718,1674000.0
V006719,C004755,Mahindra,XUV300,2022,REG-V-006719,1782000.0
V006720,C004915,Kia,Sonet,2023,REG-V-006720,857000.0
V006721,C002554,Kia,Sonet,2012,REG-V-006721,365000.0
V006722,C007940,Kia,Carens,2014,REG-V-006722,498000.0
V006723,C006225,Volkswagen,Virtus,2025,REG-V-006723,1486000.0
V006724,C003711,Mahindra,Scorpio,2015,REG-V-006724,992000.0
V006725,C004232,Kia,Seltos,2015,REG-V-006725,610000.0
V006726,C003726,Kia,Carens,2012,REG-V-006726,533000.0
V006727,C004491,Honda,Amaze,2015,REG-V-006727,585000.0
V006728,C005325,Volkswagen,Virtus,2025,REG-V-006728,1282000.0
V006729,C003287,Honda,City,2012,REG-V-006729,545000.0
V006730,C008230,Honda,Civic,2013,REG-V-006730,347000.0
V006731,C009314,Honda,Amaze,2020,REG-V-006731,1128000.0
V006732,C005264,Honda,Amaze,2015,REG-V-006732,527000.0
V006733,C007162,Toyota,Fortuner,2020,REG-V-006733,817000.0
V006734,C009342,Volkswagen,Virtus,2015,REG-V-006734,399000.0
V006735,C001926,Mahindra,XUV300,2022,REG-V-006735,1922000.0
V006736,C001904,Hyundai,Verna,2019,REG-V-006736,864000.0
V006737,C000752,Kia,Seltos,2025,REG-V-006737,2052000.0
V006738,C004444,Honda,City,2013,REG-V-006738,532000.0
V006739,C003290,Mahindra,XUV300,2018,REG-V-006739,1398000.0
V006740,C005643,Hyundai,i20,2015,REG-V-006740,348000.0
V006741,C004533,Honda,City,2013,REG-V-006741,328000.0
V006742,C001910,Mahindra,Bolero,2017,REG-V-006742,1123000.0
V006743,C003925,Mahindra,XUV700,2025,REG-V-006743,1124000.0
V006744,C000305,Hyundai,Verna,2012,REG-V-006744,389000.0
V006745,C005408,Maruti Suzuki,Dzire,2020,REG-V-006745,628000.0
V006746,C002712,Volkswagen,Polo,2025,REG-V-006746,1709000.0
V006747,C001120,Hyundai,i10,2017,REG-V-006747,430000.0
V006748,C000685,Hyundai,Creta,2017,REG-V-006748,577000.0
V006749,C007193,Mahindra,XUV300,2025,REG-V-006749,2561000.0
V006750,C002494,Toyota,Glanza,2016,REG-V-006750,1217000.0
V006751,C006629,Toyota,Fortuner,2018,REG-V-006751,1816000.0
V006752,C008202,Hyundai,i10,2020,REG-V-006752,585000.0
V006753,C005047,Kia,Sonet,2021,REG-V-006753,1344000.0
V006754,C001338,Mahindra,Bolero,2017,REG-V-006754,1148000.0
V006755,C006192,Hyundai,Creta,2015,REG-V-006755,281000.0
V006756,C000740,Tata,Punch,2018,REG-V-006756,463000.0
V006757,C008219,Honda,Amaze,2016,REG-V-006757,855000.0
V006758,C007688,Volkswagen,Virtus,2017,REG-V-006758,899000.0
V006759,C004037,Toyota,Glanza,2025,REG-V-006759,1954000.0
V006760,C002696,Toyota,Innova,2014,REG-V-006760,580000.0
V006761,C007144,Kia,Carens,2014,REG-V-006761,438000.0
V006762,C005724,Tata,Punch,2022,REG-V-006762,1251000.0
V006763,C001441,Toyota,Innova,2014,REG-V-006763,826000.0
V006764,C007659,Mahindra,Bolero,2015,REG-V-006764,746000.0
V006765,C003323,Kia,Carens,2020,REG-V-006765,665000.0
V006766,C008990,Maruti Suzuki,Ertiga,2024,REG-V-006766,959000.0
V006767,C008342,Mahindra,Bolero,2019,REG-V-006767,645000.0
V006768,C002756,Hyundai,i10,2014,REG-V-006768,334000.0
V006769,C002569,Honda,Civic,2024,REG-V-006769,923000.0
V006770,C003997,Maruti Suzuki,Baleno,2021,REG-V-006770,474000.0
V006771,C008106,Toyota,Innova,2017,REG-V-006771,709000.0
V006772,C001309,Toyota,Fortuner,2020,REG-V-006772,837000.0
V006773,C003145,Kia,Seltos,2013,REG-V-006773,602000.0
V006774,C006635,Honda,Amaze,2014,REG-V-006774,623000.0
V006775,C000343,Tata,Tiago,2016,REG-V-006775,417000.0
V006776,C000581,Honda,Amaze,2013,REG-V-006776,644000.0
V006777,C007692,Tata,Nexon,2020,REG-V-006777,666000.0
V006778,C005261,Tata,Nexon,2015,REG-V-006778,238000.0
V006779,C005615,Volkswagen,Polo,2015,REG-V-006779,453000.0
V006780,C002509,Mahindra,XUV300,2022,REG-V-006780,1318000.0
V006781,C005362,Tata,Nexon,2024,REG-V-006781,1212000.0
V006782,C005489,Kia,Carens,2020,REG-V-006782,734000.0
V006783,C004157,Volkswagen,Virtus,2016,REG-V-006783,943000.0
V006784,C009644,Kia,Sonet,2021,REG-V-006784,1060000.0
V006785,C000511,Volkswagen,Taigun,2012,REG-V-006785,491000.0
V006786,C004168,Maruti Suzuki,Brezza,2022,REG-V-006786,558000.0
V006787,C008618,Maruti Suzuki,Swift,2013,REG-V-006787,210000.0
V006788,C002075,Maruti Suzuki,Baleno,2023,REG-V-006788,779000.0
V006789,C009383,Honda,Civic,2016,REG-V-006789,541000.0
V006790,C004280,Volkswagen,Virtus,2022,REG-V-006790,1043000.0
V006791,C001562,Volkswagen,Taigun,2018,REG-V-006791,1169000.0
V006792,C000934,Mahindra,XUV700,2022,REG-V-006792,711000.0
V006793,C003255,Toyota,Glanza,2023,REG-V-006793,2188000.0
V006794,C009233,Maruti Suzuki,Ertiga,2014,REG-V-006794,279000.0
V006795,C009415,Honda,Civic,2019,REG-V-006795,647000.0
V006796,C005673,Tata,Tiago,2016,REG-V-006796,364000.0
V006797,C001179,Tata,Nexon,2012,REG-V-006797,506000.0
V006798,C004590,Mahindra,XUV700,2019,REG-V-006798,848000.0
V006799,C004197,Volkswagen,Virtus,2012,REG-V-006799,476000.0
V006800,C002333,Volkswagen,Polo,2017,REG-V-006800,754000.0
V006801,C000777,Hyundai,i20,2025,REG-V-006801,1249000.0
V006802,C003822,Hyundai,i20,2014,REG-V-006802,435000.0
V006803,C003728,Kia,Sonet,2015,REG-V-006803,638000.0
V006804,C007090,Tata,Altroz,2015,REG-V-006804,384000.0
V006805,C003958,Volkswagen,Virtus,2014,REG-V-006805,666000.0
V006806,C000134,Mahindra,Scorpio,2023,REG-V-006806,1541000.0
V006807,C000212,Maruti Suzuki,Swift,2016,REG-V-006807,225000.0
V006808,C006910,Hyundai,Verna,2014,REG-V-006808,255000.0
V006809,C006655,Kia,Carens,2024,REG-V-006809,842000.0
V006810,C001596,Toyota,Innova,2020,REG-V-006810,2222000.0
V006811,C008702,Toyota,Innova,2021,REG-V-006811,1758000.0
V006812,C006674,Hyundai,Venue,2012,REG-V-006812,252000.0
V006813,C001532,Maruti Suzuki,Dzire,2018,REG-V-006813,551000.0
V006814,C002860,Toyota,Glanza,2013,REG-V-006814,1236000.0
V006815,C009739,Kia,Seltos,2012,REG-V-006815,337000.0
V006816,C004092,Tata,Harrier,2015,REG-V-006816,623000.0
V006817,C002392,Toyota,Innova,2015,REG-V-006817,1102000.0
V006818,C005278,Hyundai,Creta,2012,REG-V-006818,435000.0
V006819,C002065,Hyundai,i10,2022,REG-V-006819,550000.0
V006820,C007979,Maruti Suzuki,Baleno,2017,REG-V-006820,510000.0
V006821,C008005,Volkswagen,Taigun,2012,REG-V-006821,588000.0
V006822,C008069,Kia,Carens,2017,REG-V-006822,972000.0
V006823,C006219,Hyundai,Verna,2018,REG-V-006823,753000.0
V006824,C006979,Hyundai,i10,2023,REG-V-006824,1262000.0
V006825,C003196,Hyundai,Verna,2015,REG-V-006825,597000.0
V006826,C008844,Mahindra,XUV700,2014,REG-V-006826,681000.0
V006827,C001434,Kia,Carens,2015,REG-V-006827,834000.0
V006828,C002561,Mahindra,Scorpio,2012,REG-V-006828,457000.0
V006829,C009932,Maruti Suzuki,Baleno,2014,REG-V-006829,306000.0
V006830,C009603,Maruti Suzuki,Swift,2017,REG-V-006830,326000.0
V006831,C005112,Hyundai,Verna,2017,REG-V-006831,371000.0
V006832,C005041,Mahindra,Bolero,2018,REG-V-006832,1270000.0
V006833,C001163,Tata,Nexon,2019,REG-V-006833,824000.0
V006834,C006641,Kia,Seltos,2022,REG-V-006834,956000.0
V006835,C000322,Mahindra,Bolero,2015,REG-V-006835,1001000.0
V006836,C003129,Hyundai,Creta,2014,REG-V-006836,329000.0
V006837,C004203,Toyota,Glanza,2015,REG-V-006837,791000.0
V006838,C008991,Tata,Harrier,2012,REG-V-006838,554000.0
V006839,C009683,Honda,Amaze,2020,REG-V-006839,768000.0
V006840,C009744,Honda,Civic,2019,REG-V-006840,898000.0
V006841,C008051,Tata,Nexon,2019,REG-V-006841,821000.0
V006842,C002885,Maruti Suzuki,Dzire,2015,REG-V-006842,431000.0
V006843,C000468,Maruti Suzuki,Baleno,2012,REG-V-006843,184000.0
V006844,C004281,Hyundai,i10,2021,REG-V-006844,697000.0
V006845,C002960,Mahindra,Scorpio,2018,REG-V-006845,560000.0
V006846,C006590,Maruti Suzuki,Swift,2015,REG-V-006846,291000.0
V006847,C003719,Mahindra,Bolero,2012,REG-V-006847,559000.0
V006848,C008963,Maruti Suzuki,Ertiga,2025,REG-V-006848,859000.0
V006849,C003749,Tata,Tiago,2020,REG-V-006849,728000.0
V006850,C003790,Maruti Suzuki,Dzire,2015,REG-V-006850,421000.0
V006851,C007658,Mahindra,XUV300,2016,REG-V-006851,668000.0
V006852,C005944,Toyota,Fortuner,2019,REG-V-006852,2131000.0
V006853,C002569,Volkswagen,Virtus,2012,REG-V-006853,604000.0
V006854,C006815,Kia,Carens,2013,REG-V-006854,660000.0
V006855,C005672,Toyota,Innova,2023,REG-V-006855,1674000.0
V006856,C001050,Kia,Seltos,2019,REG-V-006856,782000.0
V006857,C004712,Maruti Suzuki,Swift,2015,REG-V-006857,367000.0
V006858,C009222,Kia,Carens,2024,REG-V-006858,1463000.0
V006859,C002130,Mahindra,XUV700,2021,REG-V-006859,1189000.0
V006860,C004165,Hyundai,Creta,2016,REG-V-006860,480000.0
V006861,C002758,Tata,Punch,2018,REG-V-006861,394000.0
V006862,C005399,Volkswagen,Polo,2022,REG-V-006862,1233000.0
V006863,C009753,Tata,Harrier,2020,REG-V-006863,1129000.0
V006864,C003085,Toyota,Glanza,2021,REG-V-006864,1381000.0
V006865,C008367,Kia,Seltos,2013,REG-V-006865,533000.0
V006866,C008423,Kia,Sonet,2021,REG-V-006866,1007000.0
V006867,C002605,Kia,Carens,2020,REG-V-006867,1033000.0
V006868,C007797,Honda,City,2024,REG-V-006868,1241000.0
V006869,C009886,Kia,Seltos,2025,REG-V-006869,861000.0
V006870,C009548,Toyota,Innova,2015,REG-V-006870,1094000.0
V006871,C006101,Toyota,Innova,2023,REG-V-006871,2302000.0
V006872,C001507,Honda,Civic,2015,REG-V-006872,442000.0
V006873,C001192,Mahindra,Bolero,2016,REG-V-006873,668000.0
V006874,C002675,Volkswagen,Taigun,2014,REG-V-006874,728000.0
V006875,C006052,Honda,Civic,2024,REG-V-006875,842000.0
V006876,C003872,Volkswagen,Virtus,2025,REG-V-006876,1801000.0
V006877,C007033,Kia,Seltos,2022,REG-V-006877,877000.0
V006878,C007947,Toyota,Innova,2017,REG-V-006878,1397000.0
V006879,C001801,Tata,Nexon,2012,REG-V-006879,600000.0
V006880,C009101,Volkswagen,Virtus,2024,REG-V-006880,938000.0
V006881,C000628,Toyota,Glanza,2020,REG-V-006881,1044000.0
V006882,C002662,Volkswagen,Taigun,2021,REG-V-006882,830000.0
V006883,C008195,Maruti Suzuki,Ertiga,2022,REG-V-006883,798000.0
V006884,C001839,Mahindra,Scorpio,2018,REG-V-006884,1311000.0
V006885,C002220,Kia,Seltos,2013,REG-V-006885,714000.0
V006886,C009758,Mahindra,Scorpio,2022,REG-V-006886,2004000.0
V006887,C009165,Maruti Suzuki,Ertiga,2016,REG-V-006887,472000.0
V006888,C008175,Toyota,Fortuner,2016,REG-V-006888,1416000.0
V006889,C001732,Tata,Altroz,2015,REG-V-006889,473000.0
V006890,C002568,Kia,Carens,2018,REG-V-006890,529000.0
V006891,C002373,Mahindra,XUV300,2020,REG-V-006891,1306000.0
V006892,C001900,Honda,City,2014,REG-V-006892,531000.0
V006893,C009701,Volkswagen,Virtus,2025,REG-V-006893,1684000.0
V006894,C001660,Toyota,Glanza,2020,REG-V-006894,857000.0
V006895,C007530,Toyota,Glanza,2023,REG-V-006895,1520000.0
V006896,C000523,Toyota,Glanza,2016,REG-V-006896,1489000.0
V006897,C005473,Kia,Carens,2017,REG-V-006897,1036000.0
V006898,C000732,Kia,Seltos,2018,REG-V-006898,807000.0
V006899,C000639,Volkswagen,Taigun,2012,REG-V-006899,611000.0
V006900,C002320,Honda,Amaze,2020,REG-V-006900,705000.0
V006901,C009292,Tata,Punch,2017,REG-V-006901,379000.0
V006902,C006437,Hyundai,Creta,2017,REG-V-006902,444000.0
V006903,C006549,Mahindra,XUV700,2012,REG-V-006903,727000.0
V006904,C002962,Hyundai,i10,2023,REG-V-006904,932000.0
V006905,C007294,Hyundai,Verna,2015,REG-V-006905,508000.0
V006906,C006855,Mahindra,XUV700,2025,REG-V-006906,1944000.0
V006907,C004647,Mahindra,Bolero,2025,REG-V-006907,1965000.0
V006908,C006865,Kia,Sonet,2018,REG-V-006908,1044000.0
V006909,C008713,Hyundai,Creta,2020,REG-V-006909,932000.0
V006910,C009603,Mahindra,XUV700,2020,REG-V-006910,842000.0
V006911,C009970,Honda,Amaze,2019,REG-V-006911,801000.0
V006912,C004919,Kia,Sonet,2024,REG-V-006912,857000.0
V006913,C000339,Tata,Altroz,2025,REG-V-006913,1303000.0
V006914,C002311,Hyundai,i20,2025,REG-V-006914,1151000.0
V006915,C001979,Tata,Harrier,2019,REG-V-006915,711000.0
V006916,C002991,Kia,Sonet,2019,REG-V-006916,799000.0
V006917,C003610,Hyundai,Venue,2025,REG-V-006917,1095000.0
V006918,C006736,Mahindra,Scorpio,2014,REG-V-006918,328000.0
V006919,C005295,Volkswagen,Polo,2023,REG-V-006919,1713000.0
V006920,C006535,Kia,Sonet,2019,REG-V-006920,1216000.0
V006921,C009714,Toyota,Innova,2016,REG-V-006921,876000.0
V006922,C000510,Kia,Seltos,2014,REG-V-006922,441000.0
V006923,C000148,Toyota,Fortuner,2021,REG-V-006923,883000.0
V006924,C006703,Toyota,Innova,2016,REG-V-006924,1364000.0
V006925,C005504,Volkswagen,Taigun,2017,REG-V-006925,604000.0
V006926,C004863,Hyundai,Venue,2021,REG-V-006926,905000.0
V006927,C008573,Tata,Harrier,2015,REG-V-006927,474000.0
V006928,C001585,Toyota,Fortuner,2017,REG-V-006928,1640000.0
V006929,C005779,Toyota,Glanza,2021,REG-V-006929,1378000.0
V006930,C009353,Mahindra,Scorpio,2025,REG-V-006930,1009000.0
V006931,C004474,Hyundai,i10,2014,REG-V-006931,469000.0
V006932,C005844,Toyota,Glanza,2017,REG-V-006932,1075000.0
V006933,C000723,Maruti Suzuki,Baleno,2017,REG-V-006933,347000.0
V006934,C003491,Maruti Suzuki,Swift,2015,REG-V-006934,324000.0
V006935,C000432,Kia,Carens,2020,REG-V-006935,1254000.0
V006936,C005765,Maruti Suzuki,Ertiga,2015,REG-V-006936,349000.0
V006937,C005949,Honda,Amaze,2012,REG-V-006937,320000.0
V006938,C009518,Mahindra,Bolero,2012,REG-V-006938,427000.0
V006939,C006434,Volkswagen,Taigun,2017,REG-V-006939,833000.0
V006940,C000030,Tata,Harrier,2016,REG-V-006940,533000.0
V006941,C008369,Tata,Harrier,2012,REG-V-006941,360000.0
V006942,C003281,Hyundai,Venue,2014,REG-V-006942,333000.0
V006943,C007190,Tata,Harrier,2023,REG-V-006943,698000.0
V006944,C002652,Kia,Seltos,2014,REG-V-006944,428000.0
V006945,C007669,Maruti Suzuki,Ertiga,2016,REG-V-006945,446000.0
V006946,C009305,Hyundai,Verna,2016,REG-V-006946,438000.0
V006947,C000803,Hyundai,Creta,2012,REG-V-006947,377000.0
V006948,C005482,Honda,Amaze,2017,REG-V-006948,958000.0
V006949,C005441,Toyota,Glanza,2020,REG-V-006949,2361000.0
V006950,C002852,Volkswagen,Polo,2017,REG-V-006950,924000.0
V006951,C003408,Toyota,Fortuner,2019,REG-V-006951,1912000.0
V006952,C006810,Toyota,Fortuner,2020,REG-V-006952,1688000.0
V006953,C002911,Tata,Nexon,2014,REG-V-006953,226000.0
V006954,C000320,Volkswagen,Taigun,2013,REG-V-006954,333000.0
V006955,C007762,Kia,Sonet,2023,REG-V-006955,1722000.0
V006956,C006293,Tata,Harrier,2020,REG-V-006956,1030000.0
V006957,C002523,Mahindra,XUV700,2017,REG-V-006957,1054000.0
V006958,C009619,Honda,City,2014,REG-V-006958,449000.0
V006959,C009034,Volkswagen,Taigun,2015,REG-V-006959,783000.0
V006960,C009644,Mahindra,Bolero,2019,REG-V-006960,795000.0
V006961,C005153,Tata,Tiago,2024,REG-V-006961,1053000.0
V006962,C002373,Volkswagen,Virtus,2013,REG-V-006962,421000.0
V006963,C001732,Hyundai,Verna,2023,REG-V-006963,806000.0
V006964,C009496,Maruti Suzuki,Dzire,2017,REG-V-006964,491000.0
V006965,C008963,Tata,Harrier,2020,REG-V-006965,942000.0
V006966,C007470,Toyota,Innova,2022,REG-V-006966,1622000.0
V006967,C005137,Tata,Nexon,2018,REG-V-006967,444000.0
V006968,C003850,Hyundai,i10,2013,REG-V-006968,384000.0
V006969,C007084,Tata,Nexon,2020,REG-V-006969,402000.0
V006970,C000097,Kia,Carens,2025,REG-V-006970,867000.0
V006971,C005279,Toyota,Innova,2021,REG-V-006971,2514000.0
V006972,C006828,Kia,Carens,2013,REG-V-006972,679000.0
V006973,C007604,Mahindra,XUV300,2015,REG-V-006973,826000.0
V006974,C004533,Honda,Civic,2017,REG-V-006974,612000.0
V006975,C007516,Kia,Seltos,2014,REG-V-006975,554000.0
V006976,C000963,Maruti Suzuki,Brezza,2012,REG-V-006976,201000.0
V006977,C002354,Hyundai,i20,2020,REG-V-006977,872000.0
V006978,C001437,Mahindra,Scorpio,2022,REG-V-006978,2144000.0
V006979,C003391,Mahindra,XUV300,2024,REG-V-006979,1396000.0
V006980,C003438,Hyundai,Verna,2019,REG-V-006980,455000.0
V006981,C003748,Honda,City,2025,REG-V-006981,1236000.0
V006982,C004697,Kia,Sonet,2018,REG-V-006982,1040000.0
V006983,C004397,Volkswagen,Taigun,2016,REG-V-006983,888000.0
V006984,C004944,Kia,Carens,2016,REG-V-006984,785000.0
V006985,C007595,Kia,Seltos,2012,REG-V-006985,437000.0
V006986,C001418,Volkswagen,Taigun,2017,REG-V-006986,1018000.0
V006987,C003508,Kia,Sonet,2019,REG-V-006987,622000.0
V006988,C000004,Tata,Nexon,2018,REG-V-006988,733000.0
V006989,C000298,Toyota,Glanza,2014,REG-V-006989,1062000.0
V006990,C006108,Hyundai,i10,2017,REG-V-006990,783000.0
V006991,C008809,Hyundai,Verna,2024,REG-V-006991,647000.0
V006992,C003043,Volkswagen,Virtus,2024,REG-V-006992,1739000.0
V006993,C004035,Kia,Sonet,2024,REG-V-006993,1668000.0
V006994,C002105,Volkswagen,Virtus,2025,REG-V-006994,1708000.0
V006995,C001422,Volkswagen,Taigun,2024,REG-V-006995,1011000.0
V006996,C008897,Hyundai,Creta,2019,REG-V-006996,834000.0
V006997,C005764,Volkswagen,Polo,2016,REG-V-006997,498000.0
V006998,C007097,Honda,Civic,2024,REG-V-006998,1464000.0
V006999,C008876,Maruti Suzuki,Swift,2024,REG-V-006999,976000.0
V007000,C005930,Maruti Suzuki,Ertiga,2017,REG-V-007000,435000.0
V007001,C001800,Honda,Civic,2012,REG-V-007001,349000.0
V007002,C007182,Volkswagen,Virtus,2020,REG-V-007002,1401000.0
V007003,C007543,Honda,City,2023,REG-V-007003,1398000.0
V007004,C004159,Mahindra,XUV700,2013,REG-V-007004,572000.0
V007005,C006216,Hyundai,Creta,2018,REG-V-007005,442000.0
V007006,C004882,Maruti Suzuki,Ertiga,2016,REG-V-007006,381000.0
V007007,C003313,Mahindra,XUV300,2018,REG-V-007007,1432000.0
V007008,C006767,Volkswagen,Polo,2022,REG-V-007008,740000.0
V007009,C002496,Hyundai,Venue,2013,REG-V-007009,550000.0
V007010,C003259,Kia,Sonet,2018,REG-V-007010,1015000.0
V007011,C004076,Kia,Carens,2016,REG-V-007011,861000.0
V007012,C006193,Toyota,Innova,2025,REG-V-007012,2879000.0
V007013,C008564,Volkswagen,Polo,2019,REG-V-007013,1147000.0
V007014,C006198,Volkswagen,Taigun,2015,REG-V-007014,823000.0
V007015,C007315,Honda,City,2015,REG-V-007015,688000.0
V007016,C002911,Volkswagen,Virtus,2015,REG-V-007016,763000.0
V007017,C005917,Kia,Seltos,2021,REG-V-007017,1223000.0
V007018,C001049,Volkswagen,Virtus,2019,REG-V-007018,1285000.0
V007019,C004670,Mahindra,XUV700,2019,REG-V-007019,1413000.0
V007020,C006933,Toyota,Fortuner,2013,REG-V-007020,434000.0
V007021,C001791,Kia,Sonet,2025,REG-V-007021,1442000.0
V007022,C009071,Tata,Tiago,2020,REG-V-007022,712000.0
V007023,C004191,Kia,Seltos,2012,REG-V-007023,400000.0
V007024,C006757,Hyundai,Creta,2022,REG-V-007024,640000.0
V007025,C004738,Honda,Civic,2025,REG-V-007025,1137000.0
V007026,C007379,Maruti Suzuki,Swift,2023,REG-V-007026,463000.0
V007027,C005891,Hyundai,Venue,2014,REG-V-007027,549000.0
V007028,C001225,Tata,Tiago,2015,REG-V-007028,271000.0
V007029,C009283,Tata,Altroz,2019,REG-V-007029,1036000.0
V007030,C006645,Honda,Amaze,2024,REG-V-007030,1509000.0
V007031,C004761,Honda,City,2015,REG-V-007031,392000.0
V007032,C006813,Mahindra,XUV300,2012,REG-V-007032,446000.0
V007033,C002621,Hyundai,Venue,2016,REG-V-007033,629000.0
V007034,C007759,Honda,City,2019,REG-V-007034,716000.0
V007035,C004126,Honda,City,2015,REG-V-007035,622000.0
V007036,C008110,Toyota,Glanza,2014,REG-V-007036,995000.0
V007037,C002737,Toyota,Glanza,2013,REG-V-007037,1166000.0
V007038,C007964,Hyundai,i20,2025,REG-V-007038,1458000.0
V007039,C009118,Mahindra,XUV700,2025,REG-V-007039,2155000.0
V007040,C009808,Maruti Suzuki,Baleno,2017,REG-V-007040,306000.0
V007041,C007839,Toyota,Fortuner,2023,REG-V-007041,1353000.0
V007042,C007090,Toyota,Innova,2012,REG-V-007042,1131000.0
V007043,C005237,Tata,Harrier,2019,REG-V-007043,1074000.0
V007044,C001064,Hyundai,Creta,2022,REG-V-007044,829000.0
V007045,C005635,Toyota,Innova,2015,REG-V-007045,1218000.0
V007046,C005673,Mahindra,Bolero,2024,REG-V-007046,823000.0
V007047,C000675,Tata,Altroz,2020,REG-V-007047,1186000.0
V007048,C006939,Tata,Nexon,2012,REG-V-007048,415000.0
V007049,C001482,Mahindra,Bolero,2012,REG-V-007049,736000.0
V007050,C006001,Kia,Carens,2018,REG-V-007050,1166000.0
V007051,C004765,Honda,Amaze,2014,REG-V-007051,615000.0
V007052,C008798,Toyota,Fortuner,2018,REG-V-007052,1557000.0
V007053,C002344,Honda,City,2012,REG-V-007053,476000.0
V007054,C001712,Hyundai,i10,2016,REG-V-007054,330000.0
V007055,C005550,Maruti Suzuki,Dzire,2016,REG-V-007055,239000.0
V007056,C004631,Mahindra,XUV700,2019,REG-V-007056,916000.0
V007057,C001609,Mahindra,XUV700,2020,REG-V-007057,1515000.0
V007058,C006184,Maruti Suzuki,Swift,2019,REG-V-007058,660000.0
V007059,C009106,Maruti Suzuki,Ertiga,2019,REG-V-007059,413000.0
V007060,C007463,Volkswagen,Polo,2020,REG-V-007060,1052000.0
V007061,C002102,Toyota,Fortuner,2017,REG-V-007061,1299000.0
V007062,C002408,Volkswagen,Taigun,2015,REG-V-007062,688000.0
V007063,C005615,Hyundai,Creta,2022,REG-V-007063,959000.0
V007064,C006822,Maruti Suzuki,Brezza,2013,REG-V-007064,325000.0
V007065,C009789,Honda,Amaze,2018,REG-V-007065,731000.0
V007066,C001056,Kia,Seltos,2017,REG-V-007066,736000.0
V007067,C005505,Honda,Civic,2025,REG-V-007067,1173000.0
V007068,C009877,Hyundai,Venue,2015,REG-V-007068,414000.0
V007069,C001108,Volkswagen,Taigun,2017,REG-V-007069,759000.0
V007070,C009728,Mahindra,XUV300,2013,REG-V-007070,698000.0
V007071,C004657,Hyundai,Verna,2025,REG-V-007071,1429000.0
V007072,C007227,Tata,Harrier,2016,REG-V-007072,357000.0
V007073,C004277,Tata,Tiago,2013,REG-V-007073,427000.0
V007074,C008448,Toyota,Fortuner,2024,REG-V-007074,2977000.0
V007075,C009135,Maruti Suzuki,Brezza,2019,REG-V-007075,521000.0
V007076,C001665,Mahindra,Bolero,2019,REG-V-007076,969000.0
V007077,C007536,Volkswagen,Polo,2017,REG-V-007077,459000.0
V007078,C000219,Kia,Seltos,2024,REG-V-007078,1105000.0
V007079,C002766,Hyundai,Creta,2024,REG-V-007079,911000.0
V007080,C005562,Maruti Suzuki,Brezza,2013,REG-V-007080,214000.0
V007081,C006073,Tata,Altroz,2014,REG-V-007081,215000.0
V007082,C003661,Honda,Amaze,2016,REG-V-007082,408000.0
V007083,C002708,Maruti Suzuki,Brezza,2018,REG-V-007083,399000.0
V007084,C001715,Kia,Carens,2015,REG-V-007084,410000.0
V007085,C002419,Tata,Altroz,2016,REG-V-007085,632000.0
V007086,C001305,Maruti Suzuki,Dzire,2015,REG-V-007086,370000.0
V007087,C002625,Toyota,Fortuner,2019,REG-V-007087,1182000.0
V007088,C008266,Hyundai,Venue,2021,REG-V-007088,955000.0
V007089,C002859,Tata,Harrier,2013,REG-V-007089,477000.0
V007090,C009128,Tata,Altroz,2012,REG-V-007090,464000.0
V007091,C002473,Mahindra,XUV300,2022,REG-V-007091,1912000.0
V007092,C004958,Hyundai,Venue,2024,REG-V-007092,1391000.0
V007093,C001674,Volkswagen,Polo,2017,REG-V-007093,493000.0
V007094,C000180,Volkswagen,Polo,2017,REG-V-007094,787000.0
V007095,C006297,Mahindra,XUV700,2018,REG-V-007095,1470000.0
V007096,C003372,Tata,Tiago,2014,REG-V-007096,436000.0
V007097,C003448,Mahindra,XUV300,2023,REG-V-007097,2235000.0
V007098,C004092,Hyundai,Verna,2025,REG-V-007098,888000.0
V007099,C007849,Mahindra,Scorpio,2025,REG-V-007099,2576000.0
V007100,C004014,Maruti Suzuki,Dzire,2013,REG-V-007100,265000.0
V007101,C000877,Kia,Carens,2013,REG-V-007101,612000.0
V007102,C002783,Mahindra,Scorpio,2012,REG-V-007102,803000.0
V007103,C005807,Kia,Carens,2018,REG-V-007103,1036000.0
V007104,C009941,Toyota,Fortuner,2012,REG-V-007104,571000.0
V007105,C001424,Volkswagen,Polo,2019,REG-V-007105,704000.0
V007106,C003214,Tata,Tiago,2014,REG-V-007106,386000.0
V007107,C004893,Honda,Amaze,2019,REG-V-007107,1068000.0
V007108,C009464,Toyota,Fortuner,2017,REG-V-007108,1141000.0
V007109,C001087,Honda,City,2023,REG-V-007109,1254000.0
V007110,C008001,Kia,Seltos,2013,REG-V-007110,402000.0
V007111,C007284,Volkswagen,Polo,2021,REG-V-007111,686000.0
V007112,C003049,Honda,City,2022,REG-V-007112,950000.0
V007113,C007806,Tata,Tiago,2017,REG-V-007113,525000.0
V007114,C005792,Tata,Punch,2024,REG-V-007114,714000.0
V007115,C001713,Toyota,Glanza,2018,REG-V-007115,1393000.0
V007116,C002846,Hyundai,Creta,2024,REG-V-007116,751000.0
V007117,C003266,Maruti Suzuki,Swift,2016,REG-V-007117,296000.0
V007118,C003211,Hyundai,Creta,2017,REG-V-007118,692000.0
V007119,C007528,Kia,Seltos,2020,REG-V-007119,1235000.0
V007120,C006648,Toyota,Glanza,2023,REG-V-007120,3100000.0
V007121,C008251,Toyota,Glanza,2018,REG-V-007121,928000.0
V007122,C005139,Maruti Suzuki,Dzire,2022,REG-V-007122,489000.0
V007123,C003507,Volkswagen,Polo,2022,REG-V-007123,1134000.0
V007124,C000702,Kia,Sonet,2017,REG-V-007124,763000.0
V007125,C008006,Maruti Suzuki,Baleno,2025,REG-V-007125,1027000.0
V007126,C000770,Maruti Suzuki,Ertiga,2016,REG-V-007126,363000.0
V007127,C003002,Volkswagen,Polo,2025,REG-V-007127,966000.0
V007128,C006738,Hyundai,Creta,2012,REG-V-007128,450000.0
V007129,C007707,Hyundai,i20,2013,REG-V-007129,454000.0
V007130,C000710,Honda,Civic,2017,REG-V-007130,530000.0
V007131,C006120,Tata,Punch,2014,REG-V-007131,334000.0
V007132,C001375,Hyundai,i20,2016,REG-V-007132,476000.0
V007133,C007638,Kia,Seltos,2013,REG-V-007133,606000.0
V007134,C007353,Hyundai,Verna,2012,REG-V-007134,384000.0
V007135,C007544,Tata,Tiago,2014,REG-V-007135,350000.0
V007136,C000662,Kia,Sonet,2019,REG-V-007136,1339000.0
V007137,C005629,Toyota,Glanza,2024,REG-V-007137,2362000.0
V007138,C002429,Toyota,Fortuner,2024,REG-V-007138,1519000.0
V007139,C005005,Mahindra,Bolero,2019,REG-V-007139,1101000.0
V007140,C009896,Tata,Altroz,2012,REG-V-007140,543000.0
V007141,C000914,Honda,City,2025,REG-V-007141,1723000.0
V007142,C005979,Toyota,Glanza,2015,REG-V-007142,811000.0
V007143,C001647,Maruti Suzuki,Dzire,2015,REG-V-007143,252000.0
V007144,C005134,Toyota,Fortuner,2022,REG-V-007144,2213000.0
V007145,C005248,Hyundai,i20,2020,REG-V-007145,686000.0
V007146,C004586,Toyota,Innova,2016,REG-V-007146,1690000.0
V007147,C006445,Toyota,Fortuner,2017,REG-V-007147,1072000.0
V007148,C009746,Maruti Suzuki,Ertiga,2020,REG-V-007148,547000.0
V007149,C008110,Hyundai,i20,2016,REG-V-007149,627000.0
V007150,C009588,Hyundai,i20,2012,REG-V-007150,318000.0
V007151,C001902,Hyundai,i10,2015,REG-V-007151,364000.0
V007152,C009939,Mahindra,XUV700,2014,REG-V-007152,592000.0
V007153,C003039,Maruti Suzuki,Ertiga,2018,REG-V-007153,531000.0
V007154,C000348,Hyundai,Creta,2012,REG-V-007154,306000.0
V007155,C004396,Volkswagen,Virtus,2019,REG-V-007155,1050000.0
V007156,C002483,Mahindra,XUV700,2015,REG-V-007156,645000.0
V007157,C007692,Volkswagen,Polo,2013,REG-V-007157,490000.0
V007158,C000883,Maruti Suzuki,Brezza,2019,REG-V-007158,610000.0
V007159,C005520,Maruti Suzuki,Brezza,2019,REG-V-007159,609000.0
V007160,C002877,Toyota,Innova,2013,REG-V-007160,1163000.0
V007161,C002078,Kia,Seltos,2019,REG-V-007161,571000.0
V007162,C008804,Honda,Amaze,2018,REG-V-007162,869000.0
V007163,C005188,Honda,City,2023,REG-V-007163,1525000.0
V007164,C003236,Kia,Seltos,2019,REG-V-007164,749000.0
V007165,C007527,Tata,Altroz,2017,REG-V-007165,402000.0
V007166,C008572,Tata,Harrier,2015,REG-V-007166,445000.0
V007167,C004443,Mahindra,XUV700,2021,REG-V-007167,1197000.0
V007168,C001824,Tata,Harrier,2022,REG-V-007168,1271000.0
V007169,C009949,Tata,Tiago,2017,REG-V-007169,794000.0
V007170,C003595,Hyundai,i20,2020,REG-V-007170,612000.0
V007171,C002065,Kia,Sonet,2023,REG-V-007171,1224000.0
V007172,C001043,Tata,Harrier,2023,REG-V-007172,913000.0
V007173,C001240,Maruti Suzuki,Swift,2013,REG-V-007173,340000.0
V007174,C009450,Mahindra,XUV300,2020,REG-V-007174,1208000.0
V007175,C009481,Toyota,Glanza,2018,REG-V-007175,1523000.0
V007176,C005115,Maruti Suzuki,Swift,2025,REG-V-007176,923000.0
V007177,C006955,Mahindra,Scorpio,2024,REG-V-007177,1143000.0
V007178,C008366,Volkswagen,Polo,2019,REG-V-007178,1015000.0
V007179,C005615,Mahindra,XUV700,2022,REG-V-007179,1509000.0
V007180,C006715,Hyundai,i20,2014,REG-V-007180,377000.0
V007181,C009665,Honda,Civic,2021,REG-V-007181,1286000.0
V007182,C001723,Mahindra,XUV700,2024,REG-V-007182,2368000.0
V007183,C001391,Mahindra,Scorpio,2012,REG-V-007183,759000.0
V007184,C007598,Maruti Suzuki,Swift,2024,REG-V-007184,856000.0
V007185,C007084,Kia,Carens,2024,REG-V-007185,1275000.0
V007186,C001864,Kia,Sonet,2019,REG-V-007186,713000.0
V007187,C003008,Volkswagen,Taigun,2023,REG-V-007187,1019000.0
V007188,C006889,Tata,Harrier,2015,REG-V-007188,479000.0
V007189,C004986,Honda,Amaze,2015,REG-V-007189,717000.0
V007190,C008988,Kia,Carens,2016,REG-V-007190,599000.0
V007191,C008411,Hyundai,Creta,2024,REG-V-007191,1207000.0
V007192,C004908,Tata,Harrier,2020,REG-V-007192,465000.0
V007193,C006713,Kia,Sonet,2025,REG-V-007193,924000.0
V007194,C006479,Kia,Sonet,2024,REG-V-007194,1098000.0
V007195,C000924,Mahindra,Scorpio,2020,REG-V-007195,784000.0
V007196,C004281,Honda,Civic,2013,REG-V-007196,399000.0
V007197,C004428,Tata,Nexon,2025,REG-V-007197,719000.0
V007198,C009025,Toyota,Fortuner,2013,REG-V-007198,933000.0
V007199,C008910,Volkswagen,Virtus,2018,REG-V-007199,843000.0
V007200,C000596,Mahindra,Scorpio,2024,REG-V-007200,1012000.0
V007201,C008495,Tata,Altroz,2013,REG-V-007201,589000.0
V007202,C006161,Honda,City,2015,REG-V-007202,730000.0
V007203,C000172,Maruti Suzuki,Brezza,2017,REG-V-007203,384000.0
V007204,C003823,Hyundai,Creta,2015,REG-V-007204,327000.0
V007205,C008941,Kia,Sonet,2023,REG-V-007205,1187000.0
V007206,C003586,Toyota,Innova,2016,REG-V-007206,924000.0
V007207,C006812,Hyundai,i20,2013,REG-V-007207,412000.0
V007208,C005706,Hyundai,Verna,2014,REG-V-007208,506000.0
V007209,C005944,Kia,Carens,2022,REG-V-007209,1023000.0
V007210,C004843,Volkswagen,Polo,2014,REG-V-007210,347000.0
V007211,C004859,Kia,Sonet,2016,REG-V-007211,751000.0
V007212,C009078,Volkswagen,Virtus,2025,REG-V-007212,1887000.0
V007213,C004157,Mahindra,Scorpio,2019,REG-V-007213,903000.0
V007214,C001923,Honda,City,2022,REG-V-007214,1146000.0
V007215,C004215,Tata,Nexon,2025,REG-V-007215,1458000.0
V007216,C007386,Volkswagen,Taigun,2025,REG-V-007216,1133000.0
V007217,C004789,Tata,Altroz,2014,REG-V-007217,262000.0
V007218,C007379,Mahindra,Bolero,2015,REG-V-007218,499000.0
V007219,C002419,Tata,Nexon,2017,REG-V-007219,828000.0
V007220,C005877,Mahindra,Bolero,2025,REG-V-007220,1237000.0
V007221,C008679,Toyota,Glanza,2018,REG-V-007221,1020000.0
V007222,C005340,Maruti Suzuki,Dzire,2023,REG-V-007222,889000.0
V007223,C006423,Toyota,Glanza,2021,REG-V-007223,2257000.0
V007224,C006832,Honda,Amaze,2017,REG-V-007224,809000.0
V007225,C007461,Tata,Nexon,2021,REG-V-007225,1291000.0
V007226,C003506,Maruti Suzuki,Ertiga,2016,REG-V-007226,467000.0
V007227,C006311,Honda,City,2024,REG-V-007227,1635000.0
V007228,C004182,Kia,Sonet,2012,REG-V-007228,492000.0
V007229,C003922,Tata,Tiago,2023,REG-V-007229,806000.0
V007230,C004789,Maruti Suzuki,Swift,2015,REG-V-007230,229000.0
V007231,C004093,Tata,Nexon,2014,REG-V-007231,294000.0
V007232,C000275,Hyundai,i10,2025,REG-V-007232,680000.0
V007233,C007482,Tata,Nexon,2012,REG-V-007233,530000.0
V007234,C005891,Kia,Carens,2018,REG-V-007234,784000.0
V007235,C001380,Tata,Punch,2015,REG-V-007235,648000.0
V007236,C002626,Volkswagen,Taigun,2015,REG-V-007236,574000.0
V007237,C006155,Hyundai,Verna,2025,REG-V-007237,765000.0
V007238,C005214,Kia,Seltos,2025,REG-V-007238,1857000.0
V007239,C007291,Hyundai,Venue,2017,REG-V-007239,584000.0
V007240,C004930,Toyota,Innova,2023,REG-V-007240,2188000.0
V007241,C008489,Hyundai,i10,2020,REG-V-007241,893000.0
V007242,C000788,Kia,Carens,2012,REG-V-007242,519000.0
V007243,C006178,Mahindra,Scorpio,2018,REG-V-007243,1194000.0
V007244,C003724,Maruti Suzuki,Dzire,2019,REG-V-007244,330000.0
V007245,C003052,Mahindra,Bolero,2018,REG-V-007245,1501000.0
V007246,C009456,Hyundai,Creta,2021,REG-V-007246,510000.0
V007247,C008671,Volkswagen,Taigun,2012,REG-V-007247,320000.0
V007248,C001839,Maruti Suzuki,Baleno,2017,REG-V-007248,300000.0
V007249,C000595,Volkswagen,Taigun,2021,REG-V-007249,1334000.0
V007250,C008715,Volkswagen,Virtus,2017,REG-V-007250,632000.0
V007251,C001693,Maruti Suzuki,Baleno,2022,REG-V-007251,813000.0
V007252,C009314,Maruti Suzuki,Dzire,2015,REG-V-007252,257000.0
V007253,C002769,Hyundai,Verna,2016,REG-V-007253,703000.0
V007254,C004132,Toyota,Innova,2025,REG-V-007254,2159000.0
V007255,C000464,Mahindra,XUV300,2020,REG-V-007255,1693000.0
V007256,C005409,Volkswagen,Taigun,2025,REG-V-007256,1531000.0
V007257,C001896,Mahindra,XUV700,2021,REG-V-007257,1076000.0
V007258,C004337,Kia,Sonet,2024,REG-V-007258,1402000.0
V007259,C009228,Kia,Sonet,2013,REG-V-007259,492000.0
V007260,C002544,Kia,Carens,2013,REG-V-007260,672000.0
V007261,C006397,Volkswagen,Polo,2012,REG-V-007261,700000.0
V007262,C002030,Kia,Carens,2017,REG-V-007262,895000.0
V007263,C006144,Kia,Seltos,2012,REG-V-007263,524000.0
V007264,C002875,Kia,Seltos,2015,REG-V-007264,805000.0
V007265,C006855,Hyundai,Venue,2022,REG-V-007265,841000.0
V007266,C007774,Kia,Carens,2025,REG-V-007266,1674000.0
V007267,C008865,Mahindra,Bolero,2019,REG-V-007267,1427000.0
V007268,C009222,Maruti Suzuki,Baleno,2019,REG-V-007268,573000.0
V007269,C002433,Honda,Civic,2015,REG-V-007269,553000.0
V007270,C001290,Mahindra,Scorpio,2023,REG-V-007270,1923000.0
V007271,C000503,Maruti Suzuki,Ertiga,2018,REG-V-007271,326000.0
V007272,C007257,Volkswagen,Taigun,2018,REG-V-007272,587000.0
V007273,C001876,Honda,Civic,2025,REG-V-007273,1531000.0
V007274,C008065,Honda,Amaze,2013,REG-V-007274,532000.0
V007275,C009648,Kia,Seltos,2025,REG-V-007275,1509000.0
V007276,C001468,Tata,Nexon,2021,REG-V-007276,871000.0
V007277,C002824,Toyota,Glanza,2023,REG-V-007277,2396000.0
V007278,C005278,Hyundai,i10,2017,REG-V-007278,424000.0
V007279,C004335,Tata,Tiago,2022,REG-V-007279,692000.0
V007280,C004288,Volkswagen,Polo,2014,REG-V-007280,636000.0
V007281,C002191,Kia,Carens,2016,REG-V-007281,868000.0
V007282,C008951,Honda,Civic,2014,REG-V-007282,395000.0
V007283,C006855,Hyundai,i20,2020,REG-V-007283,823000.0
V007284,C001531,Mahindra,Bolero,2021,REG-V-007284,885000.0
V007285,C000044,Volkswagen,Polo,2012,REG-V-007285,538000.0
V007286,C007699,Toyota,Glanza,2017,REG-V-007286,1503000.0
V007287,C000166,Maruti Suzuki,Dzire,2013,REG-V-007287,338000.0
V007288,C008862,Kia,Seltos,2016,REG-V-007288,928000.0
V007289,C005341,Maruti Suzuki,Dzire,2024,REG-V-007289,830000.0
V007290,C009336,Honda,Civic,2025,REG-V-007290,882000.0
V007291,C007788,Kia,Seltos,2023,REG-V-007291,1231000.0
V007292,C008996,Kia,Carens,2024,REG-V-007292,1208000.0
V007293,C007504,Maruti Suzuki,Brezza,2024,REG-V-007293,952000.0
V007294,C005811,Hyundai,Creta,2023,REG-V-007294,1317000.0
V007295,C001729,Honda,City,2025,REG-V-007295,1037000.0
V007296,C007333,Tata,Harrier,2023,REG-V-007296,770000.0
V007297,C005965,Honda,Amaze,2023,REG-V-007297,1342000.0
V007298,C004569,Hyundai,Venue,2022,REG-V-007298,627000.0
V007299,C005622,Kia,Carens,2013,REG-V-007299,749000.0
V007300,C002345,Hyundai,Creta,2024,REG-V-007300,784000.0
V007301,C004059,Maruti Suzuki,Baleno,2015,REG-V-007301,389000.0
V007302,C001242,Toyota,Innova,2025,REG-V-007302,2164000.0
V007303,C004116,Honda,Amaze,2017,REG-V-007303,631000.0
V007304,C004707,Hyundai,i20,2025,REG-V-007304,1459000.0
V007305,C008621,Hyundai,Venue,2019,REG-V-007305,748000.0
V007306,C005314,Hyundai,i10,2017,REG-V-007306,696000.0
V007307,C009139,Kia,Sonet,2014,REG-V-007307,485000.0
V007308,C009677,Mahindra,Bolero,2020,REG-V-007308,1481000.0
V007309,C000510,Mahindra,Bolero,2016,REG-V-007309,1166000.0
V007310,C006008,Mahindra,XUV300,2015,REG-V-007310,473000.0
V007311,C002982,Mahindra,XUV700,2013,REG-V-007311,538000.0
V007312,C008561,Mahindra,Scorpio,2019,REG-V-007312,639000.0
V007313,C004984,Honda,Civic,2019,REG-V-007313,630000.0
V007314,C000792,Toyota,Glanza,2017,REG-V-007314,1017000.0
V007315,C002168,Maruti Suzuki,Brezza,2025,REG-V-007315,921000.0
V007316,C006785,Volkswagen,Virtus,2017,REG-V-007316,1026000.0
V007317,C000804,Maruti Suzuki,Baleno,2018,REG-V-007317,456000.0
V007318,C003801,Mahindra,XUV300,2018,REG-V-007318,705000.0
V007319,C008765,Honda,City,2015,REG-V-007319,620000.0
V007320,C000307,Kia,Seltos,2025,REG-V-007320,1687000.0
V007321,C007003,Honda,City,2018,REG-V-007321,909000.0
V007322,C006803,Maruti Suzuki,Swift,2015,REG-V-007322,256000.0
V007323,C003191,Kia,Sonet,2021,REG-V-007323,1255000.0
V007324,C001121,Mahindra,Bolero,2014,REG-V-007324,911000.0
V007325,C001038,Tata,Tiago,2020,REG-V-007325,557000.0
V007326,C009690,Kia,Sonet,2023,REG-V-007326,1318000.0
V007327,C006816,Hyundai,i20,2013,REG-V-007327,553000.0
V007328,C003771,Mahindra,XUV300,2018,REG-V-007328,571000.0
V007329,C008372,Tata,Punch,2025,REG-V-007329,1464000.0
V007330,C001044,Toyota,Glanza,2014,REG-V-007330,620000.0
V007331,C001270,Kia,Carens,2021,REG-V-007331,1516000.0
V007332,C001986,Volkswagen,Polo,2014,REG-V-007332,707000.0
V007333,C007704,Hyundai,Creta,2023,REG-V-007333,927000.0
V007334,C004109,Toyota,Innova,2025,REG-V-007334,1779000.0
V007335,C006472,Volkswagen,Taigun,2012,REG-V-007335,700000.0
V007336,C002348,Volkswagen,Polo,2017,REG-V-007336,682000.0
V007337,C007845,Honda,City,2017,REG-V-007337,580000.0
V007338,C008077,Honda,City,2020,REG-V-007338,1184000.0
V007339,C004148,Maruti Suzuki,Brezza,2019,REG-V-007339,467000.0
V007340,C002100,Honda,City,2019,REG-V-007340,1114000.0
V007341,C006339,Toyota,Innova,2016,REG-V-007341,771000.0
V007342,C002576,Tata,Nexon,2022,REG-V-007342,822000.0
V007343,C001475,Honda,Civic,2021,REG-V-007343,1291000.0
V007344,C006208,Volkswagen,Taigun,2019,REG-V-007344,1241000.0
V007345,C005161,Mahindra,Scorpio,2016,REG-V-007345,809000.0
V007346,C007914,Honda,Civic,2021,REG-V-007346,699000.0
V007347,C002909,Mahindra,Bolero,2012,REG-V-007347,360000.0
V007348,C002278,Volkswagen,Polo,2013,REG-V-007348,711000.0
V007349,C006455,Honda,Civic,2014,REG-V-007349,473000.0
V007350,C007052,Maruti Suzuki,Brezza,2016,REG-V-007350,270000.0
V007351,C004150,Honda,City,2016,REG-V-007351,699000.0
V007352,C004445,Hyundai,Verna,2016,REG-V-007352,440000.0
V007353,C001234,Maruti Suzuki,Baleno,2015,REG-V-007353,338000.0
V007354,C004733,Maruti Suzuki,Baleno,2022,REG-V-007354,849000.0
V007355,C009615,Tata,Punch,2022,REG-V-007355,1130000.0
V007356,C001128,Hyundai,Creta,2016,REG-V-007356,521000.0
V007357,C005733,Toyota,Glanza,2015,REG-V-007357,855000.0
V007358,C000192,Honda,City,2018,REG-V-007358,760000.0
V007359,C003236,Maruti Suzuki,Swift,2012,REG-V-007359,303000.0
V007360,C007683,Hyundai,Creta,2012,REG-V-007360,332000.0
V007361,C005723,Honda,Amaze,2014,REG-V-007361,332000.0
V007362,C000820,Honda,Civic,2024,REG-V-007362,882000.0
V007363,C004541,Mahindra,XUV300,2017,REG-V-007363,626000.0
V007364,C000800,Volkswagen,Taigun,2012,REG-V-007364,366000.0
V007365,C003747,Volkswagen,Taigun,2015,REG-V-007365,636000.0
V007366,C007759,Volkswagen,Taigun,2025,REG-V-007366,1723000.0
V007367,C002592,Mahindra,Bolero,2023,REG-V-007367,1494000.0
V007368,C004553,Volkswagen,Polo,2017,REG-V-007368,891000.0
V007369,C005051,Toyota,Glanza,2021,REG-V-007369,1767000.0
V007370,C008572,Tata,Harrier,2015,REG-V-007370,294000.0
V007371,C001210,Hyundai,Creta,2014,REG-V-007371,295000.0
V007372,C005543,Honda,City,2014,REG-V-007372,358000.0
V007373,C000321,Volkswagen,Taigun,2017,REG-V-007373,543000.0
V007374,C000936,Mahindra,Bolero,2021,REG-V-007374,1322000.0
V007375,C002227,Toyota,Fortuner,2015,REG-V-007375,963000.0
V007376,C007253,Kia,Sonet,2016,REG-V-007376,861000.0
V007377,C000429,Hyundai,i20,2014,REG-V-007377,542000.0
V007378,C009467,Volkswagen,Polo,2016,REG-V-007378,822000.0
V007379,C004301,Kia,Carens,2015,REG-V-007379,414000.0
V007380,C008424,Volkswagen,Virtus,2014,REG-V-007380,521000.0
V007381,C002243,Maruti Suzuki,Dzire,2014,REG-V-007381,191000.0
V007382,C003373,Tata,Tiago,2018,REG-V-007382,525000.0
V007383,C007327,Kia,Sonet,2019,REG-V-007383,902000.0
V007384,C003801,Tata,Punch,2020,REG-V-007384,692000.0
V007385,C005112,Hyundai,Creta,2015,REG-V-007385,369000.0
V007386,C008146,Honda,Civic,2012,REG-V-007386,537000.0
V007387,C006548,Kia,Sonet,2016,REG-V-007387,966000.0
V007388,C008395,Tata,Harrier,2023,REG-V-007388,1405000.0
V007389,C000878,Maruti Suzuki,Dzire,2020,REG-V-007389,613000.0
V007390,C006124,Toyota,Innova,2020,REG-V-007390,1968000.0
V007391,C006051,Toyota,Fortuner,2016,REG-V-007391,1490000.0
V007392,C006115,Hyundai,i10,2017,REG-V-007392,630000.0
V007393,C005933,Toyota,Fortuner,2016,REG-V-007393,1288000.0
V007394,C007296,Honda,Civic,2020,REG-V-007394,697000.0
V007395,C008480,Tata,Punch,2023,REG-V-007395,1078000.0
V007396,C002314,Hyundai,i20,2017,REG-V-007396,466000.0
V007397,C001053,Toyota,Innova,2019,REG-V-007397,824000.0
V007398,C000765,Kia,Sonet,2017,REG-V-007398,754000.0
V007399,C001579,Toyota,Fortuner,2016,REG-V-007399,1370000.0
V007400,C006597,Hyundai,Verna,2015,REG-V-007400,500000.0
V007401,C004187,Volkswagen,Virtus,2013,REG-V-007401,505000.0
V007402,C003496,Toyota,Fortuner,2025,REG-V-007402,1985000.0
V007403,C009149,Hyundai,i20,2024,REG-V-007403,1023000.0
V007404,C009054,Tata,Altroz,2012,REG-V-007404,596000.0
V007405,C005425,Volkswagen,Polo,2022,REG-V-007405,1080000.0
V007406,C004611,Volkswagen,Polo,2019,REG-V-007406,1058000.0
V007407,C002708,Honda,City,2021,REG-V-007407,857000.0
V007408,C004626,Honda,Amaze,2014,REG-V-007408,549000.0
V007409,C004124,Kia,Seltos,2014,REG-V-007409,493000.0
V007410,C000066,Toyota,Glanza,2025,REG-V-007410,3361000.0
V007411,C007652,Honda,City,2013,REG-V-007411,374000.0
V007412,C004417,Kia,Carens,2018,REG-V-007412,1095000.0
V007413,C002251,Mahindra,Scorpio,2014,REG-V-007413,475000.0
V007414,C006706,Mahindra,XUV300,2024,REG-V-007414,1543000.0
V007415,C004489,Mahindra,XUV700,2025,REG-V-007415,1940000.0
V007416,C003119,Maruti Suzuki,Brezza,2021,REG-V-007416,659000.0
V007417,C002328,Mahindra,Scorpio,2020,REG-V-007417,1391000.0
V007418,C000615,Honda,Amaze,2012,REG-V-007418,399000.0
V007419,C005076,Maruti Suzuki,Baleno,2024,REG-V-007419,681000.0
V007420,C003765,Kia,Sonet,2012,REG-V-007420,722000.0
V007421,C000419,Mahindra,Scorpio,2025,REG-V-007421,1602000.0
V007422,C008171,Maruti Suzuki,Dzire,2025,REG-V-007422,927000.0
V007423,C008136,Toyota,Fortuner,2024,REG-V-007423,2263000.0
V007424,C004938,Kia,Carens,2023,REG-V-007424,1664000.0
V007425,C008427,Toyota,Fortuner,2018,REG-V-007425,1002000.0
V007426,C004846,Honda,City,2021,REG-V-007426,752000.0
V007427,C001688,Toyota,Fortuner,2021,REG-V-007427,1748000.0
V007428,C005212,Volkswagen,Polo,2012,REG-V-007428,323000.0
V007429,C003107,Mahindra,XUV300,2022,REG-V-007429,1754000.0
V007430,C004547,Mahindra,Bolero,2017,REG-V-007430,935000.0
V007431,C009703,Honda,Amaze,2018,REG-V-007431,789000.0
V007432,C003561,Kia,Sonet,2016,REG-V-007432,717000.0
V007433,C002179,Volkswagen,Taigun,2020,REG-V-007433,984000.0
V007434,C001285,Maruti Suzuki,Swift,2016,REG-V-007434,467000.0
V007435,C008897,Mahindra,Scorpio,2025,REG-V-007435,1668000.0
V007436,C000153,Mahindra,XUV300,2023,REG-V-007436,2227000.0
V007437,C009127,Toyota,Innova,2017,REG-V-007437,1531000.0
V007438,C000640,Maruti Suzuki,Swift,2020,REG-V-007438,558000.0
V007439,C007596,Mahindra,Scorpio,2021,REG-V-007439,1622000.0
V007440,C002924,Mahindra,XUV300,2017,REG-V-007440,766000.0
V007441,C002517,Maruti Suzuki,Brezza,2023,REG-V-007441,522000.0
V007442,C001795,Honda,Amaze,2025,REG-V-007442,1518000.0
V007443,C001350,Tata,Harrier,2020,REG-V-007443,580000.0
V007444,C000690,Kia,Seltos,2019,REG-V-007444,772000.0
V007445,C001543,Hyundai,i10,2013,REG-V-007445,314000.0
V007446,C005931,Hyundai,i20,2015,REG-V-007446,432000.0
V007447,C005745,Toyota,Innova,2025,REG-V-007447,2934000.0
V007448,C002803,Toyota,Glanza,2012,REG-V-007448,1227000.0
V007449,C006838,Hyundai,i10,2020,REG-V-007449,510000.0
V007450,C007766,Maruti Suzuki,Ertiga,2020,REG-V-007450,461000.0
V007451,C009799,Maruti Suzuki,Dzire,2022,REG-V-007451,688000.0
V007452,C004427,Toyota,Fortuner,2022,REG-V-007452,2674000.0
V007453,C003754,Volkswagen,Virtus,2022,REG-V-007453,829000.0
V007454,C009734,Maruti Suzuki,Ertiga,2020,REG-V-007454,620000.0
V007455,C009440,Kia,Carens,2020,REG-V-007455,1126000.0
V007456,C009300,Toyota,Fortuner,2025,REG-V-007456,1990000.0
V007457,C006133,Hyundai,Creta,2018,REG-V-007457,855000.0
V007458,C006225,Volkswagen,Polo,2012,REG-V-007458,484000.0
V007459,C009310,Honda,Civic,2025,REG-V-007459,881000.0
V007460,C004834,Hyundai,Venue,2012,REG-V-007460,423000.0
V007461,C002152,Tata,Punch,2021,REG-V-007461,448000.0
V007462,C009853,Tata,Punch,2022,REG-V-007462,1258000.0
V007463,C008457,Tata,Altroz,2013,REG-V-007463,612000.0
V007464,C000581,Hyundai,Creta,2025,REG-V-007464,882000.0
V007465,C001120,Kia,Carens,2016,REG-V-007465,429000.0
V007466,C008879,Honda,Civic,2020,REG-V-007466,956000.0
V007467,C002999,Kia,Carens,2022,REG-V-007467,1479000.0
V007468,C007003,Tata,Harrier,2023,REG-V-007468,536000.0
V007469,C001176,Toyota,Glanza,2024,REG-V-007469,1536000.0
V007470,C001706,Honda,Amaze,2017,REG-V-007470,887000.0
V007471,C007538,Toyota,Glanza,2022,REG-V-007471,1101000.0
V007472,C009791,Mahindra,Scorpio,2021,REG-V-007472,1697000.0
V007473,C005070,Tata,Tiago,2013,REG-V-007473,244000.0
V007474,C000446,Kia,Seltos,2025,REG-V-007474,1823000.0
V007475,C002366,Kia,Seltos,2023,REG-V-007475,1081000.0
V007476,C002141,Mahindra,Scorpio,2020,REG-V-007476,963000.0
V007477,C009385,Toyota,Glanza,2018,REG-V-007477,1887000.0
V007478,C004210,Hyundai,Venue,2013,REG-V-007478,253000.0
V007479,C009489,Hyundai,i20,2024,REG-V-007479,1149000.0
V007480,C008633,Honda,Civic,2018,REG-V-007480,770000.0
V007481,C004530,Toyota,Glanza,2013,REG-V-007481,882000.0
V007482,C000265,Toyota,Innova,2017,REG-V-007482,1891000.0
V007483,C009733,Hyundai,Creta,2020,REG-V-007483,766000.0
V007484,C000102,Hyundai,Creta,2021,REG-V-007484,522000.0
V007485,C008603,Hyundai,i10,2019,REG-V-007485,788000.0
V007486,C004148,Tata,Harrier,2014,REG-V-007486,576000.0
V007487,C003001,Mahindra,Scorpio,2024,REG-V-007487,834000.0
V007488,C004100,Hyundai,i20,2016,REG-V-007488,469000.0
V007489,C003572,Maruti Suzuki,Swift,2020,REG-V-007489,518000.0
V007490,C006925,Toyota,Glanza,2018,REG-V-007490,866000.0
V007491,C005768,Honda,Amaze,2019,REG-V-007491,773000.0
V007492,C002582,Volkswagen,Polo,2023,REG-V-007492,876000.0
V007493,C005319,Kia,Seltos,2022,REG-V-007493,1359000.0
V007494,C004067,Volkswagen,Polo,2021,REG-V-007494,1023000.0
V007495,C009244,Toyota,Glanza,2022,REG-V-007495,1102000.0
V007496,C008979,Volkswagen,Taigun,2014,REG-V-007496,679000.0
V007497,C006220,Tata,Nexon,2024,REG-V-007497,623000.0
V007498,C009652,Tata,Punch,2017,REG-V-007498,574000.0
V007499,C003762,Volkswagen,Polo,2017,REG-V-007499,707000.0
V007500,C000891,Maruti Suzuki,Dzire,2019,REG-V-007500,579000.0
V007501,C000494,Volkswagen,Taigun,2023,REG-V-007501,1190000.0
V007502,C008370,Maruti Suzuki,Swift,2023,REG-V-007502,717000.0
V007503,C003838,Honda,Civic,2019,REG-V-007503,759000.0
V007504,C008637,Volkswagen,Virtus,2013,REG-V-007504,350000.0
V007505,C004614,Volkswagen,Polo,2014,REG-V-007505,365000.0
V007506,C000112,Mahindra,Bolero,2025,REG-V-007506,2034000.0
V007507,C005330,Toyota,Glanza,2025,REG-V-007507,1631000.0
V007508,C005984,Toyota,Fortuner,2014,REG-V-007508,1119000.0
V007509,C004539,Toyota,Innova,2023,REG-V-007509,1066000.0
V007510,C008418,Volkswagen,Polo,2020,REG-V-007510,916000.0
V007511,C006483,Hyundai,Verna,2014,REG-V-007511,280000.0
V007512,C003655,Kia,Seltos,2025,REG-V-007512,1582000.0
V007513,C007245,Hyundai,Creta,2018,REG-V-007513,801000.0
V007514,C003181,Volkswagen,Polo,2014,REG-V-007514,352000.0
V007515,C008423,Kia,Carens,2014,REG-V-007515,526000.0
V007516,C002797,Toyota,Fortuner,2013,REG-V-007516,913000.0
V007517,C006711,Kia,Seltos,2023,REG-V-007517,1176000.0
V007518,C004171,Hyundai,i20,2012,REG-V-007518,433000.0
V007519,C001022,Volkswagen,Virtus,2021,REG-V-007519,672000.0
V007520,C006335,Mahindra,Scorpio,2014,REG-V-007520,829000.0
V007521,C003834,Honda,Amaze,2020,REG-V-007521,1093000.0
V007522,C006388,Maruti Suzuki,Brezza,2017,REG-V-007522,332000.0
V007523,C005436,Honda,Civic,2018,REG-V-007523,758000.0
V007524,C000434,Tata,Nexon,2024,REG-V-007524,694000.0
V007525,C002059,Hyundai,Venue,2018,REG-V-007525,885000.0
V007526,C007047,Maruti Suzuki,Baleno,2016,REG-V-007526,471000.0
V007527,C004717,Hyundai,Creta,2023,REG-V-007527,1159000.0
V007528,C004702,Kia,Seltos,2015,REG-V-007528,688000.0
V007529,C000024,Kia,Seltos,2012,REG-V-007529,452000.0
V007530,C003014,Maruti Suzuki,Dzire,2021,REG-V-007530,440000.0
V007531,C006744,Toyota,Fortuner,2019,REG-V-007531,1234000.0
V007532,C008929,Kia,Seltos,2013,REG-V-007532,586000.0
V007533,C005782,Volkswagen,Polo,2015,REG-V-007533,417000.0
V007534,C005444,Maruti Suzuki,Brezza,2015,REG-V-007534,358000.0
V007535,C004742,Tata,Punch,2013,REG-V-007535,522000.0
V007536,C006827,Volkswagen,Polo,2025,REG-V-007536,1605000.0
V007537,C008045,Toyota,Innova,2017,REG-V-007537,960000.0
V007538,C002226,Hyundai,i20,2021,REG-V-007538,929000.0
V007539,C007187,Honda,City,2020,REG-V-007539,790000.0
V007540,C002458,Mahindra,XUV300,2021,REG-V-007540,1081000.0
V007541,C000329,Hyundai,Creta,2024,REG-V-007541,1409000.0
V007542,C000770,Honda,Civic,2021,REG-V-007542,907000.0
V007543,C000482,Maruti Suzuki,Dzire,2015,REG-V-007543,205000.0
V007544,C002798,Honda,Amaze,2021,REG-V-007544,801000.0
V007545,C001272,Honda,Amaze,2023,REG-V-007545,1411000.0
V007546,C000869,Maruti Suzuki,Swift,2012,REG-V-007546,243000.0
V007547,C001465,Maruti Suzuki,Baleno,2016,REG-V-007547,488000.0
V007548,C000393,Kia,Seltos,2014,REG-V-007548,378000.0
V007549,C003429,Honda,Amaze,2024,REG-V-007549,823000.0
V007550,C008276,Hyundai,Venue,2015,REG-V-007550,360000.0
V007551,C005577,Volkswagen,Virtus,2019,REG-V-007551,800000.0
V007552,C000677,Honda,City,2016,REG-V-007552,526000.0
V007553,C003759,Hyundai,i10,2018,REG-V-007553,823000.0
V007554,C004328,Honda,City,2025,REG-V-007554,1319000.0
V007555,C001722,Volkswagen,Taigun,2025,REG-V-007555,1202000.0
V007556,C003742,Hyundai,Creta,2021,REG-V-007556,663000.0
V007557,C003358,Kia,Sonet,2023,REG-V-007557,1808000.0
V007558,C004980,Volkswagen,Taigun,2019,REG-V-007558,1097000.0
V007559,C007013,Kia,Sonet,2020,REG-V-007559,914000.0
V007560,C004828,Honda,Amaze,2020,REG-V-007560,835000.0
V007561,C000765,Maruti Suzuki,Ertiga,2013,REG-V-007561,326000.0
V007562,C000571,Hyundai,Verna,2019,REG-V-007562,476000.0
V007563,C008939,Toyota,Glanza,2021,REG-V-007563,2255000.0
V007564,C006986,Toyota,Innova,2013,REG-V-007564,561000.0
V007565,C006609,Tata,Tiago,2018,REG-V-007565,535000.0
V007566,C009172,Honda,Civic,2019,REG-V-007566,782000.0
V007567,C005451,Volkswagen,Taigun,2013,REG-V-007567,538000.0
V007568,C000761,Hyundai,Verna,2016,REG-V-007568,382000.0
V007569,C007193,Volkswagen,Taigun,2021,REG-V-007569,891000.0
V007570,C001618,Hyundai,i20,2018,REG-V-007570,606000.0
V007571,C006706,Maruti Suzuki,Brezza,2021,REG-V-007571,393000.0
V007572,C004024,Mahindra,Bolero,2014,REG-V-007572,705000.0
V007573,C000297,Toyota,Innova,2012,REG-V-007573,1319000.0
V007574,C000575,Hyundai,i20,2021,REG-V-007574,705000.0
V007575,C003943,Maruti Suzuki,Swift,2025,REG-V-007575,800000.0
V007576,C005984,Kia,Carens,2016,REG-V-007576,713000.0
V007577,C001710,Honda,Civic,2018,REG-V-007577,914000.0
V007578,C001074,Maruti Suzuki,Ertiga,2024,REG-V-007578,723000.0
V007579,C003775,Tata,Tiago,2023,REG-V-007579,1224000.0
V007580,C008099,Hyundai,Creta,2017,REG-V-007580,526000.0
V007581,C007917,Maruti Suzuki,Ertiga,2019,REG-V-007581,443000.0
V007582,C006880,Toyota,Innova,2017,REG-V-007582,1236000.0
V007583,C004278,Kia,Carens,2020,REG-V-007583,922000.0
V007584,C004442,Kia,Carens,2017,REG-V-007584,1043000.0
V007585,C002283,Kia,Carens,2022,REG-V-007585,1426000.0
V007586,C001375,Mahindra,XUV700,2012,REG-V-007586,377000.0
V007587,C000166,Mahindra,Scorpio,2022,REG-V-007587,1756000.0
V007588,C008636,Honda,Civic,2022,REG-V-007588,1392000.0
V007589,C005007,Volkswagen,Polo,2021,REG-V-007589,1518000.0
V007590,C000031,Mahindra,Scorpio,2014,REG-V-007590,361000.0
V007591,C005339,Maruti Suzuki,Brezza,2023,REG-V-007591,778000.0
V007592,C002593,Hyundai,i10,2017,REG-V-007592,515000.0
V007593,C004300,Mahindra,XUV300,2025,REG-V-007593,1582000.0
V007594,C006767,Tata,Harrier,2012,REG-V-007594,287000.0
V007595,C008151,Toyota,Fortuner,2021,REG-V-007595,991000.0
V007596,C007047,Mahindra,Scorpio,2016,REG-V-007596,717000.0
V007597,C009014,Toyota,Glanza,2024,REG-V-007597,3132000.0
V007598,C002370,Tata,Punch,2025,REG-V-007598,818000.0
V007599,C006661,Kia,Sonet,2017,REG-V-007599,631000.0
V007600,C008954,Mahindra,Bolero,2023,REG-V-007600,2297000.0
V007601,C003067,Maruti Suzuki,Ertiga,2017,REG-V-007601,253000.0
V007602,C008059,Hyundai,Creta,2017,REG-V-007602,457000.0
V007603,C009422,Maruti Suzuki,Ertiga,2013,REG-V-007603,308000.0
V007604,C006482,Honda,City,2020,REG-V-007604,627000.0
V007605,C001638,Hyundai,Verna,2014,REG-V-007605,393000.0
V007606,C002621,Kia,Sonet,2020,REG-V-007606,728000.0
V007607,C006840,Mahindra,Bolero,2021,REG-V-007607,1633000.0
V007608,C008701,Volkswagen,Virtus,2012,REG-V-007608,445000.0
V007609,C000252,Tata,Tiago,2012,REG-V-007609,346000.0
V007610,C003247,Mahindra,Bolero,2020,REG-V-007610,811000.0
V007611,C002358,Tata,Tiago,2024,REG-V-007611,739000.0
V007612,C004234,Honda,City,2013,REG-V-007612,327000.0
V007613,C007753,Tata,Altroz,2021,REG-V-007613,1008000.0
V007614,C005073,Mahindra,Scorpio,2016,REG-V-007614,1083000.0
V007615,C005219,Toyota,Glanza,2016,REG-V-007615,1260000.0
V007616,C006139,Toyota,Innova,2014,REG-V-007616,1201000.0
V007617,C005190,Honda,City,2024,REG-V-007617,1174000.0
V007618,C006915,Kia,Sonet,2013,REG-V-007618,343000.0
V007619,C001078,Honda,Civic,2012,REG-V-007619,471000.0
V007620,C000242,Toyota,Innova,2024,REG-V-007620,2139000.0
V007621,C008318,Kia,Carens,2021,REG-V-007621,1359000.0
V007622,C004828,Kia,Seltos,2013,REG-V-007622,749000.0
V007623,C002974,Honda,Amaze,2020,REG-V-007623,1117000.0
V007624,C004563,Honda,Civic,2013,REG-V-007624,377000.0
V007625,C006539,Toyota,Glanza,2014,REG-V-007625,897000.0
V007626,C001213,Mahindra,XUV300,2021,REG-V-007626,1961000.0
V007627,C005274,Toyota,Innova,2020,REG-V-007627,1315000.0
V007628,C001107,Tata,Harrier,2025,REG-V-007628,779000.0
V007629,C008633,Kia,Sonet,2021,REG-V-007629,1284000.0
V007630,C005663,Volkswagen,Taigun,2012,REG-V-007630,718000.0
V007631,C008157,Hyundai,i20,2025,REG-V-007631,867000.0
V007632,C007264,Toyota,Fortuner,2020,REG-V-007632,1298000.0
V007633,C008199,Kia,Carens,2012,REG-V-007633,457000.0
V007634,C003412,Toyota,Glanza,2024,REG-V-007634,2867000.0
V007635,C001397,Mahindra,Scorpio,2013,REG-V-007635,626000.0
V007636,C008972,Honda,Civic,2019,REG-V-007636,1081000.0
V007637,C008901,Honda,City,2021,REG-V-007637,1196000.0
V007638,C008890,Honda,Civic,2025,REG-V-007638,995000.0
V007639,C009895,Kia,Seltos,2018,REG-V-007639,1210000.0
V007640,C005996,Kia,Seltos,2022,REG-V-007640,1264000.0
V007641,C005156,Tata,Punch,2022,REG-V-007641,1144000.0
V007642,C008034,Volkswagen,Taigun,2021,REG-V-007642,1420000.0
V007643,C001102,Mahindra,XUV300,2015,REG-V-007643,370000.0
V007644,C007909,Maruti Suzuki,Swift,2015,REG-V-007644,413000.0
V007645,C008167,Kia,Sonet,2021,REG-V-007645,979000.0
V007646,C005818,Mahindra,Bolero,2017,REG-V-007646,742000.0
V007647,C003887,Kia,Carens,2025,REG-V-007647,1877000.0
V007648,C006599,Honda,City,2014,REG-V-007648,426000.0
V007649,C009189,Toyota,Innova,2015,REG-V-007649,1160000.0
V007650,C001575,Tata,Altroz,2013,REG-V-007650,435000.0
V007651,C003098,Mahindra,XUV700,2017,REG-V-007651,489000.0
V007652,C006760,Volkswagen,Taigun,2022,REG-V-007652,1516000.0
V007653,C008368,Hyundai,i10,2012,REG-V-007653,436000.0
V007654,C006557,Mahindra,XUV300,2019,REG-V-007654,1447000.0
V007655,C005955,Tata,Tiago,2013,REG-V-007655,512000.0
V007656,C000874,Toyota,Innova,2025,REG-V-007656,1409000.0
V007657,C004366,Maruti Suzuki,Dzire,2014,REG-V-007657,266000.0
V007658,C008957,Maruti Suzuki,Brezza,2022,REG-V-007658,568000.0
V007659,C003625,Mahindra,XUV700,2016,REG-V-007659,614000.0
V007660,C003817,Kia,Carens,2019,REG-V-007660,673000.0
V007661,C003580,Hyundai,i10,2024,REG-V-007661,1281000.0
V007662,C003637,Honda,City,2017,REG-V-007662,631000.0
V007663,C004063,Tata,Punch,2020,REG-V-007663,1106000.0
V007664,C007802,Honda,City,2021,REG-V-007664,691000.0
V007665,C004575,Kia,Sonet,2023,REG-V-007665,1497000.0
V007666,C006115,Honda,Civic,2022,REG-V-007666,1143000.0
V007667,C004446,Volkswagen,Taigun,2017,REG-V-007667,659000.0
V007668,C008789,Mahindra,Bolero,2017,REG-V-007668,1278000.0
V007669,C001785,Maruti Suzuki,Baleno,2014,REG-V-007669,333000.0
V007670,C001228,Hyundai,Verna,2017,REG-V-007670,457000.0
V007671,C004092,Kia,Carens,2017,REG-V-007671,935000.0
V007672,C009747,Hyundai,Creta,2016,REG-V-007672,604000.0
V007673,C007040,Volkswagen,Taigun,2023,REG-V-007673,1578000.0
V007674,C006211,Hyundai,Creta,2020,REG-V-007674,987000.0
V007675,C003915,Maruti Suzuki,Swift,2020,REG-V-007675,731000.0
V007676,C002935,Kia,Seltos,2021,REG-V-007676,1518000.0
V007677,C009572,Tata,Harrier,2016,REG-V-007677,576000.0
V007678,C004296,Mahindra,Scorpio,2016,REG-V-007678,938000.0
V007679,C007159,Hyundai,Creta,2025,REG-V-007679,1340000.0
V007680,C008155,Volkswagen,Polo,2024,REG-V-007680,1480000.0
V007681,C006614,Toyota,Glanza,2025,REG-V-007681,2759000.0
V007682,C002349,Tata,Harrier,2016,REG-V-007682,591000.0
V007683,C002866,Volkswagen,Polo,2015,REG-V-007683,555000.0
V007684,C000247,Kia,Sonet,2025,REG-V-007684,1905000.0
V007685,C009692,Tata,Altroz,2025,REG-V-007685,1281000.0
V007686,C008384,Tata,Nexon,2022,REG-V-007686,910000.0
V007687,C004057,Volkswagen,Virtus,2017,REG-V-007687,538000.0
V007688,C008979,Volkswagen,Taigun,2018,REG-V-007688,1086000.0
V007689,C001530,Kia,Sonet,2025,REG-V-007689,1536000.0
V007690,C000439,Volkswagen,Virtus,2017,REG-V-007690,1055000.0
V007691,C001357,Toyota,Innova,2023,REG-V-007691,1479000.0
V007692,C008893,Tata,Tiago,2025,REG-V-007692,737000.0
V007693,C001598,Volkswagen,Polo,2019,REG-V-007693,1003000.0
V007694,C000707,Tata,Nexon,2015,REG-V-007694,392000.0
V007695,C001859,Volkswagen,Virtus,2013,REG-V-007695,559000.0
V007696,C004171,Mahindra,XUV300,2020,REG-V-007696,1457000.0
V007697,C005011,Tata,Tiago,2021,REG-V-007697,1062000.0
V007698,C002382,Mahindra,XUV700,2017,REG-V-007698,1361000.0
V007699,C008112,Hyundai,i10,2019,REG-V-007699,679000.0
V007700,C009598,Toyota,Innova,2012,REG-V-007700,1318000.0
V007701,C002891,Hyundai,i20,2012,REG-V-007701,353000.0
V007702,C009347,Toyota,Fortuner,2016,REG-V-007702,1031000.0
V007703,C008227,Mahindra,Bolero,2025,REG-V-007703,1127000.0
V007704,C008917,Maruti Suzuki,Swift,2020,REG-V-007704,632000.0
V007705,C000620,Hyundai,Verna,2014,REG-V-007705,260000.0
V007706,C008377,Volkswagen,Polo,2019,REG-V-007706,862000.0
V007707,C005902,Tata,Nexon,2013,REG-V-007707,270000.0
V007708,C000394,Volkswagen,Polo,2019,REG-V-007708,695000.0
V007709,C007603,Honda,Amaze,2020,REG-V-007709,1072000.0
V007710,C002438,Kia,Carens,2021,REG-V-007710,855000.0
V007711,C008033,Mahindra,XUV700,2016,REG-V-007711,496000.0
V007712,C006306,Mahindra,Bolero,2017,REG-V-007712,1264000.0
V007713,C004962,Kia,Sonet,2024,REG-V-007713,1909000.0
V007714,C000249,Honda,Amaze,2024,REG-V-007714,882000.0
V007715,C008953,Mahindra,XUV300,2014,REG-V-007715,846000.0
V007716,C001465,Honda,Amaze,2016,REG-V-007716,836000.0
V007717,C008343,Volkswagen,Taigun,2017,REG-V-007717,673000.0
V007718,C006914,Honda,City,2014,REG-V-007718,411000.0
V007719,C000720,Hyundai,Venue,2023,REG-V-007719,1069000.0
V007720,C005458,Tata,Punch,2020,REG-V-007720,558000.0
V007721,C009621,Honda,City,2019,REG-V-007721,789000.0
V007722,C009260,Maruti Suzuki,Dzire,2018,REG-V-007722,315000.0
V007723,C001452,Maruti Suzuki,Swift,2023,REG-V-007723,664000.0
V007724,C001729,Tata,Tiago,2025,REG-V-007724,1605000.0
V007725,C001529,Honda,Amaze,2013,REG-V-007725,511000.0
V007726,C007629,Toyota,Innova,2016,REG-V-007726,1543000.0
V007727,C001601,Hyundai,Creta,2016,REG-V-007727,682000.0
V007728,C000673,Honda,Amaze,2016,REG-V-007728,635000.0
V007729,C003915,Tata,Tiago,2013,REG-V-007729,614000.0
V007730,C009664,Tata,Punch,2014,REG-V-007730,497000.0
V007731,C003065,Volkswagen,Polo,2021,REG-V-007731,791000.0
V007732,C007300,Toyota,Fortuner,2020,REG-V-007732,1879000.0
V007733,C001432,Toyota,Fortuner,2019,REG-V-007733,2163000.0
V007734,C006255,Volkswagen,Polo,2022,REG-V-007734,1376000.0
V007735,C005858,Tata,Nexon,2012,REG-V-007735,295000.0
V007736,C009089,Tata,Nexon,2017,REG-V-007736,369000.0
V007737,C007217,Tata,Punch,2018,REG-V-007737,448000.0
V007738,C001202,Toyota,Innova,2013,REG-V-007738,1063000.0
V007739,C004064,Tata,Punch,2018,REG-V-007739,899000.0
V007740,C000008,Honda,Civic,2017,REG-V-007740,504000.0
V007741,C002430,Mahindra,XUV300,2021,REG-V-007741,1493000.0
V007742,C009709,Mahindra,XUV300,2019,REG-V-007742,1432000.0
V007743,C004582,Honda,Amaze,2014,REG-V-007743,535000.0
V007744,C008718,Tata,Tiago,2014,REG-V-007744,476000.0
V007745,C000252,Maruti Suzuki,Brezza,2015,REG-V-007745,217000.0
V007746,C008855,Toyota,Glanza,2021,REG-V-007746,2509000.0
V007747,C008952,Volkswagen,Polo,2022,REG-V-007747,887000.0
V007748,C006571,Toyota,Fortuner,2023,REG-V-007748,1551000.0
V007749,C001156,Toyota,Fortuner,2020,REG-V-007749,1457000.0
V007750,C008809,Toyota,Fortuner,2024,REG-V-007750,3154000.0
V007751,C009049,Tata,Punch,2016,REG-V-007751,624000.0
V007752,C002018,Tata,Tiago,2015,REG-V-007752,381000.0
V007753,C009421,Hyundai,i20,2012,REG-V-007753,452000.0
V007754,C008868,Maruti Suzuki,Swift,2016,REG-V-007754,247000.0
V007755,C002058,Honda,Civic,2012,REG-V-007755,388000.0
V007756,C003953,Tata,Tiago,2019,REG-V-007756,982000.0
V007757,C003356,Volkswagen,Taigun,2019,REG-V-007757,1101000.0
V007758,C005030,Tata,Harrier,2019,REG-V-007758,808000.0
V007759,C008950,Kia,Sonet,2023,REG-V-007759,1642000.0
V007760,C008793,Hyundai,Venue,2019,REG-V-007760,653000.0
V007761,C001751,Honda,Civic,2022,REG-V-007761,1364000.0
V007762,C005550,Honda,Civic,2013,REG-V-007762,325000.0
V007763,C005381,Volkswagen,Virtus,2016,REG-V-007763,469000.0
V007764,C004525,Tata,Punch,2012,REG-V-007764,534000.0
V007765,C007198,Mahindra,XUV300,2018,REG-V-007765,1326000.0
V007766,C006503,Toyota,Fortuner,2023,REG-V-007766,2751000.0
V007767,C002749,Honda,City,2022,REG-V-007767,1192000.0
V007768,C003479,Maruti Suzuki,Brezza,2025,REG-V-007768,976000.0
V007769,C008943,Mahindra,XUV700,2017,REG-V-007769,465000.0
V007770,C003240,Volkswagen,Virtus,2019,REG-V-007770,1183000.0
V007771,C004458,Hyundai,Venue,2020,REG-V-007771,609000.0
V007772,C009732,Mahindra,XUV300,2025,REG-V-007772,930000.0
V007773,C008617,Tata,Altroz,2016,REG-V-007773,293000.0
V007774,C007032,Maruti Suzuki,Ertiga,2015,REG-V-007774,201000.0
V007775,C003028,Kia,Seltos,2015,REG-V-007775,824000.0
V007776,C006326,Hyundai,i10,2012,REG-V-007776,438000.0
V007777,C006468,Toyota,Glanza,2024,REG-V-007777,1918000.0
V007778,C004131,Kia,Sonet,2014,REG-V-007778,370000.0
V007779,C000367,Maruti Suzuki,Swift,2022,REG-V-007779,669000.0
V007780,C003674,Toyota,Glanza,2023,REG-V-007780,2748000.0
V007781,C005116,Tata,Tiago,2014,REG-V-007781,523000.0
V007782,C009513,Hyundai,i10,2013,REG-V-007782,522000.0
V007783,C007331,Toyota,Fortuner,2014,REG-V-007783,984000.0
V007784,C001083,Mahindra,XUV700,2019,REG-V-007784,1165000.0
V007785,C003001,Volkswagen,Taigun,2022,REG-V-007785,1431000.0
V007786,C005256,Tata,Nexon,2017,REG-V-007786,331000.0
V007787,C004533,Kia,Sonet,2023,REG-V-007787,1230000.0
V007788,C000055,Hyundai,i10,2013,REG-V-007788,492000.0
V007789,C009383,Maruti Suzuki,Dzire,2012,REG-V-007789,311000.0
V007790,C009089,Maruti Suzuki,Dzire,2025,REG-V-007790,508000.0
V007791,C009271,Kia,Sonet,2014,REG-V-007791,330000.0
V007792,C004313,Volkswagen,Polo,2024,REG-V-007792,1857000.0
V007793,C008370,Hyundai,Creta,2012,REG-V-007793,556000.0
V007794,C007134,Honda,Amaze,2012,REG-V-007794,426000.0
V007795,C005148,Kia,Seltos,2013,REG-V-007795,611000.0
V007796,C000784,Mahindra,Bolero,2024,REG-V-007796,1123000.0
V007797,C001677,Kia,Sonet,2014,REG-V-007797,443000.0
V007798,C002406,Mahindra,XUV700,2024,REG-V-007798,1136000.0
V007799,C009011,Mahindra,XUV700,2024,REG-V-007799,2150000.0
V007800,C006703,Tata,Tiago,2021,REG-V-007800,1210000.0
V007801,C009825,Tata,Altroz,2021,REG-V-007801,908000.0
V007802,C005717,Volkswagen,Taigun,2024,REG-V-007802,1730000.0
V007803,C000865,Honda,Amaze,2018,REG-V-007803,1056000.0
V007804,C004816,Maruti Suzuki,Ertiga,2018,REG-V-007804,529000.0
V007805,C001117,Mahindra,Scorpio,2017,REG-V-007805,798000.0
V007806,C009065,Tata,Nexon,2016,REG-V-007806,583000.0
V007807,C002781,Toyota,Glanza,2024,REG-V-007807,2285000.0
V007808,C001983,Toyota,Glanza,2016,REG-V-007808,1081000.0
V007809,C005148,Mahindra,XUV700,2025,REG-V-007809,2257000.0
V007810,C008125,Mahindra,Scorpio,2015,REG-V-007810,781000.0
V007811,C005136,Hyundai,Creta,2014,REG-V-007811,339000.0
V007812,C000393,Volkswagen,Polo,2024,REG-V-007812,1549000.0
V007813,C007495,Maruti Suzuki,Brezza,2018,REG-V-007813,485000.0
V007814,C000348,Mahindra,XUV700,2018,REG-V-007814,1005000.0
V007815,C006087,Kia,Seltos,2018,REG-V-007815,917000.0
V007816,C006217,Volkswagen,Virtus,2020,REG-V-007816,748000.0
V007817,C002093,Kia,Sonet,2024,REG-V-007817,1054000.0
V007818,C004479,Hyundai,Verna,2019,REG-V-007818,564000.0
V007819,C000062,Tata,Altroz,2019,REG-V-007819,647000.0
V007820,C002829,Honda,City,2021,REG-V-007820,1139000.0
V007821,C006243,Maruti Suzuki,Dzire,2018,REG-V-007821,390000.0
V007822,C002834,Volkswagen,Virtus,2022,REG-V-007822,1445000.0
V007823,C000494,Volkswagen,Polo,2018,REG-V-007823,518000.0
V007824,C006790,Honda,City,2016,REG-V-007824,526000.0
V007825,C007488,Tata,Altroz,2016,REG-V-007825,284000.0
V007826,C008660,Hyundai,Creta,2012,REG-V-007826,486000.0
V007827,C008804,Maruti Suzuki,Swift,2014,REG-V-007827,217000.0
V007828,C005010,Mahindra,Bolero,2015,REG-V-007828,961000.0
V007829,C004089,Volkswagen,Taigun,2015,REG-V-007829,796000.0
V007830,C005900,Mahindra,XUV700,2024,REG-V-007830,2233000.0
V007831,C007990,Hyundai,i20,2021,REG-V-007831,1148000.0
V007832,C004791,Hyundai,i10,2020,REG-V-007832,800000.0
V007833,C009955,Mahindra,Bolero,2020,REG-V-007833,1360000.0
V007834,C006428,Mahindra,Bolero,2014,REG-V-007834,383000.0
V007835,C003063,Mahindra,Scorpio,2023,REG-V-007835,1390000.0
V007836,C008000,Kia,Seltos,2024,REG-V-007836,1464000.0
V007837,C001497,Mahindra,XUV300,2019,REG-V-007837,993000.0
V007838,C009391,Volkswagen,Virtus,2019,REG-V-007838,1077000.0
V007839,C003396,Mahindra,XUV700,2017,REG-V-007839,1155000.0
V007840,C006887,Hyundai,i10,2024,REG-V-007840,866000.0
V007841,C006295,Hyundai,Creta,2018,REG-V-007841,526000.0
V007842,C000964,Kia,Carens,2024,REG-V-007842,964000.0
V007843,C007271,Toyota,Innova,2014,REG-V-007843,505000.0
V007844,C003104,Maruti Suzuki,Swift,2015,REG-V-007844,353000.0
V007845,C003819,Kia,Seltos,2022,REG-V-007845,1056000.0
V007846,C000973,Volkswagen,Polo,2019,REG-V-007846,1044000.0
V007847,C008153,Honda,City,2021,REG-V-007847,740000.0
V007848,C008637,Mahindra,Scorpio,2023,REG-V-007848,1526000.0
V007849,C001349,Kia,Seltos,2012,REG-V-007849,350000.0
V007850,C008173,Mahindra,XUV700,2025,REG-V-007850,1665000.0
V007851,C009031,Maruti Suzuki,Baleno,2021,REG-V-007851,558000.0
V007852,C000983,Tata,Harrier,2022,REG-V-007852,955000.0
V007853,C009976,Honda,Amaze,2021,REG-V-007853,1270000.0
V007854,C000046,Maruti Suzuki,Swift,2019,REG-V-007854,501000.0
V007855,C008462,Maruti Suzuki,Baleno,2014,REG-V-007855,246000.0
V007856,C005620,Maruti Suzuki,Ertiga,2023,REG-V-007856,692000.0
V007857,C009579,Kia,Seltos,2018,REG-V-007857,760000.0
V007858,C003378,Toyota,Fortuner,2015,REG-V-007858,1234000.0
V007859,C003613,Kia,Seltos,2025,REG-V-007859,1752000.0
V007860,C008441,Toyota,Innova,2012,REG-V-007860,1053000.0
V007861,C007157,Kia,Seltos,2014,REG-V-007861,442000.0
V007862,C006044,Kia,Carens,2014,REG-V-007862,374000.0
V007863,C006489,Toyota,Fortuner,2020,REG-V-007863,1621000.0
V007864,C006866,Tata,Punch,2023,REG-V-007864,606000.0
V007865,C000497,Tata,Punch,2015,REG-V-007865,539000.0
V007866,C001175,Maruti Suzuki,Baleno,2020,REG-V-007866,676000.0
V007867,C001812,Toyota,Glanza,2018,REG-V-007867,906000.0
V007868,C001762,Mahindra,XUV700,2023,REG-V-007868,763000.0
V007869,C008468,Toyota,Glanza,2023,REG-V-007869,1494000.0
V007870,C003960,Kia,Carens,2016,REG-V-007870,547000.0
V007871,C004931,Mahindra,XUV300,2020,REG-V-007871,1066000.0
V007872,C000904,Honda,City,2019,REG-V-007872,1003000.0
V007873,C008752,Maruti Suzuki,Ertiga,2016,REG-V-007873,481000.0
V007874,C000104,Mahindra,XUV700,2015,REG-V-007874,511000.0
V007875,C000849,Tata,Altroz,2019,REG-V-007875,844000.0
V007876,C008166,Hyundai,i20,2025,REG-V-007876,1051000.0
V007877,C001309,Mahindra,XUV700,2019,REG-V-007877,1001000.0
V007878,C007995,Volkswagen,Taigun,2013,REG-V-007878,490000.0
V007879,C003507,Tata,Nexon,2020,REG-V-007879,440000.0
V007880,C007833,Maruti Suzuki,Dzire,2018,REG-V-007880,434000.0
V007881,C000519,Tata,Altroz,2024,REG-V-007881,1453000.0
V007882,C003404,Toyota,Fortuner,2024,REG-V-007882,1464000.0
V007883,C004847,Honda,City,2022,REG-V-007883,710000.0
V007884,C006302,Mahindra,Bolero,2017,REG-V-007884,506000.0
V007885,C008398,Kia,Sonet,2022,REG-V-007885,1560000.0
V007886,C002466,Honda,Civic,2021,REG-V-007886,944000.0
V007887,C006631,Maruti Suzuki,Dzire,2018,REG-V-007887,356000.0
V007888,C001507,Toyota,Glanza,2022,REG-V-007888,1883000.0
V007889,C008015,Honda,Amaze,2022,REG-V-007889,788000.0
V007890,C009368,Maruti Suzuki,Swift,2020,REG-V-007890,634000.0
V007891,C000490,Hyundai,Creta,2020,REG-V-007891,981000.0
V007892,C000806,Volkswagen,Virtus,2019,REG-V-007892,1026000.0
V007893,C007946,Kia,Sonet,2018,REG-V-007893,550000.0
V007894,C008859,Tata,Punch,2023,REG-V-007894,962000.0
V007895,C006522,Honda,Civic,2020,REG-V-007895,613000.0
V007896,C004640,Tata,Nexon,2013,REG-V-007896,276000.0
V007897,C007761,Mahindra,Bolero,2013,REG-V-007897,860000.0
V007898,C002986,Maruti Suzuki,Ertiga,2021,REG-V-007898,503000.0
V007899,C009923,Tata,Harrier,2012,REG-V-007899,239000.0
V007900,C008526,Volkswagen,Virtus,2017,REG-V-007900,691000.0
V007901,C008931,Toyota,Glanza,2022,REG-V-007901,2642000.0
V007902,C008593,Volkswagen,Virtus,2017,REG-V-007902,993000.0
V007903,C009364,Maruti Suzuki,Dzire,2025,REG-V-007903,999000.0
V007904,C000672,Mahindra,Bolero,2015,REG-V-007904,1002000.0
V007905,C009137,Toyota,Fortuner,2016,REG-V-007905,1182000.0
V007906,C002508,Kia,Seltos,2015,REG-V-007906,749000.0
V007907,C003596,Volkswagen,Polo,2019,REG-V-007907,663000.0
V007908,C003713,Hyundai,i20,2023,REG-V-007908,1239000.0
V007909,C002347,Mahindra,Bolero,2014,REG-V-007909,577000.0
V007910,C004416,Tata,Punch,2014,REG-V-007910,212000.0
V007911,C005096,Volkswagen,Taigun,2015,REG-V-007911,393000.0
V007912,C001479,Hyundai,Verna,2013,REG-V-007912,537000.0
V007913,C003599,Toyota,Fortuner,2012,REG-V-007913,448000.0
V007914,C003479,Mahindra,Bolero,2019,REG-V-007914,1426000.0
V007915,C006794,Toyota,Innova,2014,REG-V-007915,713000.0
V007916,C005855,Tata,Harrier,2024,REG-V-007916,1244000.0
V007917,C007213,Volkswagen,Taigun,2019,REG-V-007917,990000.0
V007918,C007917,Honda,Civic,2019,REG-V-007918,723000.0
V007919,C006715,Mahindra,Scorpio,2017,REG-V-007919,470000.0
V007920,C002433,Hyundai,i10,2025,REG-V-007920,1476000.0
V007921,C005070,Kia,Carens,2017,REG-V-007921,468000.0
V007922,C004702,Hyundai,Verna,2014,REG-V-007922,520000.0
V007923,C000765,Hyundai,i20,2018,REG-V-007923,740000.0
V007924,C008997,Hyundai,Venue,2018,REG-V-007924,722000.0
V007925,C000920,Toyota,Fortuner,2025,REG-V-007925,3278000.0
V007926,C009765,Toyota,Innova,2015,REG-V-007926,617000.0
V007927,C000328,Mahindra,Scorpio,2016,REG-V-007927,824000.0
V007928,C007351,Toyota,Glanza,2019,REG-V-007928,1515000.0
V007929,C002860,Kia,Sonet,2023,REG-V-007929,806000.0
V007930,C009095,Volkswagen,Polo,2025,REG-V-007930,1516000.0
V007931,C008288,Mahindra,XUV700,2019,REG-V-007931,1221000.0
V007932,C000267,Maruti Suzuki,Ertiga,2021,REG-V-007932,589000.0
V007933,C000233,Kia,Sonet,2022,REG-V-007933,1317000.0
V007934,C006073,Tata,Tiago,2024,REG-V-007934,985000.0
V007935,C001486,Maruti Suzuki,Ertiga,2012,REG-V-007935,269000.0
V007936,C000143,Maruti Suzuki,Swift,2022,REG-V-007936,784000.0
V007937,C009676,Kia,Sonet,2025,REG-V-007937,1021000.0
V007938,C006372,Toyota,Fortuner,2016,REG-V-007938,1321000.0
V007939,C000109,Mahindra,XUV300,2020,REG-V-007939,1826000.0
V007940,C004946,Maruti Suzuki,Ertiga,2025,REG-V-007940,579000.0
V007941,C001572,Mahindra,XUV700,2012,REG-V-007941,953000.0
V007942,C008110,Tata,Tiago,2018,REG-V-007942,547000.0
V007943,C000304,Mahindra,XUV300,2020,REG-V-007943,1801000.0
V007944,C003717,Hyundai,Verna,2023,REG-V-007944,873000.0
V007945,C002404,Toyota,Glanza,2013,REG-V-007945,948000.0
V007946,C009808,Kia,Carens,2022,REG-V-007946,1209000.0
V007947,C000793,Volkswagen,Taigun,2016,REG-V-007947,894000.0
V007948,C007255,Kia,Sonet,2023,REG-V-007948,1751000.0
V007949,C004820,Hyundai,i20,2025,REG-V-007949,1046000.0
V007950,C008213,Tata,Altroz,2015,REG-V-007950,662000.0
V007951,C002162,Volkswagen,Polo,2018,REG-V-007951,855000.0
V007952,C008596,Honda,City,2024,REG-V-007952,1032000.0
V007953,C009513,Kia,Carens,2024,REG-V-007953,990000.0
V007954,C002148,Tata,Harrier,2015,REG-V-007954,655000.0
V007955,C002446,Volkswagen,Polo,2017,REG-V-007955,631000.0
V007956,C009638,Maruti Suzuki,Dzire,2019,REG-V-007956,439000.0
V007957,C004371,Maruti Suzuki,Swift,2023,REG-V-007957,764000.0
V007958,C008390,Tata,Tiago,2018,REG-V-007958,721000.0
V007959,C008462,Maruti Suzuki,Brezza,2015,REG-V-007959,388000.0
V007960,C003097,Mahindra,Bolero,2016,REG-V-007960,842000.0
V007961,C001785,Mahindra,Scorpio,2021,REG-V-007961,807000.0
V007962,C003674,Honda,Civic,2019,REG-V-007962,877000.0
V007963,C005963,Hyundai,Venue,2017,REG-V-007963,454000.0
V007964,C005018,Hyundai,Venue,2017,REG-V-007964,598000.0
V007965,C007424,Mahindra,Scorpio,2016,REG-V-007965,905000.0
V007966,C005528,Mahindra,Bolero,2013,REG-V-007966,464000.0
V007967,C008112,Maruti Suzuki,Ertiga,2019,REG-V-007967,433000.0
V007968,C001049,Toyota,Fortuner,2014,REG-V-007968,1258000.0
V007969,C004419,Tata,Harrier,2024,REG-V-007969,1304000.0
V007970,C000168,Hyundai,Creta,2015,REG-V-007970,371000.0
V007971,C001202,Maruti Suzuki,Brezza,2025,REG-V-007971,738000.0
V007972,C003295,Volkswagen,Taigun,2020,REG-V-007972,893000.0
V007973,C009066,Tata,Altroz,2021,REG-V-007973,1062000.0
V007974,C003811,Mahindra,Scorpio,2012,REG-V-007974,381000.0
V007975,C002733,Maruti Suzuki,Ertiga,2013,REG-V-007975,373000.0
V007976,C006753,Toyota,Innova,2013,REG-V-007976,1321000.0
V007977,C007084,Volkswagen,Polo,2016,REG-V-007977,890000.0
V007978,C004847,Maruti Suzuki,Ertiga,2019,REG-V-007978,413000.0
V007979,C002872,Mahindra,Bolero,2018,REG-V-007979,1556000.0
V007980,C003005,Honda,City,2022,REG-V-007980,1214000.0
V007981,C001859,Kia,Seltos,2014,REG-V-007981,678000.0
V007982,C003635,Maruti Suzuki,Ertiga,2012,REG-V-007982,199000.0
V007983,C001682,Tata,Harrier,2012,REG-V-007983,382000.0
V007984,C006474,Kia,Seltos,2020,REG-V-007984,1451000.0
V007985,C009001,Tata,Punch,2013,REG-V-007985,303000.0
V007986,C002558,Maruti Suzuki,Baleno,2018,REG-V-007986,541000.0
V007987,C002440,Toyota,Fortuner,2015,REG-V-007987,1055000.0
V007988,C009032,Toyota,Glanza,2018,REG-V-007988,904000.0
V007989,C005734,Kia,Seltos,2018,REG-V-007989,701000.0
V007990,C007352,Hyundai,Verna,2014,REG-V-007990,306000.0
V007991,C008950,Honda,Amaze,2014,REG-V-007991,403000.0
V007992,C006697,Honda,City,2015,REG-V-007992,412000.0
V007993,C007488,Kia,Carens,2019,REG-V-007993,1085000.0
V007994,C003878,Honda,Civic,2017,REG-V-007994,497000.0
V007995,C009409,Mahindra,XUV300,2013,REG-V-007995,559000.0
V007996,C007088,Maruti Suzuki,Swift,2020,REG-V-007996,602000.0
V007997,C000740,Tata,Harrier,2025,REG-V-007997,1111000.0
V007998,C005990,Kia,Seltos,2023,REG-V-007998,1019000.0
V007999,C000949,Mahindra,Scorpio,2023,REG-V-007999,1669000.0
V008000,C005261,Maruti Suzuki,Swift,2017,REG-V-008000,459000.0
V008001,C000897,Maruti Suzuki,Ertiga,2022,REG-V-008001,675000.0
V008002,C006314,Honda,Civic,2022,REG-V-008002,1355000.0
V008003,C004587,Tata,Nexon,2020,REG-V-008003,1146000.0
V008004,C005572,Toyota,Innova,2015,REG-V-008004,1120000.0
V008005,C006528,Honda,City,2018,REG-V-008005,920000.0
V008006,C002523,Kia,Seltos,2025,REG-V-008006,1709000.0
V008007,C003178,Mahindra,Scorpio,2019,REG-V-008007,1464000.0
V008008,C004854,Toyota,Innova,2022,REG-V-008008,1175000.0
V008009,C005716,Tata,Punch,2013,REG-V-008009,252000.0
V008010,C009269,Mahindra,Bolero,2021,REG-V-008010,1842000.0
V008011,C003523,Kia,Sonet,2021,REG-V-008011,1457000.0
V008012,C005961,Hyundai,Venue,2018,REG-V-008012,811000.0
V008013,C009259,Volkswagen,Polo,2020,REG-V-008013,604000.0
V008014,C007229,Hyundai,i20,2018,REG-V-008014,837000.0
V008015,C003266,Kia,Sonet,2020,REG-V-008015,625000.0
V008016,C004166,Maruti Suzuki,Ertiga,2022,REG-V-008016,433000.0
V008017,C008841,Volkswagen,Polo,2019,REG-V-008017,737000.0
V008018,C004410,Mahindra,Scorpio,2018,REG-V-008018,925000.0
V008019,C002537,Maruti Suzuki,Baleno,2017,REG-V-008019,376000.0
V008020,C005269,Tata,Tiago,2014,REG-V-008020,611000.0
V008021,C001864,Volkswagen,Polo,2013,REG-V-008021,438000.0
V008022,C005869,Mahindra,Bolero,2015,REG-V-008022,718000.0
V008023,C009919,Kia,Carens,2017,REG-V-008023,567000.0
V008024,C009691,Maruti Suzuki,Ertiga,2022,REG-V-008024,555000.0
V008025,C006185,Hyundai,i10,2022,REG-V-008025,1117000.0
V008026,C008921,Hyundai,i20,2020,REG-V-008026,571000.0
V008027,C008197,Volkswagen,Polo,2018,REG-V-008027,698000.0
V008028,C009516,Volkswagen,Taigun,2015,REG-V-008028,443000.0
V008029,C008782,Maruti Suzuki,Baleno,2013,REG-V-008029,275000.0
V008030,C009049,Toyota,Glanza,2023,REG-V-008030,1430000.0
V008031,C002314,Hyundai,Verna,2023,REG-V-008031,612000.0
V008032,C001575,Volkswagen,Taigun,2022,REG-V-008032,959000.0
V008033,C000458,Volkswagen,Virtus,2021,REG-V-008033,909000.0
V008034,C006638,Maruti Suzuki,Ertiga,2013,REG-V-008034,224000.0
V008035,C009371,Honda,City,2013,REG-V-008035,628000.0
V008036,C009945,Volkswagen,Taigun,2021,REG-V-008036,935000.0
V008037,C008564,Mahindra,XUV300,2015,REG-V-008037,952000.0
V008038,C008357,Volkswagen,Virtus,2021,REG-V-008038,939000.0
V008039,C005227,Maruti Suzuki,Brezza,2021,REG-V-008039,638000.0
V008040,C004544,Honda,City,2014,REG-V-008040,323000.0
V008041,C006453,Maruti Suzuki,Brezza,2022,REG-V-008041,711000.0
V008042,C000241,Toyota,Innova,2012,REG-V-008042,804000.0
V008043,C008005,Tata,Punch,2023,REG-V-008043,988000.0
V008044,C006614,Kia,Sonet,2017,REG-V-008044,552000.0
V008045,C001699,Honda,Amaze,2015,REG-V-008045,666000.0
V008046,C006405,Tata,Tiago,2023,REG-V-008046,881000.0
V008047,C006033,Volkswagen,Virtus,2023,REG-V-008047,1130000.0
V008048,C007949,Volkswagen,Virtus,2020,REG-V-008048,711000.0
V008049,C008414,Tata,Harrier,2023,REG-V-008049,744000.0
V008050,C002552,Hyundai,Verna,2015,REG-V-008050,445000.0
V008051,C008191,Maruti Suzuki,Baleno,2025,REG-V-008051,727000.0
V008052,C001823,Kia,Carens,2012,REG-V-008052,515000.0
V008053,C003958,Maruti Suzuki,Swift,2018,REG-V-008053,325000.0
V008054,C004967,Hyundai,i20,2023,REG-V-008054,907000.0
V008055,C008109,Tata,Nexon,2022,REG-V-008055,656000.0
V008056,C009064,Toyota,Innova,2022,REG-V-008056,2846000.0
V008057,C000182,Toyota,Innova,2024,REG-V-008057,2716000.0
V008058,C007432,Tata,Nexon,2020,REG-V-008058,1068000.0
V008059,C008826,Honda,Amaze,2018,REG-V-008059,972000.0
V008060,C009548,Hyundai,Venue,2014,REG-V-008060,271000.0
V008061,C002686,Kia,Carens,2019,REG-V-008061,818000.0
V008062,C001728,Toyota,Glanza,2015,REG-V-008062,561000.0
V008063,C005039,Toyota,Fortuner,2013,REG-V-008063,1039000.0
V008064,C009063,Kia,Sonet,2022,REG-V-008064,1309000.0
V008065,C003142,Mahindra,XUV700,2014,REG-V-008065,339000.0
V008066,C005091,Honda,Amaze,2013,REG-V-008066,376000.0
V008067,C009958,Toyota,Glanza,2017,REG-V-008067,1199000.0
V008068,C004584,Hyundai,Creta,2024,REG-V-008068,1166000.0
V008069,C006323,Tata,Nexon,2015,REG-V-008069,602000.0
V008070,C009958,Honda,Civic,2018,REG-V-008070,626000.0
V008071,C003681,Mahindra,Bolero,2012,REG-V-008071,657000.0
V008072,C002729,Honda,Amaze,2013,REG-V-008072,632000.0
V008073,C002817,Volkswagen,Taigun,2025,REG-V-008073,1182000.0
V008074,C006218,Tata,Punch,2014,REG-V-008074,456000.0
V008075,C001622,Maruti Suzuki,Swift,2014,REG-V-008075,374000.0
V008076,C001642,Toyota,Fortuner,2014,REG-V-008076,626000.0
V008077,C002611,Honda,City,2017,REG-V-008077,900000.0
V008078,C005446,Tata,Punch,2012,REG-V-008078,477000.0
V008079,C008483,Tata,Punch,2014,REG-V-008079,282000.0
V008080,C005340,Tata,Punch,2023,REG-V-008080,1325000.0
V008081,C007905,Kia,Seltos,2015,REG-V-008081,569000.0
V008082,C009582,Toyota,Glanza,2012,REG-V-008082,698000.0
V008083,C007462,Kia,Seltos,2021,REG-V-008083,1074000.0
V008084,C006473,Kia,Sonet,2023,REG-V-008084,1803000.0
V008085,C000083,Hyundai,Venue,2019,REG-V-008085,969000.0
V008086,C004498,Toyota,Fortuner,2014,REG-V-008086,469000.0
V008087,C002687,Tata,Harrier,2013,REG-V-008087,600000.0
V008088,C005154,Honda,City,2018,REG-V-008088,753000.0
V008089,C009522,Honda,Amaze,2018,REG-V-008089,1007000.0
V008090,C003188,Honda,Amaze,2020,REG-V-008090,1137000.0
V008091,C001601,Mahindra,XUV700,2018,REG-V-008091,1536000.0
V008092,C008306,Volkswagen,Taigun,2025,REG-V-008092,1965000.0
V008093,C009908,Volkswagen,Taigun,2021,REG-V-008093,711000.0
V008094,C007874,Mahindra,XUV700,2015,REG-V-008094,946000.0
V008095,C001389,Maruti Suzuki,Baleno,2013,REG-V-008095,298000.0
V008096,C005545,Toyota,Fortuner,2020,REG-V-008096,1449000.0
V008097,C004070,Tata,Tiago,2017,REG-V-008097,770000.0
V008098,C006376,Hyundai,Creta,2012,REG-V-008098,509000.0
V008099,C006735,Kia,Carens,2019,REG-V-008099,650000.0
V008100,C008125,Volkswagen,Taigun,2023,REG-V-008100,1061000.0
V008101,C002423,Hyundai,Creta,2012,REG-V-008101,471000.0
V008102,C009646,Hyundai,i10,2025,REG-V-008102,1216000.0
V008103,C002165,Honda,City,2021,REG-V-008103,827000.0
V008104,C001241,Honda,Amaze,2012,REG-V-008104,584000.0
V008105,C008337,Volkswagen,Polo,2021,REG-V-008105,1025000.0
V008106,C004670,Mahindra,Scorpio,2013,REG-V-008106,516000.0
V008107,C004940,Toyota,Innova,2012,REG-V-008107,1027000.0
V008108,C003171,Mahindra,XUV300,2024,REG-V-008108,1285000.0
V008109,C000481,Hyundai,i20,2018,REG-V-008109,802000.0
V008110,C001940,Honda,City,2019,REG-V-008110,1134000.0
V008111,C007689,Tata,Nexon,2025,REG-V-008111,1319000.0
V008112,C002269,Mahindra,Bolero,2015,REG-V-008112,512000.0
V008113,C009932,Volkswagen,Virtus,2025,REG-V-008113,1230000.0
V008114,C007935,Tata,Harrier,2022,REG-V-008114,553000.0
V008115,C008533,Tata,Altroz,2016,REG-V-008115,364000.0
V008116,C008783,Honda,City,2021,REG-V-008116,923000.0
V008117,C007245,Hyundai,i20,2025,REG-V-008117,934000.0
V008118,C004698,Toyota,Innova,2015,REG-V-008118,965000.0
V008119,C009209,Volkswagen,Virtus,2020,REG-V-008119,999000.0
V008120,C004292,Mahindra,XUV300,2019,REG-V-008120,1220000.0
V008121,C000963,Mahindra,XUV300,2022,REG-V-008121,1685000.0
V008122,C006000,Maruti Suzuki,Ertiga,2012,REG-V-008122,229000.0
V008123,C001059,Hyundai,Verna,2018,REG-V-008123,405000.0
V008124,C006591,Tata,Punch,2019,REG-V-008124,692000.0
V008125,C009977,Tata,Tiago,2024,REG-V-008125,832000.0
V008126,C006799,Volkswagen,Virtus,2023,REG-V-008126,1267000.0
V008127,C002113,Toyota,Fortuner,2018,REG-V-008127,1890000.0
V008128,C001383,Maruti Suzuki,Brezza,2020,REG-V-008128,719000.0
V008129,C003567,Toyota,Glanza,2014,REG-V-008129,1200000.0
V008130,C001449,Honda,Amaze,2016,REG-V-008130,793000.0
V008131,C005746,Toyota,Innova,2012,REG-V-008131,1210000.0
V008132,C007909,Tata,Nexon,2012,REG-V-008132,575000.0
V008133,C006623,Honda,City,2019,REG-V-008133,946000.0
V008134,C006219,Mahindra,XUV300,2012,REG-V-008134,872000.0
V008135,C004391,Honda,City,2013,REG-V-008135,659000.0
V008136,C001725,Kia,Carens,2021,REG-V-008136,1529000.0
V008137,C006431,Maruti Suzuki,Ertiga,2022,REG-V-008137,763000.0
V008138,C004212,Volkswagen,Virtus,2021,REG-V-008138,1513000.0
V008139,C003041,Hyundai,Venue,2017,REG-V-008139,741000.0
V008140,C006638,Honda,Civic,2021,REG-V-008140,757000.0
V008141,C003798,Tata,Punch,2013,REG-V-008141,217000.0
V008142,C001683,Toyota,Fortuner,2019,REG-V-008142,1112000.0
V008143,C004869,Maruti Suzuki,Baleno,2025,REG-V-008143,632000.0
V008144,C002875,Volkswagen,Polo,2024,REG-V-008144,1371000.0
V008145,C007393,Volkswagen,Taigun,2019,REG-V-008145,859000.0
V008146,C000487,Mahindra,XUV700,2012,REG-V-008146,908000.0
V008147,C008569,Honda,Civic,2013,REG-V-008147,642000.0
V008148,C004642,Hyundai,Verna,2018,REG-V-008148,407000.0
V008149,C000167,Tata,Punch,2019,REG-V-008149,678000.0
V008150,C001342,Kia,Carens,2023,REG-V-008150,1189000.0
V008151,C009470,Volkswagen,Polo,2023,REG-V-008151,1634000.0
V008152,C005400,Hyundai,Verna,2014,REG-V-008152,540000.0
V008153,C007754,Honda,City,2020,REG-V-008153,668000.0
V008154,C008886,Volkswagen,Polo,2019,REG-V-008154,580000.0
V008155,C003188,Mahindra,Scorpio,2016,REG-V-008155,565000.0
V008156,C005509,Kia,Carens,2024,REG-V-008156,1483000.0
V008157,C006541,Tata,Altroz,2022,REG-V-008157,1390000.0
V008158,C008455,Tata,Harrier,2023,REG-V-008158,1415000.0
V008159,C004216,Volkswagen,Polo,2018,REG-V-008159,1069000.0
V008160,C009527,Tata,Nexon,2021,REG-V-008160,770000.0
V008161,C006115,Toyota,Fortuner,2013,REG-V-008161,928000.0
V008162,C008789,Honda,City,2018,REG-V-008162,759000.0
V008163,C000849,Mahindra,Scorpio,2021,REG-V-008163,897000.0
V008164,C004671,Honda,Civic,2014,REG-V-008164,556000.0
V008165,C001787,Tata,Tiago,2021,REG-V-008165,1229000.0
V008166,C009161,Hyundai,Creta,2020,REG-V-008166,1044000.0
V008167,C002371,Volkswagen,Virtus,2024,REG-V-008167,1382000.0
V008168,C007178,Mahindra,Scorpio,2025,REG-V-008168,959000.0
V008169,C000655,Hyundai,i20,2018,REG-V-008169,419000.0
V008170,C002017,Kia,Carens,2024,REG-V-008170,910000.0
V008171,C003183,Hyundai,i20,2021,REG-V-008171,982000.0
V008172,C007895,Tata,Altroz,2020,REG-V-008172,1133000.0
V008173,C002529,Honda,Amaze,2012,REG-V-008173,515000.0
V008174,C008216,Toyota,Innova,2017,REG-V-008174,1445000.0
V008175,C007954,Toyota,Glanza,2012,REG-V-008175,521000.0
V008176,C009929,Volkswagen,Polo,2018,REG-V-008176,902000.0
V008177,C006819,Hyundai,Verna,2012,REG-V-008177,555000.0
V008178,C006428,Tata,Punch,2017,REG-V-008178,476000.0
V008179,C006053,Hyundai,Verna,2021,REG-V-008179,1098000.0
V008180,C001097,Toyota,Glanza,2013,REG-V-008180,470000.0
V008181,C005166,Mahindra,XUV300,2025,REG-V-008181,1239000.0
V008182,C008562,Honda,Civic,2022,REG-V-008182,1480000.0
V008183,C000221,Kia,Carens,2018,REG-V-008183,618000.0
V008184,C001267,Volkswagen,Virtus,2023,REG-V-008184,876000.0
V008185,C006044,Toyota,Fortuner,2013,REG-V-008185,744000.0
V008186,C008514,Hyundai,i10,2015,REG-V-008186,595000.0
V008187,C003056,Honda,Civic,2016,REG-V-008187,463000.0
V008188,C008764,Hyundai,Verna,2014,REG-V-008188,423000.0
V008189,C003367,Hyundai,i10,2015,REG-V-008189,427000.0
V008190,C004693,Mahindra,Scorpio,2025,REG-V-008190,1817000.0
V008191,C009538,Tata,Altroz,2019,REG-V-008191,861000.0
V008192,C004196,Honda,Amaze,2017,REG-V-008192,481000.0
V008193,C006033,Toyota,Fortuner,2015,REG-V-008193,1040000.0
V008194,C009390,Tata,Tiago,2021,REG-V-008194,828000.0
V008195,C002657,Volkswagen,Polo,2015,REG-V-008195,437000.0
V008196,C000923,Kia,Seltos,2013,REG-V-008196,459000.0
V008197,C009587,Hyundai,i20,2013,REG-V-008197,484000.0
V008198,C005635,Tata,Altroz,2023,REG-V-008198,959000.0
V008199,C009657,Hyundai,i20,2020,REG-V-008199,966000.0
V008200,C008710,Volkswagen,Taigun,2012,REG-V-008200,570000.0
V008201,C005984,Kia,Carens,2013,REG-V-008201,497000.0
V008202,C004752,Volkswagen,Taigun,2020,REG-V-008202,1099000.0
V008203,C004838,Mahindra,Bolero,2016,REG-V-008203,804000.0
V008204,C001660,Volkswagen,Virtus,2012,REG-V-008204,618000.0
V008205,C004556,Honda,Civic,2017,REG-V-008205,467000.0
V008206,C008271,Kia,Sonet,2024,REG-V-008206,971000.0
V008207,C009891,Hyundai,i10,2018,REG-V-008207,456000.0
V008208,C009602,Mahindra,Bolero,2013,REG-V-008208,500000.0
V008209,C009624,Kia,Seltos,2013,REG-V-008209,720000.0
V008210,C000201,Maruti Suzuki,Swift,2013,REG-V-008210,383000.0
V008211,C005190,Kia,Seltos,2018,REG-V-008211,1012000.0
V008212,C002011,Toyota,Innova,2016,REG-V-008212,1073000.0
V008213,C006204,Volkswagen,Taigun,2016,REG-V-008213,600000.0
V008214,C009471,Maruti Suzuki,Ertiga,2023,REG-V-008214,584000.0
V008215,C008816,Mahindra,XUV700,2017,REG-V-008215,1104000.0
V008216,C008708,Hyundai,i10,2025,REG-V-008216,856000.0
V008217,C003665,Honda,Amaze,2022,REG-V-008217,1422000.0
V008218,C005060,Hyundai,i20,2024,REG-V-008218,936000.0
V008219,C002810,Hyundai,i20,2015,REG-V-008219,500000.0
V008220,C005578,Toyota,Glanza,2020,REG-V-008220,1320000.0
V008221,C003023,Kia,Seltos,2023,REG-V-008221,1597000.0
V008222,C008141,Maruti Suzuki,Brezza,2019,REG-V-008222,408000.0
V008223,C004678,Tata,Tiago,2019,REG-V-008223,971000.0
V008224,C007047,Volkswagen,Polo,2020,REG-V-008224,1097000.0
V008225,C008780,Tata,Harrier,2024,REG-V-008225,1311000.0
V008226,C002986,Hyundai,Creta,2019,REG-V-008226,733000.0
V008227,C006267,Hyundai,Verna,2013,REG-V-008227,467000.0
V008228,C008502,Tata,Altroz,2015,REG-V-008228,647000.0
V008229,C009518,Hyundai,i10,2016,REG-V-008229,470000.0
V008230,C001626,Toyota,Glanza,2016,REG-V-008230,1584000.0
V008231,C006855,Tata,Punch,2013,REG-V-008231,382000.0
V008232,C004384,Kia,Seltos,2024,REG-V-008232,1301000.0
V008233,C002844,Toyota,Fortuner,2015,REG-V-008233,1476000.0
V008234,C001572,Maruti Suzuki,Swift,2019,REG-V-008234,536000.0
V008235,C005898,Kia,Seltos,2017,REG-V-008235,734000.0
V008236,C003324,Mahindra,XUV300,2017,REG-V-008236,909000.0
V008237,C006727,Maruti Suzuki,Dzire,2017,REG-V-008237,356000.0
V008238,C002802,Kia,Carens,2024,REG-V-008238,929000.0
V008239,C000009,Mahindra,Bolero,2021,REG-V-008239,1989000.0
V008240,C007742,Mahindra,Scorpio,2017,REG-V-008240,1105000.0
V008241,C001609,Mahindra,XUV300,2014,REG-V-008241,925000.0
V008242,C002544,Kia,Seltos,2016,REG-V-008242,898000.0
V008243,C002375,Mahindra,XUV300,2020,REG-V-008243,1483000.0
V008244,C003413,Honda,Amaze,2016,REG-V-008244,520000.0
V008245,C004891,Toyota,Innova,2020,REG-V-008245,1812000.0
V008246,C008171,Maruti Suzuki,Ertiga,2024,REG-V-008246,598000.0
V008247,C006540,Mahindra,XUV700,2019,REG-V-008247,1456000.0
V008248,C001451,Tata,Nexon,2018,REG-V-008248,852000.0
V008249,C001839,Tata,Punch,2017,REG-V-008249,746000.0
V008250,C008516,Mahindra,Scorpio,2023,REG-V-008250,1837000.0
V008251,C002517,Mahindra,XUV300,2023,REG-V-008251,1625000.0
V008252,C002207,Hyundai,Venue,2018,REG-V-008252,896000.0
V008253,C000036,Maruti Suzuki,Dzire,2024,REG-V-008253,936000.0
V008254,C007810,Mahindra,XUV700,2013,REG-V-008254,541000.0
V008255,C007446,Honda,City,2014,REG-V-008255,511000.0
V008256,C003476,Maruti Suzuki,Baleno,2016,REG-V-008256,270000.0
V008257,C000069,Hyundai,i20,2017,REG-V-008257,531000.0
V008258,C007930,Maruti Suzuki,Baleno,2020,REG-V-008258,420000.0
V008259,C001006,Volkswagen,Taigun,2013,REG-V-008259,429000.0
V008260,C004635,Hyundai,i20,2016,REG-V-008260,379000.0
V008261,C008440,Toyota,Glanza,2023,REG-V-008261,1654000.0
V008262,C002463,Mahindra,Bolero,2025,REG-V-008262,1990000.0
V008263,C003805,Volkswagen,Taigun,2025,REG-V-008263,1096000.0
V008264,C006656,Tata,Nexon,2018,REG-V-008264,616000.0
V008265,C006776,Tata,Tiago,2017,REG-V-008265,385000.0
V008266,C004665,Hyundai,i10,2020,REG-V-008266,808000.0
V008267,C004366,Honda,Amaze,2024,REG-V-008267,1122000.0
V008268,C004213,Honda,Civic,2013,REG-V-008268,592000.0
V008269,C004898,Volkswagen,Virtus,2018,REG-V-008269,837000.0
V008270,C003465,Volkswagen,Virtus,2024,REG-V-008270,1788000.0
V008271,C002579,Honda,Amaze,2019,REG-V-008271,617000.0
V008272,C003145,Kia,Carens,2013,REG-V-008272,634000.0
V008273,C004816,Toyota,Innova,2023,REG-V-008273,1503000.0
V008274,C003826,Mahindra,XUV300,2015,REG-V-008274,626000.0
V008275,C005900,Honda,Civic,2022,REG-V-008275,1288000.0
V008276,C006349,Mahindra,Bolero,2022,REG-V-008276,1934000.0
V008277,C009967,Tata,Nexon,2014,REG-V-008277,377000.0
V008278,C006203,Volkswagen,Taigun,2019,REG-V-008278,1151000.0
V008279,C007403,Hyundai,i10,2025,REG-V-008279,1125000.0
V008280,C000993,Toyota,Glanza,2017,REG-V-008280,671000.0
V008281,C007672,Kia,Sonet,2015,REG-V-008281,598000.0
V008282,C005124,Mahindra,XUV700,2012,REG-V-008282,691000.0
V008283,C008708,Volkswagen,Polo,2017,REG-V-008283,938000.0
V008284,C009705,Honda,Civic,2015,REG-V-008284,718000.0
V008285,C002321,Honda,Civic,2018,REG-V-008285,633000.0
V008286,C009318,Tata,Tiago,2013,REG-V-008286,577000.0
V008287,C006761,Toyota,Innova,2017,REG-V-008287,1593000.0
V008288,C007454,Mahindra,Bolero,2015,REG-V-008288,641000.0
V008289,C004764,Honda,City,2017,REG-V-008289,957000.0
V008290,C003551,Kia,Carens,2025,REG-V-008290,936000.0
V008291,C008064,Kia,Carens,2018,REG-V-008291,1181000.0
V008292,C000233,Toyota,Glanza,2020,REG-V-008292,1601000.0
V008293,C005443,Hyundai,Venue,2024,REG-V-008293,1161000.0
V008294,C000763,Kia,Carens,2013,REG-V-008294,740000.0
V008295,C002563,Tata,Altroz,2017,REG-V-008295,587000.0
V008296,C007307,Hyundai,Venue,2015,REG-V-008296,487000.0
V008297,C007614,Mahindra,Bolero,2016,REG-V-008297,452000.0
V008298,C008950,Volkswagen,Virtus,2018,REG-V-008298,627000.0
V008299,C007208,Honda,City,2016,REG-V-008299,746000.0
V008300,C006794,Kia,Seltos,2025,REG-V-008300,1573000.0
V008301,C009467,Volkswagen,Polo,2013,REG-V-008301,569000.0
V008302,C005408,Tata,Altroz,2020,REG-V-008302,436000.0
V008303,C006574,Tata,Tiago,2017,REG-V-008303,787000.0
V008304,C008726,Volkswagen,Polo,2015,REG-V-008304,520000.0
V008305,C007706,Honda,Civic,2012,REG-V-008305,451000.0
V008306,C007769,Tata,Harrier,2021,REG-V-008306,465000.0
V008307,C005398,Hyundai,i20,2015,REG-V-008307,371000.0
V008308,C005322,Maruti Suzuki,Dzire,2018,REG-V-008308,564000.0
V008309,C006526,Maruti Suzuki,Swift,2022,REG-V-008309,394000.0
V008310,C007048,Tata,Nexon,2018,REG-V-008310,353000.0
V008311,C005502,Honda,City,2020,REG-V-008311,1230000.0
V008312,C001859,Kia,Sonet,2017,REG-V-008312,640000.0
V008313,C002507,Tata,Altroz,2018,REG-V-008313,590000.0
V008314,C004971,Mahindra,XUV300,2024,REG-V-008314,1568000.0
V008315,C002049,Tata,Tiago,2013,REG-V-008315,608000.0
V008316,C004253,Volkswagen,Polo,2013,REG-V-008316,427000.0
V008317,C001461,Hyundai,Creta,2015,REG-V-008317,381000.0
V008318,C001451,Mahindra,XUV300,2014,REG-V-008318,544000.0
V008319,C008470,Honda,City,2020,REG-V-008319,1266000.0
V008320,C005458,Kia,Sonet,2016,REG-V-008320,435000.0
V008321,C007877,Maruti Suzuki,Ertiga,2022,REG-V-008321,593000.0
V008322,C000118,Honda,Amaze,2016,REG-V-008322,617000.0
V008323,C002845,Maruti Suzuki,Swift,2012,REG-V-008323,370000.0
V008324,C000186,Toyota,Fortuner,2024,REG-V-008324,2776000.0
V008325,C000033,Toyota,Fortuner,2021,REG-V-008325,2114000.0
V008326,C000332,Volkswagen,Polo,2019,REG-V-008326,763000.0
V008327,C005254,Kia,Carens,2023,REG-V-008327,1358000.0
V008328,C000916,Kia,Carens,2016,REG-V-008328,633000.0
V008329,C008049,Honda,Amaze,2013,REG-V-008329,480000.0
V008330,C005198,Hyundai,Venue,2012,REG-V-008330,499000.0
V008331,C002474,Mahindra,Scorpio,2017,REG-V-008331,1304000.0
V008332,C008424,Honda,Amaze,2017,REG-V-008332,694000.0
V008333,C005129,Tata,Punch,2018,REG-V-008333,629000.0
V008334,C003509,Kia,Seltos,2018,REG-V-008334,862000.0
V008335,C005733,Mahindra,Bolero,2020,REG-V-008335,1156000.0
V008336,C006769,Toyota,Glanza,2021,REG-V-008336,2072000.0
V008337,C005625,Tata,Altroz,2017,REG-V-008337,897000.0
V008338,C009363,Honda,Amaze,2020,REG-V-008338,1138000.0
V008339,C003541,Maruti Suzuki,Dzire,2021,REG-V-008339,591000.0
V008340,C004117,Tata,Nexon,2020,REG-V-008340,650000.0
V008341,C008628,Mahindra,XUV300,2015,REG-V-008341,851000.0
V008342,C006428,Honda,Amaze,2016,REG-V-008342,623000.0
V008343,C009660,Tata,Punch,2023,REG-V-008343,1178000.0
V008344,C007984,Honda,City,2014,REG-V-008344,401000.0
V008345,C005161,Volkswagen,Virtus,2012,REG-V-008345,388000.0
V008346,C006396,Tata,Harrier,2023,REG-V-008346,664000.0
V008347,C004078,Kia,Sonet,2014,REG-V-008347,389000.0
V008348,C001276,Honda,Civic,2016,REG-V-008348,454000.0
V008349,C004086,Tata,Nexon,2023,REG-V-008349,1258000.0
V008350,C002806,Tata,Tiago,2017,REG-V-008350,648000.0
V008351,C006824,Hyundai,i20,2024,REG-V-008351,888000.0
V008352,C006742,Volkswagen,Taigun,2014,REG-V-008352,464000.0
V008353,C009402,Honda,Civic,2024,REG-V-008353,909000.0
V008354,C000804,Mahindra,Bolero,2014,REG-V-008354,822000.0
V008355,C004716,Tata,Tiago,2021,REG-V-008355,691000.0
V008356,C004006,Maruti Suzuki,Swift,2012,REG-V-008356,201000.0
V008357,C005318,Volkswagen,Polo,2024,REG-V-008357,815000.0
V008358,C001193,Honda,Civic,2021,REG-V-008358,945000.0
V008359,C004953,Toyota,Fortuner,2024,REG-V-008359,1834000.0
V008360,C006607,Volkswagen,Taigun,2012,REG-V-008360,485000.0
V008361,C003120,Toyota,Fortuner,2022,REG-V-008361,1876000.0
V008362,C006542,Honda,Civic,2016,REG-V-008362,651000.0
V008363,C002665,Toyota,Glanza,2025,REG-V-008363,2449000.0
V008364,C003703,Tata,Altroz,2023,REG-V-008364,900000.0
V008365,C009125,Volkswagen,Polo,2021,REG-V-008365,1091000.0
V008366,C000268,Honda,Civic,2024,REG-V-008366,1560000.0
V008367,C002729,Kia,Carens,2021,REG-V-008367,914000.0
V008368,C009391,Honda,Amaze,2018,REG-V-008368,683000.0
V008369,C001460,Hyundai,i10,2019,REG-V-008369,710000.0
V008370,C003990,Maruti Suzuki,Dzire,2017,REG-V-008370,487000.0
V008371,C004561,Mahindra,Bolero,2022,REG-V-008371,1700000.0
V008372,C006563,Maruti Suzuki,Dzire,2018,REG-V-008372,487000.0
V008373,C006162,Toyota,Innova,2025,REG-V-008373,2432000.0
V008374,C006311,Toyota,Glanza,2014,REG-V-008374,979000.0
V008375,C009423,Kia,Carens,2023,REG-V-008375,1026000.0
V008376,C003945,Maruti Suzuki,Swift,2016,REG-V-008376,372000.0
V008377,C004934,Hyundai,Verna,2025,REG-V-008377,1054000.0
V008378,C009640,Mahindra,Scorpio,2025,REG-V-008378,1464000.0
V008379,C001281,Maruti Suzuki,Ertiga,2017,REG-V-008379,283000.0
V008380,C009495,Kia,Sonet,2012,REG-V-008380,764000.0
V008381,C009495,Volkswagen,Virtus,2015,REG-V-008381,369000.0
V008382,C009543,Mahindra,Scorpio,2022,REG-V-008382,1224000.0
V008383,C000697,Maruti Suzuki,Dzire,2023,REG-V-008383,472000.0
V008384,C005821,Maruti Suzuki,Dzire,2023,REG-V-008384,695000.0
V008385,C008420,Hyundai,Verna,2023,REG-V-008385,831000.0
V008386,C003119,Hyundai,i10,2023,REG-V-008386,1025000.0
V008387,C005952,Honda,Civic,2020,REG-V-008387,975000.0
V008388,C002579,Hyundai,i10,2022,REG-V-008388,667000.0
V008389,C001297,Mahindra,Scorpio,2015,REG-V-008389,1078000.0
V008390,C008564,Maruti Suzuki,Ertiga,2024,REG-V-008390,494000.0
V008391,C009809,Mahindra,XUV300,2023,REG-V-008391,2282000.0
V008392,C000720,Toyota,Glanza,2019,REG-V-008392,1069000.0
V008393,C001209,Mahindra,XUV300,2024,REG-V-008393,1698000.0
V008394,C005932,Volkswagen,Virtus,2017,REG-V-008394,924000.0
V008395,C000877,Kia,Seltos,2017,REG-V-008395,1020000.0
V008396,C006349,Kia,Seltos,2016,REG-V-008396,412000.0
V008397,C007251,Toyota,Innova,2014,REG-V-008397,1130000.0
V008398,C004165,Volkswagen,Taigun,2017,REG-V-008398,993000.0
V008399,C007629,Honda,Civic,2013,REG-V-008399,491000.0
V008400,C001128,Volkswagen,Polo,2023,REG-V-008400,789000.0
V008401,C003001,Maruti Suzuki,Swift,2020,REG-V-008401,377000.0
V008402,C008131,Mahindra,XUV700,2012,REG-V-008402,387000.0
V008403,C000896,Hyundai,Venue,2016,REG-V-008403,690000.0
V008404,C002841,Honda,City,2017,REG-V-008404,714000.0
V008405,C006255,Honda,Civic,2022,REG-V-008405,957000.0
V008406,C002495,Kia,Sonet,2022,REG-V-008406,1600000.0
V008407,C004845,Honda,Civic,2012,REG-V-008407,574000.0
V008408,C008411,Tata,Punch,2022,REG-V-008408,695000.0
V008409,C002698,Volkswagen,Taigun,2019,REG-V-008409,756000.0
V008410,C004392,Maruti Suzuki,Dzire,2012,REG-V-008410,202000.0
V008411,C000190,Toyota,Innova,2016,REG-V-008411,732000.0
V008412,C007133,Volkswagen,Taigun,2013,REG-V-008412,630000.0
V008413,C003554,Honda,Amaze,2020,REG-V-008413,1201000.0
V008414,C008636,Mahindra,Scorpio,2021,REG-V-008414,1573000.0
V008415,C000898,Honda,Amaze,2020,REG-V-008415,1116000.0
V008416,C007897,Toyota,Fortuner,2017,REG-V-008416,653000.0
V008417,C008185,Tata,Harrier,2020,REG-V-008417,548000.0
V008418,C007833,Honda,City,2021,REG-V-008418,1236000.0
V008419,C007399,Honda,City,2024,REG-V-008419,1091000.0
V008420,C002402,Honda,City,2019,REG-V-008420,611000.0
V008421,C004188,Honda,Civic,2020,REG-V-008421,1154000.0
V008422,C003869,Maruti Suzuki,Brezza,2014,REG-V-008422,337000.0
V008423,C002431,Volkswagen,Polo,2014,REG-V-008423,700000.0
V008424,C004957,Kia,Carens,2025,REG-V-008424,1911000.0
V008425,C007016,Kia,Sonet,2013,REG-V-008425,748000.0
V008426,C004827,Honda,Amaze,2024,REG-V-008426,1233000.0
V008427,C009749,Mahindra,Scorpio,2021,REG-V-008427,1150000.0
V008428,C007135,Maruti Suzuki,Swift,2018,REG-V-008428,559000.0
V008429,C004448,Volkswagen,Polo,2016,REG-V-008429,419000.0
V008430,C004056,Tata,Nexon,2012,REG-V-008430,549000.0
V008431,C005884,Mahindra,XUV700,2017,REG-V-008431,512000.0
V008432,C004345,Volkswagen,Polo,2023,REG-V-008432,867000.0
V008433,C002243,Hyundai,Verna,2023,REG-V-008433,754000.0
V008434,C005250,Kia,Sonet,2019,REG-V-008434,1178000.0
V008435,C006770,Tata,Nexon,2012,REG-V-008435,434000.0
V008436,C003587,Toyota,Fortuner,2022,REG-V-008436,1669000.0
V008437,C002824,Kia,Sonet,2021,REG-V-008437,1321000.0
V008438,C002195,Volkswagen,Polo,2012,REG-V-008438,378000.0
V008439,C003638,Volkswagen,Virtus,2015,REG-V-008439,512000.0
V008440,C002464,Honda,City,2018,REG-V-008440,1032000.0
V008441,C007700,Maruti Suzuki,Brezza,2016,REG-V-008441,345000.0
V008442,C006437,Hyundai,Verna,2021,REG-V-008442,614000.0
V008443,C002857,Toyota,Innova,2018,REG-V-008443,1814000.0
V008444,C009923,Volkswagen,Polo,2024,REG-V-008444,1636000.0
V008445,C006499,Tata,Altroz,2019,REG-V-008445,757000.0
V008446,C001420,Kia,Seltos,2015,REG-V-008446,404000.0
V008447,C008340,Honda,Amaze,2019,REG-V-008447,1060000.0
V008448,C007603,Hyundai,i20,2019,REG-V-008448,981000.0
V008449,C005047,Toyota,Fortuner,2020,REG-V-008449,1273000.0
V008450,C002357,Honda,City,2016,REG-V-008450,620000.0
V008451,C008157,Mahindra,XUV700,2022,REG-V-008451,848000.0
V008452,C001246,Kia,Sonet,2024,REG-V-008452,1263000.0
V008453,C004199,Volkswagen,Virtus,2021,REG-V-008453,1295000.0
V008454,C008219,Volkswagen,Virtus,2015,REG-V-008454,500000.0
V008455,C008073,Toyota,Innova,2020,REG-V-008455,1955000.0
V008456,C006336,Mahindra,Bolero,2024,REG-V-008456,1281000.0
V008457,C000076,Kia,Seltos,2017,REG-V-008457,1087000.0
V008458,C003315,Hyundai,Creta,2025,REG-V-008458,962000.0
V008459,C008572,Hyundai,Venue,2024,REG-V-008459,1006000.0
V008460,C007268,Kia,Sonet,2025,REG-V-008460,1880000.0
V008461,C008155,Kia,Carens,2024,REG-V-008461,1040000.0
V008462,C000655,Mahindra,XUV700,2014,REG-V-008462,891000.0
V008463,C009428,Honda,City,2013,REG-V-008463,611000.0
V008464,C002310,Hyundai,Verna,2012,REG-V-008464,471000.0
V008465,C003303,Hyundai,Verna,2018,REG-V-008465,483000.0
V008466,C008442,Maruti Suzuki,Baleno,2016,REG-V-008466,286000.0
V008467,C004081,Tata,Nexon,2024,REG-V-008467,1522000.0
V008468,C006475,Kia,Sonet,2014,REG-V-008468,578000.0
V008469,C005563,Kia,Sonet,2012,REG-V-008469,749000.0
V008470,C008699,Honda,Amaze,2012,REG-V-008470,656000.0
V008471,C001556,Honda,City,2012,REG-V-008471,641000.0
V008472,C000988,Toyota,Innova,2021,REG-V-008472,2316000.0
V008473,C006365,Honda,City,2014,REG-V-008473,424000.0
V008474,C008489,Toyota,Innova,2017,REG-V-008474,918000.0
V008475,C009264,Mahindra,Bolero,2017,REG-V-008475,578000.0
V008476,C004016,Toyota,Innova,2022,REG-V-008476,1513000.0
V008477,C007406,Toyota,Fortuner,2020,REG-V-008477,1497000.0
V008478,C003920,Kia,Sonet,2020,REG-V-008478,1354000.0
V008479,C003172,Hyundai,Verna,2014,REG-V-008479,271000.0
V008480,C000257,Volkswagen,Taigun,2017,REG-V-008480,880000.0
V008481,C002520,Hyundai,Venue,2016,REG-V-008481,451000.0
V008482,C001700,Tata,Harrier,2022,REG-V-008482,1204000.0
V008483,C002691,Hyundai,Verna,2017,REG-V-008483,591000.0
V008484,C002874,Volkswagen,Polo,2023,REG-V-008484,859000.0
V008485,C008628,Toyota,Glanza,2020,REG-V-008485,2360000.0
V008486,C002039,Kia,Seltos,2024,REG-V-008486,1776000.0
V008487,C008243,Toyota,Innova,2021,REG-V-008487,1188000.0
V008488,C008631,Volkswagen,Taigun,2024,REG-V-008488,1397000.0
V008489,C004675,Volkswagen,Polo,2019,REG-V-008489,753000.0
V008490,C007302,Tata,Altroz,2022,REG-V-008490,1157000.0
V008491,C003169,Hyundai,Venue,2020,REG-V-008491,598000.0
V008492,C000187,Honda,Amaze,2017,REG-V-008492,789000.0
V008493,C007146,Tata,Altroz,2020,REG-V-008493,990000.0
V008494,C006108,Hyundai,i10,2025,REG-V-008494,1351000.0
V008495,C004642,Volkswagen,Polo,2021,REG-V-008495,679000.0
V008496,C009036,Kia,Seltos,2013,REG-V-008496,425000.0
V008497,C007329,Hyundai,Venue,2025,REG-V-008497,1354000.0
V008498,C004281,Kia,Carens,2017,REG-V-008498,766000.0
V008499,C000550,Volkswagen,Polo,2019,REG-V-008499,755000.0
V008500,C008809,Volkswagen,Taigun,2014,REG-V-008500,730000.0
V008501,C009847,Kia,Seltos,2022,REG-V-008501,1699000.0
V008502,C006393,Hyundai,Creta,2013,REG-V-008502,255000.0
V008503,C007750,Volkswagen,Virtus,2015,REG-V-008503,768000.0
V008504,C005099,Tata,Tiago,2022,REG-V-008504,974000.0
V008505,C002391,Mahindra,XUV700,2020,REG-V-008505,1737000.0
V008506,C009163,Tata,Punch,2015,REG-V-008506,250000.0
V008507,C006916,Tata,Punch,2012,REG-V-008507,571000.0
V008508,C005526,Kia,Seltos,2015,REG-V-008508,475000.0
V008509,C006860,Kia,Carens,2021,REG-V-008509,995000.0
V008510,C005149,Hyundai,i10,2017,REG-V-008510,533000.0
V008511,C000606,Volkswagen,Polo,2025,REG-V-008511,1094000.0
V008512,C006651,Kia,Seltos,2017,REG-V-008512,873000.0
V008513,C000055,Hyundai,i10,2012,REG-V-008513,359000.0
V008514,C002223,Toyota,Fortuner,2012,REG-V-008514,871000.0
V008515,C001555,Maruti Suzuki,Dzire,2024,REG-V-008515,781000.0
V008516,C003394,Tata,Altroz,2023,REG-V-008516,537000.0
V008517,C009135,Kia,Carens,2017,REG-V-008517,668000.0
V008518,C000805,Toyota,Innova,2021,REG-V-008518,2197000.0
V008519,C003578,Honda,Civic,2014,REG-V-008519,517000.0
V008520,C007662,Honda,Civic,2018,REG-V-008520,708000.0
V008521,C008661,Kia,Seltos,2018,REG-V-008521,597000.0
V008522,C007419,Volkswagen,Polo,2021,REG-V-008522,1000000.0
V008523,C009651,Volkswagen,Taigun,2018,REG-V-008523,629000.0
V008524,C007000,Honda,Civic,2014,REG-V-008524,452000.0
V008525,C007513,Kia,Sonet,2025,REG-V-008525,1893000.0
V008526,C004234,Mahindra,Bolero,2017,REG-V-008526,1204000.0
V008527,C003006,Toyota,Innova,2012,REG-V-008527,509000.0
V008528,C004650,Volkswagen,Taigun,2023,REG-V-008528,1020000.0
V008529,C007748,Hyundai,Verna,2015,REG-V-008529,482000.0
V008530,C006540,Toyota,Fortuner,2025,REG-V-008530,2604000.0
V008531,C007788,Honda,City,2022,REG-V-008531,777000.0
V008532,C006318,Honda,Amaze,2016,REG-V-008532,537000.0
V008533,C007388,Volkswagen,Virtus,2013,REG-V-008533,433000.0
V008534,C001549,Volkswagen,Virtus,2023,REG-V-008534,1629000.0
V008535,C003218,Toyota,Fortuner,2023,REG-V-008535,2735000.0
V008536,C005651,Mahindra,XUV700,2017,REG-V-008536,1401000.0
V008537,C000174,Toyota,Fortuner,2023,REG-V-008537,2593000.0
V008538,C009164,Maruti Suzuki,Brezza,2016,REG-V-008538,232000.0
V008539,C002417,Hyundai,i20,2018,REG-V-008539,499000.0
V008540,C000897,Tata,Nexon,2013,REG-V-008540,278000.0
V008541,C006690,Maruti Suzuki,Ertiga,2022,REG-V-008541,757000.0
V008542,C001940,Hyundai,i20,2023,REG-V-008542,1128000.0
V008543,C005658,Kia,Seltos,2015,REG-V-008543,387000.0
V008544,C002511,Toyota,Fortuner,2025,REG-V-008544,1152000.0
V008545,C001660,Hyundai,Creta,2017,REG-V-008545,806000.0
V008546,C007406,Maruti Suzuki,Baleno,2012,REG-V-008546,175000.0
V008547,C003891,Tata,Nexon,2020,REG-V-008547,724000.0
V008548,C005788,Volkswagen,Virtus,2025,REG-V-008548,1939000.0
V008549,C002181,Tata,Altroz,2025,REG-V-008549,1668000.0
V008550,C005563,Hyundai,Venue,2018,REG-V-008550,626000.0
V008551,C004229,Honda,Amaze,2014,REG-V-008551,652000.0
V008552,C000526,Mahindra,XUV300,2025,REG-V-008552,1593000.0
V008553,C007322,Mahindra,XUV700,2017,REG-V-008553,569000.0
V008554,C005563,Volkswagen,Virtus,2019,REG-V-008554,676000.0
V008555,C009303,Honda,Amaze,2025,REG-V-008555,1517000.0
V008556,C008132,Toyota,Fortuner,2025,REG-V-008556,3391000.0
V008557,C005755,Tata,Harrier,2016,REG-V-008557,560000.0
V008558,C000447,Tata,Tiago,2017,REG-V-008558,581000.0
V008559,C007584,Kia,Carens,2016,REG-V-008559,429000.0
V008560,C005531,Toyota,Glanza,2021,REG-V-008560,1400000.0
V008561,C008387,Tata,Punch,2016,REG-V-008561,359000.0
V008562,C005823,Kia,Seltos,2020,REG-V-008562,1315000.0
V008563,C000021,Maruti Suzuki,Baleno,2016,REG-V-008563,381000.0
V008564,C008196,Honda,City,2020,REG-V-008564,1254000.0
V008565,C008057,Volkswagen,Taigun,2014,REG-V-008565,544000.0
V008566,C001007,Hyundai,i10,2014,REG-V-008566,264000.0
V008567,C006876,Toyota,Fortuner,2024,REG-V-008567,2388000.0
V008568,C005302,Tata,Nexon,2020,REG-V-008568,712000.0
V008569,C005944,Toyota,Glanza,2021,REG-V-008569,2229000.0
V008570,C008952,Kia,Sonet,2016,REG-V-008570,547000.0
V008571,C002515,Kia,Seltos,2023,REG-V-008571,1793000.0
V008572,C000135,Tata,Tiago,2017,REG-V-008572,555000.0
V008573,C002093,Toyota,Fortuner,2022,REG-V-008573,2802000.0
V008574,C009189,Mahindra,Scorpio,2013,REG-V-008574,860000.0
V008575,C002124,Kia,Sonet,2019,REG-V-008575,988000.0
V008576,C006792,Tata,Nexon,2019,REG-V-008576,467000.0
V008577,C007962,Hyundai,i20,2024,REG-V-008577,1212000.0
V008578,C008179,Mahindra,Bolero,2020,REG-V-008578,1052000.0
V008579,C000105,Maruti Suzuki,Dzire,2022,REG-V-008579,822000.0
V008580,C000096,Volkswagen,Polo,2015,REG-V-008580,401000.0
V008581,C009892,Honda,Amaze,2012,REG-V-008581,595000.0
V008582,C005318,Hyundai,Verna,2015,REG-V-008582,330000.0
V008583,C000662,Honda,Civic,2013,REG-V-008583,318000.0
V008584,C000285,Hyundai,i10,2023,REG-V-008584,655000.0
V008585,C008156,Toyota,Fortuner,2014,REG-V-008585,550000.0
V008586,C009098,Honda,Civic,2012,REG-V-008586,345000.0
V008587,C005282,Mahindra,Scorpio,2020,REG-V-008587,1526000.0
V008588,C003727,Volkswagen,Virtus,2022,REG-V-008588,1329000.0
V008589,C007068,Mahindra,XUV300,2022,REG-V-008589,2163000.0
V008590,C000235,Toyota,Innova,2020,REG-V-008590,1903000.0
V008591,C009039,Honda,City,2025,REG-V-008591,1187000.0
V008592,C002576,Kia,Sonet,2022,REG-V-008592,1561000.0
V008593,C001918,Maruti Suzuki,Swift,2014,REG-V-008593,365000.0
V008594,C003096,Honda,Amaze,2013,REG-V-008594,576000.0
V008595,C000662,Tata,Punch,2021,REG-V-008595,1221000.0
V008596,C003908,Toyota,Glanza,2020,REG-V-008596,1559000.0
V008597,C007198,Kia,Carens,2019,REG-V-008597,563000.0
V008598,C005030,Hyundai,i20,2020,REG-V-008598,988000.0
V008599,C006727,Maruti Suzuki,Ertiga,2015,REG-V-008599,231000.0
V008600,C002155,Toyota,Fortuner,2013,REG-V-008600,675000.0
V008601,C003997,Maruti Suzuki,Brezza,2020,REG-V-008601,658000.0
V008602,C005232,Honda,Amaze,2012,REG-V-008602,480000.0
V008603,C005766,Maruti Suzuki,Baleno,2017,REG-V-008603,313000.0
V008604,C001873,Volkswagen,Polo,2012,REG-V-008604,383000.0
V008605,C008131,Toyota,Innova,2019,REG-V-008605,2330000.0
V008606,C000911,Tata,Tiago,2025,REG-V-008606,1216000.0
V008607,C000995,Toyota,Glanza,2015,REG-V-008607,1389000.0
V008608,C002515,Honda,City,2014,REG-V-008608,456000.0
V008609,C006578,Mahindra,XUV700,2014,REG-V-008609,540000.0
V008610,C000783,Volkswagen,Taigun,2015,REG-V-008610,461000.0
V008611,C000076,Mahindra,Scorpio,2013,REG-V-008611,762000.0
V008612,C004762,Toyota,Glanza,2023,REG-V-008612,2528000.0
V008613,C003465,Toyota,Fortuner,2015,REG-V-008613,1476000.0
V008614,C001563,Toyota,Fortuner,2018,REG-V-008614,1140000.0
V008615,C006596,Volkswagen,Virtus,2022,REG-V-008615,1579000.0
V008616,C006461,Mahindra,Scorpio,2016,REG-V-008616,841000.0
V008617,C001216,Honda,Amaze,2023,REG-V-008617,785000.0
V008618,C002316,Mahindra,XUV300,2024,REG-V-008618,1101000.0
V008619,C003659,Kia,Seltos,2024,REG-V-008619,1031000.0
V008620,C009901,Mahindra,Scorpio,2013,REG-V-008620,946000.0
V008621,C007755,Kia,Sonet,2025,REG-V-008621,928000.0
V008622,C003361,Volkswagen,Taigun,2012,REG-V-008622,432000.0
V008623,C009652,Kia,Seltos,2025,REG-V-008623,2032000.0
V008624,C004572,Honda,City,2016,REG-V-008624,735000.0
V008625,C003812,Hyundai,Verna,2013,REG-V-008625,318000.0
V008626,C009460,Maruti Suzuki,Dzire,2020,REG-V-008626,372000.0
V008627,C007419,Tata,Harrier,2017,REG-V-008627,509000.0
V008628,C005517,Mahindra,XUV700,2016,REG-V-008628,1023000.0
V008629,C006045,Honda,Amaze,2016,REG-V-008629,495000.0
V008630,C009732,Toyota,Fortuner,2023,REG-V-008630,2304000.0
V008631,C001519,Toyota,Glanza,2017,REG-V-008631,1393000.0
V008632,C003468,Kia,Seltos,2020,REG-V-008632,893000.0
V008633,C004228,Kia,Sonet,2015,REG-V-008633,620000.0
V008634,C009847,Mahindra,XUV700,2025,REG-V-008634,1844000.0
V008635,C000862,Hyundai,i20,2022,REG-V-008635,578000.0
V008636,C001117,Hyundai,Creta,2024,REG-V-008636,875000.0
V008637,C004386,Maruti Suzuki,Brezza,2020,REG-V-008637,705000.0
V008638,C001692,Honda,Civic,2018,REG-V-008638,986000.0
V008639,C006886,Tata,Altroz,2019,REG-V-008639,794000.0
V008640,C003611,Tata,Nexon,2015,REG-V-008640,332000.0
V008641,C008505,Tata,Punch,2012,REG-V-008641,419000.0
V008642,C007549,Tata,Punch,2020,REG-V-008642,1180000.0
V008643,C004746,Maruti Suzuki,Dzire,2023,REG-V-008643,664000.0
V008644,C008493,Kia,Carens,2018,REG-V-008644,804000.0
V008645,C001018,Maruti Suzuki,Brezza,2015,REG-V-008645,266000.0
V008646,C005857,Hyundai,Verna,2022,REG-V-008646,754000.0
V008647,C006095,Tata,Nexon,2024,REG-V-008647,565000.0
V008648,C002481,Hyundai,Venue,2016,REG-V-008648,447000.0
V008649,C000515,Kia,Carens,2021,REG-V-008649,768000.0
V008650,C005390,Kia,Sonet,2013,REG-V-008650,769000.0
V008651,C005170,Honda,Civic,2018,REG-V-008651,834000.0
V008652,C006572,Mahindra,Bolero,2014,REG-V-008652,491000.0
V008653,C002146,Toyota,Fortuner,2016,REG-V-008653,1676000.0
V008654,C001790,Honda,Amaze,2012,REG-V-008654,320000.0
V008655,C009779,Tata,Tiago,2022,REG-V-008655,739000.0
V008656,C001128,Volkswagen,Virtus,2016,REG-V-008656,725000.0
V008657,C009993,Kia,Seltos,2024,REG-V-008657,1113000.0
V008658,C007256,Volkswagen,Virtus,2012,REG-V-008658,539000.0
V008659,C006330,Volkswagen,Taigun,2015,REG-V-008659,652000.0
V008660,C003390,Volkswagen,Taigun,2013,REG-V-008660,593000.0
V008661,C008723,Honda,City,2013,REG-V-008661,419000.0
V008662,C009150,Hyundai,i10,2012,REG-V-008662,360000.0
V008663,C007274,Hyundai,Verna,2022,REG-V-008663,894000.0
V008664,C007149,Maruti Suzuki,Swift,2015,REG-V-008664,332000.0
V008665,C004972,Honda,Amaze,2022,REG-V-008665,1367000.0
V008666,C000792,Hyundai,Creta,2019,REG-V-008666,976000.0
V008667,C009992,Mahindra,XUV300,2025,REG-V-008667,2436000.0
V008668,C000160,Tata,Harrier,2022,REG-V-008668,873000.0
V008669,C005000,Honda,Civic,2018,REG-V-008669,780000.0
V008670,C003680,Honda,City,2017,REG-V-008670,881000.0
V008671,C007833,Honda,Civic,2025,REG-V-008671,1408000.0
V008672,C007415,Hyundai,Creta,2013,REG-V-008672,524000.0
V008673,C006321,Hyundai,Creta,2023,REG-V-008673,1145000.0
V008674,C000770,Maruti Suzuki,Swift,2021,REG-V-008674,541000.0
V008675,C002393,Volkswagen,Virtus,2015,REG-V-008675,436000.0
V008676,C000944,Kia,Sonet,2016,REG-V-008676,689000.0
V008677,C009789,Honda,Amaze,2018,REG-V-008677,780000.0
V008678,C001277,Toyota,Glanza,2021,REG-V-008678,910000.0
V008679,C009669,Honda,City,2019,REG-V-008679,742000.0
V008680,C001121,Toyota,Glanza,2025,REG-V-008680,3502000.0
V008681,C008650,Volkswagen,Virtus,2023,REG-V-008681,976000.0
V008682,C005789,Hyundai,i20,2018,REG-V-008682,875000.0
V008683,C008360,Toyota,Innova,2016,REG-V-008683,1194000.0
V008684,C006383,Tata,Nexon,2019,REG-V-008684,858000.0
V008685,C007757,Maruti Suzuki,Ertiga,2018,REG-V-008685,445000.0
V008686,C007365,Kia,Sonet,2012,REG-V-008686,623000.0
V008687,C002612,Kia,Sonet,2017,REG-V-008687,1015000.0
V008688,C009383,Hyundai,Creta,2022,REG-V-008688,842000.0
V008689,C006480,Toyota,Glanza,2020,REG-V-008689,2424000.0
V008690,C002030,Mahindra,XUV300,2022,REG-V-008690,1755000.0
V008691,C003045,Tata,Punch,2025,REG-V-008691,1288000.0
V008692,C005373,Honda,Amaze,2023,REG-V-008692,1512000.0
V008693,C008875,Volkswagen,Polo,2017,REG-V-008693,616000.0
V008694,C008031,Mahindra,XUV300,2021,REG-V-008694,1090000.0
V008695,C003006,Toyota,Fortuner,2015,REG-V-008695,1370000.0
V008696,C006919,Toyota,Innova,2021,REG-V-008696,1328000.0
V008697,C000018,Kia,Sonet,2015,REG-V-008697,543000.0
V008698,C003307,Mahindra,Bolero,2015,REG-V-008698,1038000.0
V008699,C008434,Maruti Suzuki,Swift,2012,REG-V-008699,299000.0
V008700,C001502,Hyundai,i20,2016,REG-V-008700,519000.0
V008701,C003536,Mahindra,Scorpio,2025,REG-V-008701,1583000.0
V008702,C000014,Tata,Altroz,2019,REG-V-008702,427000.0
V008703,C000247,Kia,Sonet,2015,REG-V-008703,720000.0
V008704,C001451,Mahindra,XUV300,2015,REG-V-008704,763000.0
V008705,C001033,Tata,Punch,2021,REG-V-008705,811000.0
V008706,C004934,Maruti Suzuki,Swift,2021,REG-V-008706,774000.0
V008707,C009050,Volkswagen,Polo,2015,REG-V-008707,802000.0
V008708,C000864,Honda,City,2018,REG-V-008708,1004000.0
V008709,C008743,Mahindra,Bolero,2025,REG-V-008709,2212000.0
V008710,C006729,Kia,Seltos,2013,REG-V-008710,662000.0
V008711,C001688,Toyota,Innova,2025,REG-V-008711,2164000.0
V008712,C002883,Mahindra,XUV700,2021,REG-V-008712,736000.0
V008713,C001951,Maruti Suzuki,Swift,2015,REG-V-008713,286000.0
V008714,C007959,Maruti Suzuki,Swift,2014,REG-V-008714,177000.0
V008715,C007307,Hyundai,i10,2017,REG-V-008715,612000.0
V008716,C003033,Kia,Seltos,2022,REG-V-008716,1009000.0
V008717,C000563,Tata,Altroz,2021,REG-V-008717,512000.0
V008718,C001686,Toyota,Glanza,2021,REG-V-008718,2743000.0
V008719,C006336,Maruti Suzuki,Baleno,2024,REG-V-008719,846000.0
V008720,C000912,Maruti Suzuki,Dzire,2015,REG-V-008720,294000.0
V008721,C005398,Tata,Nexon,2020,REG-V-008721,972000.0
V008722,C006175,Maruti Suzuki,Brezza,2025,REG-V-008722,807000.0
V008723,C006911,Maruti Suzuki,Brezza,2024,REG-V-008723,481000.0
V008724,C001253,Hyundai,Creta,2016,REG-V-008724,399000.0
V008725,C004625,Hyundai,Verna,2022,REG-V-008725,708000.0
V008726,C004671,Volkswagen,Taigun,2024,REG-V-008726,1375000.0
V008727,C008390,Tata,Nexon,2016,REG-V-008727,522000.0
V008728,C004728,Toyota,Glanza,2022,REG-V-008728,2454000.0
V008729,C004084,Kia,Sonet,2021,REG-V-008729,1225000.0
V008730,C001233,Mahindra,XUV700,2015,REG-V-008730,1050000.0
V008731,C006984,Maruti Suzuki,Baleno,2021,REG-V-008731,699000.0
V008732,C006248,Toyota,Innova,2013,REG-V-008732,830000.0
V008733,C007223,Toyota,Innova,2014,REG-V-008733,999000.0
V008734,C006599,Hyundai,Creta,2024,REG-V-008734,867000.0
V008735,C008801,Maruti Suzuki,Brezza,2020,REG-V-008735,641000.0
V008736,C008823,Toyota,Fortuner,2023,REG-V-008736,2383000.0
V008737,C003058,Honda,Amaze,2020,REG-V-008737,1066000.0
V008738,C001827,Toyota,Fortuner,2024,REG-V-008738,2337000.0
V008739,C009298,Tata,Tiago,2021,REG-V-008739,1096000.0
V008740,C007179,Honda,Amaze,2020,REG-V-008740,655000.0
V008741,C009707,Tata,Harrier,2015,REG-V-008741,556000.0
V008742,C005017,Kia,Sonet,2019,REG-V-008742,1187000.0
V008743,C009624,Tata,Tiago,2025,REG-V-008743,857000.0
V008744,C001226,Hyundai,Creta,2025,REG-V-008744,867000.0
V008745,C005947,Hyundai,i10,2021,REG-V-008745,759000.0
V008746,C005012,Toyota,Innova,2022,REG-V-008746,2464000.0
V008747,C000026,Maruti Suzuki,Baleno,2025,REG-V-008747,914000.0
V008748,C001934,Maruti Suzuki,Brezza,2021,REG-V-008748,415000.0
V008749,C001527,Tata,Nexon,2023,REG-V-008749,1103000.0
V008750,C000631,Mahindra,Bolero,2022,REG-V-008750,1996000.0
V008751,C009494,Volkswagen,Virtus,2016,REG-V-008751,686000.0
V008752,C009652,Mahindra,XUV300,2019,REG-V-008752,1692000.0
V008753,C008972,Tata,Nexon,2023,REG-V-008753,749000.0
V008754,C009891,Toyota,Glanza,2022,REG-V-008754,2454000.0
V008755,C008352,Volkswagen,Polo,2014,REG-V-008755,585000.0
V008756,C009356,Kia,Sonet,2025,REG-V-008756,1852000.0
V008757,C001986,Volkswagen,Taigun,2025,REG-V-008757,1969000.0
V008758,C002582,Hyundai,i10,2023,REG-V-008758,1218000.0
V008759,C008649,Maruti Suzuki,Ertiga,2014,REG-V-008759,303000.0
V008760,C004831,Kia,Seltos,2012,REG-V-008760,526000.0
V008761,C007223,Kia,Seltos,2014,REG-V-008761,440000.0
V008762,C005658,Tata,Punch,2020,REG-V-008762,1036000.0
V008763,C003042,Tata,Tiago,2022,REG-V-008763,487000.0
V008764,C002838,Kia,Seltos,2022,REG-V-008764,1645000.0
V008765,C007545,Tata,Altroz,2015,REG-V-008765,691000.0
V008766,C005365,Maruti Suzuki,Dzire,2019,REG-V-008766,519000.0
V008767,C003598,Mahindra,Scorpio,2012,REG-V-008767,898000.0
V008768,C006218,Kia,Sonet,2023,REG-V-008768,976000.0
V008769,C004216,Hyundai,i20,2015,REG-V-008769,587000.0
V008770,C004788,Volkswagen,Virtus,2023,REG-V-008770,1533000.0
V008771,C006823,Tata,Nexon,2019,REG-V-008771,454000.0
V008772,C004605,Toyota,Fortuner,2017,REG-V-008772,818000.0
V008773,C009510,Honda,Amaze,2019,REG-V-008773,1071000.0
V008774,C004889,Mahindra,XUV300,2013,REG-V-008774,908000.0
V008775,C009622,Volkswagen,Polo,2015,REG-V-008775,584000.0
V008776,C008524,Volkswagen,Taigun,2012,REG-V-008776,647000.0
V008777,C008964,Volkswagen,Polo,2014,REG-V-008777,650000.0
V008778,C007703,Mahindra,XUV700,2018,REG-V-008778,1229000.0
V008779,C006089,Toyota,Fortuner,2020,REG-V-008779,2012000.0
V008780,C005369,Maruti Suzuki,Baleno,2025,REG-V-008780,667000.0
V008781,C005552,Tata,Nexon,2025,REG-V-008781,1288000.0
V008782,C002023,Tata,Harrier,2025,REG-V-008782,1488000.0
V008783,C002163,Kia,Carens,2020,REG-V-008783,1134000.0
V008784,C000348,Tata,Harrier,2017,REG-V-008784,339000.0
V008785,C007520,Hyundai,Venue,2025,REG-V-008785,1382000.0
V008786,C001250,Toyota,Glanza,2022,REG-V-008786,1857000.0
V008787,C005870,Toyota,Fortuner,2018,REG-V-008787,1093000.0
V008788,C001384,Kia,Sonet,2017,REG-V-008788,1048000.0
V008789,C000691,Toyota,Glanza,2014,REG-V-008789,1220000.0
V008790,C005376,Volkswagen,Taigun,2022,REG-V-008790,947000.0
V008791,C008782,Tata,Harrier,2017,REG-V-008791,540000.0
V008792,C003563,Honda,Amaze,2022,REG-V-008792,1004000.0
V008793,C009227,Volkswagen,Polo,2012,REG-V-008793,654000.0
V008794,C000105,Tata,Harrier,2019,REG-V-008794,378000.0
V008795,C004697,Honda,Amaze,2023,REG-V-008795,841000.0
V008796,C001458,Hyundai,Verna,2016,REG-V-008796,627000.0
V008797,C003143,Volkswagen,Polo,2024,REG-V-008797,1018000.0
V008798,C000252,Hyundai,Verna,2023,REG-V-008798,772000.0
V008799,C000359,Honda,Amaze,2022,REG-V-008799,1319000.0
V008800,C007177,Hyundai,i20,2015,REG-V-008800,440000.0
V008801,C006581,Maruti Suzuki,Baleno,2024,REG-V-008801,583000.0
V008802,C002092,Mahindra,XUV300,2012,REG-V-008802,664000.0
V008803,C009065,Kia,Carens,2017,REG-V-008803,1106000.0
V008804,C006912,Kia,Seltos,2018,REG-V-008804,917000.0
V008805,C003350,Honda,Civic,2020,REG-V-008805,679000.0
V008806,C004092,Tata,Nexon,2014,REG-V-008806,614000.0
V008807,C002910,Hyundai,Verna,2022,REG-V-008807,1094000.0
V008808,C008352,Tata,Altroz,2021,REG-V-008808,843000.0
V008809,C004983,Honda,City,2019,REG-V-008809,732000.0
V008810,C001357,Mahindra,Bolero,2015,REG-V-008810,750000.0
V008811,C002026,Honda,City,2024,REG-V-008811,1061000.0
V008812,C002952,Mahindra,XUV700,2023,REG-V-008812,1445000.0
V008813,C004050,Toyota,Fortuner,2021,REG-V-008813,908000.0
V008814,C005967,Maruti Suzuki,Baleno,2014,REG-V-008814,248000.0
V008815,C009643,Toyota,Innova,2022,REG-V-008815,2155000.0
V008816,C002633,Toyota,Glanza,2023,REG-V-008816,2118000.0
V008817,C003267,Tata,Punch,2017,REG-V-008817,567000.0
V008818,C000255,Volkswagen,Taigun,2015,REG-V-008818,392000.0
V008819,C003736,Hyundai,i20,2019,REG-V-008819,540000.0
V008820,C006796,Mahindra,XUV300,2017,REG-V-008820,481000.0
V008821,C009632,Honda,Amaze,2023,REG-V-008821,935000.0
V008822,C007463,Mahindra,Bolero,2012,REG-V-008822,869000.0
V008823,C001178,Maruti Suzuki,Ertiga,2019,REG-V-008823,358000.0
V008824,C008956,Volkswagen,Virtus,2021,REG-V-008824,876000.0
V008825,C008425,Honda,Amaze,2015,REG-V-008825,422000.0
V008826,C001899,Mahindra,Bolero,2018,REG-V-008826,790000.0
V008827,C009376,Volkswagen,Polo,2012,REG-V-008827,424000.0
V008828,C007188,Mahindra,Bolero,2019,REG-V-008828,1363000.0
V008829,C007907,Kia,Sonet,2023,REG-V-008829,765000.0
V008830,C004618,Hyundai,Creta,2017,REG-V-008830,804000.0
V008831,C002015,Mahindra,XUV300,2025,REG-V-008831,1597000.0
V008832,C008055,Honda,City,2021,REG-V-008832,1256000.0
V008833,C004814,Tata,Harrier,2024,REG-V-008833,560000.0
V008834,C009672,Mahindra,XUV300,2024,REG-V-008834,1712000.0
V008835,C001525,Volkswagen,Virtus,2020,REG-V-008835,712000.0
V008836,C003558,Hyundai,Venue,2017,REG-V-008836,772000.0
V008837,C007413,Kia,Sonet,2023,REG-V-008837,903000.0
V008838,C005764,Honda,City,2012,REG-V-008838,527000.0
V008839,C004361,Honda,Civic,2012,REG-V-008839,398000.0
V008840,C007055,Honda,Amaze,2017,REG-V-008840,712000.0
V008841,C007390,Hyundai,Verna,2017,REG-V-008841,775000.0
V008842,C005818,Honda,City,2020,REG-V-008842,684000.0
V008843,C003175,Hyundai,i20,2025,REG-V-008843,1344000.0
V008844,C006237,Toyota,Glanza,2019,REG-V-008844,2023000.0
V008845,C005492,Honda,City,2022,REG-V-008845,739000.0
V008846,C008038,Tata,Punch,2016,REG-V-008846,577000.0
V008847,C006571,Honda,Civic,2022,REG-V-008847,995000.0
V008848,C005013,Honda,City,2021,REG-V-008848,1173000.0
V008849,C000196,Volkswagen,Polo,2013,REG-V-008849,542000.0
V008850,C001667,Mahindra,Scorpio,2019,REG-V-008850,1700000.0
V008851,C003356,Maruti Suzuki,Ertiga,2017,REG-V-008851,501000.0
V008852,C006052,Kia,Carens,2021,REG-V-008852,677000.0
V008853,C007987,Kia,Sonet,2017,REG-V-008853,573000.0
V008854,C009598,Kia,Carens,2025,REG-V-008854,859000.0
V008855,C006036,Honda,Amaze,2016,REG-V-008855,747000.0
V008856,C007342,Maruti Suzuki,Brezza,2020,REG-V-008856,498000.0
V008857,C006258,Honda,City,2014,REG-V-008857,437000.0
V008858,C004333,Honda,City,2014,REG-V-008858,379000.0
V008859,C006142,Toyota,Glanza,2016,REG-V-008859,656000.0
V008860,C004024,Tata,Altroz,2014,REG-V-008860,488000.0
V008861,C004557,Honda,Amaze,2014,REG-V-008861,334000.0
V008862,C009155,Maruti Suzuki,Swift,2012,REG-V-008862,330000.0
V008863,C005681,Tata,Tiago,2020,REG-V-008863,841000.0
V008864,C001013,Kia,Seltos,2017,REG-V-008864,663000.0
V008865,C005276,Honda,Civic,2015,REG-V-008865,726000.0
V008866,C009542,Kia,Carens,2025,REG-V-008866,1717000.0
V008867,C001012,Mahindra,XUV700,2012,REG-V-008867,397000.0
V008868,C009708,Volkswagen,Virtus,2015,REG-V-008868,750000.0
V008869,C009880,Toyota,Fortuner,2019,REG-V-008869,1576000.0
V008870,C005646,Hyundai,Creta,2022,REG-V-008870,738000.0
V008871,C003304,Kia,Sonet,2013,REG-V-008871,496000.0
V008872,C000088,Tata,Altroz,2014,REG-V-008872,507000.0
V008873,C000159,Hyundai,Creta,2016,REG-V-008873,641000.0
V008874,C003889,Toyota,Innova,2013,REG-V-008874,1022000.0
V008875,C007909,Volkswagen,Polo,2023,REG-V-008875,1469000.0
V008876,C009444,Honda,City,2024,REG-V-008876,1567000.0
V008877,C001539,Volkswagen,Taigun,2018,REG-V-008877,787000.0
V008878,C004913,Maruti Suzuki,Ertiga,2023,REG-V-008878,824000.0
V008879,C005066,Kia,Sonet,2021,REG-V-008879,1170000.0
V008880,C003812,Tata,Nexon,2022,REG-V-008880,1115000.0
V008881,C005436,Hyundai,Creta,2012,REG-V-008881,524000.0
V008882,C009287,Maruti Suzuki,Baleno,2018,REG-V-008882,560000.0
V008883,C004416,Kia,Carens,2013,REG-V-008883,476000.0
V008884,C001382,Volkswagen,Polo,2021,REG-V-008884,1171000.0
V008885,C006703,Volkswagen,Polo,2024,REG-V-008885,1261000.0
V008886,C000326,Honda,City,2014,REG-V-008886,446000.0
V008887,C009421,Maruti Suzuki,Dzire,2018,REG-V-008887,568000.0
V008888,C009419,Kia,Seltos,2022,REG-V-008888,1518000.0
V008889,C000924,Volkswagen,Polo,2019,REG-V-008889,745000.0
V008890,C005547,Toyota,Innova,2017,REG-V-008890,1529000.0
V008891,C008034,Kia,Carens,2020,REG-V-008891,1106000.0
V008892,C004679,Tata,Harrier,2013,REG-V-008892,497000.0
V008893,C004828,Hyundai,Creta,2015,REG-V-008893,392000.0
V008894,C009699,Honda,City,2012,REG-V-008894,574000.0
V008895,C002324,Maruti Suzuki,Ertiga,2024,REG-V-008895,950000.0
V008896,C005303,Kia,Carens,2017,REG-V-008896,951000.0
V008897,C001141,Kia,Seltos,2018,REG-V-008897,1113000.0
V008898,C003008,Honda,Civic,2024,REG-V-008898,1136000.0
V008899,C008558,Honda,Civic,2012,REG-V-008899,380000.0
V008900,C007216,Kia,Sonet,2020,REG-V-008900,1035000.0
V008901,C006164,Tata,Nexon,2015,REG-V-008901,701000.0
V008902,C001130,Toyota,Innova,2022,REG-V-008902,1343000.0
V008903,C008557,Hyundai,Creta,2025,REG-V-008903,677000.0
V008904,C002966,Tata,Punch,2013,REG-V-008904,512000.0
V008905,C005390,Mahindra,Bolero,2015,REG-V-008905,892000.0
V008906,C002357,Mahindra,Bolero,2013,REG-V-008906,944000.0
V008907,C005245,Toyota,Glanza,2023,REG-V-008907,1149000.0
V008908,C005661,Maruti Suzuki,Baleno,2023,REG-V-008908,722000.0
V008909,C003396,Tata,Tiago,2013,REG-V-008909,544000.0
V008910,C005098,Hyundai,Creta,2019,REG-V-008910,738000.0
V008911,C004078,Kia,Seltos,2025,REG-V-008911,1355000.0
V008912,C007015,Toyota,Innova,2015,REG-V-008912,1334000.0
V008913,C005474,Mahindra,XUV700,2013,REG-V-008913,373000.0
V008914,C008832,Tata,Nexon,2021,REG-V-008914,682000.0
V008915,C000515,Honda,Civic,2016,REG-V-008915,811000.0
V008916,C000282,Mahindra,XUV300,2014,REG-V-008916,740000.0
V008917,C001894,Hyundai,i10,2017,REG-V-008917,649000.0
V008918,C001183,Volkswagen,Virtus,2025,REG-V-008918,1018000.0
V008919,C005299,Volkswagen,Polo,2022,REG-V-008919,999000.0
V008920,C002011,Honda,City,2024,REG-V-008920,815000.0
V008921,C000168,Honda,City,2020,REG-V-008921,1081000.0
V008922,C002817,Tata,Altroz,2012,REG-V-008922,567000.0
V008923,C005127,Volkswagen,Taigun,2016,REG-V-008923,463000.0
V008924,C007189,Honda,Amaze,2012,REG-V-008924,405000.0
V008925,C004415,Maruti Suzuki,Swift,2012,REG-V-008925,261000.0
V008926,C009630,Toyota,Fortuner,2014,REG-V-008926,1178000.0
V008927,C002004,Honda,Amaze,2025,REG-V-008927,1496000.0
V008928,C005174,Mahindra,XUV300,2024,REG-V-008928,1942000.0
V008929,C002550,Volkswagen,Polo,2025,REG-V-008929,1442000.0
V008930,C008120,Honda,Amaze,2014,REG-V-008930,644000.0
V008931,C001886,Volkswagen,Polo,2021,REG-V-008931,1480000.0
V008932,C009619,Kia,Sonet,2015,REG-V-008932,589000.0
V008933,C007218,Mahindra,XUV700,2020,REG-V-008933,1615000.0
V008934,C005612,Kia,Seltos,2024,REG-V-008934,874000.0
V008935,C005366,Tata,Altroz,2022,REG-V-008935,864000.0
V008936,C003633,Toyota,Fortuner,2024,REG-V-008936,3075000.0
V008937,C000221,Maruti Suzuki,Ertiga,2016,REG-V-008937,295000.0
V008938,C009189,Hyundai,i20,2014,REG-V-008938,326000.0
V008939,C008012,Honda,Civic,2012,REG-V-008939,414000.0
V008940,C001355,Tata,Harrier,2015,REG-V-008940,261000.0
V008941,C001221,Mahindra,Scorpio,2023,REG-V-008941,1643000.0
V008942,C003063,Maruti Suzuki,Brezza,2014,REG-V-008942,232000.0
V008943,C007701,Maruti Suzuki,Dzire,2021,REG-V-008943,502000.0
V008944,C005077,Honda,Amaze,2025,REG-V-008944,906000.0
V008945,C006578,Maruti Suzuki,Brezza,2020,REG-V-008945,724000.0
V008946,C000062,Volkswagen,Virtus,2024,REG-V-008946,1666000.0
V008947,C009270,Kia,Seltos,2022,REG-V-008947,1313000.0
V008948,C001654,Hyundai,i20,2019,REG-V-008948,830000.0
V008949,C003172,Honda,City,2025,REG-V-008949,1486000.0
V008950,C009486,Tata,Tiago,2020,REG-V-008950,682000.0
V008951,C007386,Tata,Nexon,2025,REG-V-008951,1510000.0
V008952,C005141,Kia,Carens,2014,REG-V-008952,656000.0
V008953,C008659,Volkswagen,Polo,2025,REG-V-008953,1379000.0
V008954,C000634,Honda,City,2017,REG-V-008954,627000.0
V008955,C000779,Tata,Harrier,2016,REG-V-008955,449000.0
V008956,C001544,Mahindra,XUV300,2020,REG-V-008956,1060000.0
V008957,C002658,Kia,Carens,2012,REG-V-008957,703000.0
V008958,C007139,Mahindra,Scorpio,2018,REG-V-008958,777000.0
V008959,C005367,Kia,Seltos,2018,REG-V-008959,1012000.0
V008960,C004288,Kia,Sonet,2023,REG-V-008960,1489000.0
V008961,C007903,Maruti Suzuki,Swift,2015,REG-V-008961,276000.0
V008962,C003154,Honda,City,2018,REG-V-008962,878000.0
V008963,C000871,Kia,Sonet,2016,REG-V-008963,528000.0
V008964,C003981,Mahindra,XUV700,2018,REG-V-008964,754000.0
V008965,C007729,Tata,Harrier,2025,REG-V-008965,813000.0
V008966,C004780,Tata,Harrier,2025,REG-V-008966,871000.0
V008967,C009768,Tata,Altroz,2015,REG-V-008967,510000.0
V008968,C008603,Mahindra,Bolero,2022,REG-V-008968,1604000.0
V008969,C007971,Hyundai,i10,2022,REG-V-008969,598000.0
V008970,C007801,Maruti Suzuki,Baleno,2019,REG-V-008970,455000.0
V008971,C005857,Honda,City,2020,REG-V-008971,1038000.0
V008972,C009065,Tata,Nexon,2023,REG-V-008972,683000.0
V008973,C005944,Mahindra,Scorpio,2019,REG-V-008973,1718000.0
V008974,C003736,Hyundai,Creta,2012,REG-V-008974,295000.0
V008975,C001971,Honda,Amaze,2013,REG-V-008975,553000.0
V008976,C008179,Hyundai,Creta,2012,REG-V-008976,407000.0
V008977,C003720,Mahindra,XUV700,2021,REG-V-008977,814000.0
V008978,C007970,Mahindra,XUV700,2014,REG-V-008978,867000.0
V008979,C009825,Kia,Carens,2024,REG-V-008979,1481000.0
V008980,C004007,Tata,Tiago,2021,REG-V-008980,1097000.0
V008981,C003399,Kia,Sonet,2022,REG-V-008981,1497000.0
V008982,C001699,Toyota,Glanza,2019,REG-V-008982,1598000.0
V008983,C004791,Tata,Punch,2016,REG-V-008983,509000.0
V008984,C006576,Kia,Seltos,2019,REG-V-008984,1059000.0
V008985,C003110,Maruti Suzuki,Dzire,2015,REG-V-008985,313000.0
V008986,C004895,Honda,Civic,2013,REG-V-008986,603000.0
V008987,C005402,Tata,Nexon,2020,REG-V-008987,1182000.0
V008988,C002750,Volkswagen,Virtus,2024,REG-V-008988,883000.0
V008989,C000249,Kia,Seltos,2020,REG-V-008989,747000.0
V008990,C002177,Toyota,Innova,2025,REG-V-008990,2749000.0
V008991,C008092,Kia,Carens,2015,REG-V-008991,837000.0
V008992,C002777,Volkswagen,Polo,2013,REG-V-008992,728000.0
V008993,C000140,Mahindra,XUV700,2023,REG-V-008993,1940000.0
V008994,C004271,Kia,Sonet,2014,REG-V-008994,489000.0
V008995,C006864,Toyota,Fortuner,2025,REG-V-008995,2863000.0
V008996,C007593,Honda,City,2013,REG-V-008996,457000.0
V008997,C004159,Maruti Suzuki,Ertiga,2025,REG-V-008997,841000.0
V008998,C005761,Maruti Suzuki,Brezza,2019,REG-V-008998,649000.0
V008999,C007519,Toyota,Glanza,2015,REG-V-008999,1027000.0
V009000,C008951,Mahindra,XUV300,2019,REG-V-009000,1073000.0
V009001,C006448,Hyundai,Verna,2020,REG-V-009001,615000.0
V009002,C006941,Tata,Harrier,2018,REG-V-009002,560000.0
V009003,C000999,Maruti Suzuki,Brezza,2016,REG-V-009003,334000.0
V009004,C004220,Tata,Harrier,2015,REG-V-009004,492000.0
V009005,C008950,Tata,Punch,2018,REG-V-009005,878000.0
V009006,C001600,Mahindra,Scorpio,2022,REG-V-009006,1149000.0
V009007,C003088,Toyota,Fortuner,2022,REG-V-009007,2255000.0
V009008,C006824,Honda,City,2024,REG-V-009008,1549000.0
V009009,C009071,Tata,Tiago,2015,REG-V-009009,622000.0
V009010,C000615,Honda,Civic,2017,REG-V-009010,506000.0
V009011,C008751,Mahindra,Bolero,2024,REG-V-009011,2088000.0
V009012,C002222,Toyota,Glanza,2023,REG-V-009012,2946000.0
V009013,C008641,Toyota,Glanza,2024,REG-V-009013,1104000.0
V009014,C008951,Mahindra,XUV700,2013,REG-V-009014,408000.0
V009015,C007826,Toyota,Innova,2015,REG-V-009015,1220000.0
V009016,C009272,Volkswagen,Polo,2020,REG-V-009016,703000.0
V009017,C009612,Hyundai,Verna,2020,REG-V-009017,655000.0
V009018,C009288,Mahindra,XUV700,2015,REG-V-009018,871000.0
V009019,C005166,Toyota,Innova,2024,REG-V-009019,3325000.0
V009020,C004675,Toyota,Fortuner,2012,REG-V-009020,586000.0
V009021,C001056,Maruti Suzuki,Dzire,2012,REG-V-009021,324000.0
V009022,C002181,Maruti Suzuki,Baleno,2013,REG-V-009022,215000.0
V009023,C006560,Hyundai,Venue,2014,REG-V-009023,361000.0
V009024,C001274,Kia,Carens,2012,REG-V-009024,473000.0
V009025,C009444,Volkswagen,Polo,2014,REG-V-009025,512000.0
V009026,C002293,Hyundai,i20,2024,REG-V-009026,1339000.0
V009027,C000890,Tata,Altroz,2025,REG-V-009027,1174000.0
V009028,C002374,Kia,Carens,2025,REG-V-009028,1876000.0
V009029,C000508,Maruti Suzuki,Ertiga,2025,REG-V-009029,904000.0
V009030,C001660,Hyundai,i20,2024,REG-V-009030,1006000.0
V009031,C005920,Tata,Punch,2018,REG-V-009031,841000.0
V009032,C002875,Tata,Punch,2025,REG-V-009032,1021000.0
V009033,C008072,Honda,City,2019,REG-V-009033,1065000.0
V009034,C004063,Maruti Suzuki,Baleno,2016,REG-V-009034,447000.0
V009035,C007187,Volkswagen,Polo,2013,REG-V-009035,445000.0
V009036,C007131,Maruti Suzuki,Baleno,2016,REG-V-009036,494000.0
V009037,C001363,Volkswagen,Polo,2023,REG-V-009037,1674000.0
V009038,C000587,Mahindra,XUV700,2022,REG-V-009038,2146000.0
V009039,C008457,Kia,Seltos,2016,REG-V-009039,710000.0
V009040,C007051,Mahindra,Bolero,2024,REG-V-009040,2057000.0
V009041,C001740,Volkswagen,Taigun,2012,REG-V-009041,599000.0
V009042,C006841,Honda,Civic,2024,REG-V-009042,977000.0
V009043,C003279,Mahindra,XUV700,2013,REG-V-009043,889000.0
V009044,C000589,Tata,Altroz,2018,REG-V-009044,509000.0
V009045,C002309,Mahindra,XUV300,2013,REG-V-009045,851000.0
V009046,C007625,Maruti Suzuki,Baleno,2023,REG-V-009046,678000.0
V009047,C003920,Mahindra,Scorpio,2021,REG-V-009047,1140000.0
V009048,C005488,Honda,Amaze,2013,REG-V-009048,523000.0
V009049,C001370,Tata,Nexon,2025,REG-V-009049,1218000.0
V009050,C000930,Volkswagen,Virtus,2013,REG-V-009050,573000.0
V009051,C002415,Toyota,Fortuner,2019,REG-V-009051,1213000.0
V009052,C004765,Hyundai,i10,2015,REG-V-009052,484000.0
V009053,C008514,Hyundai,Creta,2019,REG-V-009053,883000.0
V009054,C007703,Maruti Suzuki,Baleno,2015,REG-V-009054,270000.0
V009055,C001593,Volkswagen,Virtus,2015,REG-V-009055,647000.0
V009056,C000739,Kia,Sonet,2013,REG-V-009056,524000.0
V009057,C002279,Maruti Suzuki,Ertiga,2023,REG-V-009057,438000.0
V009058,C008564,Maruti Suzuki,Swift,2021,REG-V-009058,581000.0
V009059,C005192,Tata,Nexon,2023,REG-V-009059,583000.0
V009060,C008122,Mahindra,XUV700,2018,REG-V-009060,1376000.0
V009061,C003704,Toyota,Innova,2025,REG-V-009061,2045000.0
V009062,C005948,Toyota,Glanza,2024,REG-V-009062,2564000.0
V009063,C005985,Kia,Sonet,2021,REG-V-009063,1148000.0
V009064,C006311,Honda,City,2025,REG-V-009064,1555000.0
V009065,C004739,Kia,Carens,2014,REG-V-009065,385000.0
V009066,C002415,Volkswagen,Virtus,2018,REG-V-009066,1150000.0
V009067,C004312,Tata,Tiago,2023,REG-V-009067,923000.0
V009068,C009752,Hyundai,Creta,2014,REG-V-009068,466000.0
V009069,C002722,Mahindra,Bolero,2014,REG-V-009069,916000.0
V009070,C007304,Toyota,Glanza,2013,REG-V-009070,1276000.0
V009071,C009465,Mahindra,Scorpio,2021,REG-V-009071,1913000.0
V009072,C005715,Maruti Suzuki,Dzire,2025,REG-V-009072,1008000.0
V009073,C004931,Hyundai,i10,2014,REG-V-009073,335000.0
V009074,C001203,Tata,Altroz,2016,REG-V-009074,392000.0
V009075,C007600,Hyundai,i10,2022,REG-V-009075,733000.0
V009076,C009158,Toyota,Glanza,2022,REG-V-009076,2209000.0
V009077,C009806,Volkswagen,Virtus,2015,REG-V-009077,619000.0
V009078,C002025,Volkswagen,Polo,2020,REG-V-009078,629000.0
V009079,C009237,Tata,Altroz,2020,REG-V-009079,1003000.0
V009080,C003709,Honda,Amaze,2012,REG-V-009080,450000.0
V009081,C006240,Mahindra,XUV700,2025,REG-V-009081,1604000.0
V009082,C002258,Volkswagen,Virtus,2013,REG-V-009082,627000.0
V009083,C002507,Toyota,Glanza,2020,REG-V-009083,2286000.0
V009084,C006238,Kia,Sonet,2023,REG-V-009084,1825000.0
V009085,C004886,Mahindra,Scorpio,2012,REG-V-009085,389000.0
V009086,C009644,Tata,Harrier,2024,REG-V-009086,1528000.0
V009087,C002658,Honda,City,2023,REG-V-009087,956000.0
V009088,C008832,Toyota,Fortuner,2024,REG-V-009088,1084000.0
V009089,C004635,Kia,Carens,2014,REG-V-009089,445000.0
V009090,C001351,Toyota,Innova,2024,REG-V-009090,2178000.0
V009091,C002413,Hyundai,Venue,2019,REG-V-009091,658000.0
V009092,C007624,Maruti Suzuki,Dzire,2014,REG-V-009092,291000.0
V009093,C008317,Maruti Suzuki,Dzire,2022,REG-V-009093,832000.0
V009094,C000408,Hyundai,Venue,2016,REG-V-009094,580000.0
V009095,C004119,Toyota,Glanza,2020,REG-V-009095,2104000.0
V009096,C004985,Kia,Carens,2012,REG-V-009096,553000.0
V009097,C006200,Mahindra,XUV300,2023,REG-V-009097,1652000.0
V009098,C006543,Mahindra,Bolero,2024,REG-V-009098,1747000.0
V009099,C008352,Hyundai,i10,2017,REG-V-009099,711000.0
V009100,C002732,Volkswagen,Polo,2014,REG-V-009100,641000.0
V009101,C001118,Kia,Carens,2020,REG-V-009101,927000.0
V009102,C001873,Mahindra,Scorpio,2016,REG-V-009102,961000.0
V009103,C009399,Toyota,Glanza,2018,REG-V-009103,1169000.0
V009104,C005509,Volkswagen,Taigun,2016,REG-V-009104,805000.0
V009105,C002211,Volkswagen,Taigun,2013,REG-V-009105,430000.0
V009106,C007932,Tata,Nexon,2024,REG-V-009106,817000.0
V009107,C005916,Kia,Sonet,2015,REG-V-009107,767000.0
V009108,C003681,Volkswagen,Virtus,2015,REG-V-009108,807000.0
V009109,C000191,Toyota,Glanza,2025,REG-V-009109,2125000.0
V009110,C007907,Volkswagen,Taigun,2021,REG-V-009110,985000.0
V009111,C007227,Maruti Suzuki,Dzire,2016,REG-V-009111,337000.0
V009112,C002634,Mahindra,Bolero,2017,REG-V-009112,974000.0
V009113,C002665,Tata,Nexon,2013,REG-V-009113,557000.0
V009114,C002717,Volkswagen,Virtus,2018,REG-V-009114,1012000.0
V009115,C006750,Tata,Tiago,2013,REG-V-009115,514000.0
V009116,C002928,Toyota,Fortuner,2013,REG-V-009116,1290000.0
V009117,C003092,Tata,Nexon,2016,REG-V-009117,533000.0
V009118,C003777,Kia,Sonet,2021,REG-V-009118,1214000.0
V009119,C009799,Maruti Suzuki,Dzire,2022,REG-V-009119,535000.0
V009120,C004629,Volkswagen,Polo,2015,REG-V-009120,779000.0
V009121,C003782,Maruti Suzuki,Baleno,2020,REG-V-009121,398000.0
V009122,C004739,Maruti Suzuki,Baleno,2016,REG-V-009122,462000.0
V009123,C007247,Volkswagen,Virtus,2022,REG-V-009123,1203000.0
V009124,C008895,Hyundai,i10,2020,REG-V-009124,956000.0
V009125,C009913,Maruti Suzuki,Dzire,2024,REG-V-009125,977000.0
V009126,C004898,Tata,Tiago,2015,REG-V-009126,694000.0
V009127,C004629,Honda,City,2020,REG-V-009127,677000.0
V009128,C003285,Toyota,Fortuner,2024,REG-V-009128,2200000.0
V009129,C007863,Volkswagen,Taigun,2017,REG-V-009129,570000.0
V009130,C006593,Kia,Sonet,2012,REG-V-009130,732000.0
V009131,C003642,Volkswagen,Virtus,2020,REG-V-009131,1158000.0
V009132,C005222,Kia,Seltos,2022,REG-V-009132,1192000.0
V009133,C002069,Kia,Carens,2022,REG-V-009133,1421000.0
V009134,C006979,Volkswagen,Taigun,2025,REG-V-009134,1124000.0
V009135,C002538,Honda,Civic,2024,REG-V-009135,855000.0
V009136,C003496,Toyota,Glanza,2021,REG-V-009136,2052000.0
V009137,C000707,Volkswagen,Taigun,2020,REG-V-009137,708000.0
V009138,C002217,Mahindra,Scorpio,2025,REG-V-009138,1416000.0
V009139,C001959,Volkswagen,Taigun,2017,REG-V-009139,670000.0
V009140,C007410,Toyota,Glanza,2017,REG-V-009140,1463000.0
V009141,C006984,Maruti Suzuki,Brezza,2013,REG-V-009141,383000.0
V009142,C005416,Volkswagen,Virtus,2013,REG-V-009142,394000.0
V009143,C003880,Toyota,Innova,2023,REG-V-009143,1214000.0
V009144,C008952,Volkswagen,Polo,2021,REG-V-009144,1486000.0
V009145,C008897,Hyundai,Venue,2014,REG-V-009145,266000.0
V009146,C006070,Maruti Suzuki,Swift,2021,REG-V-009146,536000.0
V009147,C006621,Volkswagen,Virtus,2013,REG-V-009147,692000.0
V009148,C008028,Maruti Suzuki,Swift,2024,REG-V-009148,767000.0
V009149,C007282,Toyota,Fortuner,2016,REG-V-009149,771000.0
V009150,C002274,Honda,Civic,2025,REG-V-009150,1313000.0
V009151,C005078,Kia,Seltos,2022,REG-V-009151,1687000.0
V009152,C001509,Kia,Sonet,2015,REG-V-009152,708000.0
V009153,C008147,Volkswagen,Taigun,2024,REG-V-009153,1669000.0
V009154,C006572,Maruti Suzuki,Baleno,2018,REG-V-009154,505000.0
V009155,C009789,Toyota,Innova,2014,REG-V-009155,926000.0
V009156,C001370,Hyundai,Venue,2015,REG-V-009156,489000.0
V009157,C005134,Tata,Nexon,2023,REG-V-009157,776000.0
V009158,C007298,Kia,Carens,2022,REG-V-009158,867000.0
V009159,C008716,Toyota,Glanza,2012,REG-V-009159,575000.0
V009160,C008575,Maruti Suzuki,Dzire,2016,REG-V-009160,436000.0
V009161,C002030,Hyundai,i20,2017,REG-V-009161,460000.0
V009162,C009820,Mahindra,XUV700,2025,REG-V-009162,1366000.0
V009163,C009811,Honda,City,2017,REG-V-009163,594000.0
V009164,C009688,Mahindra,Scorpio,2019,REG-V-009164,1456000.0
V009165,C006183,Honda,Civic,2015,REG-V-009165,438000.0
V009166,C008361,Hyundai,i10,2015,REG-V-009166,417000.0
V009167,C000777,Maruti Suzuki,Ertiga,2025,REG-V-009167,971000.0
V009168,C002571,Toyota,Glanza,2021,REG-V-009168,2026000.0
V009169,C000924,Tata,Harrier,2022,REG-V-009169,792000.0
V009170,C005096,Honda,City,2014,REG-V-009170,410000.0
V009171,C009646,Maruti Suzuki,Brezza,2023,REG-V-009171,420000.0
V009172,C006532,Kia,Seltos,2015,REG-V-009172,770000.0
V009173,C004641,Mahindra,Bolero,2017,REG-V-009173,1229000.0
V009174,C007991,Maruti Suzuki,Ertiga,2022,REG-V-009174,522000.0
V009175,C005542,Toyota,Glanza,2022,REG-V-009175,2249000.0
V009176,C004601,Volkswagen,Taigun,2022,REG-V-009176,748000.0
V009177,C006330,Volkswagen,Virtus,2019,REG-V-009177,895000.0
V009178,C005149,Kia,Carens,2017,REG-V-009178,824000.0
V009179,C006463,Tata,Altroz,2018,REG-V-009179,885000.0
V009180,C008087,Kia,Carens,2021,REG-V-009180,1580000.0
V009181,C004661,Mahindra,Bolero,2015,REG-V-009181,604000.0
V009182,C004171,Honda,City,2013,REG-V-009182,393000.0
V009183,C005623,Honda,City,2025,REG-V-009183,1793000.0
V009184,C009095,Toyota,Glanza,2022,REG-V-009184,2736000.0
V009185,C004245,Hyundai,i20,2017,REG-V-009185,355000.0
V009186,C008524,Maruti Suzuki,Baleno,2019,REG-V-009186,351000.0
V009187,C006219,Toyota,Innova,2018,REG-V-009187,1711000.0
V009188,C000127,Hyundai,i10,2025,REG-V-009188,765000.0
V009189,C004798,Toyota,Innova,2021,REG-V-009189,2072000.0
V009190,C002112,Tata,Harrier,2017,REG-V-009190,472000.0
V009191,C001494,Hyundai,i20,2012,REG-V-009191,256000.0
V009192,C002367,Honda,Amaze,2020,REG-V-009192,1155000.0
V009193,C007172,Toyota,Glanza,2024,REG-V-009193,2977000.0
V009194,C006316,Tata,Altroz,2019,REG-V-009194,567000.0
V009195,C005399,Toyota,Innova,2023,REG-V-009195,2885000.0
V009196,C004997,Honda,Civic,2025,REG-V-009196,1287000.0
V009197,C003904,Kia,Carens,2021,REG-V-009197,1354000.0
V009198,C008924,Hyundai,i20,2012,REG-V-009198,377000.0
V009199,C009359,Volkswagen,Taigun,2015,REG-V-009199,404000.0
V009200,C007711,Tata,Punch,2025,REG-V-009200,906000.0
V009201,C002869,Toyota,Innova,2014,REG-V-009201,1054000.0
V009202,C009177,Honda,Amaze,2017,REG-V-009202,909000.0
V009203,C008240,Mahindra,XUV700,2018,REG-V-009203,618000.0
V009204,C001241,Toyota,Glanza,2013,REG-V-009204,598000.0
V009205,C003408,Maruti Suzuki,Baleno,2013,REG-V-009205,353000.0
V009206,C003260,Mahindra,Bolero,2024,REG-V-009206,1863000.0
V009207,C007356,Tata,Harrier,2013,REG-V-009207,333000.0
V009208,C005277,Tata,Altroz,2018,REG-V-009208,759000.0
V009209,C002676,Volkswagen,Virtus,2021,REG-V-009209,764000.0
V009210,C002328,Kia,Sonet,2013,REG-V-009210,766000.0
V009211,C004600,Hyundai,Creta,2015,REG-V-009211,379000.0
V009212,C006705,Volkswagen,Taigun,2012,REG-V-009212,528000.0
V009213,C005122,Tata,Nexon,2019,REG-V-009213,688000.0
V009214,C002623,Volkswagen,Polo,2018,REG-V-009214,766000.0
V009215,C006250,Kia,Seltos,2020,REG-V-009215,738000.0
V009216,C009990,Toyota,Glanza,2020,REG-V-009216,1501000.0
V009217,C001761,Volkswagen,Taigun,2017,REG-V-009217,993000.0
V009218,C005327,Toyota,Fortuner,2012,REG-V-009218,1080000.0
V009219,C003768,Maruti Suzuki,Dzire,2019,REG-V-009219,347000.0
V009220,C002205,Hyundai,i10,2022,REG-V-009220,810000.0
V009221,C008803,Volkswagen,Polo,2015,REG-V-009221,493000.0
V009222,C009584,Mahindra,XUV700,2016,REG-V-009222,475000.0
V009223,C003505,Toyota,Fortuner,2015,REG-V-009223,1357000.0
V009224,C003472,Volkswagen,Taigun,2016,REG-V-009224,571000.0
V009225,C000921,Hyundai,i10,2016,REG-V-009225,398000.0
V009226,C006225,Mahindra,Scorpio,2024,REG-V-009226,2343000.0
V009227,C000281,Toyota,Fortuner,2018,REG-V-009227,1638000.0
V009228,C005007,Volkswagen,Taigun,2024,REG-V-009228,1213000.0
V009229,C001518,Volkswagen,Virtus,2017,REG-V-009229,614000.0
V009230,C006766,Toyota,Fortuner,2019,REG-V-009230,1552000.0
V009231,C009322,Mahindra,XUV700,2015,REG-V-009231,434000.0
V009232,C000898,Volkswagen,Polo,2024,REG-V-009232,1375000.0
V009233,C007849,Kia,Sonet,2016,REG-V-009233,670000.0
V009234,C008352,Kia,Sonet,2016,REG-V-009234,497000.0
V009235,C001756,Maruti Suzuki,Ertiga,2018,REG-V-009235,451000.0
V009236,C009259,Kia,Carens,2015,REG-V-009236,839000.0
V009237,C006254,Toyota,Fortuner,2023,REG-V-009237,2722000.0
V009238,C005390,Toyota,Glanza,2016,REG-V-009238,1401000.0
V009239,C006760,Mahindra,Scorpio,2022,REG-V-009239,1047000.0
V009240,C002867,Tata,Tiago,2024,REG-V-009240,1394000.0
V009241,C000272,Tata,Punch,2015,REG-V-009241,310000.0
V009242,C004443,Maruti Suzuki,Swift,2016,REG-V-009242,390000.0
V009243,C007499,Hyundai,Verna,2025,REG-V-009243,1048000.0
V009244,C009222,Maruti Suzuki,Swift,2019,REG-V-009244,403000.0
V009245,C004332,Tata,Altroz,2019,REG-V-009245,908000.0
V009246,C002648,Toyota,Fortuner,2021,REG-V-009246,2561000.0
V009247,C001315,Maruti Suzuki,Ertiga,2012,REG-V-009247,282000.0
V009248,C009390,Kia,Sonet,2015,REG-V-009248,402000.0
V009249,C002330,Hyundai,Venue,2014,REG-V-009249,429000.0
V009250,C009156,Kia,Sonet,2012,REG-V-009250,424000.0
V009251,C001840,Maruti Suzuki,Dzire,2017,REG-V-009251,464000.0
V009252,C000190,Honda,City,2014,REG-V-009252,444000.0
V009253,C002265,Maruti Suzuki,Dzire,2017,REG-V-009253,533000.0
V009254,C004967,Volkswagen,Virtus,2017,REG-V-009254,657000.0
V009255,C003486,Maruti Suzuki,Brezza,2016,REG-V-009255,417000.0
V009256,C009129,Kia,Sonet,2020,REG-V-009256,1238000.0
V009257,C005491,Kia,Carens,2017,REG-V-009257,930000.0
V009258,C001175,Kia,Carens,2021,REG-V-009258,1535000.0
V009259,C006295,Maruti Suzuki,Brezza,2015,REG-V-009259,434000.0
V009260,C003901,Honda,Amaze,2017,REG-V-009260,580000.0
V009261,C006833,Tata,Punch,2022,REG-V-009261,810000.0
V009262,C007934,Maruti Suzuki,Swift,2025,REG-V-009262,656000.0
V009263,C009859,Maruti Suzuki,Brezza,2024,REG-V-009263,523000.0
V009264,C005812,Maruti Suzuki,Ertiga,2014,REG-V-009264,290000.0
V009265,C003678,Volkswagen,Taigun,2017,REG-V-009265,657000.0
V009266,C004365,Hyundai,Venue,2023,REG-V-009266,984000.0
V009267,C004044,Toyota,Fortuner,2024,REG-V-009267,2769000.0
V009268,C004527,Honda,Civic,2017,REG-V-009268,789000.0
V009269,C000314,Maruti Suzuki,Brezza,2025,REG-V-009269,898000.0
V009270,C002494,Maruti Suzuki,Ertiga,2025,REG-V-009270,518000.0
V009271,C009881,Tata,Nexon,2024,REG-V-009271,1256000.0
V009272,C009311,Toyota,Fortuner,2018,REG-V-009272,2034000.0
V009273,C000502,Toyota,Innova,2014,REG-V-009273,429000.0
V009274,C009793,Maruti Suzuki,Brezza,2023,REG-V-009274,463000.0
V009275,C007981,Volkswagen,Virtus,2024,REG-V-009275,857000.0
V009276,C000027,Volkswagen,Taigun,2013,REG-V-009276,681000.0
V009277,C009175,Honda,City,2025,REG-V-009277,1399000.0
V009278,C009602,Honda,Amaze,2022,REG-V-009278,845000.0
V009279,C006327,Hyundai,i10,2023,REG-V-009279,653000.0
V009280,C007953,Kia,Seltos,2013,REG-V-009280,637000.0
V009281,C003305,Mahindra,Scorpio,2017,REG-V-009281,663000.0
V009282,C005764,Honda,City,2021,REG-V-009282,735000.0
V009283,C007376,Toyota,Fortuner,2024,REG-V-009283,3337000.0
V009284,C005652,Mahindra,Bolero,2014,REG-V-009284,738000.0
V009285,C003033,Kia,Seltos,2024,REG-V-009285,913000.0
V009286,C006532,Tata,Nexon,2023,REG-V-009286,920000.0
V009287,C008423,Maruti Suzuki,Brezza,2014,REG-V-009287,322000.0
V009288,C008396,Maruti Suzuki,Baleno,2019,REG-V-009288,563000.0
V009289,C001328,Volkswagen,Taigun,2024,REG-V-009289,1688000.0
V009290,C004470,Volkswagen,Taigun,2014,REG-V-009290,634000.0
V009291,C000398,Tata,Tiago,2021,REG-V-009291,739000.0
V009292,C006371,Tata,Punch,2018,REG-V-009292,803000.0
V009293,C002439,Tata,Punch,2014,REG-V-009293,330000.0
V009294,C009340,Hyundai,Verna,2021,REG-V-009294,535000.0
V009295,C006229,Volkswagen,Taigun,2018,REG-V-009295,575000.0
V009296,C004024,Toyota,Glanza,2022,REG-V-009296,1517000.0
V009297,C007375,Volkswagen,Taigun,2025,REG-V-009297,1422000.0
V009298,C002083,Volkswagen,Virtus,2014,REG-V-009298,513000.0
V009299,C000920,Toyota,Fortuner,2018,REG-V-009299,1792000.0
V009300,C000886,Tata,Tiago,2015,REG-V-009300,636000.0
V009301,C005877,Honda,Amaze,2019,REG-V-009301,588000.0
V009302,C008948,Toyota,Glanza,2014,REG-V-009302,819000.0
V009303,C002250,Toyota,Glanza,2014,REG-V-009303,486000.0
V009304,C007667,Volkswagen,Virtus,2025,REG-V-009304,1200000.0
V009305,C000387,Honda,Civic,2019,REG-V-009305,866000.0
V009306,C003536,Maruti Suzuki,Dzire,2022,REG-V-009306,554000.0
V009307,C006572,Hyundai,i10,2024,REG-V-009307,888000.0
V009308,C008311,Volkswagen,Virtus,2012,REG-V-009308,389000.0
V009309,C009453,Mahindra,XUV700,2013,REG-V-009309,409000.0
V009310,C006367,Mahindra,XUV700,2018,REG-V-009310,703000.0
V009311,C004665,Hyundai,i10,2023,REG-V-009311,1109000.0
V009312,C000628,Tata,Punch,2020,REG-V-009312,704000.0
V009313,C002753,Toyota,Glanza,2017,REG-V-009313,1540000.0
V009314,C009264,Maruti Suzuki,Swift,2014,REG-V-009314,192000.0
V009315,C005877,Kia,Carens,2023,REG-V-009315,1039000.0
V009316,C003420,Hyundai,Venue,2012,REG-V-009316,458000.0
V009317,C002508,Mahindra,XUV300,2017,REG-V-009317,951000.0
V009318,C001128,Maruti Suzuki,Brezza,2023,REG-V-009318,812000.0
V009319,C007579,Mahindra,XUV300,2021,REG-V-009319,1042000.0
V009320,C004138,Maruti Suzuki,Baleno,2019,REG-V-009320,496000.0
V009321,C009398,Tata,Altroz,2018,REG-V-009321,818000.0
V009322,C004565,Volkswagen,Polo,2018,REG-V-009322,901000.0
V009323,C008232,Kia,Seltos,2016,REG-V-009323,471000.0
V009324,C001305,Honda,Civic,2022,REG-V-009324,1311000.0
V009325,C001499,Toyota,Glanza,2012,REG-V-009325,499000.0
V009326,C002731,Honda,Civic,2013,REG-V-009326,633000.0
V009327,C001921,Hyundai,i20,2020,REG-V-009327,549000.0
V009328,C009766,Tata,Altroz,2023,REG-V-009328,803000.0
V009329,C008135,Mahindra,Scorpio,2017,REG-V-009329,1028000.0
V009330,C003482,Mahindra,XUV300,2020,REG-V-009330,667000.0
V009331,C005236,Hyundai,Creta,2016,REG-V-009331,718000.0
V009332,C005374,Tata,Nexon,2015,REG-V-009332,414000.0
V009333,C006116,Mahindra,XUV700,2024,REG-V-009333,801000.0
V009334,C001046,Honda,Amaze,2023,REG-V-009334,1489000.0
V009335,C003489,Kia,Sonet,2024,REG-V-009335,807000.0
V009336,C000875,Kia,Seltos,2018,REG-V-009336,628000.0
V009337,C009226,Tata,Punch,2019,REG-V-009337,870000.0
V009338,C004052,Honda,Civic,2023,REG-V-009338,1538000.0
V009339,C007327,Kia,Seltos,2021,REG-V-009339,1442000.0
V009340,C009244,Mahindra,XUV300,2017,REG-V-009340,992000.0
V009341,C003081,Toyota,Glanza,2012,REG-V-009341,986000.0
V009342,C000889,Maruti Suzuki,Ertiga,2019,REG-V-009342,421000.0
V009343,C003351,Toyota,Glanza,2025,REG-V-009343,3470000.0
V009344,C006755,Maruti Suzuki,Dzire,2020,REG-V-009344,359000.0
V009345,C005047,Mahindra,XUV700,2022,REG-V-009345,992000.0
V009346,C000771,Kia,Sonet,2012,REG-V-009346,564000.0
V009347,C000726,Maruti Suzuki,Brezza,2020,REG-V-009347,513000.0
V009348,C007037,Honda,Civic,2022,REG-V-009348,1169000.0
V009349,C007422,Tata,Punch,2025,REG-V-009349,1089000.0
V009350,C001096,Toyota,Fortuner,2012,REG-V-009350,518000.0
V009351,C008010,Toyota,Fortuner,2025,REG-V-009351,3024000.0
V009352,C003452,Hyundai,Verna,2018,REG-V-009352,435000.0
V009353,C000708,Honda,Civic,2020,REG-V-009353,1031000.0
V009354,C003321,Kia,Carens,2022,REG-V-009354,1377000.0
V009355,C007362,Tata,Nexon,2013,REG-V-009355,313000.0
V009356,C006596,Toyota,Fortuner,2025,REG-V-009356,2139000.0
V009357,C004849,Toyota,Glanza,2022,REG-V-009357,1895000.0
V009358,C002793,Hyundai,i10,2013,REG-V-009358,373000.0
V009359,C004198,Honda,Amaze,2014,REG-V-009359,453000.0
V009360,C003822,Mahindra,XUV700,2014,REG-V-009360,754000.0
V009361,C003913,Honda,City,2024,REG-V-009361,1402000.0
V009362,C004934,Kia,Sonet,2022,REG-V-009362,1689000.0
V009363,C004576,Tata,Punch,2014,REG-V-009363,476000.0
V009364,C001038,Toyota,Fortuner,2020,REG-V-009364,1908000.0
V009365,C002886,Hyundai,i10,2012,REG-V-009365,516000.0
V009366,C001291,Honda,City,2020,REG-V-009366,1127000.0
V009367,C006059,Tata,Punch,2014,REG-V-009367,603000.0
V009368,C004244,Tata,Tiago,2023,REG-V-009368,1008000.0
V009369,C006763,Toyota,Fortuner,2014,REG-V-009369,609000.0
V009370,C000888,Tata,Nexon,2015,REG-V-009370,683000.0
V009371,C003447,Maruti Suzuki,Baleno,2023,REG-V-009371,759000.0
V009372,C001800,Honda,Amaze,2021,REG-V-009372,1211000.0
V009373,C000924,Hyundai,Creta,2024,REG-V-009373,1026000.0
V009374,C007803,Tata,Altroz,2020,REG-V-009374,1202000.0
V009375,C001314,Mahindra,Bolero,2022,REG-V-009375,2072000.0
V009376,C001739,Kia,Seltos,2012,REG-V-009376,431000.0
V009377,C003678,Kia,Seltos,2023,REG-V-009377,1172000.0
V009378,C002914,Volkswagen,Taigun,2020,REG-V-009378,992000.0
V009379,C009236,Mahindra,XUV300,2017,REG-V-009379,466000.0
V009380,C009890,Tata,Tiago,2017,REG-V-009380,588000.0
V009381,C004238,Honda,Amaze,2022,REG-V-009381,777000.0
V009382,C002019,Tata,Harrier,2012,REG-V-009382,593000.0
V009383,C005029,Toyota,Innova,2021,REG-V-009383,1018000.0
V009384,C005002,Honda,Amaze,2013,REG-V-009384,542000.0
V009385,C004697,Volkswagen,Taigun,2025,REG-V-009385,1696000.0
V009386,C000214,Tata,Harrier,2022,REG-V-009386,1067000.0
V009387,C001283,Honda,Civic,2019,REG-V-009387,600000.0
V009388,C001411,Hyundai,i20,2018,REG-V-009388,661000.0
V009389,C003523,Tata,Punch,2019,REG-V-009389,460000.0
V009390,C005855,Volkswagen,Polo,2025,REG-V-009390,1330000.0
V009391,C008829,Tata,Tiago,2023,REG-V-009391,1010000.0
V009392,C002255,Honda,Amaze,2021,REG-V-009392,996000.0
V009393,C007780,Volkswagen,Taigun,2012,REG-V-009393,323000.0
V009394,C002285,Toyota,Innova,2023,REG-V-009394,2075000.0
V009395,C000337,Volkswagen,Taigun,2012,REG-V-009395,609000.0
V009396,C006537,Tata,Altroz,2022,REG-V-009396,1403000.0
V009397,C002164,Toyota,Fortuner,2014,REG-V-009397,858000.0
V009398,C009232,Hyundai,i20,2021,REG-V-009398,822000.0
V009399,C009370,Mahindra,XUV300,2019,REG-V-009399,1699000.0
V009400,C001056,Volkswagen,Virtus,2013,REG-V-009400,417000.0
V009401,C001958,Tata,Punch,2019,REG-V-009401,946000.0
V009402,C002112,Volkswagen,Virtus,2013,REG-V-009402,499000.0
V009403,C009158,Mahindra,XUV300,2014,REG-V-009403,683000.0
V009404,C000792,Hyundai,i10,2021,REG-V-009404,550000.0
V009405,C007574,Tata,Harrier,2018,REG-V-009405,344000.0
V009406,C002862,Volkswagen,Virtus,2020,REG-V-009406,1306000.0
V009407,C005872,Kia,Sonet,2024,REG-V-009407,1642000.0
V009408,C001767,Tata,Nexon,2017,REG-V-009408,506000.0
V009409,C008119,Kia,Seltos,2024,REG-V-009409,1663000.0
V009410,C006753,Volkswagen,Taigun,2013,REG-V-009410,440000.0
V009411,C000224,Kia,Carens,2012,REG-V-009411,475000.0
V009412,C002397,Kia,Carens,2021,REG-V-009412,748000.0
V009413,C004700,Honda,City,2016,REG-V-009413,650000.0
V009414,C005356,Volkswagen,Taigun,2013,REG-V-009414,521000.0
V009415,C008324,Honda,Amaze,2015,REG-V-009415,361000.0
V009416,C003879,Volkswagen,Polo,2022,REG-V-009416,1410000.0
V009417,C009299,Honda,Civic,2015,REG-V-009417,636000.0
V009418,C001946,Kia,Seltos,2017,REG-V-009418,487000.0
V009419,C008620,Volkswagen,Taigun,2021,REG-V-009419,918000.0
V009420,C009090,Hyundai,Verna,2014,REG-V-009420,350000.0
V009421,C006311,Toyota,Innova,2015,REG-V-009421,888000.0
V009422,C009674,Tata,Altroz,2021,REG-V-009422,1280000.0
V009423,C004121,Maruti Suzuki,Dzire,2025,REG-V-009423,504000.0
V009424,C007037,Volkswagen,Virtus,2017,REG-V-009424,473000.0
V009425,C000102,Volkswagen,Virtus,2017,REG-V-009425,583000.0
V009426,C002746,Volkswagen,Polo,2022,REG-V-009426,1416000.0
V009427,C005716,Kia,Seltos,2014,REG-V-009427,379000.0
V009428,C008807,Honda,City,2016,REG-V-009428,768000.0
V009429,C009537,Kia,Seltos,2016,REG-V-009429,859000.0
V009430,C005838,Volkswagen,Polo,2015,REG-V-009430,558000.0
V009431,C008600,Maruti Suzuki,Ertiga,2018,REG-V-009431,469000.0
V009432,C008057,Toyota,Fortuner,2017,REG-V-009432,1846000.0
V009433,C007805,Hyundai,i20,2023,REG-V-009433,611000.0
V009434,C001113,Mahindra,Scorpio,2019,REG-V-009434,769000.0
V009435,C004827,Toyota,Innova,2023,REG-V-009435,3077000.0
V009436,C004900,Maruti Suzuki,Baleno,2013,REG-V-009436,250000.0
V009437,C007945,Mahindra,Scorpio,2016,REG-V-009437,1196000.0
V009438,C005903,Maruti Suzuki,Brezza,2012,REG-V-009438,366000.0
V009439,C008250,Kia,Seltos,2017,REG-V-009439,969000.0
V009440,C009571,Honda,Civic,2012,REG-V-009440,598000.0
V009441,C005582,Honda,Amaze,2015,REG-V-009441,429000.0
V009442,C007978,Honda,Civic,2015,REG-V-009442,671000.0
V009443,C005643,Hyundai,i20,2020,REG-V-009443,662000.0
V009444,C006302,Tata,Nexon,2015,REG-V-009444,384000.0
V009445,C004796,Toyota,Innova,2021,REG-V-009445,1920000.0
V009446,C009595,Hyundai,i20,2019,REG-V-009446,945000.0
V009447,C008225,Kia,Sonet,2022,REG-V-009447,798000.0
V009448,C007584,Honda,Amaze,2022,REG-V-009448,1050000.0
V009449,C003281,Mahindra,XUV300,2015,REG-V-009449,817000.0
V009450,C004891,Hyundai,i20,2022,REG-V-009450,800000.0
V009451,C008659,Honda,Amaze,2022,REG-V-009451,913000.0
V009452,C009398,Maruti Suzuki,Brezza,2014,REG-V-009452,254000.0
V009453,C009977,Hyundai,i20,2012,REG-V-009453,476000.0
V009454,C007400,Kia,Seltos,2024,REG-V-009454,1898000.0
V009455,C007365,Honda,Amaze,2018,REG-V-009455,778000.0
V009456,C000942,Mahindra,XUV700,2023,REG-V-009456,1603000.0
V009457,C007578,Toyota,Glanza,2017,REG-V-009457,1508000.0
V009458,C003465,Tata,Nexon,2020,REG-V-009458,603000.0
V009459,C008683,Kia,Carens,2018,REG-V-009459,962000.0
V009460,C000113,Tata,Tiago,2021,REG-V-009460,1019000.0
V009461,C009377,Honda,Civic,2017,REG-V-009461,770000.0
V009462,C004872,Honda,Civic,2024,REG-V-009462,862000.0
V009463,C001279,Kia,Carens,2015,REG-V-009463,595000.0
V009464,C006049,Hyundai,Creta,2014,REG-V-009464,491000.0
V009465,C006955,Toyota,Innova,2013,REG-V-009465,785000.0
V009466,C007872,Mahindra,XUV300,2015,REG-V-009466,1076000.0
V009467,C007058,Toyota,Innova,2025,REG-V-009467,2194000.0
V009468,C005573,Hyundai,i10,2016,REG-V-009468,610000.0
V009469,C000833,Tata,Nexon,2016,REG-V-009469,498000.0
V009470,C008659,Mahindra,XUV300,2022,REG-V-009470,1197000.0
V009471,C009832,Toyota,Innova,2015,REG-V-009471,610000.0
V009472,C007855,Kia,Sonet,2018,REG-V-009472,1110000.0
V009473,C000355,Volkswagen,Taigun,2022,REG-V-009473,1487000.0
V009474,C007624,Hyundai,Verna,2022,REG-V-009474,1194000.0
V009475,C002698,Hyundai,i10,2016,REG-V-009475,697000.0
V009476,C009623,Maruti Suzuki,Brezza,2012,REG-V-009476,247000.0
V009477,C000660,Tata,Punch,2012,REG-V-009477,309000.0
V009478,C000925,Honda,Civic,2013,REG-V-009478,608000.0
V009479,C001813,Volkswagen,Virtus,2024,REG-V-009479,1628000.0
V009480,C007600,Honda,Civic,2024,REG-V-009480,1000000.0
V009481,C006549,Maruti Suzuki,Baleno,2016,REG-V-009481,372000.0
V009482,C007329,Volkswagen,Taigun,2015,REG-V-009482,430000.0
V009483,C003539,Honda,Civic,2021,REG-V-009483,1278000.0
V009484,C008851,Toyota,Innova,2020,REG-V-009484,1577000.0
V009485,C004478,Hyundai,i10,2014,REG-V-009485,487000.0
V009486,C001349,Tata,Nexon,2018,REG-V-009486,939000.0
V009487,C007744,Hyundai,Venue,2018,REG-V-009487,758000.0
V009488,C005342,Tata,Nexon,2024,REG-V-009488,1443000.0
V009489,C005972,Kia,Sonet,2021,REG-V-009489,793000.0
V009490,C003859,Honda,Amaze,2012,REG-V-009490,641000.0
V009491,C007157,Kia,Carens,2023,REG-V-009491,1385000.0
V009492,C000361,Toyota,Fortuner,2012,REG-V-009492,833000.0
V009493,C004950,Tata,Tiago,2025,REG-V-009493,1226000.0
V009494,C004299,Honda,City,2017,REG-V-009494,508000.0
V009495,C007528,Maruti Suzuki,Baleno,2024,REG-V-009495,754000.0
V009496,C002669,Maruti Suzuki,Ertiga,2025,REG-V-009496,678000.0
V009497,C002359,Toyota,Glanza,2020,REG-V-009497,1684000.0
V009498,C003183,Maruti Suzuki,Brezza,2021,REG-V-009498,501000.0
V009499,C004842,Mahindra,XUV700,2014,REG-V-009499,362000.0
V009500,C002105,Hyundai,Venue,2024,REG-V-009500,627000.0
V009501,C006881,Tata,Nexon,2020,REG-V-009501,643000.0
V009502,C003296,Kia,Seltos,2017,REG-V-009502,656000.0
V009503,C004232,Honda,Civic,2022,REG-V-009503,1426000.0
V009504,C005615,Volkswagen,Polo,2016,REG-V-009504,513000.0
V009505,C003778,Kia,Carens,2024,REG-V-009505,1211000.0
V009506,C007053,Kia,Sonet,2020,REG-V-009506,943000.0
V009507,C006599,Kia,Seltos,2013,REG-V-009507,722000.0
V009508,C007635,Honda,Civic,2024,REG-V-009508,893000.0
V009509,C005268,Toyota,Innova,2024,REG-V-009509,1758000.0
V009510,C003682,Maruti Suzuki,Dzire,2016,REG-V-009510,239000.0
V009511,C002019,Maruti Suzuki,Brezza,2019,REG-V-009511,650000.0
V009512,C004405,Kia,Sonet,2022,REG-V-009512,1473000.0
V009513,C008782,Tata,Altroz,2017,REG-V-009513,410000.0
V009514,C001205,Mahindra,Scorpio,2014,REG-V-009514,648000.0
V009515,C002174,Hyundai,Verna,2015,REG-V-009515,471000.0
V009516,C006701,Maruti Suzuki,Swift,2024,REG-V-009516,512000.0
V009517,C005793,Kia,Seltos,2024,REG-V-009517,1182000.0
V009518,C009199,Volkswagen,Polo,2012,REG-V-009518,602000.0
V009519,C000306,Toyota,Glanza,2013,REG-V-009519,617000.0
V009520,C008839,Hyundai,Creta,2018,REG-V-009520,662000.0
V009521,C007311,Kia,Carens,2018,REG-V-009521,1096000.0
V009522,C007826,Volkswagen,Taigun,2016,REG-V-009522,830000.0
V009523,C003798,Maruti Suzuki,Ertiga,2018,REG-V-009523,493000.0
V009524,C003056,Honda,Amaze,2018,REG-V-009524,858000.0
V009525,C000147,Toyota,Glanza,2013,REG-V-009525,981000.0
V009526,C007944,Maruti Suzuki,Ertiga,2014,REG-V-009526,246000.0
V009527,C001611,Kia,Sonet,2021,REG-V-009527,959000.0
V009528,C002285,Volkswagen,Polo,2023,REG-V-009528,1089000.0
V009529,C002764,Mahindra,XUV700,2021,REG-V-009529,776000.0
V009530,C008742,Honda,City,2023,REG-V-009530,1168000.0
V009531,C002865,Maruti Suzuki,Ertiga,2017,REG-V-009531,376000.0
V009532,C004282,Kia,Sonet,2018,REG-V-009532,689000.0
V009533,C007538,Volkswagen,Taigun,2018,REG-V-009533,890000.0
V009534,C008978,Kia,Carens,2012,REG-V-009534,639000.0
V009535,C007973,Toyota,Glanza,2025,REG-V-009535,2139000.0
V009536,C005392,Tata,Tiago,2018,REG-V-009536,867000.0
V009537,C000022,Maruti Suzuki,Ertiga,2024,REG-V-009537,875000.0
V009538,C001574,Toyota,Innova,2024,REG-V-009538,1188000.0
V009539,C002553,Toyota,Innova,2022,REG-V-009539,2521000.0
V009540,C004157,Honda,Civic,2013,REG-V-009540,617000.0
V009541,C003632,Toyota,Innova,2022,REG-V-009541,2565000.0
V009542,C005176,Mahindra,Bolero,2012,REG-V-009542,879000.0
V009543,C004137,Volkswagen,Taigun,2024,REG-V-009543,1024000.0
V009544,C007315,Hyundai,i10,2024,REG-V-009544,1396000.0
V009545,C000538,Hyundai,Venue,2020,REG-V-009545,638000.0
V009546,C009951,Hyundai,Creta,2016,REG-V-009546,571000.0
V009547,C008470,Maruti Suzuki,Ertiga,2013,REG-V-009547,362000.0
V009548,C003335,Toyota,Innova,2012,REG-V-009548,775000.0
V009549,C003981,Volkswagen,Polo,2018,REG-V-009549,962000.0
V009550,C009638,Kia,Sonet,2024,REG-V-009550,1163000.0
V009551,C009392,Honda,Civic,2017,REG-V-009551,532000.0
V009552,C003948,Toyota,Glanza,2023,REG-V-009552,1509000.0
V009553,C000619,Hyundai,Verna,2017,REG-V-009553,588000.0
V009554,C009883,Toyota,Innova,2019,REG-V-009554,2298000.0
V009555,C006572,Kia,Sonet,2022,REG-V-009555,1671000.0
V009556,C006964,Maruti Suzuki,Swift,2015,REG-V-009556,309000.0
V009557,C002744,Mahindra,XUV300,2025,REG-V-009557,1268000.0
V009558,C008236,Maruti Suzuki,Brezza,2024,REG-V-009558,508000.0
V009559,C005615,Mahindra,Bolero,2022,REG-V-009559,1227000.0
V009560,C004741,Hyundai,Creta,2023,REG-V-009560,1305000.0
V009561,C007470,Maruti Suzuki,Dzire,2019,REG-V-009561,337000.0
V009562,C003729,Tata,Punch,2017,REG-V-009562,796000.0
V009563,C004319,Volkswagen,Taigun,2023,REG-V-009563,922000.0
V009564,C006560,Tata,Altroz,2019,REG-V-009564,983000.0
V009565,C006445,Tata,Harrier,2018,REG-V-009565,811000.0
V009566,C009708,Toyota,Fortuner,2013,REG-V-009566,983000.0
V009567,C005669,Maruti Suzuki,Swift,2019,REG-V-009567,326000.0
V009568,C003192,Hyundai,i10,2020,REG-V-009568,1050000.0
V009569,C002859,Toyota,Innova,2024,REG-V-009569,3137000.0
V009570,C005381,Honda,Amaze,2023,REG-V-009570,1105000.0
V009571,C001193,Maruti Suzuki,Ertiga,2023,REG-V-009571,797000.0
V009572,C005926,Maruti Suzuki,Swift,2022,REG-V-009572,663000.0
V009573,C003915,Toyota,Innova,2025,REG-V-009573,1556000.0
V009574,C003524,Tata,Punch,2012,REG-V-009574,588000.0
V009575,C001931,Maruti Suzuki,Swift,2018,REG-V-009575,515000.0
V009576,C005000,Hyundai,i10,2016,REG-V-009576,479000.0
V009577,C000387,Tata,Nexon,2021,REG-V-009577,1302000.0
V009578,C006116,Volkswagen,Taigun,2017,REG-V-009578,585000.0
V009579,C002845,Honda,Civic,2016,REG-V-009579,474000.0
V009580,C009099,Kia,Carens,2018,REG-V-009580,646000.0
V009581,C005304,Mahindra,XUV700,2018,REG-V-009581,929000.0
V009582,C007879,Honda,Amaze,2018,REG-V-009582,719000.0
V009583,C008561,Toyota,Innova,2020,REG-V-009583,1260000.0
V009584,C008846,Maruti Suzuki,Swift,2019,REG-V-009584,386000.0
V009585,C008752,Volkswagen,Virtus,2012,REG-V-009585,690000.0
V009586,C002279,Kia,Sonet,2025,REG-V-009586,1299000.0
V009587,C003022,Maruti Suzuki,Brezza,2021,REG-V-009587,500000.0
V009588,C007126,Volkswagen,Polo,2017,REG-V-009588,556000.0
V009589,C005411,Tata,Tiago,2016,REG-V-009589,381000.0
V009590,C006140,Toyota,Glanza,2023,REG-V-009590,2848000.0
V009591,C006823,Honda,Amaze,2016,REG-V-009591,504000.0
V009592,C001134,Honda,Amaze,2022,REG-V-009592,1303000.0
V009593,C001683,Honda,Amaze,2025,REG-V-009593,1039000.0
V009594,C006431,Mahindra,XUV300,2019,REG-V-009594,933000.0
V009595,C006295,Mahindra,XUV300,2018,REG-V-009595,723000.0
V009596,C008222,Honda,Amaze,2014,REG-V-009596,663000.0
V009597,C006976,Kia,Carens,2018,REG-V-009597,854000.0
V009598,C002087,Kia,Sonet,2021,REG-V-009598,1314000.0
V009599,C000724,Toyota,Innova,2014,REG-V-009599,779000.0
V009600,C003923,Hyundai,Venue,2017,REG-V-009600,566000.0
V009601,C003723,Volkswagen,Polo,2025,REG-V-009601,1707000.0
V009602,C007743,Toyota,Glanza,2024,REG-V-009602,2015000.0
V009603,C006760,Kia,Seltos,2018,REG-V-009603,912000.0
V009604,C008773,Hyundai,i10,2012,REG-V-009604,515000.0
V009605,C005085,Kia,Sonet,2017,REG-V-009605,717000.0
V009606,C002874,Toyota,Fortuner,2012,REG-V-009606,1138000.0
V009607,C005085,Honda,Amaze,2025,REG-V-009607,1568000.0
V009608,C002174,Honda,Civic,2016,REG-V-009608,696000.0
V009609,C000628,Maruti Suzuki,Ertiga,2018,REG-V-009609,538000.0
V009610,C005046,Volkswagen,Polo,2012,REG-V-009610,577000.0
V009611,C004155,Hyundai,Verna,2021,REG-V-009611,997000.0
V009612,C000333,Maruti Suzuki,Baleno,2017,REG-V-009612,441000.0
V009613,C007266,Mahindra,Scorpio,2019,REG-V-009613,1016000.0
V009614,C006488,Hyundai,Creta,2014,REG-V-009614,556000.0
V009615,C000762,Honda,Civic,2024,REG-V-009615,1143000.0
V009616,C007149,Maruti Suzuki,Ertiga,2024,REG-V-009616,763000.0
V009617,C000844,Hyundai,Venue,2022,REG-V-009617,759000.0
V009618,C005212,Toyota,Fortuner,2017,REG-V-009618,865000.0
V009619,C006268,Mahindra,Bolero,2022,REG-V-009619,1332000.0
V009620,C005039,Hyundai,i10,2024,REG-V-009620,948000.0
V009621,C007538,Maruti Suzuki,Baleno,2012,REG-V-009621,227000.0
V009622,C003862,Honda,Civic,2022,REG-V-009622,1231000.0
V009623,C002146,Tata,Punch,2023,REG-V-009623,1034000.0
V009624,C004901,Honda,City,2024,REG-V-009624,1099000.0
V009625,C003413,Kia,Sonet,2023,REG-V-009625,1035000.0
V009626,C001503,Volkswagen,Polo,2022,REG-V-009626,1315000.0
V009627,C004748,Toyota,Innova,2017,REG-V-009627,1633000.0
V009628,C002023,Volkswagen,Taigun,2018,REG-V-009628,880000.0
V009629,C004742,Toyota,Fortuner,2025,REG-V-009629,3336000.0
V009630,C005966,Tata,Altroz,2020,REG-V-009630,699000.0
V009631,C007897,Honda,Civic,2023,REG-V-009631,906000.0
V009632,C008572,Honda,Amaze,2014,REG-V-009632,644000.0
V009633,C006729,Toyota,Fortuner,2017,REG-V-009633,1312000.0
V009634,C008988,Honda,Amaze,2020,REG-V-009634,893000.0
V009635,C005617,Kia,Carens,2016,REG-V-009635,471000.0
V009636,C007153,Tata,Harrier,2025,REG-V-009636,816000.0
V009637,C007772,Honda,Civic,2019,REG-V-009637,1032000.0
V009638,C008297,Kia,Sonet,2013,REG-V-009638,331000.0
V009639,C007584,Honda,City,2020,REG-V-009639,1134000.0
V009640,C009074,Honda,City,2017,REG-V-009640,470000.0
V009641,C004767,Mahindra,XUV700,2023,REG-V-009641,797000.0
V009642,C009543,Honda,Amaze,2022,REG-V-009642,893000.0
V009643,C004017,Volkswagen,Virtus,2021,REG-V-009643,1133000.0
V009644,C000726,Kia,Carens,2024,REG-V-009644,1781000.0
V009645,C001824,Tata,Nexon,2013,REG-V-009645,573000.0
V009646,C005620,Maruti Suzuki,Swift,2021,REG-V-009646,762000.0
V009647,C000150,Kia,Seltos,2014,REG-V-009647,763000.0
V009648,C001571,Volkswagen,Taigun,2015,REG-V-009648,383000.0
V009649,C003749,Hyundai,Creta,2015,REG-V-009649,372000.0
V009650,C006287,Honda,Amaze,2012,REG-V-009650,618000.0
V009651,C001652,Honda,City,2024,REG-V-009651,1031000.0
V009652,C005792,Kia,Carens,2023,REG-V-009652,1058000.0
V009653,C006680,Kia,Seltos,2015,REG-V-009653,498000.0
V009654,C007705,Kia,Carens,2016,REG-V-009654,644000.0
V009655,C006651,Toyota,Fortuner,2015,REG-V-009655,552000.0
V009656,C002519,Mahindra,XUV700,2025,REG-V-009656,944000.0
V009657,C009975,Maruti Suzuki,Brezza,2019,REG-V-009657,414000.0
V009658,C008942,Mahindra,XUV700,2020,REG-V-009658,1303000.0
V009659,C003747,Volkswagen,Taigun,2025,REG-V-009659,1434000.0
V009660,C000307,Mahindra,XUV300,2022,REG-V-009660,996000.0
V009661,C005331,Maruti Suzuki,Ertiga,2018,REG-V-009661,596000.0
V009662,C008688,Honda,City,2023,REG-V-009662,753000.0
V009663,C008272,Volkswagen,Taigun,2015,REG-V-009663,694000.0
V009664,C009026,Toyota,Fortuner,2015,REG-V-009664,1294000.0
V009665,C009692,Tata,Nexon,2022,REG-V-009665,875000.0
V009666,C007179,Volkswagen,Virtus,2013,REG-V-009666,609000.0
V009667,C001620,Kia,Sonet,2024,REG-V-009667,1575000.0
V009668,C000371,Tata,Harrier,2016,REG-V-009668,387000.0
V009669,C001504,Kia,Sonet,2017,REG-V-009669,489000.0
V009670,C002019,Tata,Punch,2015,REG-V-009670,451000.0
V009671,C000635,Hyundai,Venue,2020,REG-V-009671,1023000.0
V009672,C004554,Honda,Amaze,2016,REG-V-009672,795000.0
V009673,C007917,Mahindra,Scorpio,2013,REG-V-009673,674000.0
V009674,C000043,Mahindra,Bolero,2013,REG-V-009674,596000.0
V009675,C008095,Volkswagen,Taigun,2022,REG-V-009675,1011000.0
V009676,C009289,Tata,Punch,2021,REG-V-009676,1073000.0
V009677,C001509,Hyundai,Venue,2016,REG-V-009677,656000.0
V009678,C000227,Mahindra,XUV300,2019,REG-V-009678,1366000.0
V009679,C004831,Mahindra,XUV700,2019,REG-V-009679,1258000.0
V009680,C008731,Maruti Suzuki,Dzire,2020,REG-V-009680,453000.0
V009681,C007425,Maruti Suzuki,Ertiga,2019,REG-V-009681,591000.0
V009682,C000355,Maruti Suzuki,Brezza,2016,REG-V-009682,379000.0
V009683,C006776,Toyota,Glanza,2020,REG-V-009683,1721000.0
V009684,C008225,Toyota,Innova,2013,REG-V-009684,460000.0
V009685,C002712,Volkswagen,Taigun,2022,REG-V-009685,1461000.0
V009686,C006570,Kia,Seltos,2025,REG-V-009686,969000.0
V009687,C004983,Volkswagen,Taigun,2020,REG-V-009687,1113000.0
V009688,C002066,Maruti Suzuki,Ertiga,2022,REG-V-009688,715000.0
V009689,C009066,Maruti Suzuki,Baleno,2012,REG-V-009689,294000.0
V009690,C002253,Volkswagen,Polo,2024,REG-V-009690,1276000.0
V009691,C008442,Tata,Punch,2016,REG-V-009691,710000.0
V009692,C007055,Volkswagen,Polo,2013,REG-V-009692,499000.0
V009693,C002231,Volkswagen,Polo,2013,REG-V-009693,516000.0
V009694,C007162,Kia,Seltos,2015,REG-V-009694,392000.0
V009695,C000276,Kia,Seltos,2024,REG-V-009695,1924000.0
V009696,C002387,Tata,Altroz,2025,REG-V-009696,1092000.0
V009697,C002843,Volkswagen,Taigun,2025,REG-V-009697,1723000.0
V009698,C008951,Kia,Seltos,2015,REG-V-009698,737000.0
V009699,C009192,Maruti Suzuki,Brezza,2021,REG-V-009699,598000.0
V009700,C002711,Kia,Seltos,2012,REG-V-009700,486000.0
V009701,C004785,Honda,Amaze,2017,REG-V-009701,659000.0
V009702,C009814,Hyundai,Verna,2021,REG-V-009702,1089000.0
V009703,C006705,Volkswagen,Taigun,2023,REG-V-009703,978000.0
V009704,C000720,Toyota,Glanza,2021,REG-V-009704,2451000.0
V009705,C003929,Toyota,Fortuner,2012,REG-V-009705,728000.0
V009706,C004232,Volkswagen,Virtus,2020,REG-V-009706,1279000.0
V009707,C003048,Toyota,Glanza,2020,REG-V-009707,1606000.0
V009708,C005237,Honda,Amaze,2025,REG-V-009708,1291000.0
V009709,C007418,Maruti Suzuki,Swift,2018,REG-V-009709,483000.0
V009710,C006949,Honda,City,2022,REG-V-009710,764000.0
V009711,C003519,Volkswagen,Virtus,2018,REG-V-009711,961000.0
V009712,C007423,Toyota,Glanza,2015,REG-V-009712,1261000.0
V009713,C005381,Hyundai,Verna,2016,REG-V-009713,628000.0
V009714,C007765,Hyundai,Venue,2020,REG-V-009714,732000.0
V009715,C001130,Tata,Altroz,2018,REG-V-009715,576000.0
V009716,C004063,Hyundai,Verna,2024,REG-V-009716,738000.0
V009717,C003960,Toyota,Glanza,2016,REG-V-009717,548000.0
V009718,C003523,Mahindra,Scorpio,2014,REG-V-009718,350000.0
V009719,C007020,Hyundai,Verna,2014,REG-V-009719,424000.0
V009720,C005614,Tata,Tiago,2023,REG-V-009720,1405000.0
V009721,C003868,Toyota,Glanza,2021,REG-V-009721,1139000.0
V009722,C005398,Toyota,Fortuner,2016,REG-V-009722,932000.0
V009723,C007093,Honda,Civic,2022,REG-V-009723,954000.0
V009724,C006797,Kia,Sonet,2017,REG-V-009724,633000.0
V009725,C007674,Hyundai,Venue,2023,REG-V-009725,1212000.0
V009726,C008562,Maruti Suzuki,Baleno,2019,REG-V-009726,531000.0
V009727,C007457,Volkswagen,Polo,2023,REG-V-009727,1215000.0
V009728,C001798,Honda,Amaze,2013,REG-V-009728,326000.0
V009729,C008510,Mahindra,Bolero,2013,REG-V-009729,745000.0
V009730,C003301,Toyota,Innova,2024,REG-V-009730,3378000.0
V009731,C006705,Maruti Suzuki,Brezza,2012,REG-V-009731,239000.0
V009732,C009914,Maruti Suzuki,Brezza,2022,REG-V-009732,812000.0
V009733,C002931,Hyundai,i10,2014,REG-V-009733,512000.0
V009734,C002706,Mahindra,Bolero,2014,REG-V-009734,576000.0
V009735,C001824,Volkswagen,Polo,2024,REG-V-009735,1630000.0
V009736,C009841,Tata,Tiago,2014,REG-V-009736,522000.0
V009737,C004296,Volkswagen,Taigun,2013,REG-V-009737,721000.0
V009738,C007917,Volkswagen,Taigun,2022,REG-V-009738,1334000.0
V009739,C000511,Toyota,Glanza,2024,REG-V-009739,2778000.0
V009740,C001801,Hyundai,Venue,2024,REG-V-009740,986000.0
V009741,C000655,Maruti Suzuki,Swift,2020,REG-V-009741,374000.0
V009742,C008202,Tata,Punch,2020,REG-V-009742,1073000.0
V009743,C001071,Mahindra,XUV700,2021,REG-V-009743,1579000.0
V009744,C009264,Honda,Civic,2024,REG-V-009744,997000.0
V009745,C006686,Honda,Amaze,2017,REG-V-009745,652000.0
V009746,C009146,Maruti Suzuki,Baleno,2016,REG-V-009746,273000.0
V009747,C004107,Toyota,Innova,2025,REG-V-009747,1284000.0
V009748,C005294,Tata,Altroz,2024,REG-V-009748,1553000.0
V009749,C000294,Volkswagen,Taigun,2022,REG-V-009749,1025000.0
V009750,C004697,Maruti Suzuki,Ertiga,2018,REG-V-009750,391000.0
V009751,C005952,Kia,Carens,2023,REG-V-009751,963000.0
V009752,C001016,Mahindra,XUV300,2013,REG-V-009752,714000.0
V009753,C009810,Maruti Suzuki,Brezza,2024,REG-V-009753,576000.0
V009754,C000044,Mahindra,XUV300,2019,REG-V-009754,1174000.0
V009755,C002682,Volkswagen,Taigun,2023,REG-V-009755,1474000.0
V009756,C006207,Honda,Amaze,2015,REG-V-009756,365000.0
V009757,C005024,Volkswagen,Taigun,2020,REG-V-009757,1396000.0
V009758,C002415,Volkswagen,Polo,2022,REG-V-009758,1327000.0
V009759,C009871,Tata,Punch,2015,REG-V-009759,465000.0
V009760,C001898,Volkswagen,Polo,2022,REG-V-009760,1233000.0
V009761,C005737,Tata,Tiago,2016,REG-V-009761,436000.0
V009762,C001152,Mahindra,Bolero,2024,REG-V-009762,1100000.0
V009763,C000583,Volkswagen,Polo,2015,REG-V-009763,530000.0
V009764,C004915,Tata,Tiago,2023,REG-V-009764,939000.0
V009765,C008107,Kia,Carens,2017,REG-V-009765,709000.0
V009766,C005356,Tata,Harrier,2022,REG-V-009766,699000.0
V009767,C002923,Tata,Nexon,2015,REG-V-009767,347000.0
V009768,C000176,Hyundai,i20,2020,REG-V-009768,493000.0
V009769,C009425,Mahindra,Bolero,2025,REG-V-009769,2192000.0
V009770,C002131,Kia,Sonet,2020,REG-V-009770,986000.0
V009771,C005788,Maruti Suzuki,Brezza,2025,REG-V-009771,902000.0
V009772,C000159,Maruti Suzuki,Baleno,2017,REG-V-009772,503000.0
V009773,C000982,Honda,Amaze,2018,REG-V-009773,974000.0
V009774,C001700,Hyundai,i20,2013,REG-V-009774,500000.0
V009775,C001120,Mahindra,Bolero,2020,REG-V-009775,1360000.0
V009776,C005352,Hyundai,Creta,2019,REG-V-009776,606000.0
V009777,C003987,Kia,Carens,2013,REG-V-009777,379000.0
V009778,C008073,Hyundai,Venue,2015,REG-V-009778,584000.0
V009779,C001156,Hyundai,i20,2014,REG-V-009779,489000.0
V009780,C004337,Kia,Carens,2020,REG-V-009780,1012000.0
V009781,C004306,Volkswagen,Virtus,2012,REG-V-009781,607000.0
V009782,C002328,Hyundai,Venue,2018,REG-V-009782,530000.0
V009783,C000964,Kia,Seltos,2013,REG-V-009783,335000.0
V009784,C000108,Hyundai,i20,2018,REG-V-009784,884000.0
V009785,C000198,Kia,Carens,2020,REG-V-009785,1083000.0
V009786,C004006,Hyundai,i10,2016,REG-V-009786,578000.0
V009787,C000562,Mahindra,XUV700,2025,REG-V-009787,1678000.0
V009788,C003960,Toyota,Innova,2019,REG-V-009788,982000.0
V009789,C004409,Tata,Altroz,2016,REG-V-009789,545000.0
V009790,C004469,Tata,Nexon,2024,REG-V-009790,634000.0
V009791,C001925,Volkswagen,Virtus,2014,REG-V-009791,488000.0
V009792,C005037,Toyota,Fortuner,2018,REG-V-009792,1721000.0
V009793,C003940,Mahindra,Bolero,2021,REG-V-009793,1007000.0
V009794,C009898,Honda,City,2015,REG-V-009794,657000.0
V009795,C000469,Volkswagen,Virtus,2018,REG-V-009795,964000.0
V009796,C000557,Tata,Nexon,2019,REG-V-009796,695000.0
V009797,C008293,Toyota,Innova,2023,REG-V-009797,2805000.0
V009798,C002670,Volkswagen,Virtus,2023,REG-V-009798,939000.0
V009799,C001840,Maruti Suzuki,Dzire,2017,REG-V-009799,534000.0
V009800,C008794,Volkswagen,Polo,2012,REG-V-009800,318000.0
V009801,C005369,Kia,Sonet,2020,REG-V-009801,786000.0
V009802,C006208,Hyundai,Verna,2018,REG-V-009802,416000.0
V009803,C000079,Mahindra,Bolero,2016,REG-V-009803,467000.0
V009804,C002618,Tata,Tiago,2023,REG-V-009804,1027000.0
V009805,C002602,Toyota,Glanza,2020,REG-V-009805,1823000.0
V009806,C007678,Maruti Suzuki,Baleno,2018,REG-V-009806,595000.0
V009807,C003861,Tata,Nexon,2025,REG-V-009807,762000.0
V009808,C005821,Toyota,Fortuner,2024,REG-V-009808,1843000.0
V009809,C009353,Honda,Amaze,2015,REG-V-009809,462000.0
V009810,C009847,Mahindra,Bolero,2013,REG-V-009810,612000.0
V009811,C001274,Volkswagen,Virtus,2012,REG-V-009811,318000.0
V009812,C005597,Tata,Harrier,2022,REG-V-009812,1160000.0
V009813,C007033,Hyundai,Verna,2022,REG-V-009813,894000.0
V009814,C007896,Honda,Amaze,2021,REG-V-009814,1345000.0
V009815,C009237,Maruti Suzuki,Baleno,2023,REG-V-009815,726000.0
V009816,C007340,Mahindra,Scorpio,2020,REG-V-009816,722000.0
V009817,C006933,Maruti Suzuki,Ertiga,2012,REG-V-009817,244000.0
V009818,C000559,Honda,City,2018,REG-V-009818,992000.0
V009819,C005488,Mahindra,Bolero,2022,REG-V-009819,1050000.0
V009820,C006028,Maruti Suzuki,Brezza,2021,REG-V-009820,743000.0
V009821,C007006,Toyota,Fortuner,2013,REG-V-009821,676000.0
V009822,C005881,Toyota,Innova,2013,REG-V-009822,818000.0
V009823,C004114,Tata,Harrier,2016,REG-V-009823,373000.0
V009824,C004910,Toyota,Fortuner,2013,REG-V-009824,725000.0
V009825,C009671,Toyota,Glanza,2018,REG-V-009825,1667000.0
V009826,C003275,Tata,Altroz,2015,REG-V-009826,348000.0
V009827,C007923,Mahindra,XUV700,2022,REG-V-009827,1100000.0
V009828,C006119,Honda,City,2017,REG-V-009828,746000.0
V009829,C004455,Kia,Carens,2021,REG-V-009829,1065000.0
V009830,C004163,Kia,Sonet,2016,REG-V-009830,789000.0
V009831,C005404,Mahindra,Scorpio,2021,REG-V-009831,1836000.0
V009832,C008062,Kia,Sonet,2016,REG-V-009832,630000.0
V009833,C001221,Mahindra,XUV700,2015,REG-V-009833,684000.0
V009834,C009153,Honda,City,2024,REG-V-009834,1162000.0
V009835,C007811,Tata,Harrier,2022,REG-V-009835,565000.0
V009836,C003489,Tata,Tiago,2020,REG-V-009836,572000.0
V009837,C000103,Mahindra,Bolero,2015,REG-V-009837,906000.0
V009838,C001056,Kia,Seltos,2013,REG-V-009838,506000.0
V009839,C001435,Hyundai,Verna,2014,REG-V-009839,291000.0
V009840,C001045,Maruti Suzuki,Ertiga,2017,REG-V-009840,406000.0
V009841,C001039,Hyundai,Venue,2021,REG-V-009841,996000.0
V009842,C009601,Volkswagen,Virtus,2025,REG-V-009842,1946000.0
V009843,C006626,Toyota,Innova,2013,REG-V-009843,1153000.0
V009844,C008258,Maruti Suzuki,Dzire,2025,REG-V-009844,860000.0
V009845,C005669,Hyundai,i20,2022,REG-V-009845,1224000.0
V009846,C006245,Maruti Suzuki,Baleno,2013,REG-V-009846,364000.0
V009847,C008868,Toyota,Fortuner,2018,REG-V-009847,960000.0
V009848,C002633,Volkswagen,Taigun,2025,REG-V-009848,1441000.0
V009849,C006984,Toyota,Glanza,2019,REG-V-009849,951000.0
V009850,C009044,Hyundai,Venue,2015,REG-V-009850,542000.0
V009851,C009397,Mahindra,XUV700,2018,REG-V-009851,613000.0
V009852,C004458,Mahindra,Bolero,2021,REG-V-009852,1069000.0
V009853,C008610,Toyota,Glanza,2025,REG-V-009853,3372000.0
V009854,C005082,Tata,Nexon,2019,REG-V-009854,530000.0
V009855,C002589,Tata,Tiago,2014,REG-V-009855,467000.0
V009856,C002527,Tata,Altroz,2019,REG-V-009856,949000.0
V009857,C004541,Tata,Punch,2018,REG-V-009857,949000.0
V009858,C002589,Hyundai,Verna,2016,REG-V-009858,567000.0
V009859,C000314,Toyota,Glanza,2018,REG-V-009859,1097000.0
V009860,C001059,Maruti Suzuki,Ertiga,2013,REG-V-009860,369000.0
V009861,C008540,Maruti Suzuki,Brezza,2023,REG-V-009861,600000.0
V009862,C008884,Volkswagen,Virtus,2018,REG-V-009862,1118000.0
V009863,C008782,Kia,Carens,2016,REG-V-009863,510000.0
V009864,C005576,Maruti Suzuki,Ertiga,2017,REG-V-009864,480000.0
V009865,C009384,Maruti Suzuki,Baleno,2017,REG-V-009865,504000.0
V009866,C005041,Hyundai,Verna,2016,REG-V-009866,361000.0
V009867,C004663,Volkswagen,Virtus,2014,REG-V-009867,557000.0
V009868,C004784,Kia,Sonet,2025,REG-V-009868,1924000.0
V009869,C002557,Hyundai,Creta,2012,REG-V-009869,307000.0
V009870,C006181,Tata,Nexon,2019,REG-V-009870,850000.0
V009871,C004507,Kia,Carens,2013,REG-V-009871,371000.0
V009872,C009751,Toyota,Innova,2015,REG-V-009872,955000.0
V009873,C001717,Maruti Suzuki,Baleno,2014,REG-V-009873,362000.0
V009874,C000782,Maruti Suzuki,Swift,2019,REG-V-009874,527000.0
V009875,C003515,Tata,Nexon,2013,REG-V-009875,572000.0
V009876,C002175,Volkswagen,Taigun,2017,REG-V-009876,575000.0
V009877,C009924,Mahindra,XUV300,2019,REG-V-009877,1525000.0
V009878,C005622,Toyota,Fortuner,2018,REG-V-009878,1970000.0
V009879,C003601,Maruti Suzuki,Ertiga,2017,REG-V-009879,481000.0
V009880,C006473,Tata,Punch,2016,REG-V-009880,502000.0
V009881,C004553,Kia,Sonet,2025,REG-V-009881,1742000.0
V009882,C002096,Honda,Civic,2015,REG-V-009882,483000.0
V009883,C003960,Volkswagen,Virtus,2020,REG-V-009883,710000.0
V009884,C002851,Tata,Nexon,2021,REG-V-009884,955000.0
V009885,C006429,Volkswagen,Taigun,2018,REG-V-009885,888000.0
V009886,C008213,Mahindra,Scorpio,2015,REG-V-009886,505000.0
V009887,C002640,Toyota,Fortuner,2013,REG-V-009887,789000.0
V009888,C006257,Honda,Civic,2018,REG-V-009888,623000.0
V009889,C007133,Volkswagen,Virtus,2016,REG-V-009889,708000.0
V009890,C003708,Maruti Suzuki,Swift,2019,REG-V-009890,554000.0
V009891,C004910,Hyundai,Verna,2014,REG-V-009891,498000.0
V009892,C003593,Mahindra,Bolero,2013,REG-V-009892,904000.0
V009893,C003740,Tata,Punch,2012,REG-V-009893,261000.0
V009894,C004477,Mahindra,Bolero,2015,REG-V-009894,1054000.0
V009895,C002939,Mahindra,XUV700,2019,REG-V-009895,664000.0
V009896,C004920,Honda,Civic,2013,REG-V-009896,663000.0
V009897,C007591,Honda,Amaze,2018,REG-V-009897,656000.0
V009898,C003958,Mahindra,Bolero,2014,REG-V-009898,723000.0
V009899,C009470,Volkswagen,Polo,2013,REG-V-009899,492000.0
V009900,C002201,Tata,Nexon,2015,REG-V-009900,682000.0
V009901,C004515,Hyundai,Venue,2025,REG-V-009901,1072000.0
V009902,C006055,Maruti Suzuki,Swift,2019,REG-V-009902,440000.0
V009903,C005469,Volkswagen,Taigun,2022,REG-V-009903,926000.0
V009904,C009483,Toyota,Glanza,2019,REG-V-009904,1894000.0
V009905,C003224,Hyundai,Creta,2017,REG-V-009905,379000.0
V009906,C003785,Kia,Sonet,2016,REG-V-009906,948000.0
V009907,C005992,Tata,Punch,2018,REG-V-009907,366000.0
V009908,C006000,Maruti Suzuki,Brezza,2022,REG-V-009908,547000.0
V009909,C007945,Maruti Suzuki,Ertiga,2013,REG-V-009909,333000.0
V009910,C008008,Mahindra,XUV300,2024,REG-V-009910,2178000.0
V009911,C000110,Hyundai,i20,2024,REG-V-009911,892000.0
V009912,C007707,Volkswagen,Virtus,2023,REG-V-009912,1274000.0
V009913,C007229,Honda,City,2020,REG-V-009913,1051000.0
V009914,C005900,Mahindra,XUV300,2024,REG-V-009914,1495000.0
V009915,C003151,Mahindra,Bolero,2025,REG-V-009915,1839000.0
V009916,C009122,Toyota,Glanza,2016,REG-V-009916,963000.0
V009917,C007445,Tata,Tiago,2021,REG-V-009917,1032000.0
V009918,C002584,Mahindra,Bolero,2025,REG-V-009918,2089000.0
V009919,C003039,Maruti Suzuki,Ertiga,2023,REG-V-009919,632000.0
V009920,C007154,Kia,Seltos,2018,REG-V-009920,1217000.0
V009921,C009215,Maruti Suzuki,Dzire,2015,REG-V-009921,211000.0
V009922,C004946,Honda,City,2015,REG-V-009922,663000.0
V009923,C008848,Tata,Tiago,2025,REG-V-009923,1470000.0
V009924,C003826,Kia,Seltos,2024,REG-V-009924,1316000.0
V009925,C003967,Volkswagen,Polo,2013,REG-V-009925,697000.0
V009926,C006896,Toyota,Glanza,2018,REG-V-009926,1861000.0
V009927,C000520,Hyundai,i10,2023,REG-V-009927,905000.0
V009928,C001392,Maruti Suzuki,Ertiga,2018,REG-V-009928,425000.0
V009929,C007340,Honda,City,2023,REG-V-009929,1355000.0
V009930,C002439,Honda,Civic,2021,REG-V-009930,1327000.0
V009931,C001742,Kia,Carens,2019,REG-V-009931,785000.0
V009932,C000902,Kia,Sonet,2012,REG-V-009932,548000.0
V009933,C002273,Kia,Carens,2023,REG-V-009933,1635000.0
V009934,C002523,Honda,City,2020,REG-V-009934,825000.0
V009935,C003403,Toyota,Fortuner,2020,REG-V-009935,1808000.0
V009936,C009409,Mahindra,Scorpio,2012,REG-V-009936,682000.0
V009937,C006493,Tata,Nexon,2019,REG-V-009937,1054000.0
V009938,C006970,Toyota,Fortuner,2013,REG-V-009938,860000.0
V009939,C001336,Toyota,Glanza,2020,REG-V-009939,1431000.0
V009940,C001932,Honda,Amaze,2020,REG-V-009940,1175000.0
V009941,C009036,Hyundai,i10,2020,REG-V-009941,1052000.0
V009942,C006388,Tata,Altroz,2014,REG-V-009942,299000.0
V009943,C008150,Tata,Altroz,2013,REG-V-009943,288000.0
V009944,C003579,Kia,Seltos,2016,REG-V-009944,450000.0
V009945,C005818,Mahindra,Scorpio,2015,REG-V-009945,799000.0
V009946,C005070,Toyota,Innova,2014,REG-V-009946,672000.0
V009947,C002065,Tata,Altroz,2017,REG-V-009947,305000.0
V009948,C008297,Maruti Suzuki,Dzire,2017,REG-V-009948,428000.0
V009949,C003320,Toyota,Glanza,2020,REG-V-009949,1386000.0
V009950,C004706,Maruti Suzuki,Swift,2023,REG-V-009950,775000.0
V009951,C001338,Mahindra,Bolero,2016,REG-V-009951,802000.0
V009952,C006434,Maruti Suzuki,Baleno,2025,REG-V-009952,853000.0
V009953,C007973,Honda,Civic,2017,REG-V-009953,637000.0
V009954,C004120,Toyota,Fortuner,2016,REG-V-009954,1472000.0
V009955,C009782,Volkswagen,Virtus,2012,REG-V-009955,590000.0
V009956,C002587,Tata,Punch,2025,REG-V-009956,1055000.0
V009957,C008782,Honda,City,2014,REG-V-009957,455000.0
V009958,C007266,Mahindra,Bolero,2020,REG-V-009958,1872000.0
V009959,C009302,Honda,Amaze,2021,REG-V-009959,1364000.0
V009960,C007468,Tata,Punch,2021,REG-V-009960,701000.0
V009961,C004992,Tata,Punch,2018,REG-V-009961,580000.0
V009962,C004152,Toyota,Fortuner,2022,REG-V-009962,1327000.0
V009963,C008342,Maruti Suzuki,Swift,2024,REG-V-009963,912000.0
V009964,C008441,Hyundai,Creta,2013,REG-V-009964,434000.0
V009965,C005933,Honda,Civic,2016,REG-V-009965,819000.0
V009966,C007064,Hyundai,Venue,2021,REG-V-009966,658000.0
V009967,C004666,Toyota,Glanza,2025,REG-V-009967,1274000.0
V009968,C002204,Kia,Sonet,2023,REG-V-009968,1378000.0
V009969,C000517,Maruti Suzuki,Brezza,2023,REG-V-009969,816000.0
V009970,C006572,Toyota,Innova,2023,REG-V-009970,2731000.0
V009971,C006742,Mahindra,XUV700,2012,REG-V-009971,911000.0
V009972,C006701,Mahindra,XUV300,2025,REG-V-009972,2228000.0
V009973,C005663,Honda,City,2017,REG-V-009973,467000.0
V009974,C003417,Kia,Sonet,2022,REG-V-009974,1194000.0
V009975,C002438,Kia,Carens,2012,REG-V-009975,507000.0
V009976,C000684,Toyota,Glanza,2023,REG-V-009976,1717000.0
V009977,C001469,Honda,Amaze,2021,REG-V-009977,662000.0
V009978,C006323,Kia,Carens,2016,REG-V-009978,892000.0
V009979,C007750,Kia,Carens,2024,REG-V-009979,1315000.0
V009980,C009127,Hyundai,i10,2016,REG-V-009980,710000.0
V009981,C000857,Volkswagen,Virtus,2020,REG-V-009981,1304000.0
V009982,C008186,Honda,City,2021,REG-V-009982,1169000.0
V009983,C006012,Honda,Amaze,2020,REG-V-009983,669000.0
V009984,C003001,Honda,Civic,2020,REG-V-009984,881000.0
V009985,C007314,Honda,Amaze,2018,REG-V-009985,908000.0
V009986,C009896,Volkswagen,Virtus,2022,REG-V-009986,1414000.0
V009987,C003804,Hyundai,Venue,2020,REG-V-009987,797000.0
V009988,C006316,Toyota,Innova,2015,REG-V-009988,1124000.0
V009989,C002620,Toyota,Fortuner,2013,REG-V-009989,1303000.0
V009990,C002061,Maruti Suzuki,Brezza,2017,REG-V-009990,359000.0
V009991,C001484,Honda,Amaze,2019,REG-V-009991,1155000.0
V009992,C000333,Honda,Amaze,2012,REG-V-009992,601000.0
V009993,C007296,Toyota,Innova,2024,REG-V-009993,1471000.0
V009994,C001450,Hyundai,i20,2016,REG-V-009994,670000.0
V009995,C006812,Maruti Suzuki,Baleno,2021,REG-V-009995,571000.0
V009996,C008742,Toyota,Fortuner,2015,REG-V-009996,950000.0
V009997,C008510,Toyota,Glanza,2016,REG-V-009997,998000.0
V009998,C002978,Mahindra,XUV700,2015,REG-V-009998,742000.0
V009999,C001244,Volkswagen,Polo,2018,REG-V-009999,533000.0
V010000,C004451,Hyundai,Creta,2012,REG-V-010000,551000.0
V010001,C001812,Maruti Suzuki,Baleno,2024,REG-V-010001,755000.0
V010002,C003747,Maruti Suzuki,Brezza,2018,REG-V-010002,473000.0
V010003,C005740,Volkswagen,Virtus,2012,REG-V-010003,629000.0
V010004,C006488,Maruti Suzuki,Baleno,2017,REG-V-010004,554000.0
V010005,C002203,Volkswagen,Virtus,2024,REG-V-010005,1187000.0
V010006,C002294,Honda,Civic,2019,REG-V-010006,845000.0
V010007,C008697,Volkswagen,Virtus,2023,REG-V-010007,1158000.0
V010008,C009466,Volkswagen,Polo,2015,REG-V-010008,557000.0
V010009,C006471,Tata,Nexon,2017,REG-V-010009,861000.0
V010010,C005612,Honda,City,2014,REG-V-010010,346000.0
V010011,C006623,Mahindra,XUV700,2013,REG-V-010011,824000.0
V010012,C001285,Mahindra,Bolero,2021,REG-V-010012,1535000.0
V010013,C009022,Volkswagen,Taigun,2025,REG-V-010013,1232000.0
V010014,C002094,Kia,Seltos,2020,REG-V-010014,1176000.0
V010015,C006747,Volkswagen,Virtus,2016,REG-V-010015,761000.0
V010016,C002243,Mahindra,Scorpio,2012,REG-V-010016,371000.0
V010017,C007110,Hyundai,Verna,2013,REG-V-010017,405000.0
V010018,C007603,Maruti Suzuki,Swift,2012,REG-V-010018,349000.0
V010019,C007470,Hyundai,Venue,2022,REG-V-010019,1152000.0
V010020,C004314,Hyundai,i20,2013,REG-V-010020,531000.0
V010021,C006115,Mahindra,XUV300,2022,REG-V-010021,1944000.0
V010022,C006020,Mahindra,Scorpio,2023,REG-V-010022,1471000.0
V010023,C007257,Toyota,Innova,2017,REG-V-010023,742000.0
V010024,C005039,Maruti Suzuki,Baleno,2019,REG-V-010024,321000.0
V010025,C005110,Kia,Sonet,2016,REG-V-010025,915000.0
V010026,C006883,Tata,Altroz,2013,REG-V-010026,496000.0
V010027,C001700,Mahindra,XUV700,2015,REG-V-010027,606000.0
V010028,C006561,Toyota,Glanza,2019,REG-V-010028,855000.0
V010029,C001474,Tata,Harrier,2022,REG-V-010029,1258000.0
V010030,C007304,Toyota,Innova,2012,REG-V-010030,532000.0
V010031,C003901,Tata,Tiago,2017,REG-V-010031,734000.0
V010032,C008433,Honda,Amaze,2016,REG-V-010032,689000.0
V010033,C000896,Kia,Sonet,2016,REG-V-010033,659000.0
V010034,C004636,Kia,Seltos,2021,REG-V-010034,966000.0
V010035,C001670,Kia,Seltos,2012,REG-V-010035,572000.0
V010036,C008734,Hyundai,Verna,2018,REG-V-010036,746000.0
V010037,C001253,Mahindra,XUV300,2013,REG-V-010037,846000.0
V010038,C004889,Maruti Suzuki,Swift,2024,REG-V-010038,825000.0
V010039,C001057,Volkswagen,Taigun,2013,REG-V-010039,689000.0
V010040,C008039,Volkswagen,Polo,2017,REG-V-010040,844000.0
V010041,C002810,Toyota,Fortuner,2014,REG-V-010041,629000.0
V010042,C005979,Maruti Suzuki,Brezza,2019,REG-V-010042,474000.0
V010043,C001700,Volkswagen,Virtus,2025,REG-V-010043,1762000.0
V010044,C003521,Kia,Carens,2015,REG-V-010044,492000.0
V010045,C001128,Mahindra,Bolero,2023,REG-V-010045,2274000.0
V010046,C005547,Honda,City,2020,REG-V-010046,776000.0
V010047,C000034,Honda,City,2014,REG-V-010047,427000.0
V010048,C009937,Mahindra,XUV700,2014,REG-V-010048,483000.0
V010049,C004184,Honda,Civic,2024,REG-V-010049,891000.0
V010050,C006332,Mahindra,Scorpio,2021,REG-V-010050,1502000.0
V010051,C002855,Maruti Suzuki,Brezza,2025,REG-V-010051,627000.0
V010052,C002550,Maruti Suzuki,Swift,2023,REG-V-010052,638000.0
V010053,C008505,Volkswagen,Taigun,2019,REG-V-010053,594000.0
V010054,C007647,Mahindra,Bolero,2018,REG-V-010054,820000.0
V010055,C006477,Hyundai,Verna,2019,REG-V-010055,919000.0
V010056,C007592,Hyundai,Verna,2022,REG-V-010056,957000.0
V010057,C001745,Mahindra,Bolero,2025,REG-V-010057,2401000.0
V010058,C009376,Volkswagen,Polo,2024,REG-V-010058,1679000.0
V010059,C004570,Honda,Amaze,2023,REG-V-010059,1000000.0
V010060,C008733,Hyundai,Creta,2025,REG-V-010060,1481000.0
V010061,C007418,Maruti Suzuki,Baleno,2017,REG-V-010061,452000.0
V010062,C002847,Hyundai,i20,2019,REG-V-010062,743000.0
V010063,C005743,Tata,Tiago,2016,REG-V-010063,583000.0
V010064,C009663,Toyota,Fortuner,2021,REG-V-010064,1832000.0
V010065,C000379,Kia,Sonet,2014,REG-V-010065,731000.0
V010066,C004292,Mahindra,XUV300,2025,REG-V-010066,2050000.0
V010067,C006251,Mahindra,Scorpio,2017,REG-V-010067,1120000.0
V010068,C003392,Kia,Seltos,2017,REG-V-010068,866000.0
V010069,C003161,Toyota,Fortuner,2022,REG-V-010069,1619000.0
V010070,C007551,Kia,Sonet,2018,REG-V-010070,1081000.0
V010071,C009203,Volkswagen,Polo,2019,REG-V-010071,885000.0
V010072,C005411,Toyota,Glanza,2017,REG-V-010072,750000.0
V010073,C009495,Mahindra,XUV700,2022,REG-V-010073,1532000.0
V010074,C001024,Toyota,Glanza,2025,REG-V-010074,1874000.0
V010075,C002296,Toyota,Innova,2015,REG-V-010075,517000.0
V010076,C000889,Honda,Civic,2015,REG-V-010076,619000.0
V010077,C004390,Hyundai,Venue,2022,REG-V-010077,1107000.0
V010078,C006311,Tata,Altroz,2016,REG-V-010078,356000.0
V010079,C002013,Hyundai,Creta,2025,REG-V-010079,874000.0
V010080,C004499,Volkswagen,Virtus,2017,REG-V-010080,561000.0
V010081,C006883,Volkswagen,Virtus,2021,REG-V-010081,835000.0
V010082,C006444,Tata,Nexon,2020,REG-V-010082,1017000.0
V010083,C006329,Volkswagen,Virtus,2015,REG-V-010083,817000.0
V010084,C006103,Honda,City,2015,REG-V-010084,542000.0
V010085,C009870,Toyota,Innova,2023,REG-V-010085,2056000.0
V010086,C007186,Toyota,Glanza,2022,REG-V-010086,1863000.0
V010087,C009128,Hyundai,i20,2025,REG-V-010087,889000.0
V010088,C009527,Volkswagen,Taigun,2015,REG-V-010088,783000.0
V010089,C008633,Volkswagen,Virtus,2013,REG-V-010089,436000.0
V010090,C000957,Volkswagen,Polo,2012,REG-V-010090,497000.0
V010091,C005340,Maruti Suzuki,Baleno,2014,REG-V-010091,220000.0
V010092,C003821,Mahindra,XUV300,2013,REG-V-010092,629000.0
V010093,C000980,Volkswagen,Polo,2025,REG-V-010093,1207000.0
V010094,C005685,Tata,Harrier,2016,REG-V-010094,509000.0
V010095,C002142,Tata,Harrier,2018,REG-V-010095,736000.0
V010096,C005866,Toyota,Glanza,2013,REG-V-010096,475000.0
V010097,C008221,Hyundai,i10,2013,REG-V-010097,507000.0
V010098,C003953,Hyundai,Venue,2012,REG-V-010098,458000.0
V010099,C009509,Kia,Sonet,2019,REG-V-010099,852000.0
V010100,C007730,Honda,Civic,2024,REG-V-010100,1427000.0
V010101,C008101,Tata,Altroz,2018,REG-V-010101,381000.0
V010102,C001120,Volkswagen,Taigun,2022,REG-V-010102,1608000.0
V010103,C009437,Maruti Suzuki,Brezza,2012,REG-V-010103,345000.0
V010104,C000352,Hyundai,i10,2012,REG-V-010104,463000.0
V010105,C008478,Honda,Amaze,2017,REG-V-010105,628000.0
V010106,C000310,Honda,Amaze,2015,REG-V-010106,494000.0
V010107,C001621,Volkswagen,Polo,2016,REG-V-010107,679000.0
V010108,C003138,Tata,Nexon,2019,REG-V-010108,795000.0
V010109,C007440,Toyota,Glanza,2022,REG-V-010109,2660000.0
V010110,C009045,Maruti Suzuki,Dzire,2017,REG-V-010110,310000.0
V010111,C006710,Honda,City,2017,REG-V-010111,696000.0
V010112,C007336,Kia,Carens,2015,REG-V-010112,834000.0
V010113,C002883,Toyota,Fortuner,2017,REG-V-010113,932000.0
V010114,C009755,Mahindra,XUV300,2017,REG-V-010114,749000.0
V010115,C004092,Kia,Seltos,2017,REG-V-010115,539000.0
V010116,C009169,Volkswagen,Taigun,2013,REG-V-010116,475000.0
V010117,C007864,Mahindra,Bolero,2015,REG-V-010117,507000.0
V010118,C003681,Tata,Nexon,2012,REG-V-010118,560000.0
V010119,C003426,Honda,Civic,2016,REG-V-010119,735000.0
V010120,C006836,Mahindra,Bolero,2023,REG-V-010120,1173000.0
V010121,C009424,Maruti Suzuki,Ertiga,2014,REG-V-010121,371000.0
V010122,C006766,Maruti Suzuki,Baleno,2019,REG-V-010122,589000.0
V010123,C008618,Kia,Sonet,2018,REG-V-010123,1018000.0
V010124,C009660,Honda,City,2016,REG-V-010124,675000.0
V010125,C003284,Mahindra,XUV700,2024,REG-V-010125,1083000.0
V010126,C005421,Kia,Sonet,2020,REG-V-010126,1348000.0
V010127,C006139,Maruti Suzuki,Ertiga,2020,REG-V-010127,538000.0
V010128,C002192,Honda,City,2018,REG-V-010128,523000.0
V010129,C008037,Maruti Suzuki,Ertiga,2013,REG-V-010129,326000.0
V010130,C002631,Volkswagen,Taigun,2024,REG-V-010130,1732000.0
V010131,C007118,Mahindra,Scorpio,2016,REG-V-010131,798000.0
V010132,C005277,Tata,Nexon,2013,REG-V-010132,229000.0
V010133,C008404,Mahindra,XUV700,2021,REG-V-010133,1394000.0
V010134,C005147,Toyota,Fortuner,2013,REG-V-010134,581000.0
V010135,C005913,Volkswagen,Taigun,2025,REG-V-010135,1734000.0
V010136,C001811,Toyota,Glanza,2014,REG-V-010136,940000.0
V010137,C008135,Kia,Seltos,2015,REG-V-010137,830000.0
V010138,C004038,Volkswagen,Polo,2016,REG-V-010138,489000.0
V010139,C005841,Honda,City,2014,REG-V-010139,536000.0
V010140,C008503,Hyundai,Creta,2014,REG-V-010140,303000.0
V010141,C004831,Mahindra,Scorpio,2012,REG-V-010141,404000.0
V010142,C002742,Kia,Seltos,2014,REG-V-010142,349000.0
V010143,C002665,Hyundai,i20,2015,REG-V-010143,559000.0
V010144,C005716,Hyundai,i20,2025,REG-V-010144,836000.0
V010145,C002897,Hyundai,i20,2022,REG-V-010145,577000.0
V010146,C003381,Hyundai,Venue,2023,REG-V-010146,968000.0
V010147,C002370,Tata,Punch,2016,REG-V-010147,364000.0
V010148,C004478,Hyundai,i10,2013,REG-V-010148,455000.0
V010149,C004697,Mahindra,Bolero,2018,REG-V-010149,729000.0
V010150,C005300,Hyundai,Creta,2023,REG-V-010150,986000.0
V010151,C005969,Tata,Nexon,2025,REG-V-010151,1522000.0
V010152,C005924,Mahindra,Scorpio,2016,REG-V-010152,1056000.0
V010153,C003681,Volkswagen,Taigun,2012,REG-V-010153,703000.0
V010154,C009061,Tata,Punch,2017,REG-V-010154,368000.0
V010155,C005148,Honda,Civic,2022,REG-V-010155,863000.0
V010156,C008362,Hyundai,Verna,2021,REG-V-010156,838000.0
V010157,C005615,Tata,Nexon,2022,REG-V-010157,487000.0
V010158,C003713,Kia,Sonet,2014,REG-V-010158,600000.0
V010159,C007448,Volkswagen,Taigun,2024,REG-V-010159,1284000.0
V010160,C001763,Honda,Amaze,2025,REG-V-010160,1136000.0
V010161,C009694,Toyota,Fortuner,2019,REG-V-010161,2221000.0
V010162,C005764,Mahindra,XUV300,2022,REG-V-010162,877000.0
V010163,C001050,Maruti Suzuki,Ertiga,2014,REG-V-010163,338000.0
V010164,C004231,Toyota,Glanza,2013,REG-V-010164,1258000.0
V010165,C007173,Honda,Civic,2022,REG-V-010165,1389000.0
V010166,C000707,Kia,Seltos,2013,REG-V-010166,678000.0
V010167,C002627,Hyundai,Verna,2016,REG-V-010167,470000.0
V010168,C009277,Mahindra,XUV300,2015,REG-V-010168,812000.0
V010169,C003565,Maruti Suzuki,Baleno,2019,REG-V-010169,532000.0
V010170,C001586,Volkswagen,Virtus,2017,REG-V-010170,467000.0
V010171,C000996,Hyundai,i20,2020,REG-V-010171,567000.0
V010172,C006240,Tata,Altroz,2019,REG-V-010172,901000.0
V010173,C005619,Toyota,Glanza,2019,REG-V-010173,1663000.0
V010174,C006516,Mahindra,XUV700,2015,REG-V-010174,1011000.0
V010175,C009587,Honda,City,2020,REG-V-010175,1104000.0
V010176,C000625,Mahindra,XUV700,2012,REG-V-010176,748000.0
V010177,C001988,Tata,Tiago,2017,REG-V-010177,592000.0
V010178,C002361,Mahindra,Scorpio,2017,REG-V-010178,598000.0
V010179,C004297,Mahindra,XUV700,2012,REG-V-010179,575000.0
V010180,C001205,Volkswagen,Taigun,2014,REG-V-010180,482000.0
V010181,C004116,Honda,Amaze,2017,REG-V-010181,463000.0
V010182,C008210,Tata,Nexon,2017,REG-V-010182,846000.0
V010183,C001633,Volkswagen,Polo,2019,REG-V-010183,1082000.0
V010184,C009205,Tata,Nexon,2014,REG-V-010184,563000.0
V010185,C009156,Toyota,Fortuner,2022,REG-V-010185,1195000.0
V010186,C005162,Toyota,Glanza,2012,REG-V-010186,1192000.0
V010187,C008636,Maruti Suzuki,Baleno,2015,REG-V-010187,318000.0
V010188,C007164,Honda,Civic,2012,REG-V-010188,561000.0
V010189,C003571,Honda,Amaze,2014,REG-V-010189,361000.0
V010190,C005655,Volkswagen,Taigun,2014,REG-V-010190,424000.0
V010191,C001160,Toyota,Innova,2023,REG-V-010191,2235000.0
V010192,C005005,Volkswagen,Virtus,2015,REG-V-010192,457000.0
V010193,C008346,Volkswagen,Virtus,2017,REG-V-010193,503000.0
V010194,C005896,Hyundai,Creta,2020,REG-V-010194,872000.0
V010195,C003826,Hyundai,i20,2019,REG-V-010195,747000.0
V010196,C006684,Toyota,Innova,2020,REG-V-010196,818000.0
V010197,C009767,Tata,Altroz,2022,REG-V-010197,854000.0
V010198,C000699,Toyota,Fortuner,2018,REG-V-010198,1332000.0
V010199,C003285,Maruti Suzuki,Brezza,2017,REG-V-010199,339000.0
V010200,C001554,Mahindra,XUV700,2012,REG-V-010200,565000.0
V010201,C009574,Kia,Seltos,2021,REG-V-010201,1256000.0
V010202,C005500,Toyota,Glanza,2016,REG-V-010202,1550000.0
V010203,C001297,Mahindra,XUV300,2023,REG-V-010203,1501000.0
V010204,C006166,Honda,Civic,2013,REG-V-010204,622000.0
V010205,C005051,Tata,Nexon,2020,REG-V-010205,921000.0
V010206,C000616,Mahindra,Bolero,2016,REG-V-010206,490000.0
V010207,C008681,Toyota,Fortuner,2025,REG-V-010207,1510000.0
V010208,C007140,Tata,Tiago,2024,REG-V-010208,1054000.0
V010209,C000055,Volkswagen,Taigun,2015,REG-V-010209,426000.0
V010210,C009595,Tata,Altroz,2012,REG-V-010210,355000.0
V010211,C001587,Maruti Suzuki,Swift,2014,REG-V-010211,224000.0
V010212,C000006,Volkswagen,Polo,2013,REG-V-010212,660000.0
V010213,C004300,Toyota,Glanza,2025,REG-V-010213,1733000.0
V010214,C001408,Volkswagen,Virtus,2012,REG-V-010214,619000.0
V010215,C005750,Hyundai,i10,2023,REG-V-010215,1288000.0
V010216,C003099,Tata,Tiago,2022,REG-V-010216,852000.0
V010217,C001855,Mahindra,Bolero,2015,REG-V-010217,610000.0
V010218,C009854,Maruti Suzuki,Dzire,2014,REG-V-010218,239000.0
V010219,C003309,Kia,Seltos,2021,REG-V-010219,1434000.0
V010220,C004166,Mahindra,Scorpio,2014,REG-V-010220,592000.0
V010221,C002929,Toyota,Fortuner,2024,REG-V-010221,1903000.0
V010222,C008408,Hyundai,Verna,2014,REG-V-010222,422000.0
V010223,C001979,Tata,Tiago,2022,REG-V-010223,1096000.0
V010224,C001276,Honda,Amaze,2022,REG-V-010224,1475000.0
V010225,C008872,Tata,Altroz,2018,REG-V-010225,343000.0
V010226,C001835,Hyundai,Creta,2013,REG-V-010226,284000.0
V010227,C008622,Maruti Suzuki,Dzire,2025,REG-V-010227,821000.0
V010228,C005828,Honda,Amaze,2013,REG-V-010228,602000.0
V010229,C008283,Hyundai,i20,2021,REG-V-010229,960000.0
V010230,C000725,Mahindra,Scorpio,2019,REG-V-010230,758000.0
V010231,C009638,Mahindra,Bolero,2015,REG-V-010231,960000.0
V010232,C002986,Volkswagen,Virtus,2013,REG-V-010232,454000.0
V010233,C000611,Honda,Civic,2020,REG-V-010233,1082000.0
V010234,C007713,Hyundai,i20,2024,REG-V-010234,851000.0
V010235,C001780,Tata,Nexon,2021,REG-V-010235,708000.0
V010236,C003515,Honda,Civic,2019,REG-V-010236,740000.0
V010237,C005985,Tata,Harrier,2021,REG-V-010237,585000.0
V010238,C000711,Hyundai,i10,2017,REG-V-010238,394000.0
V010239,C002029,Hyundai,i10,2014,REG-V-010239,308000.0
V010240,C004928,Tata,Punch,2021,REG-V-010240,801000.0
V010241,C004232,Mahindra,XUV300,2023,REG-V-010241,1512000.0
V010242,C005615,Maruti Suzuki,Dzire,2015,REG-V-010242,364000.0
V010243,C007341,Volkswagen,Virtus,2014,REG-V-010243,536000.0
V010244,C003530,Hyundai,Verna,2022,REG-V-010244,1230000.0
V010245,C004059,Volkswagen,Polo,2024,REG-V-010245,1405000.0
V010246,C002724,Maruti Suzuki,Swift,2016,REG-V-010246,426000.0
V010247,C003390,Toyota,Glanza,2014,REG-V-010247,827000.0
V010248,C000523,Hyundai,Creta,2012,REG-V-010248,474000.0
V010249,C005848,Honda,Amaze,2014,REG-V-010249,433000.0
V010250,C001726,Volkswagen,Virtus,2021,REG-V-010250,1151000.0
V010251,C007214,Hyundai,Venue,2018,REG-V-010251,580000.0
V010252,C000442,Honda,Civic,2015,REG-V-010252,629000.0
V010253,C000624,Toyota,Glanza,2017,REG-V-010253,1890000.0
V010254,C002837,Mahindra,XUV300,2016,REG-V-010254,543000.0
V010255,C004416,Volkswagen,Polo,2023,REG-V-010255,1017000.0
V010256,C006974,Hyundai,Venue,2012,REG-V-010256,542000.0
V010257,C006956,Toyota,Innova,2024,REG-V-010257,1938000.0
V010258,C009736,Volkswagen,Taigun,2019,REG-V-010258,992000.0
V010259,C003521,Tata,Punch,2021,REG-V-010259,1012000.0
V010260,C000616,Tata,Tiago,2024,REG-V-010260,1333000.0
V010261,C008644,Honda,Amaze,2012,REG-V-010261,536000.0
V010262,C007363,Kia,Carens,2019,REG-V-010262,1261000.0
V010263,C000707,Honda,Amaze,2020,REG-V-010263,1050000.0
V010264,C000849,Honda,City,2018,REG-V-010264,665000.0
V010265,C004803,Mahindra,Bolero,2017,REG-V-010265,936000.0
V010266,C003408,Volkswagen,Polo,2025,REG-V-010266,1781000.0
V010267,C006000,Tata,Harrier,2018,REG-V-010267,770000.0
V010268,C002213,Tata,Nexon,2025,REG-V-010268,1036000.0
V010269,C009594,Tata,Punch,2025,REG-V-010269,1153000.0
V010270,C005152,Hyundai,Verna,2018,REG-V-010270,651000.0
V010271,C007567,Maruti Suzuki,Dzire,2020,REG-V-010271,461000.0
V010272,C001257,Toyota,Glanza,2018,REG-V-010272,1294000.0
V010273,C006217,Tata,Harrier,2023,REG-V-010273,1152000.0
V010274,C008688,Honda,Amaze,2021,REG-V-010274,943000.0
V010275,C000247,Volkswagen,Taigun,2021,REG-V-010275,1321000.0
V010276,C005436,Volkswagen,Taigun,2022,REG-V-010276,1388000.0
V010277,C002488,Honda,Amaze,2023,REG-V-010277,912000.0
V010278,C004824,Volkswagen,Taigun,2016,REG-V-010278,517000.0
V010279,C008209,Kia,Sonet,2017,REG-V-010279,624000.0
V010280,C006935,Mahindra,XUV700,2025,REG-V-010280,2037000.0
V010281,C007612,Maruti Suzuki,Brezza,2018,REG-V-010281,477000.0
V010282,C002128,Toyota,Innova,2025,REG-V-010282,3457000.0
V010283,C008365,Hyundai,Verna,2014,REG-V-010283,282000.0
V010284,C006187,Maruti Suzuki,Swift,2012,REG-V-010284,206000.0
V010285,C000717,Maruti Suzuki,Dzire,2014,REG-V-010285,321000.0
V010286,C008655,Honda,Amaze,2024,REG-V-010286,1136000.0
V010287,C000579,Tata,Tiago,2017,REG-V-010287,714000.0
V010288,C000305,Volkswagen,Virtus,2023,REG-V-010288,1679000.0
V010289,C008375,Volkswagen,Virtus,2021,REG-V-010289,1102000.0
V010290,C000134,Toyota,Fortuner,2018,REG-V-010290,2052000.0
V010291,C000896,Kia,Seltos,2015,REG-V-010291,821000.0
V010292,C000179,Tata,Punch,2022,REG-V-010292,738000.0
V010293,C008860,Mahindra,Bolero,2020,REG-V-010293,1281000.0
V010294,C000462,Maruti Suzuki,Swift,2024,REG-V-010294,775000.0
V010295,C003738,Tata,Tiago,2017,REG-V-010295,626000.0
V010296,C002190,Maruti Suzuki,Dzire,2021,REG-V-010296,377000.0
V010297,C003408,Honda,Civic,2025,REG-V-010297,1668000.0
V010298,C002889,Tata,Tiago,2015,REG-V-010298,702000.0
V010299,C008938,Toyota,Glanza,2015,REG-V-010299,1180000.0
V010300,C007755,Kia,Sonet,2017,REG-V-010300,755000.0
V010301,C008908,Kia,Sonet,2019,REG-V-010301,758000.0
V010302,C007256,Tata,Altroz,2018,REG-V-010302,691000.0
V010303,C003285,Maruti Suzuki,Ertiga,2025,REG-V-010303,827000.0
V010304,C001862,Mahindra,XUV700,2021,REG-V-010304,1853000.0
V010305,C005344,Toyota,Innova,2024,REG-V-010305,1208000.0
V010306,C003571,Toyota,Innova,2013,REG-V-010306,853000.0
V010307,C006478,Mahindra,Scorpio,2018,REG-V-010307,1375000.0
V010308,C000401,Mahindra,XUV700,2023,REG-V-010308,1671000.0
V010309,C007178,Tata,Nexon,2025,REG-V-010309,783000.0
V010310,C002985,Maruti Suzuki,Swift,2015,REG-V-010310,307000.0
V010311,C004659,Volkswagen,Virtus,2013,REG-V-010311,356000.0
V010312,C009787,Hyundai,i10,2012,REG-V-010312,267000.0
V010313,C002176,Volkswagen,Polo,2024,REG-V-010313,1279000.0
V010314,C001175,Maruti Suzuki,Baleno,2021,REG-V-010314,545000.0
V010315,C002104,Maruti Suzuki,Baleno,2012,REG-V-010315,308000.0
V010316,C003519,Toyota,Fortuner,2021,REG-V-010316,1406000.0
V010317,C005398,Toyota,Glanza,2021,REG-V-010317,2686000.0
V010318,C009800,Hyundai,Verna,2020,REG-V-010318,633000.0
V010319,C008744,Volkswagen,Polo,2025,REG-V-010319,1583000.0
V010320,C007203,Hyundai,Venue,2025,REG-V-010320,1400000.0
V010321,C007259,Toyota,Glanza,2022,REG-V-010321,1722000.0
V010322,C002830,Tata,Punch,2022,REG-V-010322,702000.0
V010323,C009310,Kia,Sonet,2022,REG-V-010323,1116000.0
V010324,C005432,Tata,Harrier,2022,REG-V-010324,476000.0
V010325,C001621,Hyundai,i20,2024,REG-V-010325,1135000.0
V010326,C009513,Maruti Suzuki,Swift,2017,REG-V-010326,395000.0
V010327,C005102,Kia,Sonet,2017,REG-V-010327,973000.0
V010328,C001547,Hyundai,Verna,2014,REG-V-010328,461000.0
V010329,C007408,Hyundai,Verna,2024,REG-V-010329,1191000.0
V010330,C002361,Tata,Altroz,2015,REG-V-010330,486000.0
V010331,C001885,Kia,Carens,2014,REG-V-010331,623000.0
V010332,C002683,Hyundai,i10,2013,REG-V-010332,267000.0
V010333,C005828,Honda,Amaze,2016,REG-V-010333,472000.0
V010334,C002911,Hyundai,Venue,2015,REG-V-010334,547000.0
V010335,C000425,Honda,Civic,2020,REG-V-010335,1240000.0
V010336,C003883,Volkswagen,Taigun,2020,REG-V-010336,1161000.0
V010337,C002367,Honda,City,2012,REG-V-010337,437000.0
V010338,C005147,Volkswagen,Taigun,2022,REG-V-010338,1437000.0
V010339,C004623,Volkswagen,Taigun,2018,REG-V-010339,673000.0
V010340,C000792,Maruti Suzuki,Dzire,2018,REG-V-010340,548000.0
V010341,C002473,Mahindra,Bolero,2023,REG-V-010341,2111000.0
V010342,C002806,Maruti Suzuki,Swift,2017,REG-V-010342,512000.0
V010343,C004884,Kia,Carens,2012,REG-V-010343,673000.0
V010344,C008273,Volkswagen,Polo,2022,REG-V-010344,1180000.0
V010345,C002207,Maruti Suzuki,Dzire,2025,REG-V-010345,765000.0
V010346,C001575,Toyota,Innova,2014,REG-V-010346,718000.0
V010347,C000013,Honda,City,2020,REG-V-010347,885000.0
V010348,C006110,Mahindra,XUV700,2015,REG-V-010348,955000.0
V010349,C003238,Toyota,Glanza,2015,REG-V-010349,1376000.0
V010350,C006749,Maruti Suzuki,Swift,2012,REG-V-010350,324000.0
V010351,C006935,Maruti Suzuki,Brezza,2025,REG-V-010351,1007000.0
V010352,C000462,Hyundai,Venue,2022,REG-V-010352,1237000.0
V010353,C004203,Maruti Suzuki,Swift,2015,REG-V-010353,354000.0
V010354,C009678,Hyundai,Venue,2019,REG-V-010354,881000.0
V010355,C002750,Tata,Harrier,2021,REG-V-010355,857000.0
V010356,C005343,Maruti Suzuki,Baleno,2021,REG-V-010356,498000.0
V010357,C005413,Mahindra,Bolero,2014,REG-V-010357,793000.0
V010358,C002615,Toyota,Fortuner,2015,REG-V-010358,750000.0
V010359,C007864,Mahindra,Bolero,2023,REG-V-010359,1942000.0
V010360,C000037,Tata,Punch,2015,REG-V-010360,595000.0
V010361,C002290,Honda,City,2022,REG-V-010361,851000.0
V010362,C005966,Honda,Amaze,2019,REG-V-010362,984000.0
V010363,C009211,Mahindra,Bolero,2013,REG-V-010363,928000.0
V010364,C000097,Hyundai,Creta,2012,REG-V-010364,475000.0
V010365,C006047,Hyundai,Verna,2012,REG-V-010365,516000.0
V010366,C000033,Volkswagen,Taigun,2014,REG-V-010366,712000.0
V010367,C006273,Honda,City,2019,REG-V-010367,650000.0
V010368,C004132,Toyota,Fortuner,2017,REG-V-010368,1647000.0
V010369,C004374,Toyota,Glanza,2015,REG-V-010369,922000.0
V010370,C009674,Tata,Punch,2023,REG-V-010370,1098000.0
V010371,C006862,Tata,Tiago,2013,REG-V-010371,289000.0
V010372,C001975,Tata,Punch,2019,REG-V-010372,713000.0
V010373,C009975,Volkswagen,Taigun,2014,REG-V-010373,334000.0
V010374,C002580,Maruti Suzuki,Ertiga,2014,REG-V-010374,316000.0
V010375,C006895,Kia,Seltos,2017,REG-V-010375,1036000.0
V010376,C006844,Maruti Suzuki,Swift,2022,REG-V-010376,804000.0
V010377,C008546,Honda,City,2019,REG-V-010377,938000.0
V010378,C004008,Tata,Harrier,2013,REG-V-010378,626000.0
V010379,C007000,Hyundai,i10,2013,REG-V-010379,558000.0
V010380,C006305,Toyota,Glanza,2025,REG-V-010380,2630000.0
V010381,C004398,Kia,Seltos,2025,REG-V-010381,1216000.0
V010382,C009197,Hyundai,i10,2023,REG-V-010382,990000.0
V010383,C002536,Maruti Suzuki,Brezza,2012,REG-V-010383,346000.0
V010384,C002266,Mahindra,XUV700,2015,REG-V-010384,881000.0
V010385,C006342,Maruti Suzuki,Swift,2017,REG-V-010385,400000.0
V010386,C001911,Mahindra,Bolero,2016,REG-V-010386,1000000.0
V010387,C008346,Hyundai,i20,2016,REG-V-010387,532000.0
V010388,C003390,Kia,Carens,2018,REG-V-010388,890000.0
V010389,C004228,Maruti Suzuki,Baleno,2021,REG-V-010389,462000.0
V010390,C006862,Toyota,Innova,2024,REG-V-010390,2873000.0
V010391,C008908,Maruti Suzuki,Brezza,2024,REG-V-010391,488000.0
V010392,C006934,Mahindra,XUV700,2019,REG-V-010392,1376000.0
V010393,C000945,Honda,Amaze,2022,REG-V-010393,1120000.0
V010394,C003376,Mahindra,XUV300,2020,REG-V-010394,1317000.0
V010395,C007561,Mahindra,XUV700,2014,REG-V-010395,625000.0
V010396,C009129,Toyota,Glanza,2019,REG-V-010396,857000.0
V010397,C006381,Honda,Civic,2020,REG-V-010397,637000.0
V010398,C005996,Kia,Seltos,2024,REG-V-010398,1777000.0
V010399,C003802,Mahindra,XUV300,2025,REG-V-010399,2035000.0
V010400,C004820,Volkswagen,Polo,2013,REG-V-010400,382000.0
V010401,C004351,Maruti Suzuki,Swift,2012,REG-V-010401,209000.0
V010402,C000571,Honda,Civic,2012,REG-V-010402,496000.0
V010403,C000232,Hyundai,Creta,2018,REG-V-010403,745000.0
V010404,C006222,Hyundai,i20,2020,REG-V-010404,802000.0
V010405,C005131,Mahindra,Scorpio,2020,REG-V-010405,797000.0
V010406,C002471,Kia,Sonet,2018,REG-V-010406,786000.0
V010407,C008982,Hyundai,Verna,2017,REG-V-010407,802000.0
V010408,C002078,Hyundai,Creta,2014,REG-V-010408,384000.0
V010409,C007047,Tata,Altroz,2012,REG-V-010409,578000.0
V010410,C007953,Honda,Amaze,2021,REG-V-010410,1146000.0
V010411,C008440,Mahindra,XUV300,2020,REG-V-010411,1172000.0
V010412,C008433,Hyundai,i10,2017,REG-V-010412,695000.0
V010413,C008005,Honda,Civic,2018,REG-V-010413,570000.0
V010414,C004604,Honda,Amaze,2022,REG-V-010414,1313000.0
V010415,C006284,Honda,City,2017,REG-V-010415,526000.0
V010416,C008620,Hyundai,Verna,2013,REG-V-010416,336000.0
V010417,C004217,Toyota,Glanza,2017,REG-V-010417,1706000.0
V010418,C006753,Tata,Tiago,2016,REG-V-010418,651000.0
V010419,C001589,Hyundai,Creta,2023,REG-V-010419,766000.0
V010420,C005693,Maruti Suzuki,Baleno,2020,REG-V-010420,602000.0
V010421,C001411,Toyota,Fortuner,2017,REG-V-010421,1341000.0
V010422,C006648,Honda,Amaze,2025,REG-V-010422,921000.0
V010423,C003778,Mahindra,XUV700,2017,REG-V-010423,1224000.0
V010424,C002300,Honda,City,2024,REG-V-010424,1451000.0
V010425,C003612,Volkswagen,Polo,2020,REG-V-010425,778000.0
V010426,C007054,Kia,Sonet,2012,REG-V-010426,384000.0
V010427,C009134,Tata,Tiago,2012,REG-V-010427,272000.0
V010428,C000113,Mahindra,Bolero,2016,REG-V-010428,1160000.0
V010429,C001677,Mahindra,Bolero,2020,REG-V-010429,1847000.0
V010430,C007108,Hyundai,Venue,2020,REG-V-010430,800000.0
V010431,C005740,Maruti Suzuki,Dzire,2014,REG-V-010431,230000.0
V010432,C003175,Mahindra,Scorpio,2012,REG-V-010432,748000.0
V010433,C006554,Hyundai,Venue,2023,REG-V-010433,1281000.0
V010434,C008715,Kia,Carens,2020,REG-V-010434,1121000.0
V010435,C002589,Honda,Amaze,2024,REG-V-010435,1124000.0
V010436,C004895,Maruti Suzuki,Brezza,2021,REG-V-010436,592000.0
V010437,C000220,Kia,Carens,2021,REG-V-010437,1253000.0
V010438,C009473,Maruti Suzuki,Brezza,2023,REG-V-010438,750000.0
V010439,C008076,Toyota,Innova,2013,REG-V-010439,1194000.0
V010440,C005092,Mahindra,XUV300,2014,REG-V-010440,726000.0
V010441,C009926,Toyota,Fortuner,2025,REG-V-010441,2220000.0
V010442,C002221,Hyundai,Verna,2017,REG-V-010442,613000.0
V010443,C007506,Toyota,Glanza,2013,REG-V-010443,603000.0
V010444,C007765,Maruti Suzuki,Ertiga,2020,REG-V-010444,384000.0
V010445,C008355,Kia,Sonet,2024,REG-V-010445,1190000.0
V010446,C006887,Mahindra,XUV300,2025,REG-V-010446,1701000.0
V010447,C001914,Honda,Civic,2013,REG-V-010447,642000.0
V010448,C000919,Hyundai,Creta,2020,REG-V-010448,1066000.0
V010449,C001800,Maruti Suzuki,Dzire,2020,REG-V-010449,475000.0
V010450,C008624,Volkswagen,Virtus,2020,REG-V-010450,629000.0
V010451,C004036,Mahindra,Bolero,2014,REG-V-010451,863000.0
V010452,C005502,Tata,Tiago,2018,REG-V-010452,688000.0
V010453,C000271,Mahindra,XUV300,2013,REG-V-010453,934000.0
V010454,C004953,Volkswagen,Virtus,2014,REG-V-010454,685000.0
V010455,C004111,Mahindra,Scorpio,2025,REG-V-010455,1764000.0
V010456,C005386,Kia,Sonet,2021,REG-V-010456,889000.0
V010457,C003762,Hyundai,i20,2018,REG-V-010457,464000.0
V010458,C000773,Toyota,Fortuner,2020,REG-V-010458,861000.0
V010459,C000458,Mahindra,XUV700,2022,REG-V-010459,952000.0
V010460,C009509,Tata,Altroz,2013,REG-V-010460,531000.0
V010461,C006082,Tata,Harrier,2018,REG-V-010461,541000.0
V010462,C006478,Tata,Harrier,2023,REG-V-010462,727000.0
V010463,C009192,Mahindra,XUV300,2019,REG-V-010463,632000.0
V010464,C005547,Mahindra,Bolero,2024,REG-V-010464,1755000.0
V010465,C006206,Mahindra,XUV300,2018,REG-V-010465,1238000.0
V010466,C005268,Tata,Altroz,2020,REG-V-010466,619000.0
V010467,C001753,Tata,Tiago,2014,REG-V-010467,491000.0
V010468,C003100,Kia,Carens,2024,REG-V-010468,1054000.0
V010469,C008900,Tata,Altroz,2020,REG-V-010469,1157000.0
V010470,C004456,Tata,Nexon,2019,REG-V-010470,996000.0
V010471,C002050,Tata,Nexon,2018,REG-V-010471,849000.0
V010472,C008332,Tata,Punch,2017,REG-V-010472,357000.0
V010473,C000886,Toyota,Fortuner,2023,REG-V-010473,2208000.0
V010474,C006444,Maruti Suzuki,Swift,2023,REG-V-010474,710000.0
V010475,C007043,Kia,Sonet,2013,REG-V-010475,389000.0
V010476,C003026,Hyundai,Venue,2012,REG-V-010476,497000.0
V010477,C001667,Hyundai,i20,2018,REG-V-010477,592000.0
V010478,C004497,Kia,Carens,2024,REG-V-010478,982000.0
V010479,C007618,Hyundai,i10,2016,REG-V-010479,484000.0
V010480,C008925,Kia,Carens,2025,REG-V-010480,1110000.0
V010481,C008199,Tata,Nexon,2020,REG-V-010481,608000.0
V010482,C001096,Volkswagen,Taigun,2012,REG-V-010482,480000.0
V010483,C002251,Volkswagen,Taigun,2024,REG-V-010483,904000.0
V010484,C006218,Kia,Carens,2017,REG-V-010484,807000.0
V010485,C007149,Volkswagen,Taigun,2017,REG-V-010485,510000.0
V010486,C000089,Hyundai,i20,2022,REG-V-010486,561000.0
V010487,C001420,Volkswagen,Virtus,2022,REG-V-010487,1326000.0
V010488,C000942,Mahindra,Bolero,2019,REG-V-010488,1466000.0
V010489,C003403,Honda,Amaze,2016,REG-V-010489,666000.0
V010490,C006851,Kia,Seltos,2018,REG-V-010490,939000.0
V010491,C009453,Maruti Suzuki,Dzire,2025,REG-V-010491,740000.0
V010492,C000905,Hyundai,i10,2025,REG-V-010492,1162000.0
V010493,C005099,Honda,Civic,2012,REG-V-010493,476000.0
V010494,C003736,Mahindra,Bolero,2017,REG-V-010494,645000.0
V010495,C004004,Honda,City,2024,REG-V-010495,1048000.0
V010496,C000706,Kia,Carens,2020,REG-V-010496,1006000.0
V010497,C002869,Maruti Suzuki,Swift,2017,REG-V-010497,538000.0
V010498,C002542,Maruti Suzuki,Baleno,2017,REG-V-010498,348000.0
V010499,C007235,Kia,Seltos,2019,REG-V-010499,1132000.0
V010500,C006467,Maruti Suzuki,Dzire,2024,REG-V-010500,581000.0
V010501,C006414,Toyota,Fortuner,2021,REG-V-010501,1185000.0
V010502,C005230,Toyota,Innova,2017,REG-V-010502,1249000.0
V010503,C003413,Tata,Altroz,2021,REG-V-010503,867000.0
V010504,C002458,Volkswagen,Taigun,2015,REG-V-010504,665000.0
V010505,C000113,Honda,City,2019,REG-V-010505,785000.0
V010506,C001467,Maruti Suzuki,Swift,2012,REG-V-010506,275000.0
V010507,C002217,Maruti Suzuki,Baleno,2020,REG-V-010507,407000.0
V010508,C009758,Volkswagen,Virtus,2021,REG-V-010508,1202000.0
V010509,C009701,Tata,Tiago,2018,REG-V-010509,878000.0
V010510,C007745,Toyota,Innova,2016,REG-V-010510,624000.0
V010511,C006148,Honda,Amaze,2022,REG-V-010511,900000.0
V010512,C006738,Mahindra,Bolero,2013,REG-V-010512,385000.0
V010513,C006044,Volkswagen,Virtus,2013,REG-V-010513,636000.0
V010514,C006512,Tata,Altroz,2020,REG-V-010514,1156000.0
V010515,C002213,Honda,Civic,2021,REG-V-010515,823000.0
V010516,C009766,Maruti Suzuki,Brezza,2015,REG-V-010516,406000.0
V010517,C007633,Kia,Seltos,2025,REG-V-010517,916000.0
V010518,C002365,Honda,City,2018,REG-V-010518,526000.0
V010519,C005170,Maruti Suzuki,Ertiga,2020,REG-V-010519,736000.0
V010520,C007957,Toyota,Fortuner,2025,REG-V-010520,3062000.0
V010521,C009156,Mahindra,Scorpio,2013,REG-V-010521,419000.0
V010522,C003844,Maruti Suzuki,Ertiga,2021,REG-V-010522,421000.0
V010523,C004872,Maruti Suzuki,Baleno,2018,REG-V-010523,297000.0
V010524,C003086,Maruti Suzuki,Swift,2017,REG-V-010524,378000.0
V010525,C003777,Mahindra,XUV700,2013,REG-V-010525,719000.0
V010526,C002298,Volkswagen,Taigun,2016,REG-V-010526,856000.0
V010527,C000313,Mahindra,Bolero,2024,REG-V-010527,2072000.0
V010528,C004185,Honda,Civic,2017,REG-V-010528,860000.0
V010529,C004744,Maruti Suzuki,Swift,2023,REG-V-010529,683000.0
V010530,C007874,Hyundai,i10,2023,REG-V-010530,1143000.0
V010531,C005263,Hyundai,i10,2024,REG-V-010531,1362000.0
V010532,C003249,Tata,Punch,2013,REG-V-010532,294000.0
V010533,C004670,Hyundai,Venue,2018,REG-V-010533,408000.0
V010534,C008025,Hyundai,i10,2020,REG-V-010534,715000.0
V010535,C004845,Maruti Suzuki,Brezza,2021,REG-V-010535,765000.0
V010536,C005587,Volkswagen,Taigun,2019,REG-V-010536,781000.0
V010537,C001728,Toyota,Glanza,2023,REG-V-010537,1825000.0
V010538,C000075,Tata,Punch,2020,REG-V-010538,912000.0
V010539,C009331,Volkswagen,Polo,2017,REG-V-010539,455000.0
V010540,C002686,Hyundai,Creta,2013,REG-V-010540,353000.0
V010541,C003476,Hyundai,i10,2020,REG-V-010541,606000.0
V010542,C001140,Kia,Sonet,2013,REG-V-010542,769000.0
V010543,C005162,Hyundai,Verna,2012,REG-V-010543,553000.0
V010544,C007429,Toyota,Fortuner,2025,REG-V-010544,1419000.0
V010545,C006897,Toyota,Fortuner,2018,REG-V-010545,1929000.0
V010546,C008599,Mahindra,Bolero,2018,REG-V-010546,1227000.0
V010547,C002854,Tata,Punch,2013,REG-V-010547,447000.0
V010548,C003134,Honda,Civic,2014,REG-V-010548,592000.0
V010549,C009654,Mahindra,Scorpio,2023,REG-V-010549,2000000.0
V010550,C004591,Kia,Seltos,2019,REG-V-010550,1103000.0
V010551,C008382,Tata,Tiago,2024,REG-V-010551,1313000.0
V010552,C006159,Tata,Tiago,2024,REG-V-010552,567000.0
V010553,C001809,Maruti Suzuki,Dzire,2015,REG-V-010553,289000.0
V010554,C009580,Hyundai,i20,2023,REG-V-010554,734000.0
V010555,C003225,Toyota,Innova,2013,REG-V-010555,1129000.0
V010556,C006465,Tata,Altroz,2013,REG-V-010556,456000.0
V010557,C002561,Tata,Altroz,2019,REG-V-010557,1059000.0
V010558,C005801,Toyota,Fortuner,2022,REG-V-010558,1115000.0
V010559,C005449,Toyota,Glanza,2022,REG-V-010559,2898000.0
V010560,C002623,Toyota,Glanza,2025,REG-V-010560,1536000.0
V010561,C009891,Honda,City,2014,REG-V-010561,335000.0
V010562,C001408,Mahindra,XUV700,2017,REG-V-010562,1403000.0
V010563,C004450,Toyota,Fortuner,2016,REG-V-010563,757000.0
V010564,C000326,Tata,Nexon,2022,REG-V-010564,1339000.0
V010565,C006866,Mahindra,XUV300,2022,REG-V-010565,814000.0
V010566,C004656,Maruti Suzuki,Baleno,2025,REG-V-010566,1013000.0
V010567,C005638,Honda,City,2017,REG-V-010567,752000.0
V010568,C007025,Hyundai,i20,2016,REG-V-010568,606000.0
V010569,C007707,Volkswagen,Polo,2021,REG-V-010569,898000.0
V010570,C009657,Kia,Sonet,2013,REG-V-010570,471000.0
V010571,C008674,Honda,City,2025,REG-V-010571,915000.0
V010572,C003219,Mahindra,Scorpio,2014,REG-V-010572,843000.0
V010573,C007329,Maruti Suzuki,Dzire,2022,REG-V-010573,522000.0
V010574,C000777,Toyota,Innova,2025,REG-V-010574,3559000.0
V010575,C001366,Hyundai,Creta,2016,REG-V-010575,640000.0
V010576,C004623,Kia,Sonet,2024,REG-V-010576,1798000.0
V010577,C004623,Volkswagen,Virtus,2024,REG-V-010577,1800000.0
V010578,C005097,Tata,Nexon,2017,REG-V-010578,618000.0
V010579,C004789,Tata,Nexon,2024,REG-V-010579,708000.0
V010580,C006461,Tata,Punch,2013,REG-V-010580,366000.0
V010581,C009549,Volkswagen,Virtus,2014,REG-V-010581,570000.0
V010582,C001724,Kia,Carens,2023,REG-V-010582,1004000.0
V010583,C003579,Kia,Carens,2014,REG-V-010583,441000.0
V010584,C000767,Maruti Suzuki,Swift,2018,REG-V-010584,602000.0
V010585,C002009,Kia,Seltos,2025,REG-V-010585,1038000.0
V010586,C009876,Tata,Punch,2017,REG-V-010586,502000.0
V010587,C000407,Mahindra,XUV700,2023,REG-V-010587,1522000.0
V010588,C002154,Honda,Civic,2020,REG-V-010588,1166000.0
V010589,C004292,Maruti Suzuki,Brezza,2020,REG-V-010589,471000.0
V010590,C002911,Maruti Suzuki,Swift,2025,REG-V-010590,794000.0
V010591,C005492,Maruti Suzuki,Baleno,2022,REG-V-010591,784000.0
V010592,C009907,Honda,City,2024,REG-V-010592,1064000.0
V010593,C007088,Volkswagen,Polo,2021,REG-V-010593,711000.0
V010594,C004077,Mahindra,Bolero,2023,REG-V-010594,762000.0
V010595,C006867,Maruti Suzuki,Dzire,2019,REG-V-010595,645000.0
V010596,C008774,Kia,Seltos,2020,REG-V-010596,1065000.0
V010597,C002310,Toyota,Glanza,2022,REG-V-010597,962000.0
V010598,C007222,Kia,Seltos,2020,REG-V-010598,1271000.0
V010599,C006186,Maruti Suzuki,Brezza,2025,REG-V-010599,984000.0
V010600,C007394,Honda,Civic,2020,REG-V-010600,826000.0
V010601,C000862,Tata,Tiago,2020,REG-V-010601,1101000.0
V010602,C007387,Maruti Suzuki,Dzire,2019,REG-V-010602,523000.0
V010603,C007950,Honda,Civic,2016,REG-V-010603,808000.0
V010604,C006908,Volkswagen,Polo,2018,REG-V-010604,983000.0
V010605,C001983,Honda,Civic,2019,REG-V-010605,740000.0
V010606,C001609,Tata,Punch,2023,REG-V-010606,1038000.0
V010607,C007445,Volkswagen,Polo,2012,REG-V-010607,523000.0
V010608,C006516,Volkswagen,Taigun,2024,REG-V-010608,977000.0
V010609,C009835,Toyota,Glanza,2020,REG-V-010609,1314000.0
V010610,C004570,Honda,Civic,2017,REG-V-010610,759000.0
V010611,C002311,Tata,Punch,2022,REG-V-010611,940000.0
V010612,C007767,Mahindra,XUV700,2021,REG-V-010612,1117000.0
V010613,C007549,Mahindra,Scorpio,2024,REG-V-010613,1696000.0
V010614,C005263,Mahindra,Scorpio,2013,REG-V-010614,749000.0
V010615,C007526,Kia,Seltos,2014,REG-V-010615,704000.0
V010616,C003096,Tata,Punch,2014,REG-V-010616,391000.0
V010617,C002177,Maruti Suzuki,Swift,2017,REG-V-010617,532000.0
V010618,C001262,Honda,Civic,2019,REG-V-010618,1088000.0
V010619,C002888,Maruti Suzuki,Dzire,2016,REG-V-010619,361000.0
V010620,C006581,Maruti Suzuki,Ertiga,2015,REG-V-010620,300000.0
V010621,C002593,Hyundai,Creta,2015,REG-V-010621,352000.0
V010622,C008893,Maruti Suzuki,Ertiga,2017,REG-V-010622,502000.0
V010623,C002516,Kia,Carens,2017,REG-V-010623,965000.0
V010624,C006884,Maruti Suzuki,Brezza,2012,REG-V-010624,191000.0
V010625,C005320,Maruti Suzuki,Ertiga,2022,REG-V-010625,540000.0
V010626,C002126,Honda,City,2017,REG-V-010626,719000.0
V010627,C005601,Mahindra,Bolero,2021,REG-V-010627,785000.0
V010628,C009555,Mahindra,XUV700,2014,REG-V-010628,604000.0
V010629,C009459,Tata,Tiago,2018,REG-V-010629,461000.0
V010630,C002902,Kia,Sonet,2016,REG-V-010630,627000.0
V010631,C005398,Toyota,Glanza,2017,REG-V-010631,706000.0
V010632,C001498,Volkswagen,Polo,2018,REG-V-010632,748000.0
V010633,C004730,Tata,Punch,2014,REG-V-010633,512000.0
V010634,C003197,Honda,Amaze,2020,REG-V-010634,887000.0
V010635,C009328,Hyundai,Verna,2025,REG-V-010635,1216000.0
V010636,C006369,Honda,City,2014,REG-V-010636,434000.0
V010637,C001852,Tata,Harrier,2019,REG-V-010637,383000.0
V010638,C009930,Volkswagen,Virtus,2022,REG-V-010638,1155000.0
V010639,C006980,Mahindra,Bolero,2025,REG-V-010639,1913000.0
V010640,C001352,Maruti Suzuki,Brezza,2017,REG-V-010640,347000.0
V010641,C008060,Volkswagen,Polo,2025,REG-V-010641,1238000.0
V010642,C005615,Toyota,Fortuner,2024,REG-V-010642,2806000.0
V010643,C004017,Maruti Suzuki,Swift,2024,REG-V-010643,584000.0
V010644,C001975,Tata,Altroz,2021,REG-V-010644,935000.0
V010645,C002776,Kia,Sonet,2013,REG-V-010645,515000.0
V010646,C001670,Hyundai,Verna,2015,REG-V-010646,344000.0
V010647,C008094,Maruti Suzuki,Brezza,2020,REG-V-010647,639000.0
V010648,C002729,Volkswagen,Virtus,2012,REG-V-010648,709000.0
V010649,C004738,Volkswagen,Virtus,2024,REG-V-010649,1625000.0
V010650,C009677,Tata,Nexon,2012,REG-V-010650,223000.0
V010651,C009949,Toyota,Glanza,2020,REG-V-010651,1627000.0
V010652,C007974,Hyundai,Creta,2019,REG-V-010652,981000.0
V010653,C008052,Honda,City,2021,REG-V-010653,996000.0
V010654,C009466,Tata,Tiago,2018,REG-V-010654,704000.0
V010655,C008031,Volkswagen,Taigun,2018,REG-V-010655,1083000.0
V010656,C004532,Mahindra,Bolero,2017,REG-V-010656,1194000.0
V010657,C000627,Hyundai,i10,2015,REG-V-010657,431000.0
V010658,C002092,Maruti Suzuki,Swift,2020,REG-V-010658,570000.0
V010659,C004464,Honda,Amaze,2014,REG-V-010659,389000.0
V010660,C002665,Kia,Seltos,2025,REG-V-010660,1844000.0
V010661,C003275,Honda,City,2016,REG-V-010661,729000.0
V010662,C000614,Maruti Suzuki,Swift,2012,REG-V-010662,277000.0
V010663,C005560,Toyota,Fortuner,2023,REG-V-010663,1684000.0
V010664,C003520,Volkswagen,Virtus,2022,REG-V-010664,1595000.0
V010665,C002600,Hyundai,Venue,2022,REG-V-010665,632000.0
V010666,C006149,Maruti Suzuki,Baleno,2017,REG-V-010666,351000.0
V010667,C002765,Toyota,Innova,2016,REG-V-010667,1169000.0
V010668,C004798,Honda,Amaze,2015,REG-V-010668,529000.0
V010669,C002484,Honda,Amaze,2016,REG-V-010669,745000.0
V010670,C006846,Toyota,Fortuner,2015,REG-V-010670,861000.0
V010671,C008584,Tata,Harrier,2015,REG-V-010671,527000.0
V010672,C000831,Volkswagen,Virtus,2016,REG-V-010672,425000.0
V010673,C008250,Hyundai,Venue,2013,REG-V-010673,455000.0
V010674,C008563,Volkswagen,Taigun,2017,REG-V-010674,501000.0
V010675,C009650,Kia,Seltos,2013,REG-V-010675,459000.0
V010676,C008329,Mahindra,XUV700,2016,REG-V-010676,602000.0
V010677,C005563,Volkswagen,Taigun,2017,REG-V-010677,562000.0
V010678,C000727,Tata,Nexon,2017,REG-V-010678,734000.0
V010679,C000768,Maruti Suzuki,Dzire,2016,REG-V-010679,409000.0
V010680,C001977,Kia,Seltos,2016,REG-V-010680,917000.0
V010681,C004482,Kia,Seltos,2014,REG-V-010681,546000.0
V010682,C009562,Mahindra,Scorpio,2016,REG-V-010682,754000.0
V010683,C001746,Kia,Sonet,2014,REG-V-010683,591000.0
V010684,C005425,Tata,Tiago,2019,REG-V-010684,936000.0
V010685,C009983,Kia,Seltos,2017,REG-V-010685,790000.0
V010686,C000139,Tata,Nexon,2022,REG-V-010686,783000.0
V010687,C000486,Hyundai,Creta,2018,REG-V-010687,447000.0
V010688,C002703,Volkswagen,Polo,2022,REG-V-010688,1455000.0
V010689,C002277,Mahindra,Scorpio,2021,REG-V-010689,1369000.0
V010690,C005036,Honda,Civic,2022,REG-V-010690,1384000.0
V010691,C004220,Honda,Amaze,2015,REG-V-010691,494000.0
V010692,C005885,Tata,Tiago,2014,REG-V-010692,233000.0
V010693,C001460,Hyundai,i10,2019,REG-V-010693,437000.0
V010694,C006894,Tata,Punch,2014,REG-V-010694,606000.0
V010695,C002165,Tata,Nexon,2025,REG-V-010695,1453000.0
V010696,C004544,Mahindra,Bolero,2022,REG-V-010696,1196000.0
V010697,C000342,Toyota,Fortuner,2019,REG-V-010697,1404000.0
V010698,C008042,Tata,Nexon,2023,REG-V-010698,1109000.0
V010699,C006314,Kia,Sonet,2020,REG-V-010699,1248000.0
V010700,C002095,Mahindra,XUV700,2025,REG-V-010700,2230000.0
V010701,C006056,Maruti Suzuki,Dzire,2018,REG-V-010701,438000.0
V010702,C004406,Hyundai,i10,2018,REG-V-010702,694000.0
V010703,C008312,Mahindra,Bolero,2023,REG-V-010703,2030000.0
V010704,C009836,Hyundai,i10,2017,REG-V-010704,711000.0
V010705,C001246,Toyota,Innova,2022,REG-V-010705,2050000.0
V010706,C004939,Kia,Sonet,2017,REG-V-010706,548000.0
V010707,C002589,Tata,Tiago,2023,REG-V-010707,615000.0
V010708,C007557,Maruti Suzuki,Brezza,2023,REG-V-010708,763000.0
V010709,C000351,Toyota,Glanza,2024,REG-V-010709,1855000.0
V010710,C005485,Volkswagen,Polo,2023,REG-V-010710,790000.0
V010711,C008613,Kia,Carens,2023,REG-V-010711,1732000.0
V010712,C003905,Mahindra,Bolero,2019,REG-V-010712,1291000.0
V010713,C008417,Volkswagen,Taigun,2023,REG-V-010713,1097000.0
V010714,C001460,Tata,Nexon,2023,REG-V-010714,1468000.0
V010715,C009220,Toyota,Glanza,2020,REG-V-010715,998000.0
V010716,C007975,Honda,City,2020,REG-V-010716,1155000.0
V010717,C003924,Mahindra,XUV700,2012,REG-V-010717,383000.0
V010718,C001309,Tata,Punch,2016,REG-V-010718,582000.0
V010719,C005241,Hyundai,i20,2018,REG-V-010719,399000.0
V010720,C006750,Honda,City,2023,REG-V-010720,1316000.0
V010721,C001289,Tata,Altroz,2024,REG-V-010721,682000.0
V010722,C009368,Kia,Sonet,2025,REG-V-010722,908000.0
V010723,C007699,Volkswagen,Virtus,2014,REG-V-010723,702000.0
V010724,C009526,Maruti Suzuki,Ertiga,2018,REG-V-010724,372000.0
V010725,C002982,Maruti Suzuki,Dzire,2014,REG-V-010725,223000.0
V010726,C004363,Volkswagen,Virtus,2016,REG-V-010726,411000.0
V010727,C002424,Volkswagen,Polo,2021,REG-V-010727,1070000.0
V010728,C002735,Volkswagen,Virtus,2013,REG-V-010728,664000.0
V010729,C001443,Hyundai,i10,2018,REG-V-010729,423000.0
V010730,C001253,Volkswagen,Virtus,2018,REG-V-010730,1099000.0
V010731,C006753,Kia,Seltos,2012,REG-V-010731,727000.0
V010732,C001564,Tata,Harrier,2013,REG-V-010732,515000.0
V010733,C001343,Kia,Carens,2020,REG-V-010733,1369000.0
V010734,C005386,Toyota,Glanza,2023,REG-V-010734,2753000.0
V010735,C007090,Honda,Amaze,2024,REG-V-010735,1157000.0
V010736,C007855,Maruti Suzuki,Ertiga,2023,REG-V-010736,519000.0
V010737,C005849,Hyundai,Creta,2012,REG-V-010737,378000.0
V010738,C002025,Toyota,Fortuner,2023,REG-V-010738,3115000.0
V010739,C005774,Hyundai,i20,2020,REG-V-010739,936000.0
V010740,C006303,Maruti Suzuki,Ertiga,2013,REG-V-010740,225000.0
V010741,C002590,Hyundai,Creta,2018,REG-V-010741,719000.0
V010742,C001435,Tata,Nexon,2015,REG-V-010742,525000.0
V010743,C009292,Tata,Altroz,2022,REG-V-010743,812000.0
V010744,C000964,Maruti Suzuki,Baleno,2012,REG-V-010744,336000.0
V010745,C002769,Hyundai,i20,2013,REG-V-010745,512000.0
V010746,C002336,Kia,Seltos,2019,REG-V-010746,1307000.0
V010747,C008974,Tata,Punch,2018,REG-V-010747,413000.0
V010748,C005070,Tata,Harrier,2022,REG-V-010748,866000.0
V010749,C009572,Mahindra,XUV300,2013,REG-V-010749,656000.0
V010750,C008334,Kia,Seltos,2018,REG-V-010750,675000.0
V010751,C007617,Kia,Seltos,2015,REG-V-010751,638000.0
V010752,C001762,Hyundai,Venue,2013,REG-V-010752,523000.0
V010753,C003440,Honda,Civic,2012,REG-V-010753,541000.0
V010754,C008253,Tata,Nexon,2017,REG-V-010754,620000.0
V010755,C009833,Hyundai,Verna,2018,REG-V-010755,727000.0
V010756,C008830,Toyota,Innova,2014,REG-V-010756,638000.0
V010757,C009496,Mahindra,XUV300,2013,REG-V-010757,684000.0
V010758,C006466,Volkswagen,Polo,2014,REG-V-010758,530000.0
V010759,C004863,Hyundai,Venue,2019,REG-V-010759,612000.0
V010760,C005178,Mahindra,XUV700,2024,REG-V-010760,2455000.0
V010761,C004610,Volkswagen,Taigun,2016,REG-V-010761,479000.0
V010762,C001540,Volkswagen,Polo,2015,REG-V-010762,718000.0
V010763,C003042,Hyundai,Venue,2013,REG-V-010763,292000.0
V010764,C000912,Volkswagen,Taigun,2016,REG-V-010764,754000.0
V010765,C000898,Hyundai,Venue,2024,REG-V-010765,1065000.0
V010766,C003104,Tata,Nexon,2023,REG-V-010766,935000.0
V010767,C006706,Toyota,Innova,2020,REG-V-010767,2061000.0
V010768,C006184,Kia,Seltos,2019,REG-V-010768,1036000.0
V010769,C005630,Kia,Sonet,2023,REG-V-010769,1617000.0
V010770,C007552,Maruti Suzuki,Ertiga,2017,REG-V-010770,551000.0
V010771,C004243,Maruti Suzuki,Brezza,2017,REG-V-010771,312000.0
V010772,C004444,Tata,Harrier,2022,REG-V-010772,1184000.0
V010773,C005214,Mahindra,XUV700,2018,REG-V-010773,806000.0
V010774,C000691,Toyota,Innova,2012,REG-V-010774,812000.0
V010775,C005866,Toyota,Innova,2025,REG-V-010775,2526000.0
V010776,C007562,Tata,Nexon,2015,REG-V-010776,409000.0
V010777,C002648,Tata,Altroz,2023,REG-V-010777,962000.0
V010778,C008592,Kia,Carens,2020,REG-V-010778,891000.0
V010779,C002670,Volkswagen,Taigun,2016,REG-V-010779,458000.0
V010780,C005166,Maruti Suzuki,Baleno,2012,REG-V-010780,196000.0
V010781,C008794,Tata,Altroz,2012,REG-V-010781,463000.0
V010782,C007444,Volkswagen,Virtus,2015,REG-V-010782,743000.0
V010783,C005807,Toyota,Fortuner,2016,REG-V-010783,1055000.0
V010784,C006272,Toyota,Fortuner,2019,REG-V-010784,907000.0
V010785,C001091,Tata,Tiago,2024,REG-V-010785,1176000.0
V010786,C007037,Tata,Tiago,2012,REG-V-010786,403000.0
V010787,C006163,Toyota,Glanza,2016,REG-V-010787,913000.0
V010788,C000863,Toyota,Fortuner,2021,REG-V-010788,2370000.0
V010789,C001243,Honda,City,2013,REG-V-010789,477000.0
V010790,C009707,Maruti Suzuki,Baleno,2018,REG-V-010790,296000.0
V010791,C001776,Tata,Altroz,2015,REG-V-010791,385000.0
V010792,C009009,Toyota,Innova,2015,REG-V-010792,771000.0
V010793,C002756,Volkswagen,Polo,2018,REG-V-010793,544000.0
V010794,C003976,Volkswagen,Polo,2012,REG-V-010794,644000.0
V010795,C005591,Hyundai,Venue,2018,REG-V-010795,649000.0
V010796,C006304,Kia,Carens,2024,REG-V-010796,1205000.0
V010797,C005025,Mahindra,Bolero,2024,REG-V-010797,1559000.0
V010798,C003483,Hyundai,Venue,2013,REG-V-010798,402000.0
V010799,C005037,Maruti Suzuki,Dzire,2014,REG-V-010799,194000.0
V010800,C007050,Maruti Suzuki,Ertiga,2019,REG-V-010800,572000.0
V010801,C003980,Tata,Altroz,2025,REG-V-010801,1110000.0
V010802,C005492,Mahindra,Scorpio,2016,REG-V-010802,992000.0
V010803,C003801,Toyota,Innova,2019,REG-V-010803,884000.0
V010804,C003283,Mahindra,XUV300,2019,REG-V-010804,1394000.0
V010805,C002977,Toyota,Innova,2024,REG-V-010805,1237000.0
V010806,C002262,Volkswagen,Taigun,2015,REG-V-010806,676000.0
V010807,C007677,Honda,Civic,2021,REG-V-010807,724000.0
V010808,C009838,Maruti Suzuki,Baleno,2018,REG-V-010808,396000.0
V010809,C000305,Maruti Suzuki,Dzire,2017,REG-V-010809,340000.0
V010810,C001972,Kia,Carens,2012,REG-V-010810,620000.0
V010811,C009643,Maruti Suzuki,Dzire,2025,REG-V-010811,917000.0
V010812,C003411,Toyota,Innova,2023,REG-V-010812,1315000.0
V010813,C003901,Tata,Tiago,2022,REG-V-010813,1283000.0
V010814,C006677,Toyota,Glanza,2019,REG-V-010814,2168000.0
V010815,C003529,Toyota,Glanza,2023,REG-V-010815,2399000.0
V010816,C004967,Tata,Punch,2019,REG-V-010816,764000.0
V010817,C009061,Mahindra,XUV700,2017,REG-V-010817,783000.0
V010818,C005694,Maruti Suzuki,Swift,2018,REG-V-010818,466000.0
V010819,C006713,Honda,Amaze,2020,REG-V-010819,1151000.0
V010820,C002190,Hyundai,Verna,2022,REG-V-010820,1152000.0
V010821,C002627,Honda,Civic,2014,REG-V-010821,547000.0
V010822,C008972,Kia,Seltos,2018,REG-V-010822,966000.0
V010823,C009214,Tata,Punch,2015,REG-V-010823,537000.0
V010824,C008123,Volkswagen,Polo,2020,REG-V-010824,1070000.0
V010825,C001221,Kia,Carens,2014,REG-V-010825,335000.0
V010826,C008235,Mahindra,XUV300,2017,REG-V-010826,1390000.0
V010827,C000204,Toyota,Glanza,2024,REG-V-010827,2058000.0
V010828,C006000,Hyundai,i20,2018,REG-V-010828,885000.0
V010829,C006799,Hyundai,i10,2015,REG-V-010829,371000.0
V010830,C004291,Maruti Suzuki,Baleno,2013,REG-V-010830,216000.0
V010831,C004831,Toyota,Fortuner,2015,REG-V-010831,1308000.0
V010832,C007480,Toyota,Glanza,2013,REG-V-010832,676000.0
V010833,C009003,Volkswagen,Virtus,2024,REG-V-010833,1130000.0
V010834,C001901,Honda,Civic,2014,REG-V-010834,563000.0
V010835,C001389,Maruti Suzuki,Baleno,2018,REG-V-010835,588000.0
V010836,C006338,Mahindra,Bolero,2015,REG-V-010836,897000.0
V010837,C002326,Kia,Carens,2020,REG-V-010837,887000.0
V010838,C001952,Mahindra,XUV300,2015,REG-V-010838,946000.0
V010839,C002041,Toyota,Innova,2021,REG-V-010839,2455000.0
V010840,C001979,Kia,Sonet,2024,REG-V-010840,1746000.0
V010841,C004807,Maruti Suzuki,Brezza,2021,REG-V-010841,577000.0
V010842,C009644,Volkswagen,Virtus,2016,REG-V-010842,507000.0
V010843,C008333,Hyundai,Creta,2018,REG-V-010843,816000.0
V010844,C005470,Tata,Punch,2023,REG-V-010844,945000.0
V010845,C000821,Volkswagen,Taigun,2016,REG-V-010845,715000.0
V010846,C006773,Mahindra,XUV700,2023,REG-V-010846,2029000.0
V010847,C004534,Toyota,Glanza,2023,REG-V-010847,1698000.0
V010848,C007857,Toyota,Innova,2017,REG-V-010848,1500000.0
V010849,C004983,Mahindra,XUV300,2014,REG-V-010849,841000.0
V010850,C006730,Mahindra,XUV300,2016,REG-V-010850,780000.0
V010851,C002009,Mahindra,Bolero,2020,REG-V-010851,1255000.0
V010852,C008368,Kia,Carens,2012,REG-V-010852,718000.0
V010853,C007867,Tata,Nexon,2017,REG-V-010853,593000.0
V010854,C003749,Toyota,Fortuner,2025,REG-V-010854,1441000.0
V010855,C009638,Volkswagen,Virtus,2023,REG-V-010855,1186000.0
V010856,C001597,Tata,Punch,2017,REG-V-010856,514000.0
V010857,C000212,Tata,Tiago,2024,REG-V-010857,1494000.0
V010858,C007701,Mahindra,XUV700,2023,REG-V-010858,1413000.0
V010859,C006044,Hyundai,i20,2012,REG-V-010859,354000.0
V010860,C001108,Tata,Altroz,2013,REG-V-010860,275000.0
V010861,C001589,Honda,City,2025,REG-V-010861,1011000.0
V010862,C001312,Honda,City,2015,REG-V-010862,545000.0
V010863,C001667,Hyundai,i20,2013,REG-V-010863,486000.0
V010864,C004643,Maruti Suzuki,Ertiga,2024,REG-V-010864,625000.0
V010865,C000523,Honda,Amaze,2013,REG-V-010865,477000.0
V010866,C005231,Tata,Punch,2013,REG-V-010866,403000.0
V010867,C006098,Hyundai,Venue,2016,REG-V-010867,667000.0
V010868,C007330,Tata,Altroz,2017,REG-V-010868,393000.0
V010869,C009473,Hyundai,Verna,2024,REG-V-010869,691000.0
V010870,C000840,Hyundai,i10,2017,REG-V-010870,716000.0
V010871,C000358,Hyundai,i10,2025,REG-V-010871,1423000.0
V010872,C001394,Mahindra,Bolero,2019,REG-V-010872,776000.0
V010873,C003365,Honda,Amaze,2013,REG-V-010873,341000.0
V010874,C005291,Mahindra,XUV300,2017,REG-V-010874,535000.0
V010875,C000043,Tata,Punch,2017,REG-V-010875,738000.0
V010876,C006956,Toyota,Fortuner,2016,REG-V-010876,683000.0
V010877,C009574,Volkswagen,Virtus,2020,REG-V-010877,681000.0
V010878,C002516,Hyundai,Creta,2022,REG-V-010878,973000.0
V010879,C000089,Honda,Amaze,2014,REG-V-010879,637000.0
V010880,C007600,Hyundai,i10,2024,REG-V-010880,1298000.0
V010881,C007770,Maruti Suzuki,Swift,2024,REG-V-010881,697000.0
V010882,C000451,Maruti Suzuki,Dzire,2016,REG-V-010882,316000.0
V010883,C006220,Kia,Carens,2012,REG-V-010883,589000.0
V010884,C002446,Volkswagen,Virtus,2012,REG-V-010884,332000.0
V010885,C006372,Honda,City,2014,REG-V-010885,363000.0
V010886,C007319,Maruti Suzuki,Ertiga,2012,REG-V-010886,233000.0
V010887,C002250,Maruti Suzuki,Swift,2023,REG-V-010887,680000.0
V010888,C002619,Volkswagen,Polo,2024,REG-V-010888,1526000.0
V010889,C006159,Kia,Sonet,2016,REG-V-010889,827000.0
V010890,C005871,Honda,Civic,2016,REG-V-010890,644000.0
V010891,C008920,Maruti Suzuki,Swift,2019,REG-V-010891,429000.0
V010892,C005136,Kia,Carens,2014,REG-V-010892,652000.0
V010893,C008061,Honda,City,2020,REG-V-010893,1065000.0
V010894,C007378,Volkswagen,Taigun,2022,REG-V-010894,779000.0
V010895,C006704,Hyundai,Venue,2019,REG-V-010895,612000.0
V010896,C001926,Maruti Suzuki,Brezza,2022,REG-V-010896,491000.0
V010897,C002762,Kia,Carens,2012,REG-V-010897,729000.0
V010898,C005721,Toyota,Fortuner,2018,REG-V-010898,1111000.0
V010899,C000686,Toyota,Glanza,2019,REG-V-010899,1199000.0
V010900,C000465,Honda,Civic,2017,REG-V-010900,678000.0
V010901,C000517,Maruti Suzuki,Baleno,2024,REG-V-010901,883000.0
V010902,C009248,Kia,Seltos,2018,REG-V-010902,516000.0
V010903,C006923,Hyundai,i20,2024,REG-V-010903,832000.0
V010904,C008405,Toyota,Fortuner,2016,REG-V-010904,1161000.0
V010905,C009636,Maruti Suzuki,Ertiga,2014,REG-V-010905,319000.0
V010906,C007052,Hyundai,i20,2013,REG-V-010906,423000.0
V010907,C005187,Mahindra,Bolero,2012,REG-V-010907,871000.0
V010908,C004829,Tata,Nexon,2023,REG-V-010908,1385000.0
V010909,C007525,Tata,Punch,2019,REG-V-010909,726000.0
V010910,C008724,Volkswagen,Virtus,2016,REG-V-010910,741000.0
V010911,C008342,Volkswagen,Taigun,2018,REG-V-010911,667000.0
V010912,C004967,Volkswagen,Virtus,2014,REG-V-010912,503000.0
V010913,C007803,Maruti Suzuki,Brezza,2019,REG-V-010913,409000.0
V010914,C004803,Volkswagen,Virtus,2012,REG-V-010914,613000.0
V010915,C003849,Honda,City,2024,REG-V-010915,1456000.0
V010916,C002963,Hyundai,Creta,2014,REG-V-010916,492000.0
V010917,C000564,Maruti Suzuki,Brezza,2014,REG-V-010917,290000.0
V010918,C002019,Hyundai,Verna,2021,REG-V-010918,857000.0
V010919,C007356,Honda,Civic,2023,REG-V-010919,1582000.0
V010920,C001715,Maruti Suzuki,Dzire,2019,REG-V-010920,386000.0
V010921,C009065,Tata,Altroz,2025,REG-V-010921,573000.0
V010922,C000796,Mahindra,XUV700,2023,REG-V-010922,864000.0
V010923,C000524,Honda,City,2020,REG-V-010923,1122000.0
V010924,C004847,Toyota,Innova,2020,REG-V-010924,1885000.0
V010925,C002249,Volkswagen,Virtus,2015,REG-V-010925,559000.0
V010926,C001040,Toyota,Innova,2015,REG-V-010926,847000.0
V010927,C000624,Volkswagen,Taigun,2021,REG-V-010927,1314000.0
V010928,C005315,Honda,Civic,2020,REG-V-010928,753000.0
V010929,C002607,Toyota,Innova,2020,REG-V-010929,1667000.0
V010930,C005595,Maruti Suzuki,Ertiga,2014,REG-V-010930,230000.0
V010931,C001475,Honda,Civic,2012,REG-V-010931,431000.0
V010932,C000260,Honda,Amaze,2014,REG-V-010932,468000.0
V010933,C000291,Toyota,Innova,2019,REG-V-010933,2125000.0
V010934,C001121,Maruti Suzuki,Ertiga,2019,REG-V-010934,614000.0
V010935,C008025,Maruti Suzuki,Ertiga,2022,REG-V-010935,696000.0
V010936,C004498,Maruti Suzuki,Ertiga,2013,REG-V-010936,190000.0
V010937,C006283,Toyota,Innova,2020,REG-V-010937,1798000.0
V010938,C008797,Kia,Carens,2022,REG-V-010938,1349000.0
V010939,C002141,Volkswagen,Polo,2018,REG-V-010939,579000.0
V010940,C008762,Toyota,Innova,2012,REG-V-010940,730000.0
V010941,C007520,Tata,Nexon,2020,REG-V-010941,889000.0
V010942,C007344,Mahindra,Scorpio,2021,REG-V-010942,1903000.0
V010943,C008754,Mahindra,Scorpio,2018,REG-V-010943,902000.0
V010944,C001258,Toyota,Innova,2013,REG-V-010944,1186000.0
V010945,C005442,Kia,Sonet,2020,REG-V-010945,828000.0
V010946,C004869,Toyota,Fortuner,2023,REG-V-010946,2108000.0
V010947,C006687,Maruti Suzuki,Swift,2020,REG-V-010947,518000.0
V010948,C002403,Tata,Harrier,2016,REG-V-010948,332000.0
V010949,C001274,Hyundai,Creta,2019,REG-V-010949,548000.0
V010950,C009737,Maruti Suzuki,Brezza,2020,REG-V-010950,552000.0
V010951,C004697,Tata,Punch,2023,REG-V-010951,547000.0
V010952,C002341,Volkswagen,Virtus,2020,REG-V-010952,1103000.0
V010953,C001286,Hyundai,Venue,2017,REG-V-010953,583000.0
V010954,C005973,Tata,Punch,2018,REG-V-010954,434000.0
V010955,C001467,Volkswagen,Polo,2013,REG-V-010955,471000.0
V010956,C001832,Honda,Amaze,2013,REG-V-010956,398000.0
V010957,C009531,Maruti Suzuki,Dzire,2019,REG-V-010957,585000.0
V010958,C000307,Mahindra,XUV300,2019,REG-V-010958,618000.0
V010959,C001875,Kia,Seltos,2025,REG-V-010959,1205000.0
V010960,C006758,Mahindra,XUV700,2021,REG-V-010960,1545000.0
V010961,C002189,Maruti Suzuki,Dzire,2015,REG-V-010961,216000.0
V010962,C001820,Tata,Punch,2022,REG-V-010962,699000.0
V010963,C005607,Honda,City,2024,REG-V-010963,1449000.0
V010964,C007000,Maruti Suzuki,Baleno,2025,REG-V-010964,746000.0
V010965,C004335,Mahindra,Scorpio,2025,REG-V-010965,1553000.0
V010966,C007887,Toyota,Fortuner,2016,REG-V-010966,1677000.0
V010967,C008198,Tata,Tiago,2012,REG-V-010967,218000.0
V010968,C006276,Mahindra,XUV700,2017,REG-V-010968,645000.0
V010969,C005823,Toyota,Fortuner,2024,REG-V-010969,2032000.0
V010970,C008211,Honda,Civic,2024,REG-V-010970,1606000.0
V010971,C000155,Toyota,Innova,2024,REG-V-010971,3072000.0
V010972,C005138,Toyota,Fortuner,2025,REG-V-010972,2962000.0
V010973,C001286,Honda,City,2016,REG-V-010973,626000.0
V010974,C002238,Mahindra,Bolero,2016,REG-V-010974,1167000.0
V010975,C009501,Mahindra,Bolero,2015,REG-V-010975,406000.0
V010976,C000038,Volkswagen,Virtus,2022,REG-V-010976,1251000.0
V010977,C003053,Mahindra,Scorpio,2015,REG-V-010977,954000.0
V010978,C001535,Volkswagen,Virtus,2019,REG-V-010978,1271000.0
V010979,C005751,Toyota,Glanza,2015,REG-V-010979,530000.0
V010980,C008485,Honda,Civic,2020,REG-V-010980,893000.0
V010981,C003921,Volkswagen,Virtus,2015,REG-V-010981,746000.0
V010982,C008411,Maruti Suzuki,Baleno,2023,REG-V-010982,796000.0
V010983,C004430,Volkswagen,Taigun,2021,REG-V-010983,1098000.0
V010984,C009141,Hyundai,Creta,2022,REG-V-010984,983000.0
V010985,C008513,Kia,Sonet,2024,REG-V-010985,1567000.0
V010986,C001785,Tata,Punch,2012,REG-V-010986,222000.0
V010987,C008908,Toyota,Fortuner,2015,REG-V-010987,807000.0
V010988,C001932,Toyota,Innova,2021,REG-V-010988,2622000.0
V010989,C004942,Kia,Seltos,2016,REG-V-010989,956000.0
V010990,C001972,Honda,City,2025,REG-V-010990,1314000.0
V010991,C003874,Tata,Altroz,2012,REG-V-010991,548000.0
V010992,C009859,Hyundai,Venue,2025,REG-V-010992,944000.0
V010993,C007716,Hyundai,Creta,2015,REG-V-010993,436000.0
V010994,C005580,Maruti Suzuki,Brezza,2016,REG-V-010994,360000.0
V010995,C009390,Hyundai,Venue,2014,REG-V-010995,523000.0
V010996,C003601,Kia,Carens,2018,REG-V-010996,1056000.0
V010997,C001730,Maruti Suzuki,Dzire,2021,REG-V-010997,667000.0
V010998,C008338,Mahindra,Scorpio,2023,REG-V-010998,1011000.0
V010999,C000123,Maruti Suzuki,Ertiga,2016,REG-V-010999,411000.0
V011000,C008107,Hyundai,Venue,2025,REG-V-011000,1159000.0
V011001,C000232,Hyundai,i10,2016,REG-V-011001,599000.0
V011002,C002834,Kia,Carens,2013,REG-V-011002,326000.0
V011003,C003560,Toyota,Glanza,2017,REG-V-011003,1325000.0
V011004,C003168,Mahindra,Scorpio,2012,REG-V-011004,398000.0
V011005,C002453,Maruti Suzuki,Ertiga,2023,REG-V-011005,596000.0
V011006,C001084,Hyundai,Verna,2023,REG-V-011006,828000.0
V011007,C000032,Tata,Harrier,2014,REG-V-011007,418000.0
V011008,C007820,Maruti Suzuki,Dzire,2022,REG-V-011008,497000.0
V011009,C004594,Maruti Suzuki,Dzire,2020,REG-V-011009,663000.0
V011010,C001616,Toyota,Glanza,2017,REG-V-011010,1780000.0
V011011,C000835,Mahindra,Scorpio,2014,REG-V-011011,366000.0
V011012,C002781,Maruti Suzuki,Swift,2024,REG-V-011012,486000.0
V011013,C003546,Kia,Carens,2014,REG-V-011013,696000.0
V011014,C004643,Volkswagen,Polo,2017,REG-V-011014,596000.0
V011015,C001021,Kia,Seltos,2020,REG-V-011015,1030000.0
V011016,C009798,Tata,Tiago,2018,REG-V-011016,752000.0
V011017,C002692,Tata,Altroz,2016,REG-V-011017,449000.0
V011018,C004439,Hyundai,Verna,2022,REG-V-011018,1172000.0
V011019,C007138,Kia,Carens,2025,REG-V-011019,1831000.0
V011020,C003090,Volkswagen,Taigun,2025,REG-V-011020,1912000.0
V011021,C000840,Volkswagen,Virtus,2017,REG-V-011021,641000.0
V011022,C003777,Mahindra,Bolero,2024,REG-V-011022,1984000.0
V011023,C005570,Toyota,Glanza,2024,REG-V-011023,1921000.0
V011024,C008456,Hyundai,Verna,2013,REG-V-011024,539000.0
V011025,C003687,Kia,Carens,2021,REG-V-011025,1065000.0
V011026,C008952,Kia,Sonet,2012,REG-V-011026,756000.0
V011027,C005502,Kia,Sonet,2014,REG-V-011027,704000.0
V011028,C007227,Hyundai,Creta,2014,REG-V-011028,299000.0
V011029,C000315,Honda,Amaze,2016,REG-V-011029,803000.0
V011030,C009009,Honda,Civic,2025,REG-V-011030,1096000.0
V011031,C002152,Maruti Suzuki,Baleno,2017,REG-V-011031,386000.0
V011032,C003242,Honda,City,2023,REG-V-011032,832000.0
V011033,C005275,Toyota,Innova,2023,REG-V-011033,1181000.0
V011034,C009598,Hyundai,i10,2012,REG-V-011034,407000.0
V011035,C003452,Maruti Suzuki,Brezza,2017,REG-V-011035,311000.0
V011036,C002224,Kia,Seltos,2014,REG-V-011036,593000.0
V011037,C009606,Toyota,Innova,2016,REG-V-011037,1379000.0
V011038,C008138,Toyota,Innova,2024,REG-V-011038,1500000.0
V011039,C006682,Volkswagen,Polo,2012,REG-V-011039,548000.0
V011040,C004115,Hyundai,i10,2013,REG-V-011040,348000.0
V011041,C004220,Kia,Seltos,2016,REG-V-011041,978000.0
V011042,C009516,Maruti Suzuki,Dzire,2023,REG-V-011042,715000.0
V011043,C000715,Toyota,Glanza,2022,REG-V-011043,2649000.0
V011044,C007640,Tata,Nexon,2021,REG-V-011044,638000.0
V011045,C006051,Mahindra,Bolero,2015,REG-V-011045,729000.0
V011046,C009683,Toyota,Innova,2025,REG-V-011046,2090000.0
V011047,C005621,Honda,Civic,2024,REG-V-011047,1177000.0
V011048,C002801,Kia,Sonet,2022,REG-V-011048,818000.0
V011049,C007874,Honda,Amaze,2014,REG-V-011049,384000.0
V011050,C009860,Maruti Suzuki,Swift,2017,REG-V-011050,280000.0
V011051,C009127,Honda,Civic,2012,REG-V-011051,317000.0
V011052,C002932,Volkswagen,Virtus,2013,REG-V-011052,710000.0
V011053,C003462,Kia,Seltos,2023,REG-V-011053,1373000.0
V011054,C007616,Volkswagen,Virtus,2019,REG-V-011054,579000.0
V011055,C006022,Maruti Suzuki,Baleno,2022,REG-V-011055,541000.0
V011056,C000119,Kia,Seltos,2024,REG-V-011056,1397000.0
V011057,C001416,Maruti Suzuki,Brezza,2024,REG-V-011057,693000.0
V011058,C000871,Kia,Carens,2023,REG-V-011058,1688000.0
V011059,C001785,Honda,Civic,2017,REG-V-011059,863000.0
V011060,C003037,Maruti Suzuki,Brezza,2021,REG-V-011060,667000.0
V011061,C009669,Toyota,Glanza,2015,REG-V-011061,1250000.0
V011062,C006812,Maruti Suzuki,Ertiga,2017,REG-V-011062,435000.0
V011063,C000569,Mahindra,XUV700,2017,REG-V-011063,1046000.0
V011064,C006117,Tata,Punch,2017,REG-V-011064,484000.0
V011065,C004401,Kia,Seltos,2020,REG-V-011065,1133000.0
V011066,C007606,Hyundai,Venue,2017,REG-V-011066,367000.0
V011067,C008897,Volkswagen,Virtus,2012,REG-V-011067,411000.0
V011068,C000680,Tata,Altroz,2014,REG-V-011068,214000.0
V011069,C009798,Hyundai,Verna,2015,REG-V-011069,359000.0
V011070,C000602,Kia,Seltos,2016,REG-V-011070,931000.0
V011071,C007381,Hyundai,i10,2021,REG-V-011071,768000.0
V011072,C009083,Toyota,Glanza,2025,REG-V-011072,1277000.0
V011073,C007582,Toyota,Innova,2022,REG-V-011073,1436000.0
V011074,C001497,Toyota,Glanza,2024,REG-V-011074,2285000.0
V011075,C002090,Tata,Tiago,2023,REG-V-011075,667000.0
V011076,C000430,Tata,Altroz,2024,REG-V-011076,1045000.0
V011077,C001315,Tata,Altroz,2012,REG-V-011077,256000.0
V011078,C000633,Tata,Punch,2020,REG-V-011078,614000.0
V011079,C000555,Mahindra,XUV300,2014,REG-V-011079,505000.0
V011080,C005660,Tata,Tiago,2022,REG-V-011080,821000.0
V011081,C000781,Maruti Suzuki,Swift,2025,REG-V-011081,849000.0
V011082,C004274,Hyundai,Creta,2013,REG-V-011082,464000.0
V011083,C007146,Tata,Tiago,2018,REG-V-011083,523000.0
V011084,C000156,Hyundai,Creta,2016,REG-V-011084,553000.0
V011085,C006438,Toyota,Fortuner,2015,REG-V-011085,1484000.0
V011086,C007637,Volkswagen,Polo,2016,REG-V-011086,517000.0
V011087,C005398,Mahindra,XUV700,2023,REG-V-011087,1177000.0
V011088,C004791,Toyota,Glanza,2023,REG-V-011088,2007000.0
V011089,C007365,Kia,Seltos,2022,REG-V-011089,1130000.0
V011090,C005344,Kia,Sonet,2025,REG-V-011090,1787000.0
V011091,C005127,Honda,Amaze,2017,REG-V-011091,718000.0
V011092,C008079,Maruti Suzuki,Dzire,2020,REG-V-011092,679000.0
V011093,C008415,Mahindra,XUV300,2021,REG-V-011093,1630000.0
V011094,C003693,Volkswagen,Polo,2018,REG-V-011094,781000.0
V011095,C004175,Honda,Amaze,2023,REG-V-011095,869000.0
V011096,C008069,Tata,Tiago,2015,REG-V-011096,565000.0
V011097,C005488,Volkswagen,Polo,2022,REG-V-011097,867000.0
V011098,C006903,Honda,City,2021,REG-V-011098,895000.0
V011099,C000773,Tata,Harrier,2018,REG-V-011099,691000.0
V011100,C000960,Kia,Sonet,2016,REG-V-011100,754000.0
V011101,C005363,Honda,Civic,2014,REG-V-011101,436000.0
V011102,C008242,Toyota,Fortuner,2022,REG-V-011102,2192000.0
V011103,C003147,Kia,Carens,2020,REG-V-011103,1464000.0
V011104,C009604,Hyundai,i10,2021,REG-V-011104,908000.0
V011105,C007671,Hyundai,Verna,2012,REG-V-011105,326000.0
V011106,C007893,Hyundai,i20,2013,REG-V-011106,400000.0
V011107,C008377,Mahindra,Bolero,2017,REG-V-011107,879000.0
V011108,C002561,Volkswagen,Taigun,2022,REG-V-011108,1080000.0
V011109,C003285,Maruti Suzuki,Ertiga,2020,REG-V-011109,377000.0
V011110,C001181,Maruti Suzuki,Swift,2016,REG-V-011110,494000.0
V011111,C003812,Honda,Amaze,2019,REG-V-011111,614000.0
V011112,C000364,Mahindra,Bolero,2017,REG-V-011112,1348000.0
V011113,C007578,Tata,Harrier,2015,REG-V-011113,640000.0
V011114,C008086,Maruti Suzuki,Baleno,2013,REG-V-011114,305000.0
V011115,C002153,Honda,City,2018,REG-V-011115,1049000.0
V011116,C004937,Kia,Sonet,2015,REG-V-011116,791000.0
V011117,C006764,Kia,Carens,2012,REG-V-011117,668000.0
V011118,C007489,Kia,Seltos,2021,REG-V-011118,718000.0
V011119,C009692,Mahindra,Scorpio,2014,REG-V-011119,454000.0
V011120,C002015,Tata,Harrier,2018,REG-V-011120,511000.0
V011121,C002488,Kia,Sonet,2015,REG-V-011121,360000.0
V011122,C008581,Honda,Civic,2013,REG-V-011122,520000.0
V011123,C000982,Hyundai,i10,2022,REG-V-011123,1199000.0
V011124,C007932,Toyota,Fortuner,2025,REG-V-011124,2816000.0
V011125,C001342,Mahindra,Bolero,2025,REG-V-011125,1212000.0
V011126,C004678,Toyota,Fortuner,2014,REG-V-011126,692000.0
V011127,C005965,Volkswagen,Polo,2023,REG-V-011127,944000.0
V011128,C007747,Tata,Harrier,2022,REG-V-011128,817000.0
V011129,C001136,Toyota,Fortuner,2018,REG-V-011129,1312000.0
V011130,C008288,Honda,Civic,2017,REG-V-011130,745000.0
V011131,C008556,Hyundai,Creta,2021,REG-V-011131,900000.0
V011132,C007997,Volkswagen,Taigun,2021,REG-V-011132,953000.0
V011133,C009402,Kia,Carens,2023,REG-V-011133,1656000.0
V011134,C008773,Tata,Harrier,2015,REG-V-011134,633000.0
V011135,C007749,Hyundai,i10,2020,REG-V-011135,489000.0
V011136,C005837,Hyundai,Venue,2023,REG-V-011136,1023000.0
V011137,C008139,Toyota,Innova,2023,REG-V-011137,3138000.0
V011138,C009755,Toyota,Glanza,2025,REG-V-011138,1890000.0
V011139,C006428,Tata,Altroz,2015,REG-V-011139,373000.0
V011140,C002443,Toyota,Innova,2014,REG-V-011140,536000.0
V011141,C002500,Kia,Seltos,2022,REG-V-011141,977000.0
V011142,C008024,Mahindra,Bolero,2020,REG-V-011142,1566000.0
V011143,C009898,Toyota,Innova,2024,REG-V-011143,1697000.0
V011144,C002111,Honda,Amaze,2020,REG-V-011144,699000.0
V011145,C009698,Kia,Sonet,2023,REG-V-011145,1446000.0
V011146,C002689,Toyota,Fortuner,2013,REG-V-011146,1311000.0
V011147,C004142,Tata,Harrier,2015,REG-V-011147,577000.0
V011148,C009134,Honda,City,2024,REG-V-011148,1410000.0
V011149,C009622,Kia,Carens,2024,REG-V-011149,1586000.0
V011150,C005722,Mahindra,XUV300,2019,REG-V-011150,1156000.0
V011151,C009513,Hyundai,Venue,2022,REG-V-011151,874000.0
V011152,C008462,Kia,Sonet,2013,REG-V-011152,537000.0
V011153,C008705,Mahindra,Bolero,2014,REG-V-011153,726000.0
V011154,C008728,Toyota,Fortuner,2017,REG-V-011154,836000.0
V011155,C003872,Honda,Civic,2019,REG-V-011155,710000.0
V011156,C000320,Maruti Suzuki,Brezza,2025,REG-V-011156,681000.0
V011157,C001644,Toyota,Fortuner,2022,REG-V-011157,1445000.0
V011158,C000768,Maruti Suzuki,Baleno,2016,REG-V-011158,300000.0
V011159,C002442,Tata,Punch,2014,REG-V-011159,445000.0
V011160,C000572,Volkswagen,Polo,2012,REG-V-011160,706000.0
V011161,C002767,Toyota,Glanza,2016,REG-V-011161,815000.0
V011162,C005934,Maruti Suzuki,Ertiga,2014,REG-V-011162,320000.0
V011163,C001411,Honda,Amaze,2021,REG-V-011163,1020000.0
V011164,C003143,Kia,Sonet,2016,REG-V-011164,547000.0
V011165,C002264,Tata,Altroz,2012,REG-V-011165,378000.0
V011166,C000957,Tata,Punch,2014,REG-V-011166,540000.0
V011167,C006810,Maruti Suzuki,Ertiga,2022,REG-V-011167,585000.0
V011168,C008984,Hyundai,i20,2021,REG-V-011168,958000.0
V011169,C007212,Maruti Suzuki,Dzire,2014,REG-V-011169,306000.0
V011170,C006881,Mahindra,XUV300,2013,REG-V-011170,703000.0
V011171,C009825,Volkswagen,Polo,2023,REG-V-011171,1580000.0
V011172,C007371,Kia,Sonet,2012,REG-V-011172,466000.0
V011173,C000487,Toyota,Glanza,2013,REG-V-011173,771000.0
V011174,C002203,Mahindra,Scorpio,2015,REG-V-011174,577000.0
V011175,C006428,Toyota,Innova,2021,REG-V-011175,2146000.0
V011176,C006440,Volkswagen,Taigun,2019,REG-V-011176,1280000.0
V011177,C008366,Mahindra,Scorpio,2015,REG-V-011177,1024000.0
V011178,C001584,Kia,Carens,2013,REG-V-011178,766000.0
V011179,C009809,Maruti Suzuki,Ertiga,2023,REG-V-011179,619000.0
V011180,C005199,Tata,Harrier,2012,REG-V-011180,539000.0
V011181,C009241,Toyota,Innova,2022,REG-V-011181,1984000.0
V011182,C005341,Tata,Nexon,2019,REG-V-011182,521000.0
V011183,C001877,Toyota,Innova,2023,REG-V-011183,1952000.0
V011184,C003515,Mahindra,Bolero,2022,REG-V-011184,1277000.0
V011185,C002234,Tata,Punch,2021,REG-V-011185,669000.0
V011186,C002655,Volkswagen,Polo,2017,REG-V-011186,669000.0
V011187,C008958,Maruti Suzuki,Swift,2015,REG-V-011187,422000.0
V011188,C003782,Hyundai,Venue,2013,REG-V-011188,469000.0
V011189,C001829,Kia,Seltos,2014,REG-V-011189,648000.0
V011190,C003653,Hyundai,i10,2020,REG-V-011190,682000.0
V011191,C006219,Maruti Suzuki,Baleno,2021,REG-V-011191,742000.0
V011192,C002018,Honda,City,2022,REG-V-011192,1402000.0
V011193,C000523,Hyundai,Creta,2020,REG-V-011193,871000.0
V011194,C008771,Honda,City,2024,REG-V-011194,1343000.0
V011195,C002415,Volkswagen,Polo,2017,REG-V-011195,976000.0
V011196,C009397,Honda,City,2023,REG-V-011196,1550000.0
V011197,C000489,Volkswagen,Taigun,2023,REG-V-011197,953000.0
V011198,C006545,Hyundai,Creta,2016,REG-V-011198,362000.0
V011199,C006701,Kia,Carens,2023,REG-V-011199,965000.0
V011200,C001555,Tata,Altroz,2015,REG-V-011200,683000.0
V011201,C006701,Maruti Suzuki,Ertiga,2019,REG-V-011201,596000.0
V011202,C003884,Tata,Tiago,2024,REG-V-011202,1356000.0
V011203,C003824,Hyundai,Creta,2017,REG-V-011203,712000.0
V011204,C008826,Hyundai,Venue,2012,REG-V-011204,336000.0
V011205,C009533,Maruti Suzuki,Swift,2013,REG-V-011205,241000.0
V011206,C001700,Hyundai,i10,2017,REG-V-011206,418000.0
V011207,C006880,Hyundai,Verna,2019,REG-V-011207,494000.0
V011208,C001539,Volkswagen,Virtus,2021,REG-V-011208,810000.0
V011209,C000357,Honda,Amaze,2018,REG-V-011209,1001000.0
V011210,C001486,Hyundai,Creta,2012,REG-V-011210,314000.0
V011211,C006395,Hyundai,Verna,2021,REG-V-011211,806000.0
V011212,C007319,Mahindra,Bolero,2015,REG-V-011212,822000.0
V011213,C005108,Tata,Tiago,2025,REG-V-011213,769000.0
V011214,C009526,Mahindra,Bolero,2024,REG-V-011214,2009000.0
V011215,C007707,Toyota,Fortuner,2014,REG-V-011215,690000.0
V011216,C001612,Hyundai,Verna,2018,REG-V-011216,692000.0
V011217,C002090,Volkswagen,Virtus,2017,REG-V-011217,554000.0
V011218,C005996,Mahindra,Scorpio,2023,REG-V-011218,1023000.0
V011219,C003317,Mahindra,XUV300,2023,REG-V-011219,1973000.0
V011220,C000011,Mahindra,Scorpio,2016,REG-V-011220,671000.0
V011221,C000257,Mahindra,XUV300,2021,REG-V-011221,1459000.0
V011222,C004096,Kia,Carens,2017,REG-V-011222,822000.0
V011223,C005274,Tata,Altroz,2012,REG-V-011223,399000.0
V011224,C006568,Kia,Carens,2023,REG-V-011224,1449000.0
V011225,C007701,Maruti Suzuki,Brezza,2015,REG-V-011225,295000.0
V011226,C009687,Kia,Sonet,2022,REG-V-011226,1315000.0
V011227,C008427,Maruti Suzuki,Ertiga,2013,REG-V-011227,337000.0
V011228,C003562,Hyundai,i20,2013,REG-V-011228,306000.0
V011229,C005388,Tata,Punch,2019,REG-V-011229,676000.0
V011230,C002179,Kia,Seltos,2020,REG-V-011230,1402000.0
V011231,C009687,Maruti Suzuki,Ertiga,2023,REG-V-011231,484000.0
V011232,C005392,Kia,Sonet,2012,REG-V-011232,425000.0
V011233,C002515,Kia,Carens,2016,REG-V-011233,628000.0
V011234,C007298,Mahindra,XUV300,2024,REG-V-011234,1909000.0
V011235,C004915,Maruti Suzuki,Brezza,2015,REG-V-011235,395000.0
V011236,C009972,Maruti Suzuki,Ertiga,2018,REG-V-011236,308000.0
V011237,C000770,Maruti Suzuki,Swift,2016,REG-V-011237,383000.0
V011238,C003341,Toyota,Glanza,2014,REG-V-011238,699000.0
V011239,C009437,Kia,Sonet,2023,REG-V-011239,1805000.0
V011240,C004640,Maruti Suzuki,Ertiga,2023,REG-V-011240,543000.0
V011241,C003104,Hyundai,i10,2012,REG-V-011241,301000.0
V011242,C006092,Toyota,Innova,2023,REG-V-011242,1211000.0
V011243,C006692,Hyundai,Venue,2016,REG-V-011243,678000.0
V011244,C000932,Kia,Carens,2016,REG-V-011244,758000.0
V011245,C002604,Mahindra,XUV300,2014,REG-V-011245,317000.0
V011246,C003075,Kia,Sonet,2013,REG-V-011246,401000.0
V011247,C002479,Mahindra,XUV700,2013,REG-V-011247,359000.0
V011248,C003833,Volkswagen,Taigun,2024,REG-V-011248,1128000.0
V011249,C003334,Toyota,Innova,2025,REG-V-011249,2923000.0
V011250,C007375,Honda,Amaze,2013,REG-V-011250,649000.0
V011251,C006030,Honda,City,2015,REG-V-011251,361000.0
V011252,C004318,Volkswagen,Polo,2022,REG-V-011252,1157000.0
V011253,C002009,Volkswagen,Taigun,2021,REG-V-011253,822000.0
V011254,C004224,Mahindra,XUV300,2012,REG-V-011254,584000.0
V011255,C001802,Maruti Suzuki,Dzire,2013,REG-V-011255,225000.0
V011256,C009531,Kia,Carens,2016,REG-V-011256,604000.0
V011257,C001732,Toyota,Glanza,2022,REG-V-011257,1994000.0
V011258,C008627,Hyundai,i10,2020,REG-V-011258,784000.0
V011259,C006206,Toyota,Fortuner,2013,REG-V-011259,1317000.0
V011260,C008157,Honda,City,2018,REG-V-011260,973000.0
V011261,C008945,Mahindra,Bolero,2024,REG-V-011261,2175000.0
V011262,C008098,Toyota,Innova,2025,REG-V-011262,1481000.0
V011263,C005939,Hyundai,Venue,2024,REG-V-011263,661000.0
V011264,C002678,Hyundai,Venue,2024,REG-V-011264,1419000.0
V011265,C006645,Volkswagen,Taigun,2012,REG-V-011265,633000.0
V011266,C000050,Honda,City,2025,REG-V-011266,1715000.0
V011267,C003784,Kia,Carens,2012,REG-V-011267,413000.0
V011268,C008622,Toyota,Fortuner,2013,REG-V-011268,485000.0
V011269,C005853,Maruti Suzuki,Baleno,2023,REG-V-011269,756000.0
V011270,C002616,Maruti Suzuki,Brezza,2023,REG-V-011270,817000.0
V011271,C008977,Mahindra,XUV700,2021,REG-V-011271,1987000.0
V011272,C000157,Hyundai,i10,2025,REG-V-011272,1488000.0
V011273,C008887,Maruti Suzuki,Brezza,2013,REG-V-011273,341000.0
V011274,C007662,Hyundai,i10,2014,REG-V-011274,326000.0
V011275,C001453,Kia,Sonet,2020,REG-V-011275,989000.0
V011276,C000655,Kia,Sonet,2015,REG-V-011276,823000.0
V011277,C009523,Mahindra,Scorpio,2024,REG-V-011277,2095000.0
V011278,C000697,Kia,Seltos,2013,REG-V-011278,518000.0
V011279,C009740,Honda,City,2013,REG-V-011279,575000.0
V011280,C004224,Mahindra,Bolero,2016,REG-V-011280,988000.0
V011281,C003537,Mahindra,Scorpio,2014,REG-V-011281,771000.0
V011282,C006538,Toyota,Glanza,2023,REG-V-011282,2073000.0
V011283,C005007,Mahindra,Bolero,2018,REG-V-011283,1001000.0
V011284,C003914,Tata,Altroz,2013,REG-V-011284,413000.0
V011285,C006451,Maruti Suzuki,Baleno,2022,REG-V-011285,513000.0
V011286,C003503,Volkswagen,Virtus,2025,REG-V-011286,1089000.0
V011287,C000350,Toyota,Fortuner,2015,REG-V-011287,1399000.0
V011288,C008296,Tata,Tiago,2018,REG-V-011288,513000.0
V011289,C005178,Tata,Nexon,2021,REG-V-011289,1212000.0
V011290,C006903,Mahindra,XUV700,2022,REG-V-011290,1471000.0
V011291,C005796,Toyota,Glanza,2013,REG-V-011291,621000.0
V011292,C006188,Toyota,Innova,2015,REG-V-011292,1133000.0
V011293,C002210,Kia,Carens,2023,REG-V-011293,885000.0
V011294,C009380,Mahindra,XUV700,2018,REG-V-011294,573000.0
V011295,C004490,Mahindra,XUV300,2016,REG-V-011295,1185000.0
V011296,C009237,Maruti Suzuki,Brezza,2017,REG-V-011296,430000.0
V011297,C008122,Honda,Civic,2020,REG-V-011297,1081000.0
V011298,C007256,Kia,Seltos,2019,REG-V-011298,763000.0
V011299,C004629,Toyota,Innova,2023,REG-V-011299,1870000.0
V011300,C000239,Mahindra,XUV300,2022,REG-V-011300,1858000.0
V011301,C003137,Honda,City,2021,REG-V-011301,1015000.0
V011302,C006696,Maruti Suzuki,Brezza,2016,REG-V-011302,253000.0
V011303,C003286,Mahindra,Scorpio,2013,REG-V-011303,465000.0
V011304,C001004,Honda,Civic,2016,REG-V-011304,426000.0
V011305,C005212,Maruti Suzuki,Brezza,2017,REG-V-011305,308000.0
V011306,C001536,Mahindra,Bolero,2019,REG-V-011306,1322000.0
V011307,C003046,Honda,Amaze,2023,REG-V-011307,1477000.0
V011308,C005069,Toyota,Glanza,2024,REG-V-011308,1132000.0
V011309,C001157,Toyota,Fortuner,2024,REG-V-011309,1163000.0
V011310,C001121,Honda,City,2024,REG-V-011310,1684000.0
V011311,C002107,Toyota,Glanza,2023,REG-V-011311,1145000.0
V011312,C005961,Tata,Harrier,2015,REG-V-011312,524000.0
V011313,C009368,Tata,Punch,2017,REG-V-011313,898000.0
V011314,C002413,Mahindra,Scorpio,2014,REG-V-011314,975000.0
V011315,C007255,Toyota,Fortuner,2019,REG-V-011315,1053000.0
V011316,C001901,Honda,City,2013,REG-V-011316,576000.0
V011317,C006402,Honda,Civic,2017,REG-V-011317,564000.0
V011318,C001381,Kia,Sonet,2022,REG-V-011318,1339000.0
V011319,C008498,Hyundai,Creta,2012,REG-V-011319,454000.0
V011320,C007489,Hyundai,Creta,2024,REG-V-011320,1265000.0
V011321,C006850,Honda,Civic,2024,REG-V-011321,1378000.0
V011322,C000150,Hyundai,Verna,2016,REG-V-011322,454000.0
V011323,C008400,Hyundai,Creta,2018,REG-V-011323,787000.0
V011324,C001498,Mahindra,XUV700,2019,REG-V-011324,1371000.0
V011325,C005375,Honda,Amaze,2020,REG-V-011325,711000.0
V011326,C007839,Honda,Civic,2012,REG-V-011326,474000.0
V011327,C006357,Maruti Suzuki,Brezza,2014,REG-V-011327,363000.0
V011328,C008239,Volkswagen,Virtus,2017,REG-V-011328,909000.0
V011329,C007137,Honda,Civic,2019,REG-V-011329,828000.0
V011330,C007627,Maruti Suzuki,Swift,2017,REG-V-011330,508000.0
V011331,C002977,Volkswagen,Virtus,2023,REG-V-011331,808000.0
V011332,C003801,Volkswagen,Virtus,2016,REG-V-011332,704000.0
V011333,C005063,Maruti Suzuki,Baleno,2014,REG-V-011333,321000.0
V011334,C005903,Volkswagen,Virtus,2020,REG-V-011334,713000.0
V011335,C006952,Hyundai,Verna,2024,REG-V-011335,1265000.0
V011336,C005593,Volkswagen,Taigun,2019,REG-V-011336,1058000.0
V011337,C007154,Maruti Suzuki,Dzire,2016,REG-V-011337,460000.0
V011338,C001497,Maruti Suzuki,Ertiga,2015,REG-V-011338,272000.0
V011339,C003960,Honda,Civic,2019,REG-V-011339,892000.0
V011340,C009172,Mahindra,Scorpio,2015,REG-V-011340,974000.0
V011341,C002189,Volkswagen,Virtus,2015,REG-V-011341,445000.0
V011342,C001429,Toyota,Fortuner,2018,REG-V-011342,1192000.0
V011343,C007513,Honda,City,2025,REG-V-011343,1645000.0
V011344,C001953,Honda,Amaze,2016,REG-V-011344,516000.0
V011345,C004601,Honda,Civic,2021,REG-V-011345,1062000.0
V011346,C007167,Kia,Sonet,2021,REG-V-011346,732000.0
V011347,C004886,Hyundai,Verna,2025,REG-V-011347,1064000.0
V011348,C009066,Volkswagen,Polo,2023,REG-V-011348,1322000.0
V011349,C008834,Volkswagen,Polo,2022,REG-V-011349,821000.0
V011350,C005075,Maruti Suzuki,Ertiga,2025,REG-V-011350,1015000.0
V011351,C009608,Mahindra,XUV700,2017,REG-V-011351,1363000.0
V011352,C002904,Tata,Altroz,2019,REG-V-011352,954000.0
V011353,C002361,Honda,City,2023,REG-V-011353,1027000.0
V011354,C006750,Maruti Suzuki,Brezza,2021,REG-V-011354,767000.0
V011355,C005769,Maruti Suzuki,Ertiga,2019,REG-V-011355,445000.0
V011356,C002529,Honda,Civic,2024,REG-V-011356,1261000.0
V011357,C003720,Volkswagen,Virtus,2018,REG-V-011357,968000.0
V011358,C002352,Tata,Harrier,2014,REG-V-011358,373000.0
V011359,C002395,Toyota,Glanza,2014,REG-V-011359,541000.0
V011360,C003683,Mahindra,XUV700,2017,REG-V-011360,833000.0
V011361,C009275,Mahindra,XUV700,2017,REG-V-011361,943000.0
V011362,C008386,Hyundai,Creta,2016,REG-V-011362,561000.0
V011363,C005154,Mahindra,Bolero,2025,REG-V-011363,1911000.0
V011364,C004816,Volkswagen,Polo,2023,REG-V-011364,1664000.0
V011365,C000327,Maruti Suzuki,Dzire,2019,REG-V-011365,411000.0
V011366,C004660,Hyundai,Verna,2021,REG-V-011366,717000.0
V011367,C006282,Hyundai,i20,2023,REG-V-011367,836000.0
V011368,C007860,Hyundai,Verna,2014,REG-V-011368,534000.0
V011369,C003563,Volkswagen,Polo,2024,REG-V-011369,1793000.0
V011370,C009228,Hyundai,Verna,2023,REG-V-011370,1280000.0
V011371,C008440,Mahindra,XUV300,2012,REG-V-011371,377000.0
V011372,C000836,Honda,City,2023,REG-V-011372,1064000.0
V011373,C009082,Hyundai,i20,2023,REG-V-011373,603000.0
V011374,C002251,Kia,Sonet,2015,REG-V-011374,692000.0
V011375,C009268,Kia,Seltos,2019,REG-V-011375,1099000.0
V011376,C006344,Maruti Suzuki,Dzire,2016,REG-V-011376,473000.0
V011377,C004136,Tata,Nexon,2013,REG-V-011377,587000.0
V011378,C004398,Tata,Harrier,2013,REG-V-011378,578000.0
V011379,C005669,Hyundai,i10,2022,REG-V-011379,938000.0
V011380,C008477,Hyundai,i20,2013,REG-V-011380,537000.0
V011381,C008407,Maruti Suzuki,Brezza,2020,REG-V-011381,721000.0
V011382,C004168,Tata,Harrier,2015,REG-V-011382,523000.0
V011383,C008536,Mahindra,XUV700,2025,REG-V-011383,1480000.0
V011384,C004760,Maruti Suzuki,Swift,2018,REG-V-011384,345000.0
V011385,C004195,Kia,Sonet,2012,REG-V-011385,685000.0
V011386,C002450,Volkswagen,Polo,2017,REG-V-011386,709000.0
V011387,C008330,Maruti Suzuki,Brezza,2020,REG-V-011387,503000.0
V011388,C006250,Toyota,Glanza,2015,REG-V-011388,1438000.0
V011389,C004338,Tata,Harrier,2012,REG-V-011389,588000.0
V011390,C006672,Tata,Tiago,2021,REG-V-011390,1205000.0
V011391,C008643,Maruti Suzuki,Baleno,2013,REG-V-011391,358000.0
V011392,C001989,Volkswagen,Virtus,2020,REG-V-011392,1387000.0
V011393,C003941,Kia,Sonet,2020,REG-V-011393,1123000.0
V011394,C003812,Toyota,Fortuner,2022,REG-V-011394,2359000.0
V011395,C000777,Hyundai,i10,2016,REG-V-011395,545000.0
V011396,C003324,Honda,Civic,2017,REG-V-011396,853000.0
V011397,C007691,Toyota,Glanza,2023,REG-V-011397,3104000.0
V011398,C002551,Volkswagen,Virtus,2019,REG-V-011398,582000.0
V011399,C008157,Honda,Amaze,2018,REG-V-011399,542000.0
V011400,C009559,Mahindra,Bolero,2014,REG-V-011400,892000.0
V011401,C002262,Maruti Suzuki,Dzire,2020,REG-V-011401,465000.0
V011402,C004115,Volkswagen,Polo,2025,REG-V-011402,1615000.0
V011403,C001316,Kia,Carens,2019,REG-V-011403,988000.0
V011404,C006955,Toyota,Glanza,2022,REG-V-011404,1342000.0
V011405,C004856,Mahindra,Scorpio,2018,REG-V-011405,1456000.0
V011406,C005932,Volkswagen,Virtus,2025,REG-V-011406,1759000.0
V011407,C007861,Hyundai,Verna,2014,REG-V-011407,486000.0
V011408,C007834,Volkswagen,Taigun,2013,REG-V-011408,557000.0
V011409,C005193,Maruti Suzuki,Swift,2021,REG-V-011409,658000.0
V011410,C008882,Hyundai,Verna,2024,REG-V-011410,635000.0
V011411,C009353,Maruti Suzuki,Ertiga,2013,REG-V-011411,348000.0
V011412,C006345,Honda,Civic,2020,REG-V-011412,997000.0
V011413,C000395,Mahindra,Scorpio,2025,REG-V-011413,1753000.0
V011414,C007832,Tata,Nexon,2021,REG-V-011414,765000.0
V011415,C008974,Maruti Suzuki,Dzire,2019,REG-V-011415,309000.0
V011416,C005608,Toyota,Glanza,2014,REG-V-011416,588000.0
V011417,C007046,Tata,Tiago,2013,REG-V-011417,285000.0
V011418,C003563,Volkswagen,Polo,2021,REG-V-011418,1015000.0
V011419,C005070,Toyota,Fortuner,2023,REG-V-011419,2019000.0
V011420,C008045,Honda,Civic,2021,REG-V-011420,863000.0
V011421,C008807,Toyota,Innova,2016,REG-V-011421,655000.0
V011422,C001144,Toyota,Fortuner,2025,REG-V-011422,1975000.0
V011423,C000182,Mahindra,XUV700,2024,REG-V-011423,1345000.0
V011424,C003748,Honda,City,2021,REG-V-011424,1164000.0
V011425,C003921,Mahindra,Bolero,2023,REG-V-011425,2113000.0
V011426,C007802,Honda,Amaze,2012,REG-V-011426,480000.0
V011427,C000088,Maruti Suzuki,Brezza,2017,REG-V-011427,550000.0
V011428,C007707,Honda,Amaze,2021,REG-V-011428,949000.0
V011429,C005398,Maruti Suzuki,Ertiga,2018,REG-V-011429,565000.0
V011430,C007018,Volkswagen,Taigun,2014,REG-V-011430,658000.0
V011431,C005127,Mahindra,XUV700,2021,REG-V-011431,1208000.0
V011432,C007969,Maruti Suzuki,Swift,2020,REG-V-011432,461000.0
V011433,C004406,Toyota,Glanza,2013,REG-V-011433,529000.0
V011434,C003453,Tata,Nexon,2018,REG-V-011434,762000.0
V011435,C006417,Kia,Seltos,2014,REG-V-011435,343000.0
V011436,C004462,Volkswagen,Taigun,2020,REG-V-011436,1280000.0
V011437,C003024,Mahindra,XUV300,2013,REG-V-011437,343000.0
V011438,C009175,Mahindra,XUV300,2013,REG-V-011438,635000.0
V011439,C007287,Tata,Tiago,2021,REG-V-011439,1177000.0
V011440,C001979,Maruti Suzuki,Ertiga,2023,REG-V-011440,895000.0
V011441,C007462,Honda,City,2024,REG-V-011441,1139000.0
V011442,C002541,Maruti Suzuki,Brezza,2019,REG-V-011442,624000.0
V011443,C004338,Toyota,Glanza,2020,REG-V-011443,2238000.0
V011444,C002195,Tata,Nexon,2023,REG-V-011444,914000.0
V011445,C001124,Toyota,Fortuner,2012,REG-V-011445,1218000.0
V011446,C004009,Volkswagen,Virtus,2025,REG-V-011446,1545000.0
V011447,C005586,Volkswagen,Virtus,2018,REG-V-011447,558000.0
V011448,C003006,Kia,Seltos,2024,REG-V-011448,1052000.0
V011449,C000772,Honda,Amaze,2025,REG-V-011449,877000.0
V011450,C002515,Mahindra,XUV300,2017,REG-V-011450,736000.0
V011451,C002477,Mahindra,XUV700,2022,REG-V-011451,938000.0
V011452,C005953,Hyundai,i10,2022,REG-V-011452,830000.0
V011453,C002810,Maruti Suzuki,Swift,2016,REG-V-011453,420000.0
V011454,C005378,Hyundai,Creta,2015,REG-V-011454,432000.0
V011455,C004742,Mahindra,Bolero,2021,REG-V-011455,736000.0
V011456,C002671,Volkswagen,Virtus,2015,REG-V-011456,461000.0
V011457,C007470,Kia,Carens,2014,REG-V-011457,657000.0
V011458,C006723,Toyota,Glanza,2018,REG-V-011458,1361000.0
V011459,C006844,Honda,Civic,2013,REG-V-011459,454000.0
V011460,C004365,Hyundai,Venue,2025,REG-V-011460,883000.0
V011461,C003148,Tata,Nexon,2012,REG-V-011461,561000.0
V011462,C005953,Tata,Altroz,2025,REG-V-011462,1274000.0
V011463,C009592,Kia,Carens,2016,REG-V-011463,773000.0
V011464,C004371,Hyundai,Verna,2020,REG-V-011464,548000.0
V011465,C006702,Tata,Altroz,2025,REG-V-011465,1425000.0
V011466,C004445,Toyota,Glanza,2023,REG-V-011466,1488000.0
V011467,C009361,Mahindra,XUV700,2022,REG-V-011467,1800000.0
V011468,C002659,Volkswagen,Virtus,2017,REG-V-011468,780000.0
V011469,C004609,Volkswagen,Taigun,2017,REG-V-011469,455000.0
V011470,C004979,Hyundai,i20,2019,REG-V-011470,482000.0
V011471,C007341,Hyundai,i10,2012,REG-V-011471,477000.0
V011472,C007266,Hyundai,Creta,2021,REG-V-011472,616000.0
V011473,C007458,Maruti Suzuki,Swift,2012,REG-V-011473,289000.0
V011474,C007387,Hyundai,Verna,2013,REG-V-011474,541000.0
V011475,C004737,Toyota,Glanza,2017,REG-V-011475,754000.0
V011476,C001547,Hyundai,Creta,2012,REG-V-011476,503000.0
V011477,C008750,Mahindra,XUV300,2023,REG-V-011477,1647000.0
V011478,C003231,Toyota,Fortuner,2017,REG-V-011478,1654000.0
V011479,C001103,Volkswagen,Taigun,2022,REG-V-011479,1545000.0
V011480,C001287,Tata,Harrier,2015,REG-V-011480,341000.0
V011481,C004991,Volkswagen,Taigun,2021,REG-V-011481,698000.0
V011482,C004288,Toyota,Innova,2013,REG-V-011482,682000.0
V011483,C006684,Tata,Nexon,2022,REG-V-011483,1139000.0
V011484,C006162,Volkswagen,Taigun,2018,REG-V-011484,1046000.0
V011485,C001080,Mahindra,Scorpio,2016,REG-V-011485,717000.0
V011486,C002952,Maruti Suzuki,Brezza,2017,REG-V-011486,295000.0
V011487,C009014,Maruti Suzuki,Ertiga,2022,REG-V-011487,530000.0
V011488,C007733,Honda,Civic,2020,REG-V-011488,1087000.0
V011489,C008752,Volkswagen,Taigun,2017,REG-V-011489,464000.0
V011490,C000233,Volkswagen,Taigun,2014,REG-V-011490,544000.0
V011491,C009163,Mahindra,Scorpio,2020,REG-V-011491,1640000.0
V011492,C008643,Kia,Sonet,2019,REG-V-011492,1312000.0
V011493,C004546,Tata,Punch,2023,REG-V-011493,1198000.0
V011494,C006781,Mahindra,XUV700,2019,REG-V-011494,806000.0
V011495,C002720,Toyota,Innova,2017,REG-V-011495,1115000.0
V011496,C006628,Hyundai,Verna,2021,REG-V-011496,710000.0
V011497,C008051,Tata,Tiago,2014,REG-V-011497,401000.0
V011498,C004869,Toyota,Glanza,2016,REG-V-011498,673000.0
V011499,C000298,Toyota,Fortuner,2019,REG-V-011499,2278000.0
V011500,C004185,Honda,Amaze,2022,REG-V-011500,807000.0
V011501,C007306,Hyundai,Venue,2022,REG-V-011501,1205000.0
V011502,C007087,Kia,Carens,2025,REG-V-011502,1854000.0
V011503,C004900,Volkswagen,Polo,2019,REG-V-011503,1077000.0
V011504,C009861,Mahindra,Bolero,2023,REG-V-011504,2158000.0
V011505,C001166,Volkswagen,Virtus,2018,REG-V-011505,858000.0
V011506,C001577,Tata,Altroz,2024,REG-V-011506,1096000.0
V011507,C002593,Hyundai,i20,2022,REG-V-011507,1080000.0
V011508,C008094,Honda,Civic,2025,REG-V-011508,1250000.0
V011509,C007700,Toyota,Glanza,2014,REG-V-011509,751000.0
V011510,C007799,Tata,Tiago,2016,REG-V-011510,636000.0
V011511,C008851,Kia,Carens,2015,REG-V-011511,660000.0
V011512,C004449,Kia,Seltos,2019,REG-V-011512,1233000.0
V011513,C003169,Honda,Civic,2016,REG-V-011513,700000.0
V011514,C006042,Kia,Sonet,2023,REG-V-011514,1280000.0
V011515,C004116,Volkswagen,Virtus,2013,REG-V-011515,547000.0
V011516,C005277,Volkswagen,Taigun,2020,REG-V-011516,697000.0
V011517,C001404,Honda,Amaze,2019,REG-V-011517,725000.0
V011518,C003978,Honda,Civic,2025,REG-V-011518,1729000.0
V011519,C004765,Volkswagen,Taigun,2015,REG-V-011519,664000.0
V011520,C000887,Tata,Nexon,2016,REG-V-011520,510000.0
V011521,C009949,Honda,City,2015,REG-V-011521,470000.0
V011522,C000389,Toyota,Innova,2016,REG-V-011522,1033000.0
V011523,C009230,Tata,Nexon,2017,REG-V-011523,438000.0
V011524,C000807,Volkswagen,Taigun,2020,REG-V-011524,658000.0
V011525,C008631,Tata,Punch,2021,REG-V-011525,1303000.0
V011526,C005523,Maruti Suzuki,Baleno,2024,REG-V-011526,900000.0
V011527,C001975,Honda,City,2021,REG-V-011527,1282000.0
V011528,C002335,Toyota,Glanza,2017,REG-V-011528,652000.0
V011529,C003521,Volkswagen,Virtus,2023,REG-V-011529,863000.0
V011530,C008002,Volkswagen,Virtus,2013,REG-V-011530,566000.0
V011531,C001461,Mahindra,XUV700,2012,REG-V-011531,581000.0
V011532,C002440,Honda,Civic,2021,REG-V-011532,673000.0
V011533,C006958,Volkswagen,Virtus,2025,REG-V-011533,1432000.0
V011534,C006187,Honda,Civic,2021,REG-V-011534,1117000.0
V011535,C004226,Maruti Suzuki,Ertiga,2018,REG-V-011535,566000.0
V011536,C000628,Tata,Nexon,2020,REG-V-011536,772000.0
V011537,C005622,Volkswagen,Virtus,2013,REG-V-011537,646000.0
V011538,C002311,Hyundai,i10,2015,REG-V-011538,482000.0
V011539,C006166,Kia,Carens,2025,REG-V-011539,897000.0
V011540,C002743,Toyota,Innova,2025,REG-V-011540,2521000.0
V011541,C009801,Tata,Nexon,2023,REG-V-011541,871000.0
V011542,C005952,Honda,Amaze,2017,REG-V-011542,699000.0
V011543,C005757,Toyota,Glanza,2024,REG-V-011543,2596000.0
V011544,C008405,Hyundai,Verna,2022,REG-V-011544,1234000.0
V011545,C009937,Mahindra,Scorpio,2017,REG-V-011545,1352000.0
V011546,C007863,Hyundai,Venue,2025,REG-V-011546,1323000.0
V011547,C005977,Maruti Suzuki,Baleno,2018,REG-V-011547,476000.0
V011548,C008668,Volkswagen,Taigun,2015,REG-V-011548,747000.0
V011549,C001812,Kia,Sonet,2016,REG-V-011549,860000.0
V011550,C007708,Maruti Suzuki,Ertiga,2023,REG-V-011550,846000.0
V011551,C006838,Toyota,Innova,2025,REG-V-011551,3079000.0
V011552,C005673,Tata,Harrier,2022,REG-V-011552,1297000.0
V011553,C008710,Tata,Harrier,2014,REG-V-011553,382000.0
V011554,C007146,Tata,Altroz,2016,REG-V-011554,617000.0
V011555,C007219,Hyundai,Venue,2022,REG-V-011555,1018000.0
V011556,C009147,Toyota,Fortuner,2015,REG-V-011556,1393000.0
V011557,C007037,Hyundai,i20,2023,REG-V-011557,678000.0
V011558,C002570,Hyundai,i20,2017,REG-V-011558,783000.0
V011559,C001838,Honda,Civic,2024,REG-V-011559,1159000.0
V011560,C005166,Honda,Civic,2012,REG-V-011560,487000.0
V011561,C002371,Hyundai,Creta,2019,REG-V-011561,898000.0
V011562,C007037,Maruti Suzuki,Dzire,2022,REG-V-011562,830000.0
V011563,C008465,Honda,Amaze,2015,REG-V-011563,577000.0
V011564,C002905,Honda,City,2024,REG-V-011564,984000.0
V011565,C009175,Mahindra,XUV700,2021,REG-V-011565,1354000.0
V011566,C007532,Mahindra,XUV300,2020,REG-V-011566,1733000.0
V011567,C009886,Tata,Tiago,2019,REG-V-011567,877000.0
V011568,C001997,Honda,Civic,2018,REG-V-011568,815000.0
V011569,C004645,Kia,Carens,2013,REG-V-011569,357000.0
V011570,C006453,Tata,Tiago,2021,REG-V-011570,701000.0
V011571,C007700,Toyota,Innova,2013,REG-V-011571,1286000.0
V011572,C009163,Hyundai,i20,2023,REG-V-011572,1134000.0
V011573,C008967,Mahindra,Bolero,2024,REG-V-011573,2443000.0
V011574,C002385,Maruti Suzuki,Ertiga,2014,REG-V-011574,325000.0
V011575,C004240,Mahindra,Bolero,2012,REG-V-011575,619000.0
V011576,C007235,Tata,Harrier,2020,REG-V-011576,966000.0
V011577,C001331,Mahindra,Bolero,2016,REG-V-011577,1150000.0
V011578,C009594,Maruti Suzuki,Baleno,2022,REG-V-011578,756000.0
V011579,C007532,Hyundai,Creta,2019,REG-V-011579,769000.0
V011580,C008336,Mahindra,Scorpio,2016,REG-V-011580,549000.0
V011581,C009126,Mahindra,Bolero,2021,REG-V-011581,1127000.0
V011582,C001775,Kia,Sonet,2024,REG-V-011582,1806000.0
V011583,C004235,Volkswagen,Taigun,2023,REG-V-011583,1266000.0
V011584,C006552,Hyundai,Venue,2025,REG-V-011584,882000.0
V011585,C008275,Hyundai,i20,2014,REG-V-011585,329000.0
V011586,C007443,Toyota,Glanza,2022,REG-V-011586,2846000.0
V011587,C001211,Mahindra,Scorpio,2017,REG-V-011587,1141000.0
V011588,C006499,Kia,Sonet,2021,REG-V-011588,683000.0
V011589,C002927,Maruti Suzuki,Ertiga,2016,REG-V-011589,245000.0
V011590,C004082,Kia,Sonet,2024,REG-V-011590,1336000.0
V011591,C009948,Mahindra,XUV300,2017,REG-V-011591,1222000.0
V011592,C001566,Mahindra,Bolero,2012,REG-V-011592,743000.0
V011593,C001052,Honda,City,2018,REG-V-011593,580000.0
V011594,C004110,Honda,City,2019,REG-V-011594,997000.0
V011595,C008676,Maruti Suzuki,Baleno,2024,REG-V-011595,953000.0
V011596,C001618,Hyundai,i20,2015,REG-V-011596,393000.0
V011597,C000806,Toyota,Glanza,2018,REG-V-011597,1154000.0
V011598,C004207,Honda,Amaze,2012,REG-V-011598,591000.0
V011599,C006364,Honda,Civic,2023,REG-V-011599,1260000.0
V011600,C001539,Tata,Altroz,2012,REG-V-011600,308000.0
V011601,C008107,Honda,Civic,2014,REG-V-011601,585000.0
V011602,C008503,Volkswagen,Polo,2022,REG-V-011602,1327000.0
V011603,C005263,Volkswagen,Polo,2024,REG-V-011603,1521000.0
V011604,C000318,Toyota,Fortuner,2022,REG-V-011604,2379000.0
V011605,C005197,Kia,Seltos,2015,REG-V-011605,770000.0
V011606,C002162,Toyota,Glanza,2018,REG-V-011606,1272000.0
V011607,C004476,Volkswagen,Polo,2025,REG-V-011607,1654000.0
V011608,C007664,Toyota,Glanza,2016,REG-V-011608,1421000.0
V011609,C000563,Mahindra,XUV300,2012,REG-V-011609,728000.0
V011610,C000004,Hyundai,Venue,2016,REG-V-011610,413000.0
V011611,C001343,Kia,Sonet,2012,REG-V-011611,597000.0
V011612,C000469,Honda,Civic,2021,REG-V-011612,952000.0
V011613,C002614,Kia,Seltos,2016,REG-V-011613,968000.0
V011614,C004058,Volkswagen,Virtus,2015,REG-V-011614,764000.0
V011615,C007871,Hyundai,i10,2025,REG-V-011615,1074000.0
V011616,C000318,Hyundai,Venue,2013,REG-V-011616,385000.0
V011617,C003514,Toyota,Innova,2018,REG-V-011617,1481000.0
V011618,C009327,Hyundai,Verna,2013,REG-V-011618,356000.0
V011619,C005809,Hyundai,i10,2022,REG-V-011619,1112000.0
V011620,C008318,Mahindra,Scorpio,2015,REG-V-011620,777000.0
V011621,C004869,Toyota,Innova,2019,REG-V-011621,1712000.0
V011622,C000982,Honda,City,2017,REG-V-011622,722000.0
V011623,C001877,Toyota,Fortuner,2013,REG-V-011623,440000.0
V011624,C007645,Hyundai,Creta,2013,REG-V-011624,523000.0
V011625,C008675,Maruti Suzuki,Brezza,2018,REG-V-011625,399000.0
V011626,C004716,Hyundai,Creta,2016,REG-V-011626,556000.0
V011627,C004964,Hyundai,Creta,2016,REG-V-011627,389000.0
V011628,C004522,Volkswagen,Taigun,2018,REG-V-011628,652000.0
V011629,C000192,Mahindra,Scorpio,2012,REG-V-011629,374000.0
V011630,C000961,Hyundai,i20,2024,REG-V-011630,1090000.0
V011631,C009924,Volkswagen,Taigun,2025,REG-V-011631,1029000.0
V011632,C000439,Honda,Civic,2025,REG-V-011632,1171000.0
V011633,C003489,Hyundai,Verna,2017,REG-V-011633,608000.0
V011634,C006939,Volkswagen,Taigun,2017,REG-V-011634,610000.0
V011635,C004269,Volkswagen,Polo,2015,REG-V-011635,673000.0
V011636,C009822,Maruti Suzuki,Baleno,2024,REG-V-011636,850000.0
V011637,C000339,Toyota,Innova,2025,REG-V-011637,1633000.0
V011638,C008794,Maruti Suzuki,Ertiga,2024,REG-V-011638,579000.0
V011639,C001353,Toyota,Fortuner,2025,REG-V-011639,3589000.0
V011640,C002058,Volkswagen,Taigun,2015,REG-V-011640,810000.0
V011641,C005327,Tata,Punch,2024,REG-V-011641,786000.0
V011642,C008764,Kia,Seltos,2012,REG-V-011642,681000.0
V011643,C004159,Kia,Sonet,2013,REG-V-011643,476000.0
V011644,C002923,Volkswagen,Taigun,2017,REG-V-011644,798000.0
V011645,C004033,Volkswagen,Taigun,2021,REG-V-011645,1204000.0
V011646,C000947,Maruti Suzuki,Dzire,2015,REG-V-011646,251000.0
V011647,C008421,Volkswagen,Polo,2015,REG-V-011647,500000.0
V011648,C009190,Maruti Suzuki,Brezza,2021,REG-V-011648,548000.0
V011649,C006807,Hyundai,i20,2020,REG-V-011649,965000.0
V011650,C004464,Honda,Civic,2023,REG-V-011650,1237000.0
V011651,C006188,Hyundai,Venue,2014,REG-V-011651,399000.0
V011652,C005555,Tata,Tiago,2022,REG-V-011652,873000.0
V011653,C000529,Maruti Suzuki,Brezza,2014,REG-V-011653,260000.0
V011654,C003959,Toyota,Innova,2024,REG-V-011654,3122000.0
V011655,C006605,Honda,Amaze,2017,REG-V-011655,924000.0
V011656,C008525,Mahindra,XUV700,2020,REG-V-011656,1796000.0
V011657,C003595,Tata,Nexon,2017,REG-V-011657,716000.0
V011658,C008243,Volkswagen,Virtus,2014,REG-V-011658,366000.0
V011659,C007635,Tata,Altroz,2024,REG-V-011659,570000.0
V011660,C009325,Hyundai,Venue,2014,REG-V-011660,278000.0
V011661,C009897,Toyota,Innova,2013,REG-V-011661,905000.0
V011662,C000435,Toyota,Innova,2018,REG-V-011662,1759000.0
V011663,C004409,Volkswagen,Polo,2017,REG-V-011663,1054000.0
V011664,C007803,Volkswagen,Polo,2025,REG-V-011664,1151000.0
V011665,C008281,Honda,Civic,2018,REG-V-011665,775000.0
V011666,C000845,Mahindra,XUV700,2025,REG-V-011666,1258000.0
V011667,C006111,Kia,Sonet,2016,REG-V-011667,555000.0
V011668,C009034,Hyundai,i10,2023,REG-V-011668,1063000.0
V011669,C002293,Tata,Altroz,2025,REG-V-011669,1614000.0
V011670,C003473,Tata,Nexon,2018,REG-V-011670,556000.0
V011671,C003964,Maruti Suzuki,Swift,2024,REG-V-011671,866000.0
V011672,C003960,Tata,Altroz,2016,REG-V-011672,444000.0
V011673,C005655,Honda,Amaze,2017,REG-V-011673,718000.0
V011674,C000631,Tata,Harrier,2025,REG-V-011674,1642000.0
V011675,C007863,Kia,Carens,2023,REG-V-011675,1821000.0
V011676,C001228,Toyota,Glanza,2017,REG-V-011676,867000.0
V011677,C008180,Mahindra,XUV300,2024,REG-V-011677,1459000.0
V011678,C000180,Kia,Carens,2015,REG-V-011678,545000.0
V011679,C007941,Tata,Harrier,2022,REG-V-011679,832000.0
V011680,C003557,Kia,Sonet,2018,REG-V-011680,638000.0
V011681,C006596,Honda,Civic,2020,REG-V-011681,702000.0
V011682,C001787,Mahindra,XUV300,2015,REG-V-011682,589000.0
V011683,C005400,Kia,Sonet,2012,REG-V-011683,580000.0
V011684,C002982,Maruti Suzuki,Baleno,2015,REG-V-011684,413000.0
V011685,C000040,Kia,Carens,2012,REG-V-011685,450000.0
V011686,C007307,Toyota,Glanza,2015,REG-V-011686,534000.0
V011687,C001315,Mahindra,Scorpio,2013,REG-V-011687,733000.0
V011688,C009419,Hyundai,i10,2024,REG-V-011688,685000.0
V011689,C005473,Kia,Carens,2020,REG-V-011689,628000.0
V011690,C000018,Honda,City,2013,REG-V-011690,315000.0
V011691,C009466,Maruti Suzuki,Dzire,2020,REG-V-011691,523000.0
V011692,C001337,Tata,Altroz,2022,REG-V-011692,860000.0
V011693,C008376,Toyota,Innova,2021,REG-V-011693,1259000.0
V011694,C003276,Kia,Carens,2022,REG-V-011694,1399000.0
V011695,C005735,Mahindra,XUV300,2023,REG-V-011695,2225000.0
V011696,C008394,Honda,Civic,2013,REG-V-011696,503000.0
V011697,C000517,Hyundai,Verna,2025,REG-V-011697,1213000.0
V011698,C006841,Kia,Seltos,2021,REG-V-011698,1559000.0
V011699,C001478,Maruti Suzuki,Dzire,2022,REG-V-011699,705000.0
V011700,C007215,Toyota,Innova,2015,REG-V-011700,872000.0
V011701,C001600,Hyundai,Verna,2016,REG-V-011701,683000.0
V011702,C000233,Honda,City,2019,REG-V-011702,981000.0
V011703,C001546,Volkswagen,Polo,2018,REG-V-011703,1172000.0
V011704,C006302,Volkswagen,Polo,2021,REG-V-011704,835000.0
V011705,C009861,Kia,Sonet,2020,REG-V-011705,651000.0
V011706,C009698,Maruti Suzuki,Baleno,2016,REG-V-011706,285000.0
V011707,C007520,Honda,Civic,2025,REG-V-011707,1525000.0
V011708,C008294,Mahindra,Bolero,2022,REG-V-011708,1235000.0
V011709,C008789,Toyota,Glanza,2021,REG-V-011709,1264000.0
V011710,C005327,Toyota,Glanza,2021,REG-V-011710,1912000.0
V011711,C002309,Toyota,Fortuner,2025,REG-V-011711,2571000.0
V011712,C006658,Tata,Nexon,2013,REG-V-011712,552000.0
V011713,C001415,Tata,Altroz,2022,REG-V-011713,1008000.0
V011714,C008364,Mahindra,Bolero,2025,REG-V-011714,999000.0
V011715,C004137,Volkswagen,Virtus,2025,REG-V-011715,1533000.0
V011716,C002673,Mahindra,Scorpio,2022,REG-V-011716,2154000.0
V011717,C008473,Toyota,Fortuner,2015,REG-V-011717,985000.0
V011718,C001109,Kia,Seltos,2022,REG-V-011718,1208000.0
V011719,C009752,Kia,Sonet,2014,REG-V-011719,627000.0
V011720,C009514,Volkswagen,Polo,2021,REG-V-011720,1104000.0
V011721,C006133,Maruti Suzuki,Swift,2015,REG-V-011721,209000.0
V011722,C007171,Tata,Harrier,2022,REG-V-011722,1214000.0
V011723,C000379,Mahindra,XUV700,2024,REG-V-011723,2325000.0
V011724,C004406,Honda,Civic,2013,REG-V-011724,440000.0
V011725,C008901,Volkswagen,Polo,2018,REG-V-011725,862000.0
V011726,C000118,Honda,City,2017,REG-V-011726,877000.0
V011727,C002889,Maruti Suzuki,Dzire,2012,REG-V-011727,342000.0
V011728,C003539,Maruti Suzuki,Dzire,2014,REG-V-011728,327000.0
V011729,C006796,Tata,Harrier,2013,REG-V-011729,252000.0
V011730,C007097,Hyundai,i10,2023,REG-V-011730,749000.0
V011731,C000680,Maruti Suzuki,Brezza,2018,REG-V-011731,524000.0
V011732,C002197,Toyota,Fortuner,2019,REG-V-011732,2334000.0
V011733,C008304,Mahindra,XUV700,2014,REG-V-011733,902000.0
V011734,C001926,Honda,Amaze,2014,REG-V-011734,535000.0
V011735,C002853,Hyundai,i10,2025,REG-V-011735,1342000.0
V011736,C001618,Volkswagen,Polo,2012,REG-V-011736,553000.0
V011737,C007608,Honda,Civic,2015,REG-V-011737,623000.0
V011738,C000289,Tata,Punch,2024,REG-V-011738,1224000.0
V011739,C003005,Hyundai,Venue,2020,REG-V-011739,648000.0
V011740,C005366,Kia,Carens,2021,REG-V-011740,1130000.0
V011741,C000061,Hyundai,Verna,2017,REG-V-011741,542000.0
V011742,C009548,Honda,Amaze,2012,REG-V-011742,533000.0
V011743,C008739,Honda,Civic,2024,REG-V-011743,1357000.0
V011744,C006514,Tata,Punch,2022,REG-V-011744,1033000.0
V011745,C004419,Volkswagen,Taigun,2013,REG-V-011745,681000.0
V011746,C001545,Volkswagen,Virtus,2017,REG-V-011746,539000.0
V011747,C005574,Mahindra,Scorpio,2016,REG-V-011747,441000.0
V011748,C002415,Toyota,Glanza,2023,REG-V-011748,2925000.0
V011749,C006432,Maruti Suzuki,Ertiga,2014,REG-V-011749,256000.0
V011750,C001447,Toyota,Fortuner,2025,REG-V-011750,2206000.0
V011751,C007224,Volkswagen,Polo,2018,REG-V-011751,1065000.0
V011752,C003209,Volkswagen,Polo,2016,REG-V-011752,707000.0
V011753,C005070,Toyota,Fortuner,2014,REG-V-011753,918000.0
V011754,C001614,Volkswagen,Polo,2017,REG-V-011754,813000.0
V011755,C002577,Honda,Civic,2020,REG-V-011755,1037000.0
V011756,C004523,Maruti Suzuki,Swift,2013,REG-V-011756,230000.0
V011757,C004607,Maruti Suzuki,Ertiga,2022,REG-V-011757,780000.0
V011758,C009997,Mahindra,XUV700,2019,REG-V-011758,1491000.0
V011759,C003341,Volkswagen,Virtus,2017,REG-V-011759,724000.0
V011760,C000863,Hyundai,Verna,2014,REG-V-011760,417000.0
V011761,C005278,Kia,Sonet,2014,REG-V-011761,536000.0
V011762,C003201,Tata,Punch,2020,REG-V-011762,752000.0
V011763,C008829,Volkswagen,Polo,2017,REG-V-011763,941000.0
V011764,C002110,Volkswagen,Polo,2014,REG-V-011764,515000.0
V011765,C008599,Hyundai,Creta,2014,REG-V-011765,472000.0
V011766,C006684,Volkswagen,Polo,2021,REG-V-011766,780000.0
V011767,C001888,Volkswagen,Polo,2024,REG-V-011767,1281000.0
V011768,C004070,Volkswagen,Polo,2012,REG-V-011768,524000.0
V011769,C004964,Hyundai,Verna,2024,REG-V-011769,964000.0
V011770,C005257,Tata,Harrier,2015,REG-V-011770,446000.0
V011771,C003987,Volkswagen,Taigun,2014,REG-V-011771,654000.0
V011772,C005893,Honda,Amaze,2013,REG-V-011772,591000.0
V011773,C007219,Maruti Suzuki,Dzire,2025,REG-V-011773,799000.0
V011774,C005099,Tata,Altroz,2016,REG-V-011774,707000.0
V011775,C006065,Mahindra,XUV300,2016,REG-V-011775,774000.0
V011776,C008633,Hyundai,i20,2013,REG-V-011776,247000.0
V011777,C005025,Kia,Seltos,2025,REG-V-011777,1783000.0
V011778,C004184,Toyota,Fortuner,2025,REG-V-011778,2173000.0
V011779,C002499,Tata,Nexon,2015,REG-V-011779,335000.0
V011780,C001316,Mahindra,Scorpio,2020,REG-V-011780,1178000.0
V011781,C002908,Kia,Seltos,2022,REG-V-011781,1049000.0
V011782,C004080,Tata,Harrier,2014,REG-V-011782,506000.0
V011783,C007708,Toyota,Fortuner,2012,REG-V-011783,950000.0
V011784,C002196,Mahindra,Scorpio,2015,REG-V-011784,597000.0
V011785,C007064,Honda,Civic,2015,REG-V-011785,400000.0
V011786,C000799,Honda,Amaze,2021,REG-V-011786,901000.0
V011787,C001579,Mahindra,Scorpio,2020,REG-V-011787,619000.0
V011788,C003247,Hyundai,Venue,2020,REG-V-011788,731000.0
V011789,C004738,Mahindra,Scorpio,2025,REG-V-011789,1319000.0
V011790,C001809,Volkswagen,Polo,2020,REG-V-011790,1268000.0
V011791,C001118,Tata,Harrier,2018,REG-V-011791,712000.0
V011792,C005709,Kia,Seltos,2016,REG-V-011792,936000.0
V011793,C004136,Maruti Suzuki,Baleno,2020,REG-V-011793,595000.0
V011794,C004180,Honda,City,2020,REG-V-011794,946000.0
V011795,C003060,Kia,Carens,2020,REG-V-011795,1064000.0
V011796,C003722,Mahindra,Scorpio,2019,REG-V-011796,746000.0
V011797,C001843,Volkswagen,Taigun,2017,REG-V-011797,631000.0
V011798,C002708,Volkswagen,Polo,2014,REG-V-011798,710000.0
V011799,C005459,Toyota,Fortuner,2023,REG-V-011799,2025000.0
V011800,C005261,Mahindra,Bolero,2019,REG-V-011800,944000.0
V011801,C009108,Volkswagen,Taigun,2022,REG-V-011801,1153000.0
V011802,C008365,Toyota,Innova,2019,REG-V-011802,2237000.0
V011803,C000067,Tata,Tiago,2016,REG-V-011803,464000.0
V011804,C002316,Maruti Suzuki,Brezza,2014,REG-V-011804,367000.0
V011805,C008937,Hyundai,Creta,2020,REG-V-011805,840000.0
V011806,C003134,Kia,Sonet,2022,REG-V-011806,1381000.0
V011807,C004816,Tata,Punch,2017,REG-V-011807,407000.0
V011808,C006796,Honda,Civic,2015,REG-V-011808,405000.0
V011809,C005470,Tata,Tiago,2024,REG-V-011809,674000.0
V011810,C000050,Tata,Punch,2015,REG-V-011810,362000.0
V011811,C002077,Hyundai,i20,2016,REG-V-011811,585000.0
V011812,C001013,Mahindra,Bolero,2020,REG-V-011812,1710000.0
V011813,C001674,Volkswagen,Polo,2019,REG-V-011813,987000.0
V011814,C001463,Toyota,Innova,2022,REG-V-011814,1596000.0
V011815,C006272,Tata,Harrier,2020,REG-V-011815,716000.0
V011816,C004082,Tata,Harrier,2020,REG-V-011816,610000.0
V011817,C000691,Tata,Tiago,2020,REG-V-011817,745000.0
V011818,C000836,Volkswagen,Virtus,2025,REG-V-011818,1397000.0
V011819,C009513,Toyota,Innova,2016,REG-V-011819,934000.0
V011820,C001539,Volkswagen,Virtus,2012,REG-V-011820,392000.0
V011821,C002555,Mahindra,Bolero,2018,REG-V-011821,1284000.0
V011822,C005785,Hyundai,Creta,2023,REG-V-011822,1268000.0
V011823,C001878,Mahindra,XUV300,2015,REG-V-011823,775000.0
V011824,C001985,Hyundai,Verna,2024,REG-V-011824,818000.0
V011825,C000752,Hyundai,i10,2019,REG-V-011825,947000.0
V011826,C009808,Mahindra,XUV300,2016,REG-V-011826,578000.0
V011827,C006103,Honda,Civic,2015,REG-V-011827,713000.0
V011828,C005344,Tata,Altroz,2014,REG-V-011828,361000.0
V011829,C008946,Honda,Amaze,2021,REG-V-011829,987000.0
V011830,C005982,Volkswagen,Polo,2020,REG-V-011830,865000.0
V011831,C002645,Mahindra,XUV700,2018,REG-V-011831,1286000.0
V011832,C004763,Mahindra,Scorpio,2024,REG-V-011832,1056000.0
V011833,C004815,Volkswagen,Polo,2024,REG-V-011833,1323000.0
V011834,C004000,Mahindra,XUV300,2020,REG-V-011834,907000.0
V011835,C007603,Tata,Tiago,2023,REG-V-011835,1180000.0
V011836,C001097,Honda,Civic,2014,REG-V-011836,332000.0
V011837,C001587,Toyota,Fortuner,2013,REG-V-011837,811000.0
V011838,C003733,Honda,Civic,2015,REG-V-011838,540000.0
V011839,C000735,Honda,Amaze,2025,REG-V-011839,1164000.0
V011840,C009877,Tata,Harrier,2019,REG-V-011840,402000.0
V011841,C005005,Mahindra,XUV700,2019,REG-V-011841,627000.0
V011842,C000517,Honda,Civic,2022,REG-V-011842,1160000.0
V011843,C006123,Maruti Suzuki,Swift,2023,REG-V-011843,462000.0
V011844,C007883,Tata,Altroz,2024,REG-V-011844,866000.0
V011845,C004092,Mahindra,Scorpio,2016,REG-V-011845,590000.0
V011846,C004842,Kia,Sonet,2014,REG-V-011846,682000.0
V011847,C007048,Mahindra,Bolero,2016,REG-V-011847,540000.0
V011848,C002361,Tata,Tiago,2023,REG-V-011848,705000.0
V011849,C006014,Tata,Harrier,2023,REG-V-011849,877000.0
V011850,C006347,Hyundai,i10,2013,REG-V-011850,248000.0
V011851,C008107,Tata,Harrier,2022,REG-V-011851,646000.0
V011852,C008966,Toyota,Fortuner,2014,REG-V-011852,1124000.0
V011853,C009429,Volkswagen,Virtus,2016,REG-V-011853,556000.0
V011854,C001266,Toyota,Fortuner,2020,REG-V-011854,1533000.0
V011855,C008211,Hyundai,Creta,2016,REG-V-011855,343000.0
V011856,C006802,Toyota,Innova,2013,REG-V-011856,823000.0
V011857,C003713,Volkswagen,Polo,2021,REG-V-011857,824000.0
V011858,C009260,Kia,Carens,2013,REG-V-011858,345000.0
V011859,C008636,Toyota,Glanza,2025,REG-V-011859,3348000.0
V011860,C007814,Kia,Sonet,2024,REG-V-011860,1812000.0
V011861,C000596,Mahindra,XUV300,2025,REG-V-011861,2032000.0
V011862,C001763,Honda,Amaze,2012,REG-V-011862,618000.0
V011863,C009220,Volkswagen,Polo,2021,REG-V-011863,936000.0
V011864,C009819,Mahindra,XUV300,2020,REG-V-011864,1613000.0
V011865,C002769,Volkswagen,Virtus,2013,REG-V-011865,445000.0
V011866,C002770,Volkswagen,Polo,2019,REG-V-011866,1187000.0
V011867,C006148,Tata,Harrier,2014,REG-V-011867,372000.0
V011868,C000778,Toyota,Fortuner,2022,REG-V-011868,1664000.0
V011869,C005991,Tata,Punch,2024,REG-V-011869,991000.0
V011870,C009687,Hyundai,Creta,2016,REG-V-011870,716000.0
V011871,C002956,Tata,Altroz,2022,REG-V-011871,1119000.0
V011872,C007492,Volkswagen,Taigun,2023,REG-V-011872,864000.0
V011873,C005288,Tata,Altroz,2024,REG-V-011873,690000.0
V011874,C002858,Maruti Suzuki,Swift,2013,REG-V-011874,306000.0
V011875,C004139,Kia,Sonet,2013,REG-V-011875,722000.0
V011876,C005550,Tata,Altroz,2024,REG-V-011876,1394000.0
V011877,C007689,Honda,Amaze,2022,REG-V-011877,1009000.0
V011878,C005445,Toyota,Glanza,2018,REG-V-011878,878000.0
V011879,C009288,Toyota,Glanza,2022,REG-V-011879,1707000.0
V011880,C001165,Toyota,Fortuner,2014,REG-V-011880,790000.0
V011881,C009584,Kia,Seltos,2012,REG-V-011881,644000.0
V011882,C005545,Kia,Seltos,2022,REG-V-011882,1396000.0
V011883,C003933,Honda,Civic,2018,REG-V-011883,798000.0
V011884,C000778,Hyundai,i20,2020,REG-V-011884,1061000.0
V011885,C002949,Maruti Suzuki,Baleno,2017,REG-V-011885,270000.0
V011886,C004411,Tata,Tiago,2025,REG-V-011886,854000.0
V011887,C009400,Honda,City,2016,REG-V-011887,824000.0
V011888,C007631,Volkswagen,Polo,2019,REG-V-011888,754000.0
V011889,C000615,Kia,Sonet,2016,REG-V-011889,483000.0
V011890,C003263,Maruti Suzuki,Swift,2018,REG-V-011890,564000.0
V011891,C004953,Mahindra,XUV700,2024,REG-V-011891,1364000.0
V011892,C008548,Mahindra,XUV300,2012,REG-V-011892,483000.0
V011893,C007836,Hyundai,i20,2013,REG-V-011893,341000.0
V011894,C002181,Hyundai,Venue,2014,REG-V-011894,372000.0
V011895,C000520,Toyota,Innova,2016,REG-V-011895,1435000.0
V011896,C001333,Maruti Suzuki,Dzire,2022,REG-V-011896,569000.0
V011897,C005078,Maruti Suzuki,Brezza,2025,REG-V-011897,896000.0
V011898,C000908,Tata,Punch,2018,REG-V-011898,566000.0
V011899,C002516,Honda,City,2017,REG-V-011899,789000.0
V011900,C008266,Hyundai,Creta,2012,REG-V-011900,530000.0
V011901,C004036,Honda,City,2016,REG-V-011901,581000.0
V011902,C009967,Honda,Amaze,2025,REG-V-011902,1010000.0
V011903,C007626,Honda,Amaze,2020,REG-V-011903,792000.0
V011904,C002662,Mahindra,Bolero,2019,REG-V-011904,585000.0
V011905,C000074,Maruti Suzuki,Brezza,2020,REG-V-011905,385000.0
V011906,C005314,Kia,Carens,2022,REG-V-011906,764000.0
V011907,C007110,Maruti Suzuki,Brezza,2023,REG-V-011907,597000.0
V011908,C004736,Maruti Suzuki,Ertiga,2024,REG-V-011908,555000.0
V011909,C009117,Honda,Civic,2012,REG-V-011909,481000.0
V011910,C007749,Mahindra,XUV700,2013,REG-V-011910,752000.0
V011911,C005240,Hyundai,Venue,2024,REG-V-011911,946000.0
V011912,C000199,Honda,City,2020,REG-V-011912,879000.0
V011913,C003379,Tata,Altroz,2012,REG-V-011913,621000.0
V011914,C004987,Honda,Civic,2019,REG-V-011914,640000.0
V011915,C002521,Mahindra,XUV300,2018,REG-V-011915,1561000.0
V011916,C008415,Volkswagen,Polo,2016,REG-V-011916,590000.0
V011917,C004267,Mahindra,XUV700,2020,REG-V-011917,1507000.0
V011918,C002046,Volkswagen,Polo,2015,REG-V-011918,444000.0
V011919,C007863,Honda,Civic,2013,REG-V-011919,512000.0
V011920,C006128,Tata,Altroz,2014,REG-V-011920,284000.0
V011921,C001982,Maruti Suzuki,Baleno,2016,REG-V-011921,285000.0
V011922,C005369,Tata,Punch,2017,REG-V-011922,430000.0
V011923,C006984,Toyota,Glanza,2023,REG-V-011923,1097000.0
V011924,C004498,Toyota,Glanza,2015,REG-V-011924,935000.0
V011925,C003007,Kia,Sonet,2014,REG-V-011925,667000.0
V011926,C006931,Mahindra,Bolero,2019,REG-V-011926,970000.0
V011927,C006908,Maruti Suzuki,Swift,2023,REG-V-011927,448000.0
V011928,C000178,Maruti Suzuki,Dzire,2017,REG-V-011928,253000.0
V011929,C002364,Hyundai,Creta,2012,REG-V-011929,516000.0
V011930,C006506,Maruti Suzuki,Swift,2014,REG-V-011930,314000.0
V011931,C002264,Tata,Tiago,2019,REG-V-011931,976000.0
V011932,C009629,Volkswagen,Virtus,2020,REG-V-011932,782000.0
V011933,C001623,Maruti Suzuki,Dzire,2014,REG-V-011933,299000.0
V011934,C007546,Honda,City,2017,REG-V-011934,501000.0
V011935,C009986,Volkswagen,Polo,2025,REG-V-011935,1838000.0
V011936,C003464,Honda,Civic,2021,REG-V-011936,874000.0
V011937,C006073,Kia,Carens,2016,REG-V-011937,896000.0
V011938,C001063,Mahindra,XUV300,2023,REG-V-011938,1739000.0
V011939,C006264,Volkswagen,Taigun,2017,REG-V-011939,931000.0
V011940,C009879,Honda,Civic,2014,REG-V-011940,645000.0
V011941,C009732,Hyundai,Verna,2023,REG-V-011941,1026000.0
V011942,C004133,Tata,Tiago,2012,REG-V-011942,431000.0
V011943,C008258,Maruti Suzuki,Ertiga,2019,REG-V-011943,580000.0
V011944,C008317,Tata,Harrier,2022,REG-V-011944,1343000.0
V011945,C003256,Volkswagen,Taigun,2021,REG-V-011945,934000.0
V011946,C008276,Hyundai,Venue,2015,REG-V-011946,415000.0
V011947,C001620,Volkswagen,Polo,2013,REG-V-011947,687000.0
V011948,C009789,Honda,Amaze,2022,REG-V-011948,1143000.0
V011949,C008677,Mahindra,XUV700,2017,REG-V-011949,534000.0
V011950,C005138,Hyundai,i10,2013,REG-V-011950,486000.0
V011951,C003860,Honda,Civic,2024,REG-V-011951,1635000.0
V011952,C009473,Kia,Sonet,2013,REG-V-011952,477000.0
V011953,C000734,Maruti Suzuki,Baleno,2012,REG-V-011953,225000.0
V011954,C005032,Maruti Suzuki,Dzire,2020,REG-V-011954,529000.0
V011955,C004905,Honda,Civic,2025,REG-V-011955,1496000.0
V011956,C003820,Hyundai,i10,2020,REG-V-011956,916000.0
V011957,C001121,Mahindra,Scorpio,2022,REG-V-011957,1283000.0
V011958,C002533,Maruti Suzuki,Baleno,2014,REG-V-011958,240000.0
V011959,C009827,Maruti Suzuki,Baleno,2021,REG-V-011959,764000.0
V011960,C008132,Mahindra,XUV300,2014,REG-V-011960,573000.0
V011961,C008423,Honda,City,2025,REG-V-011961,1228000.0
V011962,C005128,Maruti Suzuki,Brezza,2023,REG-V-011962,555000.0
V011963,C006665,Tata,Punch,2020,REG-V-011963,922000.0
V011964,C005091,Volkswagen,Virtus,2015,REG-V-011964,371000.0
V011965,C006821,Honda,Civic,2022,REG-V-011965,1224000.0
V011966,C008667,Volkswagen,Virtus,2013,REG-V-011966,619000.0
V011967,C002443,Tata,Harrier,2023,REG-V-011967,633000.0
V011968,C009518,Maruti Suzuki,Ertiga,2012,REG-V-011968,199000.0
V011969,C009175,Toyota,Fortuner,2022,REG-V-011969,2920000.0
V011970,C004211,Mahindra,XUV700,2025,REG-V-011970,2309000.0
V011971,C009767,Toyota,Innova,2018,REG-V-011971,743000.0
V011972,C008884,Honda,Civic,2020,REG-V-011972,708000.0
V011973,C000415,Kia,Sonet,2014,REG-V-011973,612000.0
V011974,C000439,Tata,Nexon,2022,REG-V-011974,738000.0
V011975,C007122,Honda,Civic,2017,REG-V-011975,504000.0
V011976,C007915,Hyundai,Creta,2020,REG-V-011976,717000.0
V011977,C002508,Tata,Tiago,2012,REG-V-011977,317000.0
V011978,C005037,Toyota,Glanza,2019,REG-V-011978,2119000.0
V011979,C005429,Maruti Suzuki,Baleno,2023,REG-V-011979,855000.0
V011980,C004472,Maruti Suzuki,Swift,2024,REG-V-011980,899000.0
V011981,C000717,Maruti Suzuki,Baleno,2014,REG-V-011981,229000.0
V011982,C002210,Kia,Sonet,2020,REG-V-011982,709000.0
V011983,C008191,Honda,Amaze,2019,REG-V-011983,566000.0
V011984,C000755,Volkswagen,Polo,2014,REG-V-011984,583000.0
V011985,C006267,Tata,Altroz,2025,REG-V-011985,1432000.0
V011986,C006386,Honda,City,2025,REG-V-011986,1508000.0
V011987,C009572,Volkswagen,Virtus,2021,REG-V-011987,919000.0
V011988,C009878,Mahindra,Scorpio,2013,REG-V-011988,412000.0
V011989,C009466,Toyota,Fortuner,2013,REG-V-011989,461000.0
V011990,C005450,Tata,Punch,2017,REG-V-011990,819000.0
V011991,C000435,Kia,Seltos,2017,REG-V-011991,559000.0
V011992,C002769,Volkswagen,Virtus,2018,REG-V-011992,1103000.0
V011993,C004791,Mahindra,XUV700,2015,REG-V-011993,920000.0
V011994,C000402,Toyota,Glanza,2020,REG-V-011994,875000.0
V011995,C000379,Maruti Suzuki,Dzire,2020,REG-V-011995,498000.0
V011996,C003221,Hyundai,Creta,2015,REG-V-011996,545000.0
V011997,C003882,Mahindra,XUV300,2024,REG-V-011997,1885000.0
V011998,C005856,Hyundai,Venue,2023,REG-V-011998,912000.0
V011999,C009363,Mahindra,XUV300,2019,REG-V-011999,701000.0
V012000,C003925,Hyundai,Verna,2014,REG-V-012000,533000.0
V012001,C000500,Hyundai,Verna,2018,REG-V-012001,588000.0
V012002,C005436,Maruti Suzuki,Brezza,2016,REG-V-012002,462000.0
V012003,C003584,Honda,Amaze,2017,REG-V-012003,460000.0
V012004,C009064,Maruti Suzuki,Ertiga,2019,REG-V-012004,363000.0
V012005,C004342,Maruti Suzuki,Brezza,2013,REG-V-012005,284000.0
V012006,C003200,Volkswagen,Virtus,2021,REG-V-012006,825000.0
V012007,C007296,Tata,Nexon,2023,REG-V-012007,1069000.0
V012008,C004973,Maruti Suzuki,Baleno,2014,REG-V-012008,325000.0
V012009,C005586,Honda,Civic,2020,REG-V-012009,1120000.0
V012010,C001510,Volkswagen,Virtus,2019,REG-V-012010,809000.0
V012011,C003762,Mahindra,XUV300,2018,REG-V-012011,717000.0
V012012,C000481,Hyundai,Venue,2020,REG-V-012012,1064000.0
V012013,C007617,Hyundai,i20,2021,REG-V-012013,764000.0
V012014,C002476,Volkswagen,Virtus,2020,REG-V-012014,1153000.0
V012015,C001198,Volkswagen,Virtus,2014,REG-V-012015,451000.0
V012016,C005941,Volkswagen,Taigun,2022,REG-V-012016,1211000.0
V012017,C005838,Mahindra,XUV300,2014,REG-V-012017,575000.0
V012018,C003143,Kia,Sonet,2012,REG-V-012018,673000.0
V012019,C009625,Volkswagen,Polo,2021,REG-V-012019,1153000.0
V012020,C006402,Tata,Nexon,2014,REG-V-012020,569000.0
V012021,C009297,Hyundai,Creta,2025,REG-V-012021,1277000.0
V012022,C002993,Tata,Nexon,2013,REG-V-012022,487000.0
V012023,C005554,Maruti Suzuki,Swift,2012,REG-V-012023,258000.0
V012024,C004154,Mahindra,XUV700,2022,REG-V-012024,778000.0
V012025,C004149,Mahindra,XUV300,2021,REG-V-012025,1189000.0
V012026,C000495,Tata,Punch,2014,REG-V-012026,264000.0
V012027,C002214,Tata,Nexon,2020,REG-V-012027,848000.0
V012028,C008740,Maruti Suzuki,Dzire,2022,REG-V-012028,438000.0
V012029,C008546,Mahindra,XUV700,2013,REG-V-012029,640000.0
V012030,C001056,Maruti Suzuki,Baleno,2015,REG-V-012030,232000.0
V012031,C000190,Maruti Suzuki,Dzire,2021,REG-V-012031,440000.0
V012032,C001034,Toyota,Fortuner,2022,REG-V-012032,2145000.0
V012033,C006437,Hyundai,Verna,2025,REG-V-012033,996000.0
V012034,C002419,Tata,Tiago,2025,REG-V-012034,1253000.0
V012035,C007698,Mahindra,XUV700,2014,REG-V-012035,810000.0
V012036,C000061,Mahindra,Scorpio,2025,REG-V-012036,1833000.0
V012037,C007210,Kia,Sonet,2015,REG-V-012037,641000.0
V012038,C008923,Tata,Altroz,2012,REG-V-012038,556000.0
V012039,C000463,Kia,Carens,2016,REG-V-012039,803000.0
V012040,C008716,Mahindra,XUV300,2015,REG-V-012040,389000.0
V012041,C009217,Mahindra,Bolero,2025,REG-V-012041,2382000.0
V012042,C005395,Toyota,Innova,2021,REG-V-012042,1489000.0
V012043,C002836,Maruti Suzuki,Dzire,2017,REG-V-012043,465000.0
V012044,C005669,Toyota,Innova,2022,REG-V-012044,2187000.0
V012045,C003096,Tata,Tiago,2018,REG-V-012045,887000.0
V012046,C009368,Tata,Nexon,2012,REG-V-012046,561000.0
V012047,C005472,Tata,Punch,2021,REG-V-012047,1054000.0
V012048,C008051,Mahindra,Scorpio,2017,REG-V-012048,674000.0
V012049,C006144,Kia,Carens,2019,REG-V-012049,812000.0
V012050,C002871,Tata,Punch,2021,REG-V-012050,1036000.0
V012051,C005048,Mahindra,XUV700,2014,REG-V-012051,862000.0
V012052,C008854,Toyota,Fortuner,2017,REG-V-012052,1067000.0
V012053,C003833,Mahindra,Bolero,2012,REG-V-012053,930000.0
V012054,C003405,Hyundai,i10,2015,REG-V-012054,523000.0
V012055,C009571,Hyundai,Verna,2022,REG-V-012055,1135000.0
V012056,C003324,Mahindra,Bolero,2019,REG-V-012056,1609000.0
V012057,C008632,Honda,Amaze,2016,REG-V-012057,446000.0
V012058,C001778,Volkswagen,Polo,2023,REG-V-012058,1380000.0
V012059,C007979,Hyundai,i10,2022,REG-V-012059,1004000.0
V012060,C006204,Tata,Tiago,2019,REG-V-012060,930000.0
V012061,C001194,Maruti Suzuki,Ertiga,2025,REG-V-012061,716000.0
V012062,C000664,Volkswagen,Polo,2020,REG-V-012062,1287000.0
V012063,C002970,Kia,Sonet,2016,REG-V-012063,678000.0
V012064,C006614,Honda,City,2022,REG-V-012064,1435000.0
V012065,C003607,Maruti Suzuki,Baleno,2012,REG-V-012065,216000.0
V012066,C002713,Hyundai,Venue,2014,REG-V-012066,265000.0
V012067,C005867,Mahindra,XUV300,2023,REG-V-012067,1425000.0
V012068,C009534,Tata,Tiago,2024,REG-V-012068,1512000.0
V012069,C001215,Tata,Harrier,2014,REG-V-012069,402000.0
V012070,C006491,Maruti Suzuki,Dzire,2024,REG-V-012070,927000.0
V012071,C009165,Toyota,Innova,2013,REG-V-012071,715000.0
V012072,C005448,Volkswagen,Taigun,2023,REG-V-012072,1690000.0
V012073,C009643,Hyundai,i20,2018,REG-V-012073,675000.0
V012074,C006018,Tata,Harrier,2017,REG-V-012074,896000.0
V012075,C006769,Mahindra,Scorpio,2021,REG-V-012075,925000.0
V012076,C007974,Kia,Carens,2025,REG-V-012076,1747000.0
V012077,C002007,Volkswagen,Polo,2019,REG-V-012077,629000.0
V012078,C005639,Hyundai,i20,2020,REG-V-012078,972000.0
V012079,C006188,Tata,Altroz,2017,REG-V-012079,677000.0
V012080,C001194,Toyota,Innova,2025,REG-V-012080,2246000.0
V012081,C004579,Honda,Civic,2019,REG-V-012081,605000.0
V012082,C007775,Maruti Suzuki,Baleno,2014,REG-V-012082,376000.0
V012083,C000423,Maruti Suzuki,Ertiga,2023,REG-V-012083,588000.0
V012084,C004153,Volkswagen,Virtus,2014,REG-V-012084,340000.0
V012085,C001448,Toyota,Fortuner,2016,REG-V-012085,589000.0
V012086,C001751,Volkswagen,Taigun,2024,REG-V-012086,1096000.0
V012087,C005156,Mahindra,XUV700,2021,REG-V-012087,789000.0
V012088,C000310,Hyundai,Verna,2021,REG-V-012088,1131000.0
V012089,C004272,Maruti Suzuki,Brezza,2023,REG-V-012089,692000.0
V012090,C000273,Maruti Suzuki,Ertiga,2018,REG-V-012090,374000.0
V012091,C009291,Toyota,Fortuner,2017,REG-V-012091,921000.0
V012092,C008887,Hyundai,Venue,2025,REG-V-012092,1298000.0
V012093,C002127,Maruti Suzuki,Ertiga,2020,REG-V-012093,506000.0
V012094,C000685,Toyota,Fortuner,2017,REG-V-012094,785000.0
V012095,C002526,Mahindra,XUV300,2014,REG-V-012095,653000.0
V012096,C000300,Mahindra,Scorpio,2020,REG-V-012096,1872000.0
V012097,C007404,Maruti Suzuki,Baleno,2021,REG-V-012097,406000.0
V012098,C005782,Volkswagen,Polo,2012,REG-V-012098,698000.0
V012099,C005474,Volkswagen,Polo,2025,REG-V-012099,1393000.0
V012100,C008563,Mahindra,Scorpio,2017,REG-V-012100,1404000.0
V012101,C008146,Mahindra,Scorpio,2016,REG-V-012101,614000.0
V012102,C004108,Maruti Suzuki,Brezza,2025,REG-V-012102,1003000.0
V012103,C006148,Toyota,Innova,2019,REG-V-012103,1683000.0
V012104,C004441,Toyota,Glanza,2025,REG-V-012104,2665000.0
V012105,C006284,Toyota,Glanza,2016,REG-V-012105,1117000.0
V012106,C001506,Hyundai,i20,2022,REG-V-012106,575000.0
V012107,C002988,Honda,Amaze,2019,REG-V-012107,1033000.0
V012108,C002536,Volkswagen,Taigun,2013,REG-V-012108,520000.0
V012109,C001674,Tata,Harrier,2014,REG-V-012109,340000.0
V012110,C004158,Maruti Suzuki,Dzire,2014,REG-V-012110,383000.0
V012111,C007319,Honda,Amaze,2013,REG-V-012111,479000.0
V012112,C003975,Hyundai,Venue,2013,REG-V-012112,510000.0
V012113,C009822,Kia,Sonet,2022,REG-V-012113,1442000.0
V012114,C003006,Toyota,Glanza,2016,REG-V-012114,1016000.0
V012115,C009494,Mahindra,XUV700,2022,REG-V-012115,750000.0
V012116,C001939,Hyundai,i10,2013,REG-V-012116,451000.0
V012117,C003191,Tata,Punch,2019,REG-V-012117,513000.0
V012118,C001638,Maruti Suzuki,Dzire,2016,REG-V-012118,263000.0
V012119,C002403,Maruti Suzuki,Baleno,2024,REG-V-012119,458000.0
V012120,C001568,Volkswagen,Polo,2019,REG-V-012120,1132000.0
V012121,C006291,Hyundai,i10,2015,REG-V-012121,385000.0
V012122,C002014,Tata,Altroz,2017,REG-V-012122,683000.0
V012123,C000869,Volkswagen,Virtus,2017,REG-V-012123,1007000.0
V012124,C002672,Tata,Nexon,2017,REG-V-012124,416000.0
V012125,C006826,Mahindra,XUV300,2025,REG-V-012125,2378000.0
V012126,C004314,Toyota,Glanza,2016,REG-V-012126,811000.0
V012127,C001557,Toyota,Innova,2019,REG-V-012127,2284000.0
V012128,C000659,Kia,Carens,2025,REG-V-012128,1719000.0
V012129,C007348,Tata,Altroz,2012,REG-V-012129,368000.0
V012130,C007091,Tata,Punch,2012,REG-V-012130,446000.0
V012131,C004645,Honda,Civic,2022,REG-V-012131,1039000.0
V012132,C005321,Mahindra,Scorpio,2016,REG-V-012132,827000.0
V012133,C002427,Honda,Amaze,2017,REG-V-012133,813000.0
V012134,C004891,Volkswagen,Virtus,2015,REG-V-012134,562000.0
V012135,C007341,Mahindra,XUV700,2012,REG-V-012135,611000.0
V012136,C007784,Maruti Suzuki,Dzire,2018,REG-V-012136,284000.0
V012137,C003396,Toyota,Fortuner,2013,REG-V-012137,674000.0
V012138,C006832,Tata,Nexon,2016,REG-V-012138,593000.0
V012139,C004902,Honda,Civic,2022,REG-V-012139,1468000.0
V012140,C007456,Honda,Amaze,2020,REG-V-012140,1068000.0
V012141,C006940,Maruti Suzuki,Dzire,2018,REG-V-012141,461000.0
V012142,C007564,Volkswagen,Virtus,2022,REG-V-012142,1189000.0
V012143,C001646,Honda,Civic,2022,REG-V-012143,1346000.0
V012144,C003203,Kia,Carens,2012,REG-V-012144,575000.0
V012145,C002662,Hyundai,Venue,2023,REG-V-012145,793000.0
V012146,C004481,Honda,Civic,2023,REG-V-012146,993000.0
V012147,C004682,Honda,Amaze,2021,REG-V-012147,1022000.0
V012148,C006718,Honda,City,2025,REG-V-012148,1695000.0
V012149,C005745,Honda,Amaze,2024,REG-V-012149,966000.0
V012150,C005843,Hyundai,i10,2013,REG-V-012150,391000.0
V012151,C006374,Maruti Suzuki,Swift,2023,REG-V-012151,592000.0
V012152,C002729,Honda,Amaze,2012,REG-V-012152,591000.0
V012153,C002285,Toyota,Glanza,2025,REG-V-012153,1904000.0
V012154,C002171,Honda,Civic,2012,REG-V-012154,321000.0
V012155,C007867,Kia,Sonet,2012,REG-V-012155,672000.0
V012156,C000983,Toyota,Innova,2019,REG-V-012156,1047000.0
V012157,C003145,Maruti Suzuki,Brezza,2013,REG-V-012157,339000.0
V012158,C002799,Volkswagen,Virtus,2025,REG-V-012158,1844000.0
V012159,C005963,Honda,Amaze,2023,REG-V-012159,1362000.0
V012160,C009274,Kia,Carens,2018,REG-V-012160,803000.0
V012161,C008839,Volkswagen,Taigun,2023,REG-V-012161,1430000.0
V012162,C001058,Maruti Suzuki,Swift,2017,REG-V-012162,368000.0
V012163,C005439,Maruti Suzuki,Dzire,2014,REG-V-012163,380000.0
V012164,C000380,Volkswagen,Virtus,2025,REG-V-012164,1583000.0
V012165,C007987,Tata,Tiago,2025,REG-V-012165,1167000.0
V012166,C003756,Hyundai,Creta,2016,REG-V-012166,384000.0
V012167,C002167,Hyundai,Verna,2016,REG-V-012167,666000.0
V012168,C004877,Maruti Suzuki,Baleno,2025,REG-V-012168,654000.0
V012169,C004381,Honda,City,2014,REG-V-012169,595000.0
V012170,C009452,Kia,Seltos,2022,REG-V-012170,1418000.0
V012171,C000342,Hyundai,Verna,2016,REG-V-012171,329000.0
V012172,C009510,Kia,Carens,2025,REG-V-012172,1790000.0
V012173,C002367,Tata,Harrier,2014,REG-V-012173,625000.0
V012174,C001441,Honda,City,2013,REG-V-012174,584000.0
V012175,C007480,Tata,Nexon,2015,REG-V-012175,458000.0
V012176,C005263,Toyota,Innova,2013,REG-V-012176,582000.0
V012177,C009008,Mahindra,Scorpio,2016,REG-V-012177,606000.0
V012178,C005463,Tata,Tiago,2018,REG-V-012178,736000.0
V012179,C005095,Maruti Suzuki,Ertiga,2018,REG-V-012179,498000.0
V012180,C002072,Tata,Harrier,2020,REG-V-012180,968000.0
V012181,C009509,Kia,Carens,2025,REG-V-012181,1879000.0
V012182,C006692,Volkswagen,Virtus,2021,REG-V-012182,897000.0
V012183,C006053,Maruti Suzuki,Swift,2025,REG-V-012183,807000.0
V012184,C007963,Mahindra,XUV700,2019,REG-V-012184,1380000.0
V012185,C001024,Tata,Altroz,2020,REG-V-012185,1136000.0
V012186,C008706,Hyundai,Venue,2024,REG-V-012186,724000.0
V012187,C005052,Toyota,Fortuner,2021,REG-V-012187,2128000.0
V012188,C008082,Volkswagen,Taigun,2019,REG-V-012188,1227000.0
V012189,C007175,Hyundai,Verna,2022,REG-V-012189,850000.0
V012190,C004534,Mahindra,XUV700,2022,REG-V-012190,1993000.0
V012191,C007767,Tata,Nexon,2014,REG-V-012191,503000.0
V012192,C007259,Mahindra,XUV700,2014,REG-V-012192,879000.0
V012193,C000039,Maruti Suzuki,Brezza,2024,REG-V-012193,836000.0
V012194,C007141,Hyundai,Venue,2015,REG-V-012194,359000.0
V012195,C005123,Maruti Suzuki,Swift,2024,REG-V-012195,930000.0
V012196,C008433,Mahindra,XUV700,2020,REG-V-012196,932000.0
V012197,C008150,Tata,Nexon,2019,REG-V-012197,520000.0
V012198,C001706,Hyundai,Verna,2019,REG-V-012198,981000.0
V012199,C000231,Hyundai,i10,2015,REG-V-012199,348000.0
V012200,C001975,Maruti Suzuki,Baleno,2021,REG-V-012200,663000.0
V012201,C007470,Hyundai,Creta,2019,REG-V-012201,755000.0
V012202,C008762,Volkswagen,Taigun,2019,REG-V-012202,1161000.0
V012203,C007048,Hyundai,Creta,2014,REG-V-012203,534000.0
V012204,C008258,Mahindra,XUV700,2025,REG-V-012204,922000.0
V012205,C005916,Hyundai,i20,2018,REG-V-012205,394000.0
V012206,C005102,Mahindra,Scorpio,2021,REG-V-012206,1785000.0
V012207,C009701,Kia,Seltos,2021,REG-V-012207,1132000.0
V012208,C000812,Maruti Suzuki,Brezza,2025,REG-V-012208,776000.0
V012209,C004231,Mahindra,XUV300,2025,REG-V-012209,1394000.0
V012210,C002777,Mahindra,Scorpio,2015,REG-V-012210,810000.0
V012211,C001221,Honda,City,2023,REG-V-012211,1081000.0
V012212,C006100,Hyundai,i20,2019,REG-V-012212,942000.0
V012213,C002645,Hyundai,i10,2021,REG-V-012213,665000.0
V012214,C004666,Mahindra,XUV700,2018,REG-V-012214,608000.0
V012215,C001370,Tata,Harrier,2019,REG-V-012215,662000.0
V012216,C003913,Mahindra,XUV300,2015,REG-V-012216,1096000.0
V012217,C002013,Maruti Suzuki,Swift,2019,REG-V-012217,561000.0
V012218,C009021,Mahindra,XUV700,2019,REG-V-012218,772000.0
V012219,C005261,Volkswagen,Taigun,2016,REG-V-012219,771000.0
V012220,C008060,Toyota,Glanza,2021,REG-V-012220,1097000.0
V012221,C004895,Maruti Suzuki,Dzire,2020,REG-V-012221,495000.0
V012222,C000443,Kia,Sonet,2022,REG-V-012222,1083000.0
V012223,C006985,Mahindra,XUV300,2020,REG-V-012223,1664000.0
V012224,C000496,Kia,Carens,2021,REG-V-012224,1128000.0
V012225,C003967,Mahindra,XUV300,2022,REG-V-012225,2128000.0
V012226,C005509,Honda,City,2023,REG-V-012226,976000.0
V012227,C007872,Maruti Suzuki,Baleno,2013,REG-V-012227,228000.0
V012228,C009035,Volkswagen,Polo,2013,REG-V-012228,348000.0
V012229,C002058,Maruti Suzuki,Brezza,2021,REG-V-012229,454000.0
V012230,C006684,Tata,Punch,2015,REG-V-012230,518000.0
V012231,C004741,Maruti Suzuki,Dzire,2014,REG-V-012231,278000.0
V012232,C007745,Hyundai,i20,2021,REG-V-012232,765000.0
V012233,C009419,Maruti Suzuki,Ertiga,2015,REG-V-012233,352000.0
V012234,C005373,Mahindra,Bolero,2013,REG-V-012234,605000.0
V012235,C002855,Tata,Tiago,2013,REG-V-012235,578000.0
V012236,C008050,Hyundai,Venue,2018,REG-V-012236,696000.0
V012237,C005310,Kia,Seltos,2014,REG-V-012237,396000.0
V012238,C008881,Mahindra,Bolero,2022,REG-V-012238,914000.0
V012239,C005711,Volkswagen,Polo,2021,REG-V-012239,1403000.0
V012240,C009401,Maruti Suzuki,Swift,2023,REG-V-012240,613000.0
V012241,C000185,Hyundai,i20,2015,REG-V-012241,337000.0
V012242,C007452,Volkswagen,Virtus,2014,REG-V-012242,404000.0
V012243,C003464,Volkswagen,Polo,2014,REG-V-012243,579000.0
V012244,C006735,Volkswagen,Virtus,2016,REG-V-012244,818000.0
V012245,C009443,Toyota,Glanza,2015,REG-V-012245,653000.0
V012246,C006574,Hyundai,i20,2014,REG-V-012246,357000.0
V012247,C007515,Tata,Nexon,2021,REG-V-012247,610000.0
V012248,C001575,Honda,Amaze,2022,REG-V-012248,959000.0
V012249,C001705,Honda,Amaze,2023,REG-V-012249,1416000.0
V012250,C005777,Mahindra,Bolero,2018,REG-V-012250,929000.0
V012251,C004335,Volkswagen,Polo,2020,REG-V-012251,730000.0
V012252,C001109,Maruti Suzuki,Dzire,2015,REG-V-012252,354000.0
V012253,C007340,Mahindra,XUV300,2022,REG-V-012253,1920000.0
V012254,C007032,Honda,City,2017,REG-V-012254,785000.0
V012255,C000920,Kia,Sonet,2017,REG-V-012255,758000.0
V012256,C000506,Hyundai,i10,2025,REG-V-012256,789000.0
V012257,C003799,Toyota,Fortuner,2020,REG-V-012257,2104000.0
V012258,C006373,Tata,Tiago,2012,REG-V-012258,400000.0
V012259,C008988,Mahindra,Scorpio,2020,REG-V-012259,1121000.0
V012260,C004375,Tata,Punch,2016,REG-V-012260,577000.0
V012261,C000860,Kia,Seltos,2016,REG-V-012261,667000.0
V012262,C008442,Volkswagen,Virtus,2014,REG-V-012262,436000.0
V012263,C001251,Tata,Altroz,2024,REG-V-012263,940000.0
V012264,C006428,Maruti Suzuki,Dzire,2025,REG-V-012264,473000.0
V012265,C004152,Mahindra,XUV300,2014,REG-V-012265,455000.0
V012266,C009146,Tata,Punch,2023,REG-V-012266,971000.0
V012267,C007097,Volkswagen,Polo,2022,REG-V-012267,1430000.0
V012268,C000004,Mahindra,XUV700,2018,REG-V-012268,1264000.0
V012269,C003739,Honda,City,2013,REG-V-012269,392000.0
V012270,C001800,Maruti Suzuki,Dzire,2025,REG-V-012270,572000.0
V012271,C002827,Kia,Carens,2020,REG-V-012271,1031000.0
V012272,C004008,Tata,Punch,2021,REG-V-012272,583000.0
V012273,C005451,Maruti Suzuki,Swift,2017,REG-V-012273,397000.0
V012274,C008049,Tata,Punch,2016,REG-V-012274,316000.0
V012275,C000878,Tata,Punch,2022,REG-V-012275,951000.0
V012276,C004437,Kia,Carens,2025,REG-V-012276,1191000.0
V012277,C008557,Tata,Punch,2021,REG-V-012277,504000.0
V012278,C004350,Honda,City,2016,REG-V-012278,567000.0
V012279,C005230,Tata,Altroz,2025,REG-V-012279,1575000.0
V012280,C007860,Hyundai,i10,2024,REG-V-012280,1047000.0
V012281,C007178,Kia,Sonet,2024,REG-V-012281,1037000.0
V012282,C005133,Mahindra,Bolero,2019,REG-V-012282,889000.0
V012283,C009666,Mahindra,XUV300,2021,REG-V-012283,1350000.0
V012284,C000368,Honda,Amaze,2022,REG-V-012284,1314000.0
V012285,C000564,Hyundai,Creta,2013,REG-V-012285,518000.0
V012286,C004300,Toyota,Innova,2017,REG-V-012286,752000.0
V012287,C001575,Volkswagen,Taigun,2025,REG-V-012287,1024000.0
V012288,C002184,Volkswagen,Taigun,2015,REG-V-012288,469000.0
V012289,C001491,Mahindra,XUV300,2013,REG-V-012289,578000.0
V012290,C006956,Volkswagen,Taigun,2025,REG-V-012290,874000.0
V012291,C004229,Tata,Punch,2024,REG-V-012291,1586000.0
V012292,C008378,Maruti Suzuki,Baleno,2014,REG-V-012292,371000.0
V012293,C002523,Honda,Civic,2025,REG-V-012293,1331000.0
V012294,C006280,Volkswagen,Polo,2019,REG-V-012294,662000.0
V012295,C002152,Honda,City,2015,REG-V-012295,464000.0
V012296,C000149,Mahindra,Bolero,2018,REG-V-012296,634000.0
V012297,C006923,Mahindra,Bolero,2020,REG-V-012297,825000.0
V012298,C001446,Maruti Suzuki,Swift,2014,REG-V-012298,204000.0
V012299,C006977,Volkswagen,Virtus,2016,REG-V-012299,769000.0
V012300,C006939,Maruti Suzuki,Dzire,2021,REG-V-012300,449000.0
V012301,C006729,Volkswagen,Virtus,2024,REG-V-012301,1119000.0
V012302,C005963,Hyundai,Creta,2022,REG-V-012302,902000.0
V012303,C008907,Honda,Civic,2012,REG-V-012303,391000.0
V012304,C000775,Volkswagen,Virtus,2023,REG-V-012304,1094000.0
V012305,C009353,Tata,Punch,2016,REG-V-012305,542000.0
V012306,C000687,Toyota,Glanza,2025,REG-V-012306,3359000.0
V012307,C004997,Tata,Harrier,2015,REG-V-012307,670000.0
V012308,C009265,Kia,Carens,2022,REG-V-012308,1410000.0
V012309,C002693,Hyundai,Venue,2022,REG-V-012309,650000.0
V012310,C008417,Mahindra,Scorpio,2014,REG-V-012310,560000.0
V012311,C005970,Volkswagen,Taigun,2023,REG-V-012311,880000.0
V012312,C008643,Tata,Nexon,2018,REG-V-012312,564000.0
V012313,C000504,Mahindra,XUV300,2012,REG-V-012313,689000.0
V012314,C005597,Honda,City,2025,REG-V-012314,1693000.0
V012315,C001895,Mahindra,XUV300,2016,REG-V-012315,715000.0
V012316,C000189,Kia,Sonet,2022,REG-V-012316,1309000.0
V012317,C006924,Tata,Punch,2019,REG-V-012317,1007000.0
V012318,C007557,Toyota,Innova,2012,REG-V-012318,1238000.0
V012319,C007420,Hyundai,Verna,2025,REG-V-012319,1004000.0
V012320,C007326,Tata,Harrier,2018,REG-V-012320,627000.0
V012321,C008064,Hyundai,i20,2016,REG-V-012321,492000.0
V012322,C004735,Hyundai,Venue,2013,REG-V-012322,289000.0
V012323,C003476,Hyundai,i10,2023,REG-V-012323,1264000.0
V012324,C007777,Toyota,Glanza,2021,REG-V-012324,1541000.0
V012325,C006710,Maruti Suzuki,Brezza,2025,REG-V-012325,771000.0
V012326,C002009,Toyota,Innova,2013,REG-V-012326,607000.0
V012327,C004385,Kia,Seltos,2024,REG-V-012327,1832000.0
V012328,C001824,Maruti Suzuki,Baleno,2023,REG-V-012328,529000.0
V012329,C007861,Volkswagen,Polo,2021,REG-V-012329,940000.0
V012330,C002492,Honda,Amaze,2019,REG-V-012330,687000.0
V012331,C006271,Honda,Amaze,2014,REG-V-012331,476000.0
V012332,C007411,Volkswagen,Virtus,2024,REG-V-012332,1369000.0
V012333,C009921,Maruti Suzuki,Dzire,2025,REG-V-012333,893000.0
V012334,C004359,Toyota,Innova,2025,REG-V-012334,1207000.0
V012335,C008777,Kia,Sonet,2025,REG-V-012335,1348000.0
V012336,C006691,Mahindra,XUV300,2020,REG-V-012336,671000.0
V012337,C000085,Tata,Punch,2019,REG-V-012337,669000.0
V012338,C003927,Honda,City,2021,REG-V-012338,1307000.0
V012339,C003957,Kia,Seltos,2021,REG-V-012339,1027000.0
V012340,C001193,Honda,City,2025,REG-V-012340,1518000.0
V012341,C004406,Toyota,Glanza,2018,REG-V-012341,1586000.0
V012342,C001159,Toyota,Fortuner,2023,REG-V-012342,1082000.0
V012343,C008391,Hyundai,i10,2024,REG-V-012343,1393000.0
V012344,C003627,Honda,City,2012,REG-V-012344,348000.0
V012345,C001832,Hyundai,i20,2025,REG-V-012345,775000.0
V012346,C006056,Maruti Suzuki,Brezza,2016,REG-V-012346,261000.0
V012347,C008619,Tata,Nexon,2014,REG-V-012347,473000.0
V012348,C009382,Honda,Civic,2012,REG-V-012348,516000.0
V012349,C008996,Honda,Amaze,2016,REG-V-012349,490000.0
V012350,C008878,Tata,Nexon,2020,REG-V-012350,1030000.0
V012351,C003478,Mahindra,Scorpio,2018,REG-V-012351,609000.0
V012352,C005094,Toyota,Glanza,2022,REG-V-012352,2280000.0
V012353,C003723,Kia,Sonet,2014,REG-V-012353,750000.0
V012354,C009256,Toyota,Fortuner,2019,REG-V-012354,1421000.0
V012355,C000932,Mahindra,Scorpio,2015,REG-V-012355,1038000.0
V012356,C005580,Hyundai,Creta,2019,REG-V-012356,649000.0
V012357,C002490,Honda,Civic,2024,REG-V-012357,931000.0
V012358,C008552,Toyota,Glanza,2021,REG-V-012358,2693000.0
V012359,C003385,Mahindra,XUV300,2015,REG-V-012359,962000.0
V012360,C008670,Honda,Civic,2018,REG-V-012360,731000.0
V012361,C009311,Honda,Amaze,2024,REG-V-012361,1036000.0
V012362,C001717,Maruti Suzuki,Dzire,2020,REG-V-012362,382000.0
V012363,C007608,Mahindra,Scorpio,2012,REG-V-012363,909000.0
V012364,C003501,Kia,Seltos,2014,REG-V-012364,745000.0
V012365,C004052,Kia,Sonet,2016,REG-V-012365,844000.0
V012366,C002741,Hyundai,i20,2013,REG-V-012366,475000.0
V012367,C006215,Honda,Civic,2019,REG-V-012367,1063000.0
V012368,C003426,Mahindra,XUV300,2023,REG-V-012368,1451000.0
V012369,C007468,Tata,Harrier,2017,REG-V-012369,675000.0
V012370,C007859,Honda,Civic,2019,REG-V-012370,736000.0
V012371,C003967,Honda,Amaze,2022,REG-V-012371,1326000.0
V012372,C000048,Toyota,Glanza,2013,REG-V-012372,932000.0
V012373,C000688,Volkswagen,Taigun,2015,REG-V-012373,388000.0
V012374,C002736,Honda,Amaze,2023,REG-V-012374,929000.0
V012375,C009547,Hyundai,Verna,2019,REG-V-012375,951000.0
V012376,C003953,Honda,City,2022,REG-V-012376,1328000.0
V012377,C007510,Toyota,Fortuner,2023,REG-V-012377,1370000.0
V012378,C009394,Hyundai,i20,2012,REG-V-012378,443000.0
V012379,C003409,Maruti Suzuki,Ertiga,2013,REG-V-012379,355000.0
V012380,C005652,Hyundai,i20,2016,REG-V-012380,404000.0
V012381,C008564,Toyota,Glanza,2019,REG-V-012381,1057000.0
V012382,C006196,Mahindra,Bolero,2023,REG-V-012382,918000.0
V012383,C001119,Volkswagen,Polo,2019,REG-V-012383,952000.0
V012384,C007766,Kia,Carens,2018,REG-V-012384,615000.0
V012385,C009089,Volkswagen,Polo,2024,REG-V-012385,1852000.0
V012386,C007756,Honda,City,2020,REG-V-012386,816000.0
V012387,C007594,Volkswagen,Taigun,2013,REG-V-012387,457000.0
V012388,C007624,Volkswagen,Virtus,2015,REG-V-012388,448000.0
V012389,C006171,Maruti Suzuki,Dzire,2020,REG-V-012389,648000.0
V012390,C002499,Tata,Punch,2016,REG-V-012390,599000.0
V012391,C009154,Kia,Seltos,2016,REG-V-012391,790000.0
V012392,C001289,Honda,City,2025,REG-V-012392,1138000.0
V012393,C008325,Tata,Altroz,2014,REG-V-012393,527000.0
V012394,C003598,Toyota,Fortuner,2020,REG-V-012394,992000.0
V012395,C006784,Maruti Suzuki,Baleno,2021,REG-V-012395,685000.0
V012396,C008110,Mahindra,XUV300,2020,REG-V-012396,855000.0
V012397,C008051,Maruti Suzuki,Swift,2013,REG-V-012397,309000.0
V012398,C001607,Mahindra,Bolero,2019,REG-V-012398,576000.0
V012399,C006154,Kia,Sonet,2025,REG-V-012399,1421000.0
V012400,C002164,Kia,Sonet,2012,REG-V-012400,447000.0
V012401,C001119,Volkswagen,Polo,2012,REG-V-012401,366000.0
V012402,C005169,Toyota,Fortuner,2012,REG-V-012402,1165000.0
V012403,C009879,Toyota,Glanza,2025,REG-V-012403,2568000.0
V012404,C009814,Kia,Seltos,2016,REG-V-012404,452000.0
V012405,C005776,Kia,Sonet,2025,REG-V-012405,1843000.0
V012406,C007791,Hyundai,Venue,2023,REG-V-012406,937000.0
V012407,C002515,Mahindra,Scorpio,2023,REG-V-012407,1747000.0
V012408,C002269,Mahindra,XUV300,2020,REG-V-012408,1781000.0
V012409,C007114,Honda,City,2023,REG-V-012409,797000.0
V012410,C007932,Tata,Altroz,2015,REG-V-012410,460000.0
V012411,C007480,Honda,Civic,2023,REG-V-012411,1188000.0
V012412,C001053,Hyundai,i10,2016,REG-V-012412,633000.0
V012413,C003565,Honda,Amaze,2024,REG-V-012413,946000.0
V012414,C000460,Maruti Suzuki,Dzire,2022,REG-V-012414,708000.0
V012415,C007934,Maruti Suzuki,Swift,2025,REG-V-012415,627000.0
V012416,C003104,Tata,Punch,2018,REG-V-012416,353000.0
V012417,C004326,Mahindra,Bolero,2019,REG-V-012417,1412000.0
V012418,C005833,Hyundai,Venue,2019,REG-V-012418,866000.0
V012419,C000008,Volkswagen,Virtus,2013,REG-V-012419,716000.0
V012420,C003543,Volkswagen,Taigun,2020,REG-V-012420,1107000.0
V012421,C007329,Hyundai,Creta,2021,REG-V-012421,1039000.0
V012422,C002848,Volkswagen,Virtus,2015,REG-V-012422,480000.0
V012423,C005751,Maruti Suzuki,Ertiga,2013,REG-V-012423,348000.0
V012424,C009768,Tata,Tiago,2024,REG-V-012424,657000.0
V012425,C001179,Hyundai,Venue,2014,REG-V-012425,419000.0
V012426,C002689,Volkswagen,Polo,2014,REG-V-012426,647000.0
V012427,C006878,Toyota,Innova,2018,REG-V-012427,2081000.0
V012428,C006024,Honda,Amaze,2024,REG-V-012428,1343000.0
V012429,C009780,Volkswagen,Polo,2020,REG-V-012429,794000.0
V012430,C000354,Honda,City,2021,REG-V-012430,1204000.0
V012431,C008831,Kia,Sonet,2016,REG-V-012431,588000.0
V012432,C004922,Toyota,Glanza,2018,REG-V-012432,2102000.0
V012433,C002291,Honda,Civic,2016,REG-V-012433,795000.0
V012434,C005078,Mahindra,XUV700,2021,REG-V-012434,1533000.0
V012435,C004137,Mahindra,XUV300,2024,REG-V-012435,2431000.0
V012436,C001788,Hyundai,Verna,2018,REG-V-012436,414000.0
V012437,C002213,Volkswagen,Polo,2021,REG-V-012437,1231000.0
V012438,C002867,Mahindra,XUV300,2019,REG-V-012438,1140000.0
V012439,C005561,Volkswagen,Virtus,2024,REG-V-012439,1017000.0
V012440,C000847,Mahindra,Bolero,2014,REG-V-012440,339000.0
V012441,C000899,Honda,Amaze,2017,REG-V-012441,927000.0
V012442,C003298,Tata,Nexon,2016,REG-V-012442,575000.0
V012443,C007122,Honda,Amaze,2012,REG-V-012443,442000.0
V012444,C009785,Tata,Harrier,2020,REG-V-012444,697000.0
V012445,C000122,Kia,Seltos,2019,REG-V-012445,975000.0
V012446,C009725,Hyundai,i20,2018,REG-V-012446,832000.0
V012447,C006896,Hyundai,i20,2012,REG-V-012447,463000.0
V012448,C009063,Tata,Nexon,2021,REG-V-012448,502000.0
V012449,C005398,Honda,City,2019,REG-V-012449,1144000.0
V012450,C004666,Hyundai,Creta,2024,REG-V-012450,1410000.0
V012451,C007928,Tata,Nexon,2021,REG-V-012451,890000.0
V012452,C005550,Mahindra,Scorpio,2022,REG-V-012452,1015000.0
V012453,C009025,Volkswagen,Polo,2021,REG-V-012453,1092000.0
V012454,C008984,Maruti Suzuki,Baleno,2025,REG-V-012454,492000.0
V012455,C005350,Tata,Harrier,2014,REG-V-012455,240000.0
V012456,C005780,Hyundai,i10,2020,REG-V-012456,695000.0
V012457,C004586,Toyota,Glanza,2016,REG-V-012457,657000.0
V012458,C006928,Tata,Punch,2022,REG-V-012458,1079000.0
V012459,C006862,Volkswagen,Taigun,2021,REG-V-012459,664000.0
V012460,C006542,Mahindra,Scorpio,2023,REG-V-012460,1629000.0
V012461,C000648,Toyota,Innova,2014,REG-V-012461,1121000.0
V012462,C009638,Kia,Seltos,2025,REG-V-012462,1444000.0
V012463,C003342,Honda,Civic,2021,REG-V-012463,1011000.0
V012464,C002483,Mahindra,XUV700,2014,REG-V-012464,610000.0
V012465,C002119,Volkswagen,Polo,2025,REG-V-012465,1840000.0
V012466,C000717,Tata,Nexon,2015,REG-V-012466,629000.0
V012467,C004595,Volkswagen,Polo,2023,REG-V-012467,1494000.0
V012468,C000434,Honda,Amaze,2024,REG-V-012468,823000.0
V012469,C001602,Toyota,Glanza,2014,REG-V-012469,560000.0
V012470,C000056,Volkswagen,Taigun,2012,REG-V-012470,401000.0
V012471,C001738,Hyundai,Creta,2023,REG-V-012471,1028000.0
V012472,C009956,Hyundai,Verna,2015,REG-V-012472,533000.0
V012473,C005451,Mahindra,Bolero,2018,REG-V-012473,1428000.0
V012474,C000698,Honda,City,2020,REG-V-012474,780000.0
V012475,C005685,Hyundai,i20,2014,REG-V-012475,480000.0
V012476,C006046,Toyota,Glanza,2021,REG-V-012476,2387000.0
V012477,C005517,Volkswagen,Taigun,2021,REG-V-012477,883000.0
V012478,C003347,Toyota,Glanza,2023,REG-V-012478,1957000.0
V012479,C006610,Kia,Seltos,2024,REG-V-012479,1039000.0
V012480,C001420,Volkswagen,Taigun,2014,REG-V-012480,395000.0
V012481,C002214,Honda,City,2021,REG-V-012481,1063000.0
V012482,C009951,Tata,Altroz,2014,REG-V-012482,573000.0
V012483,C004176,Toyota,Fortuner,2020,REG-V-012483,2006000.0
V012484,C001467,Honda,Amaze,2012,REG-V-012484,425000.0
V012485,C002190,Kia,Carens,2019,REG-V-012485,628000.0
V012486,C007299,Honda,City,2018,REG-V-012486,626000.0
V012487,C001156,Maruti Suzuki,Brezza,2012,REG-V-012487,191000.0
V012488,C003541,Maruti Suzuki,Baleno,2019,REG-V-012488,382000.0
V012489,C003267,Volkswagen,Taigun,2021,REG-V-012489,1065000.0
V012490,C002302,Hyundai,Creta,2022,REG-V-012490,582000.0
V012491,C004804,Toyota,Glanza,2021,REG-V-012491,1503000.0
V012492,C001102,Kia,Seltos,2018,REG-V-012492,617000.0
V012493,C004590,Mahindra,Scorpio,2021,REG-V-012493,1076000.0
V012494,C000337,Tata,Nexon,2022,REG-V-012494,1218000.0
V012495,C009701,Mahindra,Scorpio,2024,REG-V-012495,874000.0
V012496,C006092,Maruti Suzuki,Ertiga,2025,REG-V-012496,531000.0
V012497,C000772,Maruti Suzuki,Ertiga,2018,REG-V-012497,547000.0
V012498,C001916,Maruti Suzuki,Ertiga,2017,REG-V-012498,352000.0
V012499,C007421,Volkswagen,Polo,2013,REG-V-012499,518000.0
V012500,C007376,Volkswagen,Taigun,2014,REG-V-012500,368000.0
V012501,C003659,Mahindra,Bolero,2022,REG-V-012501,1437000.0
V012502,C001476,Hyundai,Creta,2014,REG-V-012502,366000.0
V012503,C005396,Kia,Carens,2021,REG-V-012503,868000.0
V012504,C002762,Maruti Suzuki,Dzire,2024,REG-V-012504,797000.0
V012505,C000976,Hyundai,i10,2020,REG-V-012505,998000.0
V012506,C003456,Maruti Suzuki,Swift,2022,REG-V-012506,449000.0
V012507,C007573,Maruti Suzuki,Dzire,2023,REG-V-012507,850000.0
V012508,C003543,Honda,Amaze,2021,REG-V-012508,1188000.0
V012509,C000425,Hyundai,i10,2020,REG-V-012509,510000.0
V012510,C001196,Tata,Tiago,2018,REG-V-012510,967000.0
V012511,C005998,Honda,Civic,2022,REG-V-012511,1470000.0
V012512,C005261,Maruti Suzuki,Dzire,2019,REG-V-012512,454000.0
V012513,C006795,Honda,Amaze,2024,REG-V-012513,1620000.0
V012514,C005761,Toyota,Innova,2017,REG-V-012514,1475000.0
V012515,C005019,Hyundai,i20,2018,REG-V-012515,860000.0
V012516,C004788,Honda,City,2022,REG-V-012516,1427000.0
V012517,C009619,Kia,Seltos,2022,REG-V-012517,1234000.0
V012518,C008650,Honda,City,2013,REG-V-012518,497000.0
V012519,C003833,Tata,Punch,2022,REG-V-012519,570000.0
V012520,C006571,Maruti Suzuki,Dzire,2018,REG-V-012520,316000.0
V012521,C000215,Honda,Amaze,2022,REG-V-012521,1045000.0
V012522,C000221,Volkswagen,Virtus,2019,REG-V-012522,862000.0
V012523,C003169,Mahindra,XUV700,2022,REG-V-012523,1790000.0
V012524,C007614,Kia,Seltos,2018,REG-V-012524,643000.0
V012525,C009291,Mahindra,Bolero,2013,REG-V-012525,639000.0
V012526,C006867,Tata,Altroz,2015,REG-V-012526,437000.0
V012527,C007113,Volkswagen,Taigun,2017,REG-V-012527,689000.0
V012528,C000332,Tata,Punch,2019,REG-V-012528,579000.0
V012529,C009337,Mahindra,XUV300,2022,REG-V-012529,884000.0
V012530,C000881,Maruti Suzuki,Baleno,2020,REG-V-012530,580000.0
V012531,C009483,Hyundai,Creta,2019,REG-V-012531,503000.0
V012532,C001415,Maruti Suzuki,Brezza,2015,REG-V-012532,292000.0
V012533,C000342,Mahindra,Bolero,2015,REG-V-012533,878000.0
V012534,C005678,Toyota,Innova,2012,REG-V-012534,918000.0
V012535,C001128,Maruti Suzuki,Swift,2013,REG-V-012535,242000.0
V012536,C000305,Mahindra,XUV300,2020,REG-V-012536,1210000.0
V012537,C006724,Tata,Tiago,2019,REG-V-012537,763000.0
V012538,C007445,Maruti Suzuki,Baleno,2016,REG-V-012538,228000.0
V012539,C002916,Tata,Harrier,2022,REG-V-012539,1043000.0
V012540,C005376,Kia,Carens,2012,REG-V-012540,610000.0
V012541,C005902,Hyundai,Verna,2017,REG-V-012541,529000.0
V012542,C001601,Maruti Suzuki,Ertiga,2016,REG-V-012542,427000.0
V012543,C004430,Mahindra,Scorpio,2013,REG-V-012543,668000.0
V012544,C006423,Hyundai,i10,2022,REG-V-012544,821000.0
V012545,C008913,Maruti Suzuki,Brezza,2025,REG-V-012545,538000.0
V012546,C004207,Mahindra,XUV300,2025,REG-V-012546,2150000.0
V012547,C007037,Maruti Suzuki,Baleno,2020,REG-V-012547,525000.0
V012548,C005065,Tata,Altroz,2012,REG-V-012548,586000.0
V012549,C007120,Maruti Suzuki,Swift,2024,REG-V-012549,731000.0
V012550,C007956,Hyundai,Verna,2023,REG-V-012550,1290000.0
V012551,C005351,Mahindra,XUV700,2020,REG-V-012551,1493000.0
V012552,C000633,Maruti Suzuki,Brezza,2015,REG-V-012552,229000.0
V012553,C008802,Honda,City,2016,REG-V-012553,735000.0
V012554,C006048,Volkswagen,Polo,2016,REG-V-012554,728000.0
V012555,C006044,Toyota,Glanza,2025,REG-V-012555,2448000.0
V012556,C005128,Volkswagen,Taigun,2025,REG-V-012556,1710000.0
V012557,C001732,Mahindra,Bolero,2017,REG-V-012557,1353000.0
V012558,C004899,Honda,City,2014,REG-V-012558,505000.0
V012559,C005398,Hyundai,i20,2016,REG-V-012559,339000.0
V012560,C003842,Hyundai,i10,2016,REG-V-012560,639000.0
V012561,C001483,Tata,Nexon,2022,REG-V-012561,1398000.0
V012562,C007692,Kia,Carens,2019,REG-V-012562,1183000.0
V012563,C004590,Mahindra,Bolero,2023,REG-V-012563,1203000.0
V012564,C007049,Honda,Amaze,2021,REG-V-012564,820000.0
V012565,C000486,Volkswagen,Virtus,2021,REG-V-012565,1155000.0
V012566,C005085,Hyundai,Verna,2014,REG-V-012566,498000.0
V012567,C000762,Tata,Harrier,2019,REG-V-012567,704000.0
V012568,C007393,Mahindra,Scorpio,2022,REG-V-012568,2014000.0
V012569,C005857,Honda,Amaze,2013,REG-V-012569,567000.0
V012570,C004536,Tata,Tiago,2025,REG-V-012570,767000.0
V012571,C009732,Honda,Civic,2021,REG-V-012571,1364000.0
V012572,C003243,Maruti Suzuki,Brezza,2023,REG-V-012572,892000.0
V012573,C004244,Maruti Suzuki,Swift,2021,REG-V-012573,553000.0
V012574,C007437,Maruti Suzuki,Brezza,2012,REG-V-012574,186000.0
V012575,C005290,Kia,Seltos,2023,REG-V-012575,857000.0
V012576,C006627,Maruti Suzuki,Dzire,2017,REG-V-012576,404000.0
V012577,C009763,Kia,Seltos,2012,REG-V-012577,592000.0
V012578,C006997,Mahindra,XUV700,2016,REG-V-012578,665000.0
V012579,C001497,Toyota,Glanza,2017,REG-V-012579,1795000.0
V012580,C002101,Tata,Tiago,2014,REG-V-012580,285000.0
V012581,C008743,Mahindra,XUV300,2012,REG-V-012581,824000.0
V012582,C000498,Toyota,Glanza,2020,REG-V-012582,2499000.0
V012583,C005127,Tata,Nexon,2023,REG-V-012583,612000.0
V012584,C009109,Hyundai,i10,2021,REG-V-012584,712000.0
V012585,C007834,Honda,Civic,2023,REG-V-012585,944000.0
V012586,C001148,Maruti Suzuki,Baleno,2012,REG-V-012586,384000.0
V012587,C007466,Kia,Carens,2012,REG-V-012587,609000.0
V012588,C003826,Maruti Suzuki,Swift,2018,REG-V-012588,588000.0
V012589,C009065,Mahindra,XUV700,2015,REG-V-012589,471000.0
V012590,C005769,Maruti Suzuki,Brezza,2025,REG-V-012590,999000.0
V012591,C005528,Toyota,Innova,2023,REG-V-012591,2488000.0
V012592,C000089,Toyota,Innova,2012,REG-V-012592,435000.0
V012593,C002515,Honda,City,2019,REG-V-012593,1132000.0
V012594,C004142,Mahindra,XUV300,2012,REG-V-012594,411000.0
V012595,C007297,Tata,Harrier,2024,REG-V-012595,761000.0
V012596,C005238,Honda,Civic,2014,REG-V-012596,364000.0
V012597,C008565,Volkswagen,Polo,2025,REG-V-012597,1369000.0
V012598,C000350,Kia,Seltos,2024,REG-V-012598,1775000.0
V012599,C003209,Kia,Sonet,2019,REG-V-012599,685000.0
V012600,C006014,Kia,Seltos,2020,REG-V-012600,1422000.0
V012601,C006629,Tata,Altroz,2020,REG-V-012601,929000.0
V012602,C005071,Honda,City,2013,REG-V-012602,418000.0
V012603,C004008,Mahindra,Scorpio,2022,REG-V-012603,1751000.0
V012604,C000740,Maruti Suzuki,Ertiga,2020,REG-V-012604,686000.0
V012605,C007003,Toyota,Glanza,2014,REG-V-012605,547000.0
V012606,C009088,Kia,Seltos,2012,REG-V-012606,484000.0
V012607,C008144,Hyundai,i20,2019,REG-V-012607,670000.0
V012608,C007053,Kia,Sonet,2025,REG-V-012608,959000.0
V012609,C006386,Hyundai,i10,2012,REG-V-012609,498000.0
V012610,C007790,Mahindra,XUV700,2018,REG-V-012610,891000.0
V012611,C007839,Tata,Altroz,2014,REG-V-012611,221000.0
V012612,C000065,Volkswagen,Taigun,2020,REG-V-012612,802000.0
V012613,C003582,Kia,Sonet,2018,REG-V-012613,662000.0
V012614,C008726,Toyota,Innova,2012,REG-V-012614,483000.0
V012615,C008558,Maruti Suzuki,Swift,2016,REG-V-012615,270000.0
V012616,C007149,Maruti Suzuki,Baleno,2018,REG-V-012616,432000.0
V012617,C003077,Maruti Suzuki,Swift,2022,REG-V-012617,508000.0
V012618,C008043,Maruti Suzuki,Swift,2012,REG-V-012618,218000.0
V012619,C002337,Kia,Seltos,2023,REG-V-012619,1469000.0
V012620,C002263,Maruti Suzuki,Brezza,2013,REG-V-012620,269000.0
V012621,C005395,Kia,Carens,2022,REG-V-012621,976000.0
V012622,C005758,Maruti Suzuki,Ertiga,2020,REG-V-012622,405000.0
V012623,C003517,Hyundai,Venue,2025,REG-V-012623,1469000.0
V012624,C006082,Mahindra,Scorpio,2025,REG-V-012624,1143000.0
V012625,C007139,Maruti Suzuki,Brezza,2012,REG-V-012625,270000.0
V012626,C001799,Maruti Suzuki,Dzire,2018,REG-V-012626,308000.0
V012627,C002873,Honda,City,2017,REG-V-012627,563000.0
V012628,C007041,Kia,Carens,2020,REG-V-012628,1442000.0
V012629,C009301,Honda,City,2025,REG-V-012629,1101000.0
V012630,C008900,Maruti Suzuki,Ertiga,2013,REG-V-012630,193000.0
V012631,C001297,Toyota,Fortuner,2015,REG-V-012631,1237000.0
V012632,C005746,Mahindra,XUV700,2013,REG-V-012632,695000.0
V012633,C008065,Kia,Carens,2016,REG-V-012633,677000.0
V012634,C002399,Toyota,Glanza,2018,REG-V-012634,1807000.0
V012635,C006476,Kia,Seltos,2013,REG-V-012635,342000.0
V012636,C004301,Hyundai,i10,2017,REG-V-012636,656000.0
V012637,C006675,Mahindra,Bolero,2017,REG-V-012637,1407000.0
V012638,C000332,Maruti Suzuki,Dzire,2017,REG-V-012638,253000.0
V012639,C003110,Mahindra,Bolero,2021,REG-V-012639,1894000.0
V012640,C003056,Maruti Suzuki,Ertiga,2020,REG-V-012640,467000.0
V012641,C004206,Volkswagen,Virtus,2023,REG-V-012641,1173000.0
V012642,C001136,Maruti Suzuki,Swift,2019,REG-V-012642,364000.0
V012643,C004401,Toyota,Glanza,2014,REG-V-012643,482000.0
V012644,C005451,Tata,Altroz,2015,REG-V-012644,254000.0
V012645,C000282,Kia,Carens,2020,REG-V-012645,1439000.0
V012646,C002997,Honda,Amaze,2020,REG-V-012646,631000.0
V012647,C001767,Maruti Suzuki,Swift,2012,REG-V-012647,177000.0
V012648,C009722,Toyota,Fortuner,2020,REG-V-012648,2326000.0
V012649,C001305,Tata,Punch,2024,REG-V-012649,1521000.0
V012650,C006316,Kia,Sonet,2015,REG-V-012650,598000.0
V012651,C004035,Maruti Suzuki,Baleno,2021,REG-V-012651,366000.0
V012652,C002858,Tata,Punch,2015,REG-V-012652,613000.0
V012653,C008583,Honda,Civic,2025,REG-V-012653,884000.0
V012654,C006689,Tata,Punch,2022,REG-V-012654,1125000.0
V012655,C006251,Honda,City,2019,REG-V-012655,1020000.0
V012656,C000938,Kia,Sonet,2013,REG-V-012656,537000.0
V012657,C002600,Maruti Suzuki,Swift,2025,REG-V-012657,685000.0
V012658,C002764,Hyundai,Venue,2014,REG-V-012658,506000.0
V012659,C004373,Maruti Suzuki,Dzire,2023,REG-V-012659,692000.0
V012660,C009250,Kia,Seltos,2020,REG-V-012660,1099000.0
V012661,C004053,Mahindra,XUV700,2022,REG-V-012661,1145000.0
V012662,C003263,Hyundai,i20,2021,REG-V-012662,1072000.0
V012663,C000732,Kia,Seltos,2018,REG-V-012663,1120000.0
V012664,C003857,Maruti Suzuki,Baleno,2017,REG-V-012664,329000.0
V012665,C000540,Hyundai,i20,2023,REG-V-012665,616000.0
V012666,C003660,Hyundai,Venue,2021,REG-V-012666,552000.0
V012667,C009676,Hyundai,Verna,2024,REG-V-012667,650000.0
V012668,C005599,Mahindra,XUV300,2025,REG-V-012668,2609000.0
V012669,C002096,Toyota,Glanza,2018,REG-V-012669,1645000.0
V012670,C002982,Hyundai,Verna,2018,REG-V-012670,560000.0
V012671,C005755,Toyota,Fortuner,2016,REG-V-012671,667000.0
V012672,C000204,Mahindra,Bolero,2018,REG-V-012672,1500000.0
V012673,C009047,Volkswagen,Virtus,2017,REG-V-012673,470000.0
V012674,C005828,Volkswagen,Virtus,2019,REG-V-012674,1068000.0
V012675,C004962,Hyundai,Creta,2013,REG-V-012675,273000.0
V012676,C007214,Maruti Suzuki,Swift,2019,REG-V-012676,379000.0
V012677,C002013,Maruti Suzuki,Swift,2020,REG-V-012677,659000.0
V012678,C000229,Kia,Carens,2022,REG-V-012678,1257000.0
V012679,C006203,Toyota,Fortuner,2022,REG-V-012679,2503000.0
V012680,C001593,Toyota,Innova,2021,REG-V-012680,1142000.0
V012681,C000124,Mahindra,Scorpio,2021,REG-V-012681,1412000.0
V012682,C009322,Mahindra,Bolero,2025,REG-V-012682,1351000.0
V012683,C007953,Honda,Civic,2015,REG-V-012683,654000.0
V012684,C001133,Mahindra,XUV300,2020,REG-V-012684,1733000.0
V012685,C009014,Mahindra,XUV300,2021,REG-V-012685,1267000.0
V012686,C000699,Kia,Seltos,2012,REG-V-012686,564000.0
V012687,C008090,Tata,Harrier,2014,REG-V-012687,495000.0
V012688,C004164,Volkswagen,Virtus,2023,REG-V-012688,1451000.0
V012689,C005217,Kia,Sonet,2020,REG-V-012689,662000.0
V012690,C006731,Volkswagen,Taigun,2024,REG-V-012690,1660000.0
V012691,C000999,Maruti Suzuki,Brezza,2024,REG-V-012691,895000.0
V012692,C009130,Hyundai,Verna,2015,REG-V-012692,298000.0
V012693,C001428,Toyota,Innova,2020,REG-V-012693,1303000.0
V012694,C009433,Hyundai,i20,2024,REG-V-012694,1148000.0
V012695,C000920,Honda,Amaze,2015,REG-V-012695,711000.0
V012696,C001718,Kia,Sonet,2025,REG-V-012696,1928000.0
V012697,C000596,Maruti Suzuki,Brezza,2022,REG-V-012697,651000.0
V012698,C003995,Maruti Suzuki,Ertiga,2017,REG-V-012698,272000.0
V012699,C005955,Tata,Nexon,2025,REG-V-012699,1639000.0
V012700,C006293,Honda,Civic,2018,REG-V-012700,937000.0
V012701,C008335,Tata,Punch,2023,REG-V-012701,1346000.0
V012702,C005327,Hyundai,i20,2016,REG-V-012702,578000.0
V012703,C005134,Hyundai,i20,2023,REG-V-012703,941000.0
V012704,C003244,Maruti Suzuki,Baleno,2020,REG-V-012704,367000.0
V012705,C006548,Maruti Suzuki,Ertiga,2014,REG-V-012705,313000.0
V012706,C009135,Maruti Suzuki,Swift,2021,REG-V-012706,554000.0
V012707,C003557,Volkswagen,Virtus,2024,REG-V-012707,1371000.0
V012708,C003567,Maruti Suzuki,Brezza,2016,REG-V-012708,286000.0
V012709,C003427,Honda,City,2014,REG-V-012709,615000.0
V012710,C002295,Toyota,Glanza,2013,REG-V-012710,1083000.0
V012711,C005720,Mahindra,Scorpio,2021,REG-V-012711,1327000.0
V012712,C001059,Maruti Suzuki,Brezza,2023,REG-V-012712,897000.0
V012713,C008385,Volkswagen,Virtus,2013,REG-V-012713,459000.0
V012714,C001381,Honda,Civic,2017,REG-V-012714,695000.0
V012715,C001732,Honda,City,2015,REG-V-012715,496000.0
V012716,C000710,Mahindra,XUV700,2021,REG-V-012716,1524000.0
V012717,C003820,Maruti Suzuki,Brezza,2014,REG-V-012717,371000.0
V012718,C007641,Tata,Harrier,2021,REG-V-012718,976000.0
V012719,C009150,Mahindra,Bolero,2020,REG-V-012719,612000.0
V012720,C004372,Hyundai,Venue,2019,REG-V-012720,937000.0
V012721,C002372,Honda,Civic,2019,REG-V-012721,745000.0
V012722,C007312,Maruti Suzuki,Ertiga,2018,REG-V-012722,444000.0
V012723,C006913,Volkswagen,Polo,2020,REG-V-012723,993000.0
V012724,C006856,Mahindra,XUV300,2024,REG-V-012724,1225000.0
V012725,C004452,Hyundai,i10,2013,REG-V-012725,376000.0
V012726,C005701,Kia,Seltos,2023,REG-V-012726,1440000.0
V012727,C000644,Tata,Harrier,2017,REG-V-012727,635000.0
V012728,C002518,Toyota,Innova,2015,REG-V-012728,631000.0
V012729,C009300,Kia,Carens,2017,REG-V-012729,907000.0
V012730,C000436,Maruti Suzuki,Swift,2024,REG-V-012730,678000.0
V012731,C003002,Volkswagen,Taigun,2018,REG-V-012731,694000.0
V012732,C002290,Kia,Carens,2015,REG-V-012732,628000.0
V012733,C001305,Toyota,Glanza,2017,REG-V-012733,847000.0
V012734,C009277,Mahindra,Scorpio,2017,REG-V-012734,1011000.0
V012735,C001258,Volkswagen,Virtus,2019,REG-V-012735,1152000.0
V012736,C004931,Hyundai,i20,2021,REG-V-012736,1020000.0
V012737,C008433,Kia,Seltos,2013,REG-V-012737,359000.0
V012738,C000039,Hyundai,i20,2021,REG-V-012738,1097000.0
V012739,C001088,Mahindra,XUV300,2021,REG-V-012739,1116000.0
V012740,C003412,Tata,Tiago,2018,REG-V-012740,349000.0
V012741,C001465,Hyundai,Verna,2025,REG-V-012741,1354000.0
V012742,C001828,Hyundai,Verna,2019,REG-V-012742,516000.0
V012743,C005956,Maruti Suzuki,Ertiga,2015,REG-V-012743,400000.0
V012744,C001706,Kia,Carens,2013,REG-V-012744,529000.0
V012745,C006437,Kia,Seltos,2018,REG-V-012745,844000.0
V012746,C009192,Volkswagen,Polo,2022,REG-V-012746,936000.0
V012747,C002312,Toyota,Innova,2019,REG-V-012747,1710000.0
V012748,C002136,Honda,Civic,2015,REG-V-012748,493000.0
V012749,C000115,Honda,Amaze,2012,REG-V-012749,399000.0
V012750,C000150,Maruti Suzuki,Baleno,2022,REG-V-012750,770000.0
V012751,C003980,Honda,Civic,2016,REG-V-012751,469000.0
V012752,C004928,Hyundai,Venue,2016,REG-V-012752,402000.0
V012753,C001830,Honda,City,2017,REG-V-012753,700000.0
V012754,C003210,Hyundai,Venue,2020,REG-V-012754,523000.0
V012755,C001405,Honda,Amaze,2016,REG-V-012755,465000.0
V012756,C006854,Honda,City,2025,REG-V-012756,1790000.0
V012757,C003946,Mahindra,XUV700,2023,REG-V-012757,770000.0
V012758,C007399,Tata,Nexon,2023,REG-V-012758,921000.0
V012759,C005542,Volkswagen,Taigun,2025,REG-V-012759,928000.0
V012760,C003781,Honda,Civic,2023,REG-V-012760,1406000.0
V012761,C006309,Volkswagen,Polo,2024,REG-V-012761,1798000.0
V012762,C000068,Hyundai,Venue,2025,REG-V-012762,1271000.0
V012763,C006937,Honda,City,2016,REG-V-012763,705000.0
V012764,C003719,Hyundai,i20,2013,REG-V-012764,308000.0
V012765,C005169,Toyota,Innova,2022,REG-V-012765,2186000.0
V012766,C005272,Toyota,Innova,2025,REG-V-012766,1369000.0
V012767,C005621,Honda,Civic,2023,REG-V-012767,1487000.0
V012768,C007069,Tata,Punch,2021,REG-V-012768,722000.0
V012769,C001107,Hyundai,i10,2019,REG-V-012769,792000.0
V012770,C004928,Toyota,Innova,2024,REG-V-012770,2119000.0
V012771,C000847,Honda,City,2021,REG-V-012771,887000.0
V012772,C002364,Maruti Suzuki,Brezza,2024,REG-V-012772,952000.0
V012773,C001901,Mahindra,Bolero,2015,REG-V-012773,541000.0
V012774,C006027,Toyota,Fortuner,2024,REG-V-012774,1972000.0
V012775,C006103,Toyota,Fortuner,2021,REG-V-012775,2372000.0
V012776,C008356,Volkswagen,Polo,2022,REG-V-012776,1124000.0
V012777,C005257,Hyundai,i20,2025,REG-V-012777,1030000.0
V012778,C007511,Tata,Altroz,2023,REG-V-012778,1272000.0
V012779,C008950,Mahindra,XUV300,2013,REG-V-012779,609000.0
V012780,C001343,Maruti Suzuki,Ertiga,2023,REG-V-012780,652000.0
V012781,C007263,Hyundai,Creta,2017,REG-V-012781,376000.0
V012782,C003263,Kia,Carens,2017,REG-V-012782,905000.0
V012783,C002777,Honda,City,2014,REG-V-012783,454000.0
V012784,C009632,Kia,Carens,2017,REG-V-012784,1078000.0
V012785,C002076,Tata,Nexon,2018,REG-V-012785,680000.0
V012786,C009184,Honda,Amaze,2013,REG-V-012786,425000.0
V012787,C008284,Kia,Sonet,2016,REG-V-012787,680000.0
V012788,C008840,Volkswagen,Polo,2019,REG-V-012788,1052000.0
V012789,C005902,Maruti Suzuki,Swift,2025,REG-V-012789,744000.0
V012790,C005893,Hyundai,Venue,2020,REG-V-012790,660000.0
V012791,C004044,Honda,City,2012,REG-V-012791,560000.0
V012792,C004026,Kia,Carens,2024,REG-V-012792,1717000.0
V012793,C008557,Hyundai,Verna,2023,REG-V-012793,1289000.0
V012794,C003884,Toyota,Fortuner,2021,REG-V-012794,1080000.0
V012795,C004904,Toyota,Glanza,2017,REG-V-012795,1666000.0
V012796,C009967,Hyundai,Verna,2025,REG-V-012796,772000.0
V012797,C003545,Hyundai,i20,2022,REG-V-012797,1107000.0
V012798,C008275,Kia,Carens,2021,REG-V-012798,1091000.0
V012799,C002769,Maruti Suzuki,Brezza,2021,REG-V-012799,738000.0
V012800,C000268,Mahindra,XUV700,2016,REG-V-012800,697000.0
V012801,C005972,Maruti Suzuki,Ertiga,2013,REG-V-012801,203000.0
V012802,C004831,Mahindra,Scorpio,2014,REG-V-012802,869000.0
V012803,C007938,Mahindra,Bolero,2019,REG-V-012803,943000.0
V012804,C000042,Hyundai,Creta,2023,REG-V-012804,744000.0
V012805,C000730,Mahindra,Bolero,2025,REG-V-012805,2566000.0
V012806,C008633,Toyota,Glanza,2022,REG-V-012806,2389000.0
V012807,C004844,Tata,Altroz,2025,REG-V-012807,858000.0
V012808,C005100,Volkswagen,Taigun,2012,REG-V-012808,437000.0
V012809,C002276,Hyundai,i10,2022,REG-V-012809,655000.0
V012810,C009293,Mahindra,Bolero,2016,REG-V-012810,919000.0
V012811,C009182,Kia,Seltos,2016,REG-V-012811,448000.0
V012812,C005204,Toyota,Innova,2022,REG-V-012812,1545000.0
V012813,C002200,Mahindra,Scorpio,2022,REG-V-012813,1657000.0
V012814,C009823,Maruti Suzuki,Baleno,2021,REG-V-012814,743000.0
V012815,C008979,Kia,Carens,2019,REG-V-012815,890000.0
V012816,C005252,Mahindra,Scorpio,2013,REG-V-012816,744000.0
V012817,C006309,Tata,Nexon,2025,REG-V-012817,652000.0
V012818,C004426,Mahindra,XUV300,2012,REG-V-012818,692000.0
V012819,C002071,Kia,Carens,2024,REG-V-012819,1611000.0
V012820,C006855,Mahindra,Bolero,2023,REG-V-012820,1482000.0
V012821,C006742,Tata,Altroz,2015,REG-V-012821,687000.0
V012822,C005512,Honda,Civic,2021,REG-V-012822,871000.0
V012823,C008191,Kia,Sonet,2014,REG-V-012823,531000.0
V012824,C004542,Mahindra,Scorpio,2014,REG-V-012824,736000.0
V012825,C008642,Hyundai,Verna,2017,REG-V-012825,527000.0
V012826,C002190,Maruti Suzuki,Baleno,2022,REG-V-012826,475000.0
V012827,C009621,Hyundai,i10,2018,REG-V-012827,597000.0
V012828,C002061,Toyota,Innova,2025,REG-V-012828,2701000.0
V012829,C001593,Tata,Tiago,2016,REG-V-012829,518000.0
V012830,C006078,Volkswagen,Taigun,2017,REG-V-012830,981000.0
V012831,C000934,Maruti Suzuki,Swift,2012,REG-V-012831,310000.0
V012832,C001678,Honda,City,2023,REG-V-012832,1324000.0
V012833,C007344,Honda,City,2024,REG-V-012833,1382000.0
V012834,C003063,Mahindra,Scorpio,2012,REG-V-012834,514000.0
V012835,C008064,Mahindra,Scorpio,2025,REG-V-012835,2072000.0
V012836,C001547,Mahindra,Scorpio,2019,REG-V-012836,1714000.0
V012837,C003860,Tata,Altroz,2013,REG-V-012837,516000.0
V012838,C003873,Hyundai,i20,2015,REG-V-012838,336000.0
V012839,C004840,Maruti Suzuki,Ertiga,2019,REG-V-012839,657000.0
V012840,C004120,Toyota,Glanza,2020,REG-V-012840,1713000.0
V012841,C003877,Tata,Nexon,2021,REG-V-012841,711000.0
V012842,C003267,Kia,Sonet,2017,REG-V-012842,785000.0
V012843,C000156,Honda,Civic,2014,REG-V-012843,555000.0
V012844,C006215,Tata,Altroz,2021,REG-V-012844,457000.0
V012845,C004773,Hyundai,Creta,2014,REG-V-012845,291000.0
V012846,C003745,Maruti Suzuki,Brezza,2013,REG-V-012846,228000.0
V012847,C002124,Mahindra,Bolero,2024,REG-V-012847,1469000.0
V012848,C008970,Hyundai,i10,2020,REG-V-012848,592000.0
V012849,C002403,Maruti Suzuki,Baleno,2015,REG-V-012849,363000.0
V012850,C009246,Toyota,Glanza,2018,REG-V-012850,1201000.0
V012851,C002194,Tata,Tiago,2021,REG-V-012851,671000.0
V012852,C009709,Kia,Carens,2022,REG-V-012852,1334000.0
V012853,C004216,Maruti Suzuki,Swift,2013,REG-V-012853,175000.0
V012854,C005369,Maruti Suzuki,Dzire,2014,REG-V-012854,200000.0
V012855,C002977,Tata,Nexon,2019,REG-V-012855,902000.0
V012856,C009416,Honda,Amaze,2018,REG-V-012856,813000.0
V012857,C002815,Toyota,Fortuner,2016,REG-V-012857,928000.0
V012858,C007358,Mahindra,XUV300,2016,REG-V-012858,1213000.0
V012859,C000216,Mahindra,Scorpio,2020,REG-V-012859,695000.0
V012860,C005624,Honda,Civic,2024,REG-V-012860,1129000.0
V012861,C007479,Honda,Civic,2017,REG-V-012861,902000.0
V012862,C004747,Mahindra,XUV300,2024,REG-V-012862,1061000.0
V012863,C006477,Kia,Seltos,2022,REG-V-012863,980000.0
V012864,C007750,Volkswagen,Taigun,2023,REG-V-012864,1160000.0
V012865,C005049,Hyundai,Creta,2024,REG-V-012865,1402000.0
V012866,C002201,Hyundai,i10,2012,REG-V-012866,410000.0
V012867,C003981,Volkswagen,Taigun,2022,REG-V-012867,979000.0
V012868,C007365,Honda,Amaze,2014,REG-V-012868,383000.0
V012869,C002713,Kia,Carens,2023,REG-V-012869,787000.0
V012870,C006362,Honda,Amaze,2017,REG-V-012870,763000.0
V012871,C001475,Honda,Amaze,2023,REG-V-012871,970000.0
V012872,C009339,Maruti Suzuki,Ertiga,2022,REG-V-012872,852000.0
V012873,C006072,Hyundai,Venue,2024,REG-V-012873,1324000.0
V012874,C004722,Maruti Suzuki,Dzire,2018,REG-V-012874,527000.0
V012875,C008161,Hyundai,Creta,2013,REG-V-012875,329000.0
V012876,C008034,Kia,Sonet,2021,REG-V-012876,1030000.0
V012877,C000983,Tata,Punch,2021,REG-V-012877,1165000.0
V012878,C003053,Hyundai,i20,2018,REG-V-012878,602000.0
V012879,C004612,Honda,City,2018,REG-V-012879,711000.0
V012880,C003396,Hyundai,Verna,2012,REG-V-012880,434000.0
V012881,C003155,Toyota,Innova,2012,REG-V-012881,1009000.0
V012882,C003525,Mahindra,XUV700,2018,REG-V-012882,719000.0
V012883,C001418,Maruti Suzuki,Ertiga,2021,REG-V-012883,672000.0
V012884,C001192,Volkswagen,Virtus,2022,REG-V-012884,886000.0
V012885,C002613,Kia,Sonet,2018,REG-V-012885,564000.0
V012886,C000724,Maruti Suzuki,Brezza,2018,REG-V-012886,364000.0
V012887,C005135,Mahindra,Bolero,2020,REG-V-012887,1149000.0
V012888,C001522,Volkswagen,Taigun,2013,REG-V-012888,402000.0
V012889,C000699,Honda,Amaze,2025,REG-V-012889,1366000.0
V012890,C008410,Honda,City,2024,REG-V-012890,1612000.0
V012891,C005917,Mahindra,Bolero,2024,REG-V-012891,1084000.0
V012892,C009032,Hyundai,i10,2016,REG-V-012892,608000.0
V012893,C009832,Honda,Civic,2017,REG-V-012893,881000.0
V012894,C005972,Mahindra,XUV700,2015,REG-V-012894,866000.0
V012895,C008023,Hyundai,Creta,2016,REG-V-012895,326000.0
V012896,C001589,Mahindra,Scorpio,2020,REG-V-012896,1736000.0
V012897,C007024,Mahindra,Scorpio,2021,REG-V-012897,728000.0
V012898,C005536,Kia,Seltos,2021,REG-V-012898,1048000.0
V012899,C006812,Toyota,Innova,2013,REG-V-012899,566000.0
V012900,C001055,Mahindra,XUV700,2018,REG-V-012900,766000.0
V012901,C009392,Honda,City,2017,REG-V-012901,772000.0
V012902,C004194,Maruti Suzuki,Dzire,2014,REG-V-012902,240000.0
V012903,C007829,Kia,Seltos,2016,REG-V-012903,407000.0
V012904,C009908,Hyundai,i20,2018,REG-V-012904,780000.0
V012905,C008783,Mahindra,XUV700,2020,REG-V-012905,1735000.0
V012906,C003103,Hyundai,i20,2024,REG-V-012906,1393000.0
V012907,C004036,Maruti Suzuki,Ertiga,2015,REG-V-012907,228000.0
V012908,C006526,Maruti Suzuki,Dzire,2015,REG-V-012908,281000.0
V012909,C005415,Honda,Amaze,2020,REG-V-012909,722000.0
V012910,C004120,Hyundai,Creta,2025,REG-V-012910,739000.0
V012911,C006570,Hyundai,i20,2023,REG-V-012911,1004000.0
V012912,C009146,Maruti Suzuki,Dzire,2015,REG-V-012912,311000.0
V012913,C003082,Hyundai,Venue,2023,REG-V-012913,706000.0
V012914,C001283,Volkswagen,Taigun,2016,REG-V-012914,772000.0
V012915,C006807,Hyundai,Venue,2019,REG-V-012915,688000.0
V012916,C005942,Toyota,Innova,2023,REG-V-012916,1264000.0
V012917,C009104,Kia,Carens,2022,REG-V-012917,892000.0
V012918,C007491,Hyundai,Verna,2015,REG-V-012918,540000.0
V012919,C003987,Kia,Sonet,2013,REG-V-012919,712000.0
V012920,C006376,Maruti Suzuki,Baleno,2025,REG-V-012920,755000.0
V012921,C008651,Honda,City,2015,REG-V-012921,584000.0
V012922,C003473,Toyota,Fortuner,2014,REG-V-012922,451000.0
V012923,C000140,Mahindra,Scorpio,2017,REG-V-012923,693000.0
V012924,C006309,Kia,Sonet,2017,REG-V-012924,1048000.0
V012925,C000276,Kia,Sonet,2025,REG-V-012925,1254000.0
V012926,C009402,Toyota,Glanza,2025,REG-V-012926,2850000.0
V012927,C001682,Tata,Nexon,2017,REG-V-012927,677000.0
V012928,C003751,Maruti Suzuki,Ertiga,2015,REG-V-012928,223000.0
V012929,C009478,Volkswagen,Taigun,2016,REG-V-012929,648000.0
V012930,C000806,Kia,Sonet,2016,REG-V-012930,485000.0
V012931,C000043,Maruti Suzuki,Ertiga,2020,REG-V-012931,609000.0
V012932,C001046,Maruti Suzuki,Swift,2025,REG-V-012932,693000.0
V012933,C009864,Toyota,Glanza,2016,REG-V-012933,939000.0
V012934,C009712,Maruti Suzuki,Baleno,2018,REG-V-012934,497000.0
V012935,C003853,Mahindra,Scorpio,2017,REG-V-012935,1149000.0
V012936,C007495,Mahindra,XUV300,2014,REG-V-012936,876000.0
V012937,C007416,Hyundai,Verna,2013,REG-V-012937,490000.0
V012938,C001010,Volkswagen,Taigun,2022,REG-V-012938,720000.0
V012939,C002371,Volkswagen,Virtus,2021,REG-V-012939,1326000.0
V012940,C008950,Tata,Altroz,2021,REG-V-012940,879000.0
V012941,C001654,Tata,Punch,2019,REG-V-012941,600000.0
V012942,C005245,Maruti Suzuki,Dzire,2020,REG-V-012942,453000.0
V012943,C002461,Hyundai,i20,2021,REG-V-012943,1100000.0
V012944,C005615,Maruti Suzuki,Ertiga,2015,REG-V-012944,419000.0
V012945,C001976,Honda,City,2019,REG-V-012945,858000.0
V012946,C002177,Honda,Amaze,2017,REG-V-012946,504000.0
V012947,C000485,Tata,Tiago,2024,REG-V-012947,1340000.0
V012948,C009904,Volkswagen,Polo,2013,REG-V-012948,421000.0
V012949,C001123,Kia,Seltos,2020,REG-V-012949,1300000.0
V012950,C004176,Volkswagen,Taigun,2018,REG-V-012950,843000.0
V012951,C004195,Mahindra,XUV300,2015,REG-V-012951,650000.0
V012952,C003025,Maruti Suzuki,Dzire,2012,REG-V-012952,367000.0
V012953,C008002,Toyota,Fortuner,2020,REG-V-012953,2510000.0
V012954,C003370,Hyundai,Creta,2024,REG-V-012954,1030000.0
V012955,C006296,Kia,Carens,2014,REG-V-012955,663000.0
V012956,C005467,Hyundai,i20,2022,REG-V-012956,962000.0
V012957,C008674,Mahindra,Scorpio,2017,REG-V-012957,1072000.0
V012958,C008246,Tata,Altroz,2016,REG-V-012958,340000.0
V012959,C002201,Kia,Carens,2012,REG-V-012959,450000.0
V012960,C007561,Kia,Carens,2012,REG-V-012960,423000.0
V012961,C007988,Maruti Suzuki,Dzire,2021,REG-V-012961,538000.0
V012962,C009227,Mahindra,Scorpio,2024,REG-V-012962,1244000.0
V012963,C009633,Tata,Tiago,2014,REG-V-012963,525000.0
V012964,C007427,Mahindra,Scorpio,2019,REG-V-012964,1722000.0
V012965,C004520,Maruti Suzuki,Swift,2018,REG-V-012965,369000.0
V012966,C002916,Honda,City,2015,REG-V-012966,676000.0
V012967,C008683,Hyundai,Venue,2017,REG-V-012967,776000.0
V012968,C009192,Maruti Suzuki,Swift,2014,REG-V-012968,324000.0
V012969,C000985,Honda,Civic,2020,REG-V-012969,1030000.0
V012970,C005580,Kia,Seltos,2017,REG-V-012970,588000.0
V012971,C001292,Kia,Sonet,2013,REG-V-012971,553000.0
V012972,C002533,Maruti Suzuki,Baleno,2014,REG-V-012972,310000.0
V012973,C003835,Maruti Suzuki,Dzire,2023,REG-V-012973,713000.0
V012974,C003098,Kia,Carens,2018,REG-V-012974,983000.0
V012975,C007212,Tata,Punch,2015,REG-V-012975,271000.0
V012976,C000799,Volkswagen,Taigun,2016,REG-V-012976,436000.0
V012977,C006185,Kia,Sonet,2012,REG-V-012977,341000.0
V012978,C005862,Honda,City,2021,REG-V-012978,1347000.0
V012979,C007943,Mahindra,XUV700,2024,REG-V-012979,1262000.0
V012980,C000976,Hyundai,Creta,2021,REG-V-012980,760000.0
V012981,C003306,Kia,Carens,2016,REG-V-012981,419000.0
V012982,C007013,Honda,Civic,2014,REG-V-012982,427000.0
V012983,C007166,Maruti Suzuki,Ertiga,2016,REG-V-012983,398000.0
V012984,C004516,Mahindra,XUV300,2012,REG-V-012984,560000.0
V012985,C004649,Kia,Sonet,2025,REG-V-012985,1562000.0
V012986,C009650,Mahindra,XUV700,2017,REG-V-012986,463000.0
V012987,C003246,Honda,Amaze,2018,REG-V-012987,701000.0
V012988,C001491,Tata,Altroz,2020,REG-V-012988,787000.0
V012989,C009536,Mahindra,Scorpio,2022,REG-V-012989,1835000.0
V012990,C008150,Honda,City,2018,REG-V-012990,851000.0
V012991,C002396,Mahindra,XUV700,2024,REG-V-012991,898000.0
V012992,C008615,Toyota,Innova,2022,REG-V-012992,957000.0
V012993,C002541,Tata,Altroz,2015,REG-V-012993,572000.0
V012994,C008326,Toyota,Glanza,2015,REG-V-012994,1014000.0
V012995,C006324,Honda,Civic,2016,REG-V-012995,417000.0
V012996,C004861,Hyundai,i20,2022,REG-V-012996,1040000.0
V012997,C009311,Hyundai,i20,2022,REG-V-012997,839000.0
V012998,C008146,Tata,Nexon,2012,REG-V-012998,370000.0
V012999,C001302,Tata,Nexon,2015,REG-V-012999,702000.0
V013000,C007105,Volkswagen,Virtus,2019,REG-V-013000,907000.0
V013001,C007960,Tata,Tiago,2013,REG-V-013001,266000.0
V013002,C005449,Mahindra,XUV300,2014,REG-V-013002,751000.0
V013003,C002759,Honda,Civic,2014,REG-V-013003,356000.0
V013004,C002367,Tata,Nexon,2022,REG-V-013004,660000.0
V013005,C009746,Volkswagen,Polo,2020,REG-V-013005,1042000.0
V013006,C004404,Mahindra,Scorpio,2018,REG-V-013006,561000.0
V013007,C005226,Toyota,Innova,2017,REG-V-013007,1397000.0
V013008,C006022,Honda,Civic,2024,REG-V-013008,1332000.0
V013009,C001016,Toyota,Fortuner,2020,REG-V-013009,1078000.0
V013010,C000824,Hyundai,i20,2020,REG-V-013010,683000.0
V013011,C001993,Maruti Suzuki,Swift,2020,REG-V-013011,631000.0
V013012,C000681,Honda,City,2013,REG-V-013012,362000.0
V013013,C009034,Mahindra,Bolero,2023,REG-V-013013,997000.0
V013014,C001469,Toyota,Glanza,2020,REG-V-013014,1905000.0
V013015,C002290,Volkswagen,Polo,2013,REG-V-013015,362000.0
V013016,C005406,Mahindra,Bolero,2022,REG-V-013016,1060000.0
V013017,C009014,Mahindra,XUV700,2025,REG-V-013017,2040000.0
V013018,C000510,Mahindra,XUV300,2015,REG-V-013018,1080000.0
V013019,C002179,Hyundai,Creta,2021,REG-V-013019,638000.0
V013020,C007225,Honda,City,2012,REG-V-013020,602000.0
V013021,C005229,Mahindra,Scorpio,2021,REG-V-013021,1733000.0
V013022,C005984,Honda,City,2013,REG-V-013022,531000.0
V013023,C000179,Tata,Punch,2019,REG-V-013023,656000.0
V013024,C008711,Kia,Seltos,2025,REG-V-013024,1309000.0
V013025,C005833,Kia,Seltos,2013,REG-V-013025,374000.0
V013026,C008380,Toyota,Fortuner,2013,REG-V-013026,859000.0
V013027,C009639,Hyundai,Creta,2019,REG-V-013027,795000.0
V013028,C007379,Toyota,Glanza,2024,REG-V-013028,1733000.0
V013029,C000322,Toyota,Fortuner,2020,REG-V-013029,1819000.0
V013030,C007165,Kia,Carens,2017,REG-V-013030,511000.0
V013031,C005678,Hyundai,i20,2018,REG-V-013031,702000.0
V013032,C001045,Maruti Suzuki,Baleno,2019,REG-V-013032,418000.0
V013033,C002708,Honda,Civic,2021,REG-V-013033,1370000.0
V013034,C001687,Toyota,Fortuner,2017,REG-V-013034,1423000.0
V013035,C009285,Kia,Seltos,2023,REG-V-013035,1030000.0
V013036,C008016,Volkswagen,Polo,2014,REG-V-013036,582000.0
V013037,C007051,Maruti Suzuki,Baleno,2023,REG-V-013037,478000.0
V013038,C007703,Kia,Seltos,2012,REG-V-013038,327000.0
V013039,C006051,Hyundai,Creta,2024,REG-V-013039,1362000.0
V013040,C008596,Kia,Carens,2024,REG-V-013040,1879000.0
V013041,C002309,Hyundai,Creta,2018,REG-V-013041,569000.0
V013042,C002523,Toyota,Fortuner,2021,REG-V-013042,2583000.0
V013043,C005961,Kia,Seltos,2014,REG-V-013043,519000.0
V013044,C008153,Honda,City,2024,REG-V-013044,1589000.0
V013045,C008395,Tata,Tiago,2012,REG-V-013045,595000.0
V013046,C009763,Mahindra,Scorpio,2025,REG-V-013046,1084000.0
V013047,C007693,Honda,Civic,2024,REG-V-013047,1040000.0
V013048,C002350,Toyota,Innova,2019,REG-V-013048,1532000.0
V013049,C002325,Hyundai,Venue,2012,REG-V-013049,448000.0
V013050,C004472,Tata,Altroz,2021,REG-V-013050,489000.0
V013051,C006539,Volkswagen,Taigun,2021,REG-V-013051,1413000.0
V013052,C005162,Toyota,Innova,2021,REG-V-013052,2743000.0
V013053,C000699,Kia,Carens,2013,REG-V-013053,424000.0
V013054,C004852,Honda,Amaze,2020,REG-V-013054,936000.0
V013055,C008219,Kia,Sonet,2021,REG-V-013055,1517000.0
V013056,C002425,Kia,Carens,2018,REG-V-013056,527000.0
V013057,C006399,Volkswagen,Taigun,2016,REG-V-013057,648000.0
V013058,C002698,Maruti Suzuki,Dzire,2016,REG-V-013058,322000.0
V013059,C005594,Honda,Amaze,2015,REG-V-013059,640000.0
V013060,C007052,Kia,Sonet,2018,REG-V-013060,1065000.0
V013061,C002082,Toyota,Fortuner,2025,REG-V-013061,1955000.0
V013062,C007460,Honda,Civic,2018,REG-V-013062,944000.0
V013063,C006812,Kia,Carens,2024,REG-V-013063,1940000.0
V013064,C003110,Kia,Sonet,2025,REG-V-013064,1979000.0
V013065,C009004,Mahindra,XUV300,2025,REG-V-013065,1703000.0
V013066,C007879,Volkswagen,Virtus,2014,REG-V-013066,654000.0
V013067,C005251,Toyota,Innova,2016,REG-V-013067,1595000.0
V013068,C000842,Toyota,Glanza,2022,REG-V-013068,1576000.0
V013069,C004433,Hyundai,Creta,2014,REG-V-013069,483000.0
V013070,C003282,Toyota,Glanza,2022,REG-V-013070,2489000.0
V013071,C002639,Hyundai,i20,2021,REG-V-013071,937000.0
V013072,C006480,Mahindra,Scorpio,2017,REG-V-013072,1413000.0
V013073,C009250,Honda,Amaze,2015,REG-V-013073,379000.0
V013074,C001454,Maruti Suzuki,Swift,2017,REG-V-013074,439000.0
V013075,C007479,Volkswagen,Taigun,2017,REG-V-013075,802000.0
V013076,C006262,Honda,Amaze,2023,REG-V-013076,1344000.0
V013077,C006715,Maruti Suzuki,Brezza,2013,REG-V-013077,372000.0
V013078,C008495,Mahindra,XUV300,2020,REG-V-013078,766000.0
V013079,C003765,Volkswagen,Virtus,2013,REG-V-013079,651000.0
V013080,C005839,Honda,Amaze,2016,REG-V-013080,627000.0
V013081,C002766,Maruti Suzuki,Baleno,2016,REG-V-013081,301000.0
V013082,C002834,Tata,Punch,2025,REG-V-013082,1593000.0
V013083,C005166,Hyundai,Verna,2012,REG-V-013083,542000.0
V013084,C000069,Maruti Suzuki,Baleno,2014,REG-V-013084,186000.0
V013085,C002503,Maruti Suzuki,Swift,2020,REG-V-013085,400000.0
V013086,C001506,Tata,Nexon,2014,REG-V-013086,329000.0
V013087,C001194,Volkswagen,Taigun,2013,REG-V-013087,696000.0
V013088,C003853,Volkswagen,Taigun,2022,REG-V-013088,1319000.0
V013089,C001052,Hyundai,Venue,2012,REG-V-013089,343000.0
V013090,C001535,Volkswagen,Polo,2022,REG-V-013090,763000.0
V013091,C006736,Toyota,Innova,2021,REG-V-013091,2486000.0
V013092,C006549,Toyota,Innova,2024,REG-V-013092,1132000.0
V013093,C009466,Tata,Punch,2024,REG-V-013093,1122000.0
V013094,C009240,Kia,Seltos,2014,REG-V-013094,523000.0
V013095,C008789,Maruti Suzuki,Ertiga,2022,REG-V-013095,792000.0
V013096,C006941,Kia,Seltos,2012,REG-V-013096,455000.0
V013097,C002674,Kia,Seltos,2018,REG-V-013097,822000.0
V013098,C001777,Tata,Altroz,2017,REG-V-013098,545000.0
V013099,C009506,Volkswagen,Virtus,2016,REG-V-013099,935000.0
V013100,C009595,Tata,Harrier,2019,REG-V-013100,711000.0
V013101,C005087,Kia,Seltos,2013,REG-V-013101,660000.0
V013102,C005525,Tata,Nexon,2017,REG-V-013102,500000.0
V013103,C000056,Volkswagen,Polo,2022,REG-V-013103,1041000.0
V013104,C001478,Volkswagen,Taigun,2014,REG-V-013104,625000.0
V013105,C005501,Volkswagen,Taigun,2015,REG-V-013105,532000.0
V013106,C001817,Kia,Carens,2022,REG-V-013106,1026000.0
V013107,C004827,Maruti Suzuki,Dzire,2013,REG-V-013107,235000.0
V013108,C008012,Maruti Suzuki,Dzire,2019,REG-V-013108,335000.0
V013109,C008069,Toyota,Glanza,2023,REG-V-013109,2153000.0
V013110,C008646,Honda,Amaze,2018,REG-V-013110,902000.0
V013111,C002379,Mahindra,Bolero,2025,REG-V-013111,1268000.0
V013112,C004346,Mahindra,Bolero,2020,REG-V-013112,1266000.0
V013113,C006311,Honda,City,2017,REG-V-013113,748000.0
V013114,C005857,Maruti Suzuki,Dzire,2020,REG-V-013114,646000.0
V013115,C009992,Honda,Civic,2018,REG-V-013115,744000.0
V013116,C002761,Honda,City,2017,REG-V-013116,931000.0
V013117,C000737,Honda,Civic,2016,REG-V-013117,721000.0
V013118,C003886,Tata,Punch,2019,REG-V-013118,794000.0
V013119,C005214,Maruti Suzuki,Brezza,2015,REG-V-013119,412000.0
V013120,C003881,Toyota,Glanza,2019,REG-V-013120,1963000.0
V013121,C003176,Volkswagen,Virtus,2020,REG-V-013121,949000.0
V013122,C002584,Toyota,Fortuner,2021,REG-V-013122,998000.0
V013123,C004300,Volkswagen,Taigun,2012,REG-V-013123,619000.0
V013124,C006927,Toyota,Fortuner,2012,REG-V-013124,685000.0
V013125,C001481,Kia,Sonet,2015,REG-V-013125,412000.0
V013126,C008692,Honda,Amaze,2012,REG-V-013126,456000.0
V013127,C006460,Toyota,Fortuner,2025,REG-V-013127,3442000.0
V013128,C001080,Honda,Amaze,2014,REG-V-013128,565000.0
V013129,C000250,Hyundai,i20,2023,REG-V-013129,1051000.0
V013130,C000526,Maruti Suzuki,Brezza,2023,REG-V-013130,583000.0
V013131,C000912,Hyundai,Venue,2020,REG-V-013131,872000.0
V013132,C006480,Mahindra,XUV700,2020,REG-V-013132,1745000.0
V013133,C009429,Honda,City,2017,REG-V-013133,933000.0
V013134,C001342,Mahindra,XUV300,2016,REG-V-013134,1070000.0
V013135,C002834,Toyota,Fortuner,2014,REG-V-013135,788000.0
V013136,C008695,Tata,Altroz,2024,REG-V-013136,1048000.0
V013137,C005096,Honda,City,2023,REG-V-013137,1004000.0
V013138,C004298,Volkswagen,Taigun,2012,REG-V-013138,399000.0
V013139,C004772,Toyota,Glanza,2013,REG-V-013139,1203000.0
V013140,C001022,Tata,Nexon,2024,REG-V-013140,557000.0
V013141,C002214,Honda,Civic,2015,REG-V-013141,602000.0
V013142,C009623,Toyota,Innova,2018,REG-V-013142,855000.0
V013143,C006478,Tata,Nexon,2017,REG-V-013143,461000.0
V013144,C002850,Maruti Suzuki,Ertiga,2021,REG-V-013144,485000.0
V013145,C009484,Volkswagen,Virtus,2020,REG-V-013145,1114000.0
V013146,C003992,Toyota,Fortuner,2024,REG-V-013146,1902000.0
V013147,C001409,Maruti Suzuki,Ertiga,2023,REG-V-013147,773000.0
V013148,C009652,Tata,Altroz,2025,REG-V-013148,948000.0
V013149,C006705,Honda,Amaze,2014,REG-V-013149,498000.0
V013150,C007596,Hyundai,Venue,2019,REG-V-013150,880000.0
V013151,C000237,Volkswagen,Taigun,2021,REG-V-013151,802000.0
V013152,C002821,Honda,City,2015,REG-V-013152,554000.0
V013153,C009470,Honda,Civic,2013,REG-V-013153,409000.0
V013154,C001547,Mahindra,Scorpio,2025,REG-V-013154,2351000.0
V013155,C008784,Maruti Suzuki,Dzire,2023,REG-V-013155,475000.0
V013156,C007773,Mahindra,Scorpio,2025,REG-V-013156,1140000.0
V013157,C003797,Kia,Carens,2023,REG-V-013157,1564000.0
V013158,C008926,Honda,City,2016,REG-V-013158,634000.0
V013159,C009259,Volkswagen,Virtus,2012,REG-V-013159,511000.0
V013160,C008711,Honda,Amaze,2025,REG-V-013160,1279000.0
V013161,C004091,Tata,Nexon,2025,REG-V-013161,1593000.0
V013162,C005916,Honda,City,2015,REG-V-013162,476000.0
V013163,C003046,Honda,City,2015,REG-V-013163,542000.0
V013164,C001302,Tata,Tiago,2016,REG-V-013164,371000.0
V013165,C009072,Honda,Amaze,2017,REG-V-013165,702000.0
V013166,C009809,Honda,City,2021,REG-V-013166,1188000.0
V013167,C000610,Kia,Carens,2022,REG-V-013167,1326000.0
V013168,C006911,Tata,Nexon,2014,REG-V-013168,470000.0
V013169,C009504,Hyundai,i10,2013,REG-V-013169,437000.0
V013170,C006123,Kia,Sonet,2015,REG-V-013170,427000.0
V013171,C000487,Kia,Sonet,2019,REG-V-013171,1093000.0
V013172,C000153,Honda,Civic,2013,REG-V-013172,331000.0
V013173,C005083,Tata,Altroz,2019,REG-V-013173,630000.0
V013174,C009419,Toyota,Fortuner,2022,REG-V-013174,1835000.0
V013175,C002785,Mahindra,XUV300,2017,REG-V-013175,1171000.0
V013176,C003507,Kia,Sonet,2025,REG-V-013176,939000.0
V013177,C008024,Maruti Suzuki,Swift,2019,REG-V-013177,577000.0
V013178,C008077,Kia,Seltos,2017,REG-V-013178,804000.0
V013179,C009456,Kia,Seltos,2019,REG-V-013179,616000.0
V013180,C008424,Tata,Altroz,2012,REG-V-013180,487000.0
V013181,C005978,Honda,Amaze,2021,REG-V-013181,932000.0
V013182,C009412,Mahindra,Bolero,2023,REG-V-013182,1349000.0
V013183,C006190,Kia,Seltos,2023,REG-V-013183,1344000.0
V013184,C006053,Toyota,Glanza,2022,REG-V-013184,1865000.0
V013185,C000159,Honda,Civic,2020,REG-V-013185,614000.0
V013186,C004579,Honda,City,2020,REG-V-013186,1114000.0
V013187,C000446,Tata,Harrier,2019,REG-V-013187,775000.0
V013188,C009037,Tata,Punch,2021,REG-V-013188,980000.0
V013189,C000106,Maruti Suzuki,Dzire,2017,REG-V-013189,498000.0
V013190,C003053,Honda,Civic,2015,REG-V-013190,507000.0
V013191,C009955,Mahindra,Bolero,2013,REG-V-013191,579000.0
V013192,C008013,Honda,City,2013,REG-V-013192,495000.0
V013193,C007641,Hyundai,i10,2025,REG-V-013193,1328000.0
V013194,C007178,Kia,Carens,2018,REG-V-013194,1103000.0
V013195,C000526,Mahindra,XUV300,2017,REG-V-013195,931000.0
V013196,C002869,Hyundai,Verna,2023,REG-V-013196,1202000.0
V013197,C008050,Mahindra,XUV300,2014,REG-V-013197,506000.0
V013198,C009007,Volkswagen,Virtus,2020,REG-V-013198,731000.0
V013199,C003503,Volkswagen,Virtus,2021,REG-V-013199,1018000.0
V013200,C002605,Maruti Suzuki,Dzire,2019,REG-V-013200,564000.0
V013201,C002382,Hyundai,Creta,2013,REG-V-013201,254000.0
V013202,C005521,Volkswagen,Polo,2020,REG-V-013202,1337000.0
V013203,C002901,Volkswagen,Taigun,2023,REG-V-013203,895000.0
V013204,C000227,Toyota,Fortuner,2013,REG-V-013204,1068000.0
V013205,C003920,Volkswagen,Polo,2021,REG-V-013205,1042000.0
V013206,C005576,Maruti Suzuki,Brezza,2014,REG-V-013206,344000.0
V013207,C006387,Volkswagen,Virtus,2016,REG-V-013207,615000.0
V013208,C003424,Kia,Seltos,2024,REG-V-013208,1932000.0
V013209,C003122,Hyundai,Venue,2017,REG-V-013209,378000.0
V013210,C002831,Hyundai,i20,2024,REG-V-013210,1031000.0
V013211,C006279,Maruti Suzuki,Baleno,2023,REG-V-013211,884000.0
V013212,C002828,Tata,Tiago,2025,REG-V-013212,801000.0
V013213,C009206,Kia,Sonet,2014,REG-V-013213,644000.0
V013214,C002809,Kia,Sonet,2021,REG-V-013214,1433000.0
V013215,C007970,Volkswagen,Taigun,2018,REG-V-013215,834000.0
V013216,C003182,Toyota,Fortuner,2023,REG-V-013216,2660000.0
V013217,C006396,Hyundai,i20,2024,REG-V-013217,1097000.0
V013218,C007033,Toyota,Innova,2025,REG-V-013218,2308000.0
V013219,C001735,Tata,Punch,2023,REG-V-013219,1435000.0
V013220,C003809,Hyundai,Venue,2019,REG-V-013220,570000.0
V013221,C001276,Tata,Harrier,2018,REG-V-013221,338000.0
V013222,C005138,Maruti Suzuki,Baleno,2016,REG-V-013222,416000.0
V013223,C009145,Hyundai,Verna,2018,REG-V-013223,736000.0
V013224,C005997,Maruti Suzuki,Dzire,2022,REG-V-013224,498000.0
V013225,C007055,Toyota,Innova,2017,REG-V-013225,1351000.0
V013226,C002820,Mahindra,Scorpio,2017,REG-V-013226,1010000.0
V013227,C004721,Tata,Tiago,2022,REG-V-013227,948000.0
V013228,C007469,Maruti Suzuki,Ertiga,2015,REG-V-013228,265000.0
V013229,C001316,Toyota,Glanza,2016,REG-V-013229,1579000.0
V013230,C001213,Mahindra,XUV300,2017,REG-V-013230,939000.0
V013231,C002269,Tata,Nexon,2019,REG-V-013231,826000.0
V013232,C002392,Kia,Sonet,2024,REG-V-013232,1532000.0
V013233,C009626,Volkswagen,Polo,2014,REG-V-013233,714000.0
V013234,C001581,Toyota,Fortuner,2014,REG-V-013234,719000.0
V013235,C001056,Hyundai,Verna,2023,REG-V-013235,722000.0
V013236,C001381,Toyota,Glanza,2014,REG-V-013236,554000.0
V013237,C002036,Honda,Amaze,2023,REG-V-013237,1170000.0
V013238,C003695,Volkswagen,Virtus,2017,REG-V-013238,581000.0
V013239,C001982,Hyundai,i10,2022,REG-V-013239,1045000.0
V013240,C000889,Volkswagen,Polo,2019,REG-V-013240,1228000.0
V013241,C001370,Honda,Amaze,2024,REG-V-013241,967000.0
V013242,C007962,Tata,Tiago,2013,REG-V-013242,399000.0
V013243,C005239,Maruti Suzuki,Baleno,2013,REG-V-013243,282000.0
V013244,C007523,Hyundai,Verna,2022,REG-V-013244,978000.0
V013245,C001761,Toyota,Glanza,2024,REG-V-013245,1382000.0
V013246,C003039,Kia,Seltos,2025,REG-V-013246,1051000.0
V013247,C009820,Tata,Altroz,2025,REG-V-013247,1155000.0
V013248,C000873,Toyota,Glanza,2024,REG-V-013248,2895000.0
V013249,C004418,Hyundai,i20,2018,REG-V-013249,641000.0
V013250,C002942,Mahindra,Scorpio,2017,REG-V-013250,487000.0
V013251,C000069,Hyundai,i10,2024,REG-V-013251,1423000.0
V013252,C005564,Tata,Harrier,2023,REG-V-013252,1305000.0
V013253,C005539,Toyota,Fortuner,2016,REG-V-013253,834000.0
V013254,C003188,Kia,Sonet,2020,REG-V-013254,1111000.0
V013255,C004763,Tata,Harrier,2015,REG-V-013255,595000.0
V013256,C003935,Toyota,Innova,2014,REG-V-013256,1308000.0
V013257,C004677,Mahindra,Scorpio,2016,REG-V-013257,1180000.0
V013258,C008527,Mahindra,Bolero,2025,REG-V-013258,1904000.0
V013259,C007187,Maruti Suzuki,Brezza,2015,REG-V-013259,258000.0
V013260,C002799,Toyota,Glanza,2019,REG-V-013260,927000.0
V013261,C002418,Tata,Altroz,2024,REG-V-013261,977000.0
V013262,C007308,Hyundai,i10,2017,REG-V-013262,461000.0
V013263,C002271,Volkswagen,Taigun,2015,REG-V-013263,802000.0
V013264,C009127,Tata,Nexon,2012,REG-V-013264,400000.0
V013265,C008367,Mahindra,Scorpio,2014,REG-V-013265,395000.0
V013266,C002544,Toyota,Innova,2024,REG-V-013266,1582000.0
V013267,C008073,Kia,Sonet,2022,REG-V-013267,707000.0
V013268,C001923,Toyota,Fortuner,2020,REG-V-013268,1158000.0
V013269,C000265,Hyundai,Verna,2015,REG-V-013269,490000.0
V013270,C009611,Tata,Punch,2018,REG-V-013270,928000.0
V013271,C007685,Honda,Amaze,2017,REG-V-013271,725000.0
V013272,C004928,Toyota,Fortuner,2013,REG-V-013272,914000.0
V013273,C008470,Volkswagen,Virtus,2017,REG-V-013273,831000.0
V013274,C000777,Hyundai,Venue,2019,REG-V-013274,509000.0
V013275,C007461,Volkswagen,Virtus,2019,REG-V-013275,1222000.0
V013276,C009571,Honda,Amaze,2019,REG-V-013276,703000.0
V013277,C008236,Hyundai,Verna,2024,REG-V-013277,1292000.0
V013278,C004344,Honda,City,2018,REG-V-013278,622000.0
V013279,C003461,Volkswagen,Virtus,2020,REG-V-013279,920000.0
V013280,C008979,Maruti Suzuki,Swift,2019,REG-V-013280,535000.0
V013281,C002901,Kia,Sonet,2016,REG-V-013281,592000.0
V013282,C009402,Hyundai,i10,2019,REG-V-013282,733000.0
V013283,C003183,Volkswagen,Taigun,2012,REG-V-013283,540000.0
V013284,C001251,Maruti Suzuki,Swift,2014,REG-V-013284,361000.0
V013285,C002382,Tata,Altroz,2017,REG-V-013285,655000.0
V013286,C005232,Tata,Harrier,2024,REG-V-013286,689000.0
V013287,C001315,Toyota,Innova,2020,REG-V-013287,1238000.0
V013288,C003809,Honda,Amaze,2013,REG-V-013288,382000.0
V013289,C009107,Hyundai,Creta,2023,REG-V-013289,1323000.0
V013290,C000942,Kia,Seltos,2015,REG-V-013290,773000.0
V013291,C006192,Mahindra,Scorpio,2015,REG-V-013291,804000.0
V013292,C004054,Maruti Suzuki,Swift,2017,REG-V-013292,346000.0
V013293,C006514,Volkswagen,Virtus,2023,REG-V-013293,1251000.0
V013294,C004934,Toyota,Glanza,2017,REG-V-013294,748000.0
V013295,C008817,Honda,Amaze,2021,REG-V-013295,939000.0
V013296,C004043,Volkswagen,Polo,2019,REG-V-013296,1022000.0
V013297,C005119,Toyota,Fortuner,2024,REG-V-013297,1146000.0
V013298,C001304,Kia,Seltos,2013,REG-V-013298,327000.0
V013299,C004941,Kia,Carens,2023,REG-V-013299,1631000.0
V013300,C001139,Maruti Suzuki,Dzire,2013,REG-V-013300,267000.0
V013301,C005879,Kia,Sonet,2017,REG-V-013301,557000.0
V013302,C004300,Kia,Seltos,2021,REG-V-013302,1471000.0
V013303,C007912,Hyundai,i10,2018,REG-V-013303,859000.0
V013304,C004203,Volkswagen,Virtus,2016,REG-V-013304,511000.0
V013305,C006344,Volkswagen,Virtus,2021,REG-V-013305,1460000.0
V013306,C000614,Hyundai,i20,2018,REG-V-013306,548000.0
V013307,C007149,Toyota,Glanza,2016,REG-V-013307,1121000.0
V013308,C009580,Tata,Tiago,2018,REG-V-013308,899000.0
V013309,C004490,Maruti Suzuki,Dzire,2025,REG-V-013309,543000.0
V013310,C000099,Tata,Nexon,2019,REG-V-013310,860000.0
V013311,C006080,Toyota,Innova,2019,REG-V-013311,1477000.0
V013312,C001442,Mahindra,Bolero,2012,REG-V-013312,344000.0
V013313,C004720,Honda,City,2015,REG-V-013313,679000.0
V013314,C000334,Honda,Civic,2016,REG-V-013314,688000.0
V013315,C004449,Honda,Civic,2024,REG-V-013315,1623000.0
V013316,C008794,Toyota,Glanza,2016,REG-V-013316,1135000.0
V013317,C001359,Volkswagen,Virtus,2025,REG-V-013317,1417000.0
V013318,C005031,Hyundai,i20,2021,REG-V-013318,572000.0
V013319,C002555,Hyundai,Verna,2025,REG-V-013319,977000.0
V013320,C002623,Toyota,Glanza,2017,REG-V-013320,1730000.0
V013321,C006477,Kia,Carens,2022,REG-V-013321,1167000.0
V013322,C007546,Tata,Punch,2018,REG-V-013322,775000.0
V013323,C008783,Hyundai,Creta,2014,REG-V-013323,289000.0
V013324,C002778,Tata,Altroz,2012,REG-V-013324,289000.0
V013325,C000731,Honda,City,2012,REG-V-013325,441000.0
V013326,C004444,Hyundai,i20,2012,REG-V-013326,547000.0
V013327,C005893,Honda,City,2014,REG-V-013327,565000.0
V013328,C007460,Kia,Sonet,2022,REG-V-013328,927000.0
V013329,C007627,Honda,Civic,2017,REG-V-013329,466000.0
V013330,C008670,Hyundai,Venue,2014,REG-V-013330,355000.0
V013331,C000323,Mahindra,XUV700,2013,REG-V-013331,688000.0
V013332,C009809,Kia,Sonet,2024,REG-V-013332,1481000.0
V013333,C009664,Maruti Suzuki,Swift,2017,REG-V-013333,276000.0
V013334,C000361,Toyota,Innova,2025,REG-V-013334,2747000.0
V013335,C003112,Volkswagen,Virtus,2014,REG-V-013335,631000.0
V013336,C007719,Toyota,Glanza,2025,REG-V-013336,2673000.0
V013337,C004825,Honda,Civic,2015,REG-V-013337,444000.0
V013338,C000047,Honda,City,2016,REG-V-013338,703000.0
V013339,C003551,Volkswagen,Taigun,2022,REG-V-013339,1597000.0
V013340,C005833,Mahindra,Bolero,2021,REG-V-013340,1519000.0
V013341,C008851,Hyundai,i20,2024,REG-V-013341,681000.0
V013342,C008340,Toyota,Glanza,2019,REG-V-013342,1675000.0
V013343,C009478,Volkswagen,Virtus,2023,REG-V-013343,1225000.0
V013344,C004720,Kia,Carens,2018,REG-V-013344,903000.0
V013345,C008048,Kia,Sonet,2018,REG-V-013345,582000.0
V013346,C001017,Tata,Tiago,2023,REG-V-013346,543000.0
V013347,C005222,Maruti Suzuki,Brezza,2023,REG-V-013347,769000.0
V013348,C009205,Tata,Punch,2022,REG-V-013348,840000.0
V013349,C008426,Maruti Suzuki,Dzire,2025,REG-V-013349,512000.0
V013350,C006594,Toyota,Glanza,2012,REG-V-013350,1077000.0
V013351,C001484,Maruti Suzuki,Dzire,2013,REG-V-013351,238000.0
V013352,C001823,Volkswagen,Polo,2017,REG-V-013352,839000.0
V013353,C006828,Honda,Civic,2019,REG-V-013353,629000.0
V013354,C003238,Honda,Civic,2012,REG-V-013354,316000.0
V013355,C003278,Toyota,Fortuner,2013,REG-V-013355,440000.0
V013356,C008523,Tata,Harrier,2021,REG-V-013356,744000.0
V013357,C000216,Honda,Amaze,2020,REG-V-013357,847000.0
V013358,C003942,Kia,Carens,2015,REG-V-013358,498000.0
V013359,C002406,Honda,City,2024,REG-V-013359,1604000.0
V013360,C000289,Hyundai,i10,2013,REG-V-013360,349000.0
V013361,C002184,Kia,Seltos,2012,REG-V-013361,487000.0
V013362,C001847,Maruti Suzuki,Swift,2023,REG-V-013362,437000.0
V013363,C005087,Kia,Carens,2021,REG-V-013363,1337000.0
V013364,C004383,Maruti Suzuki,Ertiga,2025,REG-V-013364,629000.0
V013365,C004757,Toyota,Fortuner,2017,REG-V-013365,905000.0
V013366,C008830,Toyota,Fortuner,2012,REG-V-013366,482000.0
V013367,C004987,Kia,Sonet,2015,REG-V-013367,619000.0
V013368,C006440,Hyundai,Creta,2012,REG-V-013368,461000.0
V013369,C006514,Tata,Nexon,2020,REG-V-013369,605000.0
V013370,C005206,Maruti Suzuki,Dzire,2021,REG-V-013370,412000.0
V013371,C003034,Mahindra,XUV300,2015,REG-V-013371,586000.0
V013372,C009083,Mahindra,XUV300,2013,REG-V-013372,920000.0
V013373,C004413,Honda,City,2022,REG-V-013373,1241000.0
V013374,C005755,Mahindra,XUV300,2019,REG-V-013374,1236000.0
V013375,C005628,Kia,Seltos,2012,REG-V-013375,690000.0
V013376,C008327,Toyota,Fortuner,2022,REG-V-013376,1388000.0
V013377,C005387,Mahindra,XUV300,2015,REG-V-013377,683000.0
V013378,C004594,Mahindra,Scorpio,2018,REG-V-013378,1053000.0
V013379,C004629,Mahindra,XUV300,2022,REG-V-013379,1958000.0
V013380,C007874,Toyota,Innova,2023,REG-V-013380,2986000.0
V013381,C003284,Toyota,Glanza,2025,REG-V-013381,2025000.0
V013382,C009381,Maruti Suzuki,Swift,2017,REG-V-013382,461000.0
V013383,C008510,Maruti Suzuki,Dzire,2020,REG-V-013383,584000.0
V013384,C001388,Volkswagen,Taigun,2019,REG-V-013384,1181000.0
V013385,C003155,Hyundai,Verna,2025,REG-V-013385,1073000.0
V013386,C009104,Hyundai,Verna,2025,REG-V-013386,1264000.0
V013387,C002780,Volkswagen,Polo,2023,REG-V-013387,1484000.0
V013388,C003160,Maruti Suzuki,Brezza,2022,REG-V-013388,774000.0
V013389,C002196,Tata,Punch,2023,REG-V-013389,1495000.0
V013390,C000563,Kia,Seltos,2020,REG-V-013390,1124000.0
V013391,C004825,Volkswagen,Polo,2014,REG-V-013391,318000.0
V013392,C007616,Hyundai,Creta,2015,REG-V-013392,330000.0
V013393,C006645,Tata,Altroz,2020,REG-V-013393,1181000.0
V013394,C000294,Maruti Suzuki,Baleno,2024,REG-V-013394,613000.0
V013395,C005272,Honda,Civic,2020,REG-V-013395,1179000.0
V013396,C003285,Honda,City,2021,REG-V-013396,720000.0
V013397,C006465,Hyundai,Verna,2023,REG-V-013397,1190000.0
V013398,C004069,Mahindra,Scorpio,2022,REG-V-013398,1787000.0
V013399,C009803,Tata,Altroz,2014,REG-V-013399,537000.0
V013400,C008334,Kia,Sonet,2022,REG-V-013400,826000.0
V013401,C007047,Tata,Tiago,2018,REG-V-013401,696000.0
V013402,C005189,Volkswagen,Virtus,2024,REG-V-013402,1376000.0
V013403,C005955,Tata,Harrier,2020,REG-V-013403,713000.0
V013404,C004444,Kia,Sonet,2022,REG-V-013404,1517000.0
V013405,C008009,Tata,Tiago,2017,REG-V-013405,478000.0
V013406,C009135,Mahindra,XUV700,2022,REG-V-013406,839000.0
V013407,C009992,Tata,Altroz,2022,REG-V-013407,1288000.0
V013408,C006028,Mahindra,Scorpio,2017,REG-V-013408,1178000.0
V013409,C006859,Mahindra,Bolero,2022,REG-V-013409,1717000.0
V013410,C004015,Mahindra,Bolero,2014,REG-V-013410,807000.0
V013411,C000086,Volkswagen,Polo,2015,REG-V-013411,423000.0
V013412,C007083,Volkswagen,Polo,2025,REG-V-013412,1135000.0
V013413,C009375,Volkswagen,Virtus,2023,REG-V-013413,1232000.0
V013414,C008633,Toyota,Fortuner,2021,REG-V-013414,2145000.0
V013415,C008839,Hyundai,Creta,2022,REG-V-013415,889000.0
V013416,C004038,Kia,Sonet,2020,REG-V-013416,1217000.0
V013417,C007183,Hyundai,Verna,2024,REG-V-013417,1228000.0
V013418,C006434,Maruti Suzuki,Swift,2018,REG-V-013418,324000.0
V013419,C005446,Volkswagen,Polo,2021,REG-V-013419,1424000.0
V013420,C001506,Hyundai,i10,2020,REG-V-013420,502000.0
V013421,C005799,Mahindra,XUV300,2017,REG-V-013421,948000.0
V013422,C002976,Mahindra,XUV700,2023,REG-V-013422,1970000.0
V013423,C007085,Maruti Suzuki,Dzire,2018,REG-V-013423,288000.0
V013424,C009466,Mahindra,XUV300,2019,REG-V-013424,986000.0
V013425,C007333,Mahindra,XUV700,2019,REG-V-013425,1012000.0
V013426,C002608,Honda,Amaze,2014,REG-V-013426,665000.0
V013427,C004688,Kia,Seltos,2017,REG-V-013427,950000.0
V013428,C005696,Kia,Sonet,2013,REG-V-013428,470000.0
V013429,C007316,Maruti Suzuki,Ertiga,2020,REG-V-013429,634000.0
V013430,C001467,Hyundai,Creta,2016,REG-V-013430,372000.0
V013431,C005293,Mahindra,Bolero,2015,REG-V-013431,619000.0
V013432,C008636,Tata,Nexon,2018,REG-V-013432,626000.0
V013433,C000294,Mahindra,XUV300,2020,REG-V-013433,1689000.0
V013434,C007331,Mahindra,XUV700,2022,REG-V-013434,2090000.0
V013435,C008862,Tata,Punch,2015,REG-V-013435,636000.0
V013436,C008022,Toyota,Fortuner,2023,REG-V-013436,2760000.0
V013437,C009353,Maruti Suzuki,Dzire,2020,REG-V-013437,367000.0
V013438,C007906,Honda,Civic,2014,REG-V-013438,469000.0
V013439,C005214,Kia,Seltos,2023,REG-V-013439,914000.0
V013440,C004805,Hyundai,Verna,2022,REG-V-013440,1115000.0
V013441,C000330,Toyota,Fortuner,2024,REG-V-013441,3184000.0
V013442,C000195,Kia,Carens,2014,REG-V-013442,693000.0
V013443,C006444,Hyundai,i20,2022,REG-V-013443,835000.0
V013444,C002750,Maruti Suzuki,Brezza,2021,REG-V-013444,575000.0
V013445,C003053,Honda,City,2018,REG-V-013445,991000.0
V013446,C008124,Mahindra,Bolero,2023,REG-V-013446,1222000.0
V013447,C001110,Mahindra,XUV300,2014,REG-V-013447,913000.0
V013448,C002830,Honda,Civic,2013,REG-V-013448,642000.0
V013449,C006887,Kia,Sonet,2016,REG-V-013449,895000.0
V013450,C000319,Honda,Civic,2021,REG-V-013450,1055000.0
V013451,C005236,Honda,Civic,2012,REG-V-013451,324000.0
V013452,C000871,Toyota,Glanza,2018,REG-V-013452,1552000.0
V013453,C007689,Mahindra,XUV700,2018,REG-V-013453,748000.0
V013454,C006393,Hyundai,i20,2019,REG-V-013454,555000.0
V013455,C006133,Volkswagen,Polo,2024,REG-V-013455,1643000.0
V013456,C002235,Honda,Amaze,2015,REG-V-013456,455000.0
V013457,C007303,Honda,Amaze,2021,REG-V-013457,1364000.0
V013458,C003003,Tata,Tiago,2023,REG-V-013458,894000.0
V013459,C005753,Mahindra,XUV700,2025,REG-V-013459,2257000.0
V013460,C000924,Hyundai,Creta,2018,REG-V-013460,490000.0
V013461,C000967,Maruti Suzuki,Ertiga,2012,REG-V-013461,244000.0
V013462,C001948,Mahindra,Scorpio,2014,REG-V-013462,690000.0
V013463,C002179,Tata,Harrier,2016,REG-V-013463,794000.0
V013464,C001266,Honda,Civic,2016,REG-V-013464,631000.0
V013465,C001180,Maruti Suzuki,Ertiga,2019,REG-V-013465,619000.0
V013466,C008847,Mahindra,Bolero,2015,REG-V-013466,1003000.0
V013467,C005582,Maruti Suzuki,Swift,2023,REG-V-013467,854000.0
V013468,C006267,Maruti Suzuki,Ertiga,2016,REG-V-013468,440000.0
V013469,C002864,Honda,Civic,2023,REG-V-013469,922000.0
V013470,C000574,Mahindra,XUV300,2017,REG-V-013470,1231000.0
V013471,C009681,Tata,Nexon,2012,REG-V-013471,275000.0
V013472,C000559,Toyota,Fortuner,2013,REG-V-013472,822000.0
V013473,C008275,Volkswagen,Polo,2023,REG-V-013473,1240000.0
V013474,C006699,Kia,Sonet,2022,REG-V-013474,1373000.0
V013475,C004091,Honda,Civic,2025,REG-V-013475,1588000.0
V013476,C007529,Tata,Nexon,2014,REG-V-013476,572000.0
V013477,C007712,Maruti Suzuki,Brezza,2025,REG-V-013477,655000.0
V013478,C008835,Kia,Sonet,2014,REG-V-013478,699000.0
V013479,C005488,Kia,Sonet,2025,REG-V-013479,1357000.0
V013480,C002154,Honda,City,2013,REG-V-013480,541000.0
V013481,C005766,Kia,Sonet,2025,REG-V-013481,1680000.0
V013482,C001006,Volkswagen,Virtus,2025,REG-V-013482,1009000.0
V013483,C003775,Hyundai,Verna,2015,REG-V-013483,494000.0
V013484,C006149,Kia,Carens,2020,REG-V-013484,739000.0
V013485,C002536,Kia,Seltos,2015,REG-V-013485,598000.0
V013486,C008688,Mahindra,Bolero,2024,REG-V-013486,2115000.0
V013487,C009762,Kia,Sonet,2024,REG-V-013487,1560000.0
V013488,C000777,Toyota,Fortuner,2021,REG-V-013488,2182000.0
V013489,C002069,Kia,Sonet,2019,REG-V-013489,1317000.0
V013490,C004769,Maruti Suzuki,Brezza,2012,REG-V-013490,178000.0
V013491,C000392,Mahindra,XUV300,2020,REG-V-013491,1644000.0
V013492,C000933,Honda,Civic,2017,REG-V-013492,672000.0
V013493,C009061,Hyundai,Verna,2020,REG-V-013493,1012000.0
V013494,C000470,Toyota,Innova,2021,REG-V-013494,1864000.0
V013495,C002496,Tata,Tiago,2012,REG-V-013495,336000.0
V013496,C004254,Toyota,Fortuner,2013,REG-V-013496,739000.0
V013497,C000216,Maruti Suzuki,Ertiga,2019,REG-V-013497,583000.0
V013498,C008155,Volkswagen,Virtus,2020,REG-V-013498,766000.0
V013499,C008347,Mahindra,Bolero,2012,REG-V-013499,806000.0
V013500,C003960,Toyota,Fortuner,2017,REG-V-013500,1234000.0
V013501,C002027,Tata,Harrier,2024,REG-V-013501,1152000.0
V013502,C008978,Tata,Punch,2015,REG-V-013502,273000.0
V013503,C006828,Volkswagen,Polo,2021,REG-V-013503,711000.0
V013504,C005277,Honda,City,2017,REG-V-013504,796000.0
V013505,C003941,Mahindra,Bolero,2014,REG-V-013505,797000.0
V013506,C005429,Toyota,Fortuner,2013,REG-V-013506,660000.0
V013507,C002515,Kia,Sonet,2021,REG-V-013507,1066000.0
V013508,C004516,Tata,Altroz,2024,REG-V-013508,656000.0
V013509,C006894,Mahindra,Scorpio,2014,REG-V-013509,691000.0
V013510,C004129,Kia,Carens,2025,REG-V-013510,1062000.0
V013511,C006887,Honda,Civic,2019,REG-V-013511,1143000.0
V013512,C007448,Kia,Sonet,2014,REG-V-013512,559000.0
V013513,C007604,Volkswagen,Virtus,2012,REG-V-013513,348000.0
V013514,C005742,Toyota,Fortuner,2018,REG-V-013514,714000.0
V013515,C001849,Toyota,Innova,2015,REG-V-013515,954000.0
V013516,C007048,Kia,Sonet,2023,REG-V-013516,815000.0
V013517,C008243,Tata,Altroz,2021,REG-V-013517,570000.0
V013518,C000946,Maruti Suzuki,Swift,2023,REG-V-013518,427000.0
V013519,C009011,Volkswagen,Virtus,2023,REG-V-013519,907000.0
V013520,C009432,Volkswagen,Polo,2025,REG-V-013520,1072000.0
V013521,C006730,Kia,Seltos,2013,REG-V-013521,318000.0
V013522,C001109,Mahindra,Bolero,2021,REG-V-013522,1897000.0
V013523,C006572,Honda,Amaze,2021,REG-V-013523,912000.0
V013524,C003563,Toyota,Innova,2021,REG-V-013524,1863000.0
V013525,C003025,Toyota,Fortuner,2017,REG-V-013525,1475000.0
V013526,C000374,Maruti Suzuki,Ertiga,2019,REG-V-013526,426000.0
V013527,C007304,Hyundai,Venue,2013,REG-V-013527,330000.0
V013528,C005720,Tata,Punch,2013,REG-V-013528,302000.0
V013529,C004529,Kia,Seltos,2016,REG-V-013529,837000.0
V013530,C003895,Maruti Suzuki,Brezza,2013,REG-V-013530,258000.0
V013531,C004134,Maruti Suzuki,Ertiga,2016,REG-V-013531,246000.0
V013532,C004553,Mahindra,XUV300,2024,REG-V-013532,952000.0
V013533,C004814,Honda,Amaze,2022,REG-V-013533,1059000.0
V013534,C000987,Kia,Carens,2025,REG-V-013534,1718000.0
V013535,C003812,Volkswagen,Virtus,2013,REG-V-013535,662000.0
V013536,C000666,Maruti Suzuki,Dzire,2024,REG-V-013536,782000.0
V013537,C007831,Maruti Suzuki,Baleno,2018,REG-V-013537,281000.0
V013538,C005261,Toyota,Fortuner,2017,REG-V-013538,1901000.0
V013539,C008060,Maruti Suzuki,Baleno,2023,REG-V-013539,470000.0
V013540,C004318,Mahindra,XUV700,2022,REG-V-013540,1354000.0
V013541,C001521,Kia,Sonet,2019,REG-V-013541,1208000.0
V013542,C002985,Toyota,Glanza,2023,REG-V-013542,1768000.0
V013543,C002361,Volkswagen,Virtus,2021,REG-V-013543,1046000.0
V013544,C004428,Tata,Punch,2021,REG-V-013544,657000.0
V013545,C007955,Tata,Punch,2013,REG-V-013545,463000.0
V013546,C001160,Hyundai,Creta,2023,REG-V-013546,1274000.0
V013547,C004016,Kia,Carens,2018,REG-V-013547,848000.0
V013548,C000921,Kia,Carens,2023,REG-V-013548,1029000.0
V013549,C003929,Honda,Amaze,2021,REG-V-013549,1072000.0
V013550,C005874,Volkswagen,Virtus,2020,REG-V-013550,1103000.0
V013551,C000716,Maruti Suzuki,Brezza,2017,REG-V-013551,366000.0
V013552,C000692,Maruti Suzuki,Brezza,2025,REG-V-013552,1020000.0
V013553,C007362,Maruti Suzuki,Dzire,2022,REG-V-013553,789000.0
V013554,C004091,Tata,Tiago,2024,REG-V-013554,851000.0
V013555,C003518,Hyundai,Verna,2012,REG-V-013555,381000.0
V013556,C006901,Volkswagen,Taigun,2013,REG-V-013556,665000.0
V013557,C000866,Hyundai,Verna,2022,REG-V-013557,1009000.0
V013558,C008634,Kia,Sonet,2017,REG-V-013558,1088000.0
V013559,C007825,Maruti Suzuki,Ertiga,2019,REG-V-013559,513000.0
V013560,C003909,Toyota,Glanza,2022,REG-V-013560,2171000.0
V013561,C004728,Maruti Suzuki,Swift,2019,REG-V-013561,497000.0
V013562,C003995,Tata,Harrier,2014,REG-V-013562,569000.0
V013563,C007928,Hyundai,Verna,2023,REG-V-013563,936000.0
V013564,C000305,Kia,Carens,2016,REG-V-013564,895000.0
V013565,C006759,Toyota,Fortuner,2013,REG-V-013565,687000.0
V013566,C003011,Toyota,Innova,2025,REG-V-013566,2872000.0
V013567,C007869,Maruti Suzuki,Brezza,2016,REG-V-013567,281000.0
V013568,C009839,Volkswagen,Polo,2022,REG-V-013568,1138000.0
V013569,C002787,Honda,Amaze,2021,REG-V-013569,694000.0
V013570,C004474,Honda,Amaze,2021,REG-V-013570,1006000.0
V013571,C005514,Mahindra,XUV700,2020,REG-V-013571,806000.0
V013572,C005550,Mahindra,XUV300,2024,REG-V-013572,837000.0
V013573,C001562,Maruti Suzuki,Dzire,2025,REG-V-013573,973000.0
V013574,C005881,Tata,Nexon,2022,REG-V-013574,716000.0
V013575,C007297,Mahindra,Scorpio,2023,REG-V-013575,2287000.0
V013576,C009457,Mahindra,XUV300,2017,REG-V-013576,1255000.0
V013577,C007309,Honda,Civic,2023,REG-V-013577,951000.0
V013578,C006076,Mahindra,XUV700,2012,REG-V-013578,627000.0
V013579,C002354,Tata,Altroz,2016,REG-V-013579,478000.0
V013580,C000992,Honda,City,2016,REG-V-013580,792000.0
V013581,C006388,Maruti Suzuki,Swift,2015,REG-V-013581,223000.0
V013582,C006293,Maruti Suzuki,Ertiga,2018,REG-V-013582,468000.0
V013583,C008431,Volkswagen,Taigun,2023,REG-V-013583,1387000.0
V013584,C004476,Toyota,Fortuner,2013,REG-V-013584,820000.0
V013585,C001719,Volkswagen,Taigun,2022,REG-V-013585,943000.0
V013586,C002272,Tata,Harrier,2015,REG-V-013586,417000.0
V013587,C004801,Volkswagen,Polo,2024,REG-V-013587,1021000.0
V013588,C003105,Volkswagen,Polo,2023,REG-V-013588,808000.0
V013589,C001800,Hyundai,Creta,2021,REG-V-013589,602000.0
V013590,C001083,Toyota,Glanza,2025,REG-V-013590,2514000.0
V013591,C004138,Tata,Tiago,2020,REG-V-013591,555000.0
V013592,C003367,Tata,Tiago,2023,REG-V-013592,722000.0
V013593,C009651,Hyundai,Creta,2013,REG-V-013593,319000.0
V013594,C008606,Mahindra,Scorpio,2021,REG-V-013594,1969000.0
V013595,C001837,Tata,Harrier,2018,REG-V-013595,968000.0
V013596,C007602,Tata,Nexon,2024,REG-V-013596,1201000.0
V013597,C004838,Mahindra,XUV300,2016,REG-V-013597,786000.0
V013598,C009294,Kia,Carens,2015,REG-V-013598,390000.0
V013599,C006127,Honda,City,2024,REG-V-013599,1014000.0
V013600,C002047,Maruti Suzuki,Ertiga,2013,REG-V-013600,185000.0
V013601,C001972,Tata,Harrier,2020,REG-V-013601,1205000.0
V013602,C009671,Tata,Tiago,2021,REG-V-013602,1252000.0
V013603,C009220,Hyundai,i20,2023,REG-V-013603,1172000.0
V013604,C004863,Tata,Nexon,2020,REG-V-013604,693000.0
V013605,C005682,Honda,Civic,2013,REG-V-013605,636000.0
V013606,C005511,Toyota,Fortuner,2019,REG-V-013606,1678000.0
V013607,C007704,Volkswagen,Polo,2018,REG-V-013607,513000.0
V013608,C004784,Maruti Suzuki,Brezza,2016,REG-V-013608,455000.0
V013609,C001225,Hyundai,Creta,2018,REG-V-013609,891000.0
V013610,C003224,Kia,Sonet,2018,REG-V-013610,821000.0
V013611,C005736,Hyundai,i10,2017,REG-V-013611,732000.0
V013612,C003515,Toyota,Glanza,2021,REG-V-013612,1576000.0
V013613,C008181,Volkswagen,Virtus,2013,REG-V-013613,526000.0
V013614,C009491,Maruti Suzuki,Brezza,2013,REG-V-013614,291000.0
V013615,C002438,Maruti Suzuki,Brezza,2012,REG-V-013615,258000.0
V013616,C008951,Hyundai,i10,2019,REG-V-013616,542000.0
V013617,C007210,Hyundai,i20,2012,REG-V-013617,325000.0
V013618,C005915,Maruti Suzuki,Brezza,2016,REG-V-013618,350000.0
V013619,C001306,Kia,Carens,2013,REG-V-013619,353000.0
V013620,C004125,Honda,Civic,2016,REG-V-013620,543000.0
V013621,C009957,Toyota,Fortuner,2015,REG-V-013621,475000.0
V013622,C006523,Mahindra,Bolero,2019,REG-V-013622,841000.0
V013623,C005959,Maruti Suzuki,Ertiga,2016,REG-V-013623,472000.0
V013624,C000361,Tata,Punch,2017,REG-V-013624,515000.0
V013625,C003192,Toyota,Innova,2024,REG-V-013625,2628000.0
V013626,C004918,Hyundai,i10,2020,REG-V-013626,801000.0
V013627,C006465,Honda,City,2017,REG-V-013627,676000.0
V013628,C008613,Maruti Suzuki,Brezza,2025,REG-V-013628,711000.0
V013629,C004605,Tata,Tiago,2017,REG-V-013629,370000.0
V013630,C002742,Volkswagen,Virtus,2024,REG-V-013630,1572000.0
V013631,C002804,Volkswagen,Polo,2024,REG-V-013631,1328000.0
V013632,C001382,Mahindra,Bolero,2013,REG-V-013632,473000.0
V013633,C001446,Hyundai,Verna,2013,REG-V-013633,545000.0
V013634,C003040,Tata,Punch,2023,REG-V-013634,1056000.0
V013635,C007731,Mahindra,Bolero,2015,REG-V-013635,596000.0
V013636,C004148,Volkswagen,Polo,2023,REG-V-013636,1201000.0
V013637,C008633,Maruti Suzuki,Brezza,2017,REG-V-013637,470000.0
V013638,C009502,Maruti Suzuki,Swift,2023,REG-V-013638,725000.0
V013639,C000773,Mahindra,Scorpio,2019,REG-V-013639,1417000.0
V013640,C007158,Hyundai,i20,2013,REG-V-013640,511000.0
V013641,C000869,Volkswagen,Virtus,2019,REG-V-013641,728000.0
V013642,C000740,Honda,Amaze,2012,REG-V-013642,632000.0
V013643,C002755,Mahindra,Bolero,2015,REG-V-013643,1086000.0
V013644,C001028,Mahindra,XUV300,2015,REG-V-013644,403000.0
V013645,C006677,Volkswagen,Virtus,2020,REG-V-013645,654000.0
V013646,C007213,Honda,City,2018,REG-V-013646,807000.0
V013647,C006442,Mahindra,XUV700,2023,REG-V-013647,1300000.0
V013648,C005797,Mahindra,Bolero,2019,REG-V-013648,1298000.0
V013649,C007886,Tata,Punch,2012,REG-V-013649,485000.0
V013650,C007796,Mahindra,Scorpio,2012,REG-V-013650,404000.0
V013651,C008749,Maruti Suzuki,Swift,2012,REG-V-013651,248000.0
V013652,C006969,Kia,Seltos,2019,REG-V-013652,976000.0
V013653,C003562,Honda,Amaze,2013,REG-V-013653,436000.0
V013654,C005284,Honda,City,2015,REG-V-013654,449000.0
V013655,C004946,Hyundai,Verna,2015,REG-V-013655,363000.0
V013656,C001083,Mahindra,XUV700,2013,REG-V-013656,828000.0
V013657,C008162,Toyota,Innova,2019,REG-V-013657,1515000.0
V013658,C009168,Toyota,Innova,2021,REG-V-013658,2371000.0
V013659,C009845,Volkswagen,Taigun,2020,REG-V-013659,634000.0
V013660,C002502,Tata,Altroz,2019,REG-V-013660,652000.0
V013661,C000962,Kia,Sonet,2019,REG-V-013661,842000.0
V013662,C001109,Kia,Sonet,2019,REG-V-013662,662000.0
V013663,C008102,Toyota,Glanza,2012,REG-V-013663,717000.0
V013664,C006358,Honda,Civic,2018,REG-V-013664,638000.0
V013665,C007628,Volkswagen,Virtus,2018,REG-V-013665,745000.0
V013666,C009100,Hyundai,i10,2013,REG-V-013666,340000.0
V013667,C002287,Maruti Suzuki,Baleno,2016,REG-V-013667,400000.0
V013668,C003648,Kia,Sonet,2013,REG-V-013668,589000.0
V013669,C007987,Mahindra,Scorpio,2023,REG-V-013669,917000.0
V013670,C002604,Honda,Civic,2020,REG-V-013670,720000.0
V013671,C005099,Maruti Suzuki,Baleno,2020,REG-V-013671,358000.0
V013672,C004453,Kia,Sonet,2022,REG-V-013672,1097000.0
V013673,C005990,Honda,City,2015,REG-V-013673,460000.0
V013674,C009886,Toyota,Innova,2023,REG-V-013674,1099000.0
V013675,C001046,Toyota,Glanza,2019,REG-V-013675,1081000.0
V013676,C004884,Kia,Sonet,2022,REG-V-013676,1159000.0
V013677,C009590,Honda,Civic,2015,REG-V-013677,483000.0
V013678,C003478,Honda,Amaze,2024,REG-V-013678,1388000.0
V013679,C007468,Maruti Suzuki,Ertiga,2024,REG-V-013679,708000.0
V013680,C009325,Honda,Civic,2025,REG-V-013680,1361000.0
V013681,C002428,Mahindra,Bolero,2014,REG-V-013681,798000.0
V013682,C000825,Volkswagen,Polo,2022,REG-V-013682,810000.0
V013683,C000776,Kia,Seltos,2016,REG-V-013683,980000.0
V013684,C000755,Kia,Sonet,2018,REG-V-013684,1058000.0
V013685,C003507,Toyota,Innova,2014,REG-V-013685,492000.0
V013686,C001265,Maruti Suzuki,Brezza,2013,REG-V-013686,187000.0
V013687,C004068,Kia,Seltos,2021,REG-V-013687,1067000.0
V013688,C007607,Mahindra,XUV300,2019,REG-V-013688,952000.0
V013689,C002969,Toyota,Fortuner,2017,REG-V-013689,1449000.0
V013690,C004831,Hyundai,i10,2013,REG-V-013690,523000.0
V013691,C001274,Tata,Punch,2019,REG-V-013691,514000.0
V013692,C007023,Tata,Altroz,2013,REG-V-013692,315000.0
V013693,C003160,Kia,Carens,2019,REG-V-013693,948000.0
V013694,C001357,Maruti Suzuki,Swift,2016,REG-V-013694,435000.0
V013695,C009554,Hyundai,Verna,2021,REG-V-013695,560000.0
V013696,C007766,Maruti Suzuki,Brezza,2021,REG-V-013696,663000.0
V013697,C006560,Volkswagen,Virtus,2015,REG-V-013697,752000.0
V013698,C007284,Mahindra,Bolero,2017,REG-V-013698,760000.0
V013699,C004280,Hyundai,i10,2025,REG-V-013699,1477000.0
V013700,C002970,Tata,Punch,2022,REG-V-013700,1125000.0
V013701,C005047,Toyota,Glanza,2016,REG-V-013701,590000.0
V013702,C008300,Kia,Carens,2018,REG-V-013702,779000.0
V013703,C009639,Honda,Amaze,2020,REG-V-013703,751000.0
V013704,C006096,Tata,Altroz,2019,REG-V-013704,917000.0
V013705,C003776,Tata,Nexon,2014,REG-V-013705,489000.0
V013706,C007233,Tata,Punch,2021,REG-V-013706,510000.0
V013707,C007013,Honda,City,2023,REG-V-013707,1450000.0
V013708,C002496,Honda,Civic,2015,REG-V-013708,750000.0
V013709,C004389,Honda,Civic,2019,REG-V-013709,1144000.0
V013710,C001347,Toyota,Fortuner,2017,REG-V-013710,1265000.0
V013711,C004039,Hyundai,Verna,2017,REG-V-013711,703000.0
V013712,C007700,Maruti Suzuki,Ertiga,2025,REG-V-013712,796000.0
V013713,C003123,Toyota,Innova,2025,REG-V-013713,1669000.0
V013714,C006375,Hyundai,i10,2014,REG-V-013714,516000.0
V013715,C003261,Mahindra,XUV700,2025,REG-V-013715,2249000.0
V013716,C001460,Volkswagen,Virtus,2022,REG-V-013716,1280000.0
V013717,C007475,Tata,Nexon,2021,REG-V-013717,768000.0
V013718,C005939,Mahindra,Bolero,2013,REG-V-013718,868000.0
V013719,C008303,Tata,Punch,2023,REG-V-013719,658000.0
V013720,C006833,Toyota,Glanza,2013,REG-V-013720,826000.0
V013721,C008219,Mahindra,XUV700,2012,REG-V-013721,367000.0
V013722,C001540,Toyota,Glanza,2019,REG-V-013722,1315000.0
V013723,C006193,Hyundai,Creta,2024,REG-V-013723,1003000.0
V013724,C003681,Kia,Carens,2014,REG-V-013724,491000.0
V013725,C007528,Hyundai,Creta,2021,REG-V-013725,929000.0
V013726,C005847,Toyota,Fortuner,2016,REG-V-013726,908000.0
V013727,C000562,Hyundai,Verna,2022,REG-V-013727,1005000.0
V013728,C005376,Hyundai,Venue,2025,REG-V-013728,1327000.0
V013729,C007510,Toyota,Innova,2012,REG-V-013729,683000.0
V013730,C002641,Maruti Suzuki,Baleno,2012,REG-V-013730,298000.0
V013731,C006581,Toyota,Fortuner,2024,REG-V-013731,2899000.0
V013732,C008447,Toyota,Glanza,2015,REG-V-013732,856000.0
V013733,C000679,Volkswagen,Virtus,2021,REG-V-013733,1049000.0
V013734,C005827,Kia,Sonet,2014,REG-V-013734,723000.0
V013735,C008936,Maruti Suzuki,Swift,2023,REG-V-013735,571000.0
V013736,C001266,Mahindra,Bolero,2018,REG-V-013736,1533000.0
V013737,C002696,Volkswagen,Virtus,2013,REG-V-013737,589000.0
V013738,C006305,Mahindra,XUV700,2022,REG-V-013738,1360000.0
V013739,C005895,Volkswagen,Polo,2024,REG-V-013739,1401000.0
V013740,C007996,Volkswagen,Polo,2024,REG-V-013740,1588000.0
V013741,C006328,Tata,Altroz,2014,REG-V-013741,614000.0
V013742,C005803,Mahindra,XUV300,2023,REG-V-013742,1442000.0
V013743,C004542,Toyota,Innova,2022,REG-V-013743,1305000.0
V013744,C000793,Honda,City,2015,REG-V-013744,420000.0
V013745,C005955,Toyota,Innova,2023,REG-V-013745,2650000.0
V013746,C001562,Honda,Civic,2012,REG-V-013746,540000.0
V013747,C009962,Hyundai,i10,2024,REG-V-013747,845000.0
V013748,C000796,Honda,Civic,2020,REG-V-013748,1061000.0
V013749,C000776,Kia,Seltos,2020,REG-V-013749,1421000.0
V013750,C007944,Honda,Amaze,2019,REG-V-013750,1160000.0
V013751,C001022,Mahindra,Bolero,2016,REG-V-013751,1088000.0
V013752,C004068,Hyundai,Creta,2024,REG-V-013752,647000.0
V013753,C009305,Kia,Seltos,2019,REG-V-013753,1289000.0
V013754,C007949,Honda,City,2024,REG-V-013754,1383000.0
V013755,C002350,Mahindra,XUV300,2021,REG-V-013755,1434000.0
V013756,C002528,Hyundai,Venue,2022,REG-V-013756,711000.0
V013757,C005965,Kia,Seltos,2025,REG-V-013757,1980000.0
V013758,C004902,Toyota,Innova,2025,REG-V-013758,2181000.0
V013759,C001163,Honda,Amaze,2019,REG-V-013759,577000.0
V013760,C001581,Mahindra,XUV700,2019,REG-V-013760,1287000.0
V013761,C008089,Hyundai,i20,2015,REG-V-013761,467000.0
V013762,C003444,Kia,Seltos,2024,REG-V-013762,1443000.0
V013763,C008053,Volkswagen,Polo,2018,REG-V-013763,1146000.0
V013764,C001905,Tata,Altroz,2018,REG-V-013764,678000.0
V013765,C006033,Volkswagen,Taigun,2016,REG-V-013765,902000.0
V013766,C005093,Kia,Seltos,2021,REG-V-013766,933000.0
V013767,C003248,Toyota,Innova,2014,REG-V-013767,506000.0
V013768,C006133,Honda,City,2024,REG-V-013768,1673000.0
V013769,C001246,Hyundai,Venue,2016,REG-V-013769,435000.0
V013770,C008607,Maruti Suzuki,Swift,2017,REG-V-013770,371000.0
V013771,C007500,Tata,Altroz,2021,REG-V-013771,456000.0
V013772,C002857,Volkswagen,Taigun,2025,REG-V-013772,1890000.0
V013773,C005848,Toyota,Glanza,2018,REG-V-013773,1242000.0
V013774,C009072,Honda,Amaze,2018,REG-V-013774,870000.0
V013775,C004237,Maruti Suzuki,Baleno,2015,REG-V-013775,425000.0
V013776,C003641,Honda,Civic,2013,REG-V-013776,386000.0
V013777,C008052,Mahindra,XUV700,2016,REG-V-013777,849000.0
V013778,C000014,Toyota,Fortuner,2012,REG-V-013778,840000.0
V013779,C006901,Toyota,Innova,2023,REG-V-013779,2757000.0
V013780,C002178,Mahindra,XUV300,2013,REG-V-013780,817000.0
V013781,C006980,Honda,Amaze,2017,REG-V-013781,681000.0
V013782,C004411,Toyota,Fortuner,2022,REG-V-013782,2380000.0
V013783,C000213,Maruti Suzuki,Dzire,2021,REG-V-013783,528000.0
V013784,C008792,Hyundai,i20,2023,REG-V-013784,820000.0
V013785,C005509,Volkswagen,Taigun,2012,REG-V-013785,546000.0
V013786,C003118,Tata,Harrier,2020,REG-V-013786,538000.0
V013787,C007084,Hyundai,Venue,2014,REG-V-013787,320000.0
V013788,C005007,Tata,Harrier,2018,REG-V-013788,536000.0
V013789,C000357,Mahindra,Bolero,2012,REG-V-013789,799000.0
V013790,C006540,Mahindra,Bolero,2014,REG-V-013790,539000.0
V013791,C009693,Hyundai,i10,2020,REG-V-013791,1024000.0
V013792,C002243,Volkswagen,Taigun,2020,REG-V-013792,1053000.0
V013793,C008659,Toyota,Fortuner,2016,REG-V-013793,594000.0
V013794,C006254,Mahindra,Bolero,2014,REG-V-013794,495000.0
V013795,C000792,Toyota,Fortuner,2023,REG-V-013795,1307000.0
V013796,C007355,Tata,Nexon,2013,REG-V-013796,586000.0
V013797,C004441,Maruti Suzuki,Ertiga,2019,REG-V-013797,344000.0
V013798,C008000,Honda,Amaze,2020,REG-V-013798,1019000.0
V013799,C006407,Honda,City,2023,REG-V-013799,1391000.0
V013800,C000027,Tata,Tiago,2024,REG-V-013800,805000.0
V013801,C001265,Mahindra,Scorpio,2018,REG-V-013801,1139000.0
V013802,C003526,Kia,Seltos,2016,REG-V-013802,973000.0
V013803,C004852,Volkswagen,Virtus,2014,REG-V-013803,527000.0
V013804,C009354,Mahindra,XUV700,2013,REG-V-013804,678000.0
V013805,C008272,Tata,Punch,2022,REG-V-013805,620000.0
V013806,C008075,Maruti Suzuki,Brezza,2024,REG-V-013806,873000.0
V013807,C005432,Toyota,Innova,2016,REG-V-013807,1229000.0
V013808,C000933,Toyota,Innova,2018,REG-V-013808,882000.0
V013809,C007521,Volkswagen,Taigun,2023,REG-V-013809,1486000.0
V013810,C000878,Toyota,Fortuner,2023,REG-V-013810,3092000.0
V013811,C000920,Volkswagen,Polo,2025,REG-V-013811,1446000.0
V013812,C002568,Honda,City,2020,REG-V-013812,1213000.0
V013813,C009259,Volkswagen,Virtus,2012,REG-V-013813,504000.0
V013814,C007558,Kia,Seltos,2017,REG-V-013814,625000.0
V013815,C000781,Tata,Punch,2013,REG-V-013815,233000.0
V013816,C009225,Mahindra,Bolero,2016,REG-V-013816,982000.0
V013817,C007912,Mahindra,XUV700,2022,REG-V-013817,1383000.0
V013818,C006080,Toyota,Glanza,2012,REG-V-013818,490000.0
V013819,C001270,Hyundai,Verna,2020,REG-V-013819,904000.0
V013820,C003187,Toyota,Fortuner,2020,REG-V-013820,1661000.0
V013821,C002994,Maruti Suzuki,Dzire,2021,REG-V-013821,380000.0
V013822,C006450,Tata,Tiago,2013,REG-V-013822,453000.0
V013823,C005923,Mahindra,Bolero,2013,REG-V-013823,604000.0
V013824,C002769,Maruti Suzuki,Brezza,2025,REG-V-013824,579000.0
V013825,C003098,Volkswagen,Taigun,2017,REG-V-013825,926000.0
V013826,C005221,Toyota,Glanza,2015,REG-V-013826,1485000.0
V013827,C008499,Honda,Amaze,2012,REG-V-013827,554000.0
V013828,C001265,Mahindra,XUV300,2021,REG-V-013828,1382000.0
V013829,C007313,Kia,Carens,2020,REG-V-013829,1246000.0
V013830,C009960,Mahindra,Scorpio,2022,REG-V-013830,1700000.0
V013831,C007557,Toyota,Glanza,2017,REG-V-013831,662000.0
V013832,C004441,Volkswagen,Polo,2025,REG-V-013832,1751000.0
V013833,C007376,Mahindra,Bolero,2019,REG-V-013833,1008000.0
V013834,C008640,Toyota,Fortuner,2018,REG-V-013834,1224000.0
V013835,C007753,Hyundai,i10,2025,REG-V-013835,797000.0
V013836,C000130,Toyota,Glanza,2022,REG-V-013836,2344000.0
V013837,C001319,Hyundai,Verna,2022,REG-V-013837,980000.0
V013838,C001079,Tata,Tiago,2023,REG-V-013838,669000.0
V013839,C000329,Volkswagen,Virtus,2017,REG-V-013839,789000.0
V013840,C007195,Hyundai,i20,2020,REG-V-013840,958000.0
V013841,C002681,Toyota,Fortuner,2017,REG-V-013841,1803000.0
V013842,C007276,Volkswagen,Taigun,2023,REG-V-013842,1308000.0
V013843,C006706,Tata,Nexon,2015,REG-V-013843,572000.0
V013844,C005274,Mahindra,Bolero,2018,REG-V-013844,1533000.0
V013845,C000620,Toyota,Innova,2017,REG-V-013845,1793000.0
V013846,C003040,Kia,Seltos,2020,REG-V-013846,1376000.0
V013847,C000289,Tata,Punch,2015,REG-V-013847,323000.0
V013848,C009150,Tata,Harrier,2016,REG-V-013848,359000.0
V013849,C003069,Maruti Suzuki,Swift,2025,REG-V-013849,895000.0
V013850,C000954,Maruti Suzuki,Baleno,2016,REG-V-013850,390000.0
V013851,C000026,Maruti Suzuki,Ertiga,2018,REG-V-013851,593000.0
V013852,C006159,Mahindra,XUV700,2022,REG-V-013852,1615000.0
V013853,C006254,Maruti Suzuki,Swift,2014,REG-V-013853,327000.0
V013854,C009953,Maruti Suzuki,Baleno,2024,REG-V-013854,765000.0
V013855,C002873,Tata,Tiago,2020,REG-V-013855,1157000.0
V013856,C000481,Volkswagen,Polo,2022,REG-V-013856,1604000.0
V013857,C007866,Tata,Altroz,2022,REG-V-013857,511000.0
V013858,C003033,Honda,City,2024,REG-V-013858,1152000.0
V013859,C003286,Kia,Seltos,2024,REG-V-013859,1186000.0
V013860,C009129,Mahindra,XUV700,2019,REG-V-013860,1718000.0
V013861,C005797,Tata,Altroz,2012,REG-V-013861,233000.0
V013862,C004019,Maruti Suzuki,Baleno,2020,REG-V-013862,355000.0
V013863,C009514,Honda,City,2020,REG-V-013863,641000.0
V013864,C002664,Tata,Punch,2023,REG-V-013864,875000.0
V013865,C000228,Maruti Suzuki,Dzire,2021,REG-V-013865,507000.0
V013866,C002329,Kia,Seltos,2016,REG-V-013866,562000.0
V013867,C000459,Honda,Civic,2025,REG-V-013867,1497000.0
V013868,C004092,Hyundai,i10,2021,REG-V-013868,809000.0
V013869,C008357,Hyundai,Verna,2017,REG-V-013869,390000.0
V013870,C009754,Hyundai,Verna,2020,REG-V-013870,626000.0
V013871,C007046,Honda,Civic,2016,REG-V-013871,488000.0
V013872,C009294,Toyota,Fortuner,2015,REG-V-013872,1087000.0
V013873,C004103,Toyota,Glanza,2017,REG-V-013873,684000.0
V013874,C003012,Honda,Civic,2021,REG-V-013874,1056000.0
V013875,C001534,Mahindra,XUV300,2013,REG-V-013875,580000.0
V013876,C005057,Toyota,Fortuner,2018,REG-V-013876,1854000.0
V013877,C003254,Kia,Sonet,2025,REG-V-013877,1158000.0
V013878,C001082,Honda,City,2012,REG-V-013878,389000.0
V013879,C009353,Volkswagen,Taigun,2025,REG-V-013879,1692000.0
V013880,C001237,Volkswagen,Polo,2018,REG-V-013880,961000.0
V013881,C007461,Volkswagen,Polo,2018,REG-V-013881,630000.0
V013882,C000707,Maruti Suzuki,Ertiga,2020,REG-V-013882,504000.0
V013883,C005313,Kia,Seltos,2017,REG-V-013883,1053000.0
V013884,C006794,Toyota,Fortuner,2019,REG-V-013884,1566000.0
V013885,C002368,Hyundai,Creta,2025,REG-V-013885,871000.0
V013886,C000776,Maruti Suzuki,Ertiga,2016,REG-V-013886,348000.0
V013887,C005970,Honda,Civic,2014,REG-V-013887,425000.0
V013888,C006071,Tata,Nexon,2016,REG-V-013888,386000.0
V013889,C003105,Hyundai,Venue,2012,REG-V-013889,477000.0
V013890,C003775,Mahindra,Scorpio,2012,REG-V-013890,826000.0
V013891,C000471,Maruti Suzuki,Baleno,2021,REG-V-013891,794000.0
V013892,C002943,Maruti Suzuki,Ertiga,2024,REG-V-013892,636000.0
V013893,C008884,Kia,Carens,2020,REG-V-013893,1461000.0
V013894,C001712,Mahindra,XUV700,2014,REG-V-013894,457000.0
V013895,C004720,Maruti Suzuki,Ertiga,2016,REG-V-013895,447000.0
V013896,C006816,Maruti Suzuki,Swift,2014,REG-V-013896,336000.0
V013897,C008089,Toyota,Innova,2016,REG-V-013897,634000.0
V013898,C000821,Mahindra,XUV300,2013,REG-V-013898,347000.0
V013899,C005961,Honda,Amaze,2014,REG-V-013899,442000.0
V013900,C006314,Hyundai,Creta,2024,REG-V-013900,877000.0
V013901,C001984,Kia,Seltos,2018,REG-V-013901,620000.0
V013902,C000321,Mahindra,XUV300,2022,REG-V-013902,1362000.0
V013903,C008485,Tata,Tiago,2022,REG-V-013903,923000.0
V013904,C004430,Hyundai,i10,2023,REG-V-013904,1072000.0
V013905,C000630,Honda,City,2019,REG-V-013905,899000.0
V013906,C005827,Maruti Suzuki,Swift,2019,REG-V-013906,387000.0
V013907,C003778,Mahindra,XUV300,2013,REG-V-013907,961000.0
V013908,C000807,Hyundai,Venue,2021,REG-V-013908,903000.0
V013909,C002858,Toyota,Fortuner,2018,REG-V-013909,1197000.0
V013910,C003253,Maruti Suzuki,Baleno,2024,REG-V-013910,937000.0
V013911,C005793,Honda,City,2023,REG-V-013911,1063000.0
V013912,C004052,Volkswagen,Taigun,2021,REG-V-013912,1414000.0
V013913,C001077,Toyota,Innova,2022,REG-V-013913,1895000.0
V013914,C006401,Hyundai,Venue,2020,REG-V-013914,811000.0
V013915,C007341,Toyota,Glanza,2019,REG-V-013915,921000.0
V013916,C005110,Volkswagen,Virtus,2025,REG-V-013916,1033000.0
V013917,C000657,Honda,Civic,2015,REG-V-013917,676000.0
V013918,C001043,Kia,Seltos,2024,REG-V-013918,931000.0
V013919,C009464,Volkswagen,Virtus,2012,REG-V-013919,475000.0
V013920,C001901,Tata,Tiago,2019,REG-V-013920,811000.0
V013921,C003057,Maruti Suzuki,Ertiga,2013,REG-V-013921,223000.0
V013922,C006910,Toyota,Innova,2017,REG-V-013922,1737000.0
V013923,C007980,Mahindra,Bolero,2023,REG-V-013923,1129000.0
V013924,C009155,Honda,Civic,2023,REG-V-013924,960000.0
V013925,C003968,Hyundai,i10,2025,REG-V-013925,1225000.0
V013926,C009929,Honda,Civic,2015,REG-V-013926,416000.0
V013927,C001049,Kia,Seltos,2023,REG-V-013927,1498000.0
V013928,C008316,Toyota,Glanza,2018,REG-V-013928,1818000.0
V013929,C002722,Honda,City,2020,REG-V-013929,1005000.0
V013930,C009401,Volkswagen,Polo,2016,REG-V-013930,701000.0
V013931,C008739,Volkswagen,Virtus,2021,REG-V-013931,902000.0
V013932,C007693,Kia,Carens,2020,REG-V-013932,1239000.0
V013933,C006081,Kia,Carens,2022,REG-V-013933,1332000.0
V013934,C002163,Maruti Suzuki,Swift,2017,REG-V-013934,372000.0
V013935,C004651,Honda,Amaze,2022,REG-V-013935,1115000.0
V013936,C000355,Tata,Nexon,2015,REG-V-013936,640000.0
V013937,C007143,Mahindra,XUV300,2014,REG-V-013937,365000.0
V013938,C001152,Maruti Suzuki,Brezza,2017,REG-V-013938,455000.0
V013939,C002592,Volkswagen,Virtus,2023,REG-V-013939,1303000.0
V013940,C002472,Hyundai,Verna,2012,REG-V-013940,297000.0
V013941,C007949,Volkswagen,Polo,2019,REG-V-013941,1109000.0
V013942,C004024,Mahindra,Bolero,2013,REG-V-013942,427000.0
V013943,C005386,Hyundai,i20,2020,REG-V-013943,520000.0
V013944,C002094,Toyota,Glanza,2023,REG-V-013944,2471000.0
V013945,C003325,Toyota,Glanza,2017,REG-V-013945,1329000.0
V013946,C005150,Tata,Nexon,2016,REG-V-013946,503000.0
V013947,C001951,Kia,Seltos,2020,REG-V-013947,675000.0
V013948,C006932,Hyundai,i20,2020,REG-V-013948,954000.0
V013949,C004511,Volkswagen,Taigun,2019,REG-V-013949,1187000.0
V013950,C009835,Mahindra,XUV700,2016,REG-V-013950,1091000.0
V013951,C002487,Maruti Suzuki,Baleno,2023,REG-V-013951,607000.0
V013952,C003975,Toyota,Glanza,2021,REG-V-013952,1975000.0
V013953,C009282,Maruti Suzuki,Ertiga,2020,REG-V-013953,694000.0
V013954,C008917,Hyundai,Venue,2016,REG-V-013954,343000.0
V013955,C004878,Volkswagen,Virtus,2023,REG-V-013955,1410000.0
V013956,C001236,Maruti Suzuki,Brezza,2014,REG-V-013956,330000.0
V013957,C004106,Mahindra,XUV300,2022,REG-V-013957,1687000.0
V013958,C005917,Toyota,Innova,2017,REG-V-013958,722000.0
V013959,C002558,Hyundai,Venue,2019,REG-V-013959,644000.0
V013960,C001921,Honda,Amaze,2020,REG-V-013960,946000.0
V013961,C005358,Hyundai,i10,2018,REG-V-013961,751000.0
V013962,C001754,Kia,Seltos,2024,REG-V-013962,1356000.0
V013963,C008794,Kia,Carens,2019,REG-V-013963,784000.0
V013964,C000766,Honda,Amaze,2023,REG-V-013964,1420000.0
V013965,C009877,Tata,Harrier,2013,REG-V-013965,574000.0
V013966,C005414,Mahindra,XUV300,2012,REG-V-013966,823000.0
V013967,C009833,Honda,Amaze,2018,REG-V-013967,582000.0
V013968,C007578,Volkswagen,Virtus,2021,REG-V-013968,1313000.0
V013969,C001519,Hyundai,i20,2016,REG-V-013969,479000.0
V013970,C002295,Volkswagen,Virtus,2012,REG-V-013970,591000.0
V013971,C001077,Kia,Seltos,2021,REG-V-013971,1136000.0
V013972,C007344,Volkswagen,Taigun,2024,REG-V-013972,1514000.0
V013973,C001685,Mahindra,XUV300,2017,REG-V-013973,767000.0
V013974,C007195,Toyota,Fortuner,2013,REG-V-013974,651000.0
V013975,C008632,Toyota,Glanza,2017,REG-V-013975,654000.0
V013976,C004132,Volkswagen,Virtus,2015,REG-V-013976,452000.0
V013977,C006657,Kia,Sonet,2015,REG-V-013977,859000.0
V013978,C009005,Honda,City,2016,REG-V-013978,672000.0
V013979,C007599,Volkswagen,Taigun,2019,REG-V-013979,1137000.0
V013980,C001311,Maruti Suzuki,Dzire,2021,REG-V-013980,758000.0
V013981,C002909,Tata,Tiago,2022,REG-V-013981,1155000.0
V013982,C005394,Toyota,Glanza,2025,REG-V-013982,3206000.0
V013983,C002656,Volkswagen,Virtus,2012,REG-V-013983,471000.0
V013984,C005098,Hyundai,Venue,2024,REG-V-013984,690000.0
V013985,C009536,Honda,Civic,2023,REG-V-013985,1428000.0
V013986,C004553,Mahindra,Bolero,2017,REG-V-013986,749000.0
V013987,C002631,Kia,Carens,2020,REG-V-013987,1200000.0
V013988,C001456,Toyota,Fortuner,2024,REG-V-013988,2167000.0
V013989,C009064,Tata,Nexon,2020,REG-V-013989,903000.0
V013990,C002316,Hyundai,Verna,2022,REG-V-013990,901000.0
V013991,C001940,Honda,Amaze,2017,REG-V-013991,476000.0
V013992,C005550,Mahindra,Scorpio,2018,REG-V-013992,1437000.0
V013993,C004648,Tata,Nexon,2015,REG-V-013993,498000.0
V013994,C003863,Mahindra,Scorpio,2022,REG-V-013994,2023000.0
V013995,C005833,Hyundai,i10,2020,REG-V-013995,730000.0
V013996,C005743,Kia,Carens,2014,REG-V-013996,642000.0
V013997,C000709,Maruti Suzuki,Ertiga,2013,REG-V-013997,331000.0
V013998,C004168,Hyundai,i20,2022,REG-V-013998,927000.0
V013999,C007264,Maruti Suzuki,Brezza,2015,REG-V-013999,240000.0
V014000,C003823,Volkswagen,Polo,2014,REG-V-014000,354000.0
V014001,C009978,Honda,Civic,2025,REG-V-014001,1356000.0
V014002,C002375,Hyundai,Venue,2013,REG-V-014002,431000.0
V014003,C005011,Mahindra,Scorpio,2024,REG-V-014003,1952000.0
V014004,C006785,Hyundai,Creta,2018,REG-V-014004,639000.0
V014005,C005517,Mahindra,XUV300,2012,REG-V-014005,975000.0
V014006,C000402,Tata,Tiago,2023,REG-V-014006,662000.0
V014007,C005170,Hyundai,Creta,2021,REG-V-014007,984000.0
V014008,C009661,Tata,Altroz,2015,REG-V-014008,370000.0
V014009,C004082,Toyota,Glanza,2018,REG-V-014009,1742000.0
V014010,C001156,Kia,Seltos,2018,REG-V-014010,1045000.0
V014011,C000226,Honda,Amaze,2020,REG-V-014011,1077000.0
V014012,C004137,Kia,Carens,2020,REG-V-014012,1142000.0
V014013,C001856,Volkswagen,Polo,2025,REG-V-014013,1956000.0
V014014,C008384,Toyota,Innova,2025,REG-V-014014,1431000.0
V014015,C009532,Mahindra,Scorpio,2015,REG-V-014015,935000.0
V014016,C009425,Hyundai,Creta,2019,REG-V-014016,922000.0
V014017,C003754,Hyundai,i20,2022,REG-V-014017,886000.0
V014018,C004570,Toyota,Fortuner,2020,REG-V-014018,2226000.0
V014019,C003137,Volkswagen,Taigun,2015,REG-V-014019,761000.0
V014020,C001291,Maruti Suzuki,Dzire,2025,REG-V-014020,907000.0
V014021,C005627,Maruti Suzuki,Swift,2024,REG-V-014021,498000.0
V014022,C001868,Tata,Tiago,2025,REG-V-014022,1037000.0
V014023,C000617,Honda,Civic,2013,REG-V-014023,439000.0
V014024,C008544,Kia,Carens,2015,REG-V-014024,589000.0
V014025,C008050,Mahindra,Scorpio,2021,REG-V-014025,693000.0
V014026,C009295,Toyota,Innova,2020,REG-V-014026,2350000.0
V014027,C003259,Tata,Punch,2012,REG-V-014027,593000.0
V014028,C008753,Tata,Harrier,2021,REG-V-014028,447000.0
V014029,C004005,Toyota,Fortuner,2023,REG-V-014029,1514000.0
V014030,C000753,Maruti Suzuki,Baleno,2022,REG-V-014030,431000.0
V014031,C004604,Kia,Seltos,2012,REG-V-014031,665000.0
V014032,C005577,Hyundai,Verna,2017,REG-V-014032,573000.0
V014033,C004348,Honda,City,2013,REG-V-014033,619000.0
V014034,C007930,Volkswagen,Taigun,2023,REG-V-014034,1585000.0
V014035,C003523,Toyota,Glanza,2025,REG-V-014035,3267000.0
V014036,C009247,Toyota,Fortuner,2024,REG-V-014036,2179000.0
V014037,C000766,Volkswagen,Polo,2017,REG-V-014037,930000.0
V014038,C007259,Toyota,Innova,2021,REG-V-014038,2222000.0
V014039,C009322,Kia,Seltos,2016,REG-V-014039,585000.0
V014040,C005572,Maruti Suzuki,Swift,2019,REG-V-014040,387000.0
V014041,C008840,Volkswagen,Polo,2021,REG-V-014041,1310000.0
V014042,C006953,Volkswagen,Taigun,2017,REG-V-014042,529000.0
V014043,C000149,Honda,City,2020,REG-V-014043,744000.0
V014044,C006758,Honda,City,2012,REG-V-014044,598000.0
V014045,C006603,Hyundai,Creta,2013,REG-V-014045,541000.0
V014046,C000001,Kia,Seltos,2018,REG-V-014046,688000.0
V014047,C004110,Kia,Sonet,2022,REG-V-014047,1465000.0
V014048,C000399,Volkswagen,Virtus,2014,REG-V-014048,661000.0
V014049,C002916,Maruti Suzuki,Dzire,2023,REG-V-014049,509000.0
V014050,C009870,Honda,Civic,2019,REG-V-014050,1008000.0
V014051,C009423,Kia,Sonet,2022,REG-V-014051,874000.0
V014052,C006886,Volkswagen,Virtus,2012,REG-V-014052,528000.0
V014053,C003678,Hyundai,i20,2012,REG-V-014053,382000.0
V014054,C003979,Mahindra,XUV700,2017,REG-V-014054,891000.0
V014055,C000393,Honda,City,2024,REG-V-014055,1199000.0
V014056,C003379,Tata,Punch,2022,REG-V-014056,1296000.0
V014057,C007921,Tata,Punch,2013,REG-V-014057,364000.0
V014058,C005230,Hyundai,Creta,2017,REG-V-014058,560000.0
V014059,C004803,Maruti Suzuki,Ertiga,2015,REG-V-014059,258000.0
V014060,C000918,Honda,City,2013,REG-V-014060,596000.0
V014061,C009225,Maruti Suzuki,Ertiga,2018,REG-V-014061,344000.0
V014062,C002820,Kia,Carens,2023,REG-V-014062,1732000.0
V014063,C003833,Tata,Tiago,2020,REG-V-014063,680000.0
V014064,C003286,Maruti Suzuki,Swift,2025,REG-V-014064,778000.0
V014065,C003271,Honda,Civic,2016,REG-V-014065,606000.0
V014066,C006033,Tata,Nexon,2017,REG-V-014066,786000.0
V014067,C006313,Maruti Suzuki,Swift,2020,REG-V-014067,692000.0
V014068,C006026,Honda,City,2024,REG-V-014068,1526000.0
V014069,C000710,Kia,Seltos,2020,REG-V-014069,884000.0
V014070,C009693,Toyota,Fortuner,2025,REG-V-014070,2553000.0
V014071,C007187,Honda,Civic,2014,REG-V-014071,604000.0
V014072,C008886,Hyundai,Creta,2017,REG-V-014072,574000.0
V014073,C001590,Honda,Civic,2013,REG-V-014073,372000.0
V014074,C009353,Hyundai,Creta,2012,REG-V-014074,415000.0
V014075,C007272,Toyota,Glanza,2016,REG-V-014075,1439000.0
V014076,C005056,Volkswagen,Taigun,2020,REG-V-014076,1012000.0
V014077,C000247,Kia,Sonet,2022,REG-V-014077,1519000.0
V014078,C002550,Honda,City,2016,REG-V-014078,546000.0
V014079,C008425,Toyota,Glanza,2024,REG-V-014079,2772000.0
V014080,C003801,Kia,Carens,2021,REG-V-014080,995000.0
V014081,C006826,Kia,Carens,2023,REG-V-014081,1300000.0
V014082,C007365,Kia,Sonet,2017,REG-V-014082,532000.0
V014083,C007828,Volkswagen,Virtus,2015,REG-V-014083,658000.0
V014084,C003829,Toyota,Glanza,2012,REG-V-014084,988000.0
V014085,C009148,Toyota,Glanza,2021,REG-V-014085,1722000.0
V014086,C002907,Toyota,Innova,2025,REG-V-014086,2642000.0
V014087,C008397,Tata,Altroz,2013,REG-V-014087,291000.0
V014088,C004268,Hyundai,i20,2024,REG-V-014088,1366000.0
V014089,C002365,Maruti Suzuki,Swift,2019,REG-V-014089,577000.0
V014090,C003428,Volkswagen,Polo,2016,REG-V-014090,523000.0
V014091,C008060,Hyundai,Verna,2015,REG-V-014091,529000.0
V014092,C006197,Maruti Suzuki,Dzire,2023,REG-V-014092,673000.0
V014093,C001371,Volkswagen,Taigun,2020,REG-V-014093,1068000.0
V014094,C001240,Mahindra,XUV700,2017,REG-V-014094,1080000.0
V014095,C006907,Kia,Carens,2025,REG-V-014095,1058000.0
V014096,C002417,Maruti Suzuki,Brezza,2021,REG-V-014096,791000.0
V014097,C002094,Honda,Amaze,2021,REG-V-014097,1349000.0
V014098,C007556,Honda,Civic,2015,REG-V-014098,485000.0
V014099,C003208,Honda,Amaze,2025,REG-V-014099,902000.0
V014100,C000709,Toyota,Innova,2017,REG-V-014100,1371000.0
V014101,C004269,Hyundai,i20,2013,REG-V-014101,342000.0
V014102,C005742,Honda,City,2013,REG-V-014102,636000.0
V014103,C006052,Maruti Suzuki,Baleno,2014,REG-V-014103,285000.0
V014104,C000609,Honda,Civic,2014,REG-V-014104,513000.0
V014105,C004556,Maruti Suzuki,Baleno,2019,REG-V-014105,351000.0
V014106,C003599,Toyota,Innova,2023,REG-V-014106,2877000.0
V014107,C004506,Hyundai,i10,2020,REG-V-014107,869000.0
V014108,C000435,Volkswagen,Virtus,2014,REG-V-014108,352000.0
V014109,C002941,Honda,City,2019,REG-V-014109,1024000.0
V014110,C006479,Kia,Seltos,2015,REG-V-014110,477000.0
V014111,C001259,Toyota,Innova,2014,REG-V-014111,649000.0
V014112,C009592,Volkswagen,Taigun,2023,REG-V-014112,1518000.0
V014113,C009945,Tata,Tiago,2016,REG-V-014113,385000.0
V014114,C003610,Mahindra,XUV700,2015,REG-V-014114,1056000.0
V014115,C006853,Kia,Sonet,2018,REG-V-014115,890000.0
V014116,C006401,Mahindra,Bolero,2016,REG-V-014116,1007000.0
V014117,C001669,Mahindra,XUV300,2020,REG-V-014117,810000.0
V014118,C003889,Hyundai,i20,2012,REG-V-014118,529000.0
V014119,C009805,Maruti Suzuki,Ertiga,2024,REG-V-014119,474000.0
V014120,C001276,Mahindra,Scorpio,2017,REG-V-014120,509000.0
V014121,C005796,Kia,Carens,2016,REG-V-014121,979000.0
V014122,C006032,Tata,Punch,2022,REG-V-014122,602000.0
V014123,C001674,Kia,Seltos,2013,REG-V-014123,429000.0
V014124,C005390,Maruti Suzuki,Dzire,2025,REG-V-014124,1031000.0
V014125,C009212,Tata,Punch,2013,REG-V-014125,318000.0
V014126,C001148,Hyundai,i10,2019,REG-V-014126,697000.0
V014127,C001904,Maruti Suzuki,Dzire,2018,REG-V-014127,367000.0
V014128,C002572,Maruti Suzuki,Ertiga,2018,REG-V-014128,352000.0
V014129,C007571,Mahindra,Bolero,2012,REG-V-014129,554000.0
V014130,C005818,Hyundai,i10,2022,REG-V-014130,961000.0
V014131,C005079,Maruti Suzuki,Brezza,2021,REG-V-014131,367000.0
V014132,C007984,Tata,Punch,2019,REG-V-014132,532000.0
V014133,C009784,Toyota,Innova,2013,REG-V-014133,954000.0
V014134,C001972,Maruti Suzuki,Baleno,2017,REG-V-014134,350000.0
V014135,C008165,Tata,Punch,2015,REG-V-014135,347000.0
V014136,C003708,Kia,Carens,2019,REG-V-014136,1348000.0
V014137,C001451,Volkswagen,Polo,2013,REG-V-014137,602000.0
V014138,C002580,Mahindra,XUV700,2017,REG-V-014138,1229000.0
V014139,C004011,Mahindra,Bolero,2016,REG-V-014139,516000.0
V014140,C009042,Mahindra,Scorpio,2019,REG-V-014140,749000.0
V014141,C004824,Toyota,Innova,2014,REG-V-014141,510000.0
V014142,C006188,Honda,Civic,2012,REG-V-014142,655000.0
V014143,C000342,Volkswagen,Taigun,2021,REG-V-014143,783000.0
V014144,C000666,Hyundai,i10,2016,REG-V-014144,361000.0
V014145,C009409,Maruti Suzuki,Baleno,2014,REG-V-014145,225000.0
V014146,C008423,Mahindra,XUV700,2022,REG-V-014146,2070000.0
V014147,C004934,Tata,Nexon,2021,REG-V-014147,502000.0
V014148,C002013,Toyota,Fortuner,2019,REG-V-014148,798000.0
V014149,C000417,Maruti Suzuki,Dzire,2019,REG-V-014149,661000.0
V014150,C009755,Honda,City,2014,REG-V-014150,353000.0
V014151,C000060,Honda,City,2012,REG-V-014151,520000.0
V014152,C002401,Hyundai,Venue,2025,REG-V-014152,1168000.0
V014153,C006877,Volkswagen,Virtus,2025,REG-V-014153,1049000.0
V014154,C009407,Toyota,Glanza,2025,REG-V-014154,3571000.0
V014155,C001166,Honda,City,2022,REG-V-014155,1147000.0
V014156,C007808,Hyundai,Verna,2024,REG-V-014156,1088000.0
V014157,C003299,Tata,Punch,2014,REG-V-014157,378000.0
V014158,C006838,Honda,City,2025,REG-V-014158,1579000.0
V014159,C000974,Hyundai,i10,2012,REG-V-014159,342000.0
V014160,C008686,Maruti Suzuki,Brezza,2022,REG-V-014160,445000.0
V014161,C007121,Kia,Seltos,2021,REG-V-014161,1179000.0
V014162,C009564,Kia,Carens,2019,REG-V-014162,789000.0
V014163,C005071,Mahindra,XUV700,2019,REG-V-014163,766000.0
V014164,C008937,Kia,Sonet,2019,REG-V-014164,1027000.0
V014165,C005441,Maruti Suzuki,Dzire,2012,REG-V-014165,176000.0
V014166,C005159,Kia,Sonet,2017,REG-V-014166,914000.0
V014167,C000949,Volkswagen,Polo,2014,REG-V-014167,474000.0
V014168,C008187,Volkswagen,Taigun,2020,REG-V-014168,611000.0
V014169,C004137,Toyota,Fortuner,2019,REG-V-014169,1275000.0
V014170,C006039,Hyundai,i10,2025,REG-V-014170,1272000.0
V014171,C006544,Honda,Amaze,2019,REG-V-014171,663000.0
V014172,C007821,Volkswagen,Taigun,2012,REG-V-014172,638000.0
V014173,C005797,Toyota,Innova,2016,REG-V-014173,1132000.0
V014174,C006248,Kia,Sonet,2015,REG-V-014174,684000.0
V014175,C005245,Volkswagen,Virtus,2013,REG-V-014175,653000.0
V014176,C006186,Hyundai,Venue,2016,REG-V-014176,414000.0
V014177,C004460,Maruti Suzuki,Ertiga,2012,REG-V-014177,247000.0
V014178,C007836,Honda,Amaze,2019,REG-V-014178,959000.0
V014179,C008155,Hyundai,i20,2016,REG-V-014179,466000.0
V014180,C005206,Volkswagen,Polo,2014,REG-V-014180,369000.0
V014181,C001457,Honda,Civic,2013,REG-V-014181,563000.0
V014182,C003747,Maruti Suzuki,Swift,2012,REG-V-014182,360000.0
V014183,C008438,Maruti Suzuki,Brezza,2020,REG-V-014183,360000.0
V014184,C009205,Tata,Nexon,2012,REG-V-014184,612000.0
V014185,C002678,Toyota,Fortuner,2015,REG-V-014185,967000.0
V014186,C009431,Volkswagen,Virtus,2023,REG-V-014186,1702000.0
V014187,C002765,Tata,Punch,2014,REG-V-014187,328000.0
V014188,C009225,Maruti Suzuki,Dzire,2019,REG-V-014188,564000.0
V014189,C009388,Hyundai,i10,2018,REG-V-014189,436000.0
V014190,C005089,Kia,Carens,2024,REG-V-014190,1779000.0
V014191,C009514,Tata,Punch,2022,REG-V-014191,681000.0
V014192,C005534,Volkswagen,Polo,2019,REG-V-014192,1121000.0
V014193,C003800,Hyundai,i20,2022,REG-V-014193,909000.0
V014194,C008153,Mahindra,XUV700,2019,REG-V-014194,1277000.0
V014195,C001088,Volkswagen,Polo,2024,REG-V-014195,990000.0
V014196,C002185,Hyundai,i20,2014,REG-V-014196,387000.0
V014197,C002150,Honda,Amaze,2015,REG-V-014197,650000.0
V014198,C006266,Hyundai,i20,2023,REG-V-014198,657000.0
V014199,C007137,Tata,Nexon,2018,REG-V-014199,778000.0
V014200,C008414,Tata,Punch,2013,REG-V-014200,356000.0
V014201,C009049,Kia,Carens,2022,REG-V-014201,878000.0
V014202,C008798,Toyota,Innova,2020,REG-V-014202,1425000.0
V014203,C006860,Mahindra,XUV300,2023,REG-V-014203,1125000.0
V014204,C009186,Volkswagen,Polo,2024,REG-V-014204,1630000.0
V014205,C002752,Toyota,Innova,2020,REG-V-014205,1114000.0
V014206,C007308,Kia,Sonet,2012,REG-V-014206,669000.0
V014207,C000781,Kia,Sonet,2012,REG-V-014207,517000.0
V014208,C001253,Volkswagen,Taigun,2020,REG-V-014208,1203000.0
V014209,C002285,Tata,Tiago,2014,REG-V-014209,296000.0
V014210,C001039,Hyundai,Verna,2024,REG-V-014210,857000.0
V014211,C009654,Hyundai,Verna,2024,REG-V-014211,1158000.0
V014212,C004699,Maruti Suzuki,Brezza,2014,REG-V-014212,343000.0
V014213,C009118,Kia,Carens,2022,REG-V-014213,855000.0
V014214,C004803,Toyota,Glanza,2015,REG-V-014214,517000.0
V014215,C007038,Toyota,Innova,2020,REG-V-014215,1614000.0
V014216,C003199,Honda,Civic,2025,REG-V-014216,1536000.0
V014217,C009516,Honda,Amaze,2021,REG-V-014217,918000.0
V014218,C000356,Kia,Sonet,2017,REG-V-014218,496000.0
V014219,C007014,Tata,Altroz,2024,REG-V-014219,785000.0
V014220,C009514,Hyundai,i10,2016,REG-V-014220,648000.0
V014221,C007951,Hyundai,i10,2019,REG-V-014221,943000.0
V014222,C008327,Toyota,Innova,2017,REG-V-014222,1400000.0
V014223,C002982,Mahindra,XUV300,2021,REG-V-014223,1287000.0
V014224,C004542,Toyota,Glanza,2012,REG-V-014224,1221000.0
V014225,C001366,Mahindra,XUV700,2022,REG-V-014225,1879000.0
V014226,C003777,Honda,Civic,2019,REG-V-014226,1034000.0
V014227,C000085,Toyota,Glanza,2017,REG-V-014227,710000.0
V014228,C007861,Kia,Sonet,2014,REG-V-014228,729000.0
V014229,C009537,Kia,Seltos,2020,REG-V-014229,1064000.0
V014230,C007051,Mahindra,Bolero,2025,REG-V-014230,1309000.0
V014231,C008154,Honda,Civic,2014,REG-V-014231,399000.0
V014232,C005168,Honda,City,2018,REG-V-014232,807000.0
V014233,C001925,Maruti Suzuki,Swift,2018,REG-V-014233,586000.0
V014234,C007261,Hyundai,Creta,2021,REG-V-014234,967000.0
V014235,C002982,Tata,Punch,2024,REG-V-014235,575000.0
V014236,C004623,Toyota,Innova,2014,REG-V-014236,1308000.0
V014237,C009061,Kia,Seltos,2015,REG-V-014237,833000.0
V014238,C003741,Honda,Amaze,2021,REG-V-014238,773000.0
V014239,C002876,Toyota,Fortuner,2022,REG-V-014239,1900000.0
V014240,C000328,Honda,Civic,2023,REG-V-014240,1216000.0
V014241,C007054,Mahindra,XUV300,2016,REG-V-014241,1000000.0
V014242,C002172,Tata,Nexon,2017,REG-V-014242,768000.0
V014243,C006444,Tata,Altroz,2025,REG-V-014243,971000.0
V014244,C003675,Tata,Punch,2023,REG-V-014244,1100000.0
V014245,C007947,Hyundai,Verna,2015,REG-V-014245,356000.0
V014246,C008954,Volkswagen,Taigun,2019,REG-V-014246,698000.0
V014247,C002379,Tata,Punch,2022,REG-V-014247,576000.0
V014248,C007987,Toyota,Fortuner,2014,REG-V-014248,642000.0
V014249,C001518,Tata,Harrier,2015,REG-V-014249,560000.0
V014250,C001410,Volkswagen,Polo,2021,REG-V-014250,974000.0
V014251,C004311,Kia,Seltos,2021,REG-V-014251,689000.0
V014252,C003226,Kia,Sonet,2022,REG-V-014252,1070000.0
V014253,C009875,Mahindra,Scorpio,2018,REG-V-014253,765000.0
V014254,C008098,Toyota,Innova,2021,REG-V-014254,1396000.0
V014255,C008958,Tata,Nexon,2015,REG-V-014255,633000.0
V014256,C001365,Tata,Tiago,2017,REG-V-014256,887000.0
V014257,C007187,Maruti Suzuki,Swift,2022,REG-V-014257,809000.0
V014258,C006086,Maruti Suzuki,Brezza,2014,REG-V-014258,220000.0
V014259,C001006,Honda,Civic,2014,REG-V-014259,530000.0
V014260,C008000,Hyundai,Creta,2012,REG-V-014260,521000.0
V014261,C008581,Honda,Amaze,2016,REG-V-014261,568000.0
V014262,C009179,Honda,Civic,2016,REG-V-014262,524000.0
V014263,C009419,Honda,Civic,2021,REG-V-014263,825000.0
V014264,C001083,Tata,Punch,2018,REG-V-014264,509000.0
V014265,C008879,Hyundai,Creta,2023,REG-V-014265,688000.0
V014266,C009469,Tata,Nexon,2024,REG-V-014266,731000.0
V014267,C006940,Tata,Nexon,2012,REG-V-014267,400000.0
V014268,C001840,Kia,Carens,2016,REG-V-014268,717000.0
V014269,C004025,Hyundai,Venue,2016,REG-V-014269,660000.0
V014270,C000910,Honda,Amaze,2023,REG-V-014270,1057000.0
V014271,C000043,Kia,Seltos,2014,REG-V-014271,386000.0
V014272,C009237,Honda,Amaze,2015,REG-V-014272,507000.0
V014273,C009725,Kia,Sonet,2016,REG-V-014273,703000.0
V014274,C009227,Hyundai,Creta,2020,REG-V-014274,838000.0
V014275,C002556,Kia,Carens,2025,REG-V-014275,1043000.0
V014276,C006255,Maruti Suzuki,Ertiga,2018,REG-V-014276,442000.0
V014277,C005046,Toyota,Innova,2016,REG-V-014277,726000.0
V014278,C005007,Tata,Harrier,2019,REG-V-014278,721000.0
V014279,C004310,Mahindra,Bolero,2018,REG-V-014279,792000.0
V014280,C009432,Mahindra,XUV700,2022,REG-V-014280,927000.0
V014281,C007970,Toyota,Fortuner,2023,REG-V-014281,1513000.0
V014282,C008512,Toyota,Fortuner,2014,REG-V-014282,517000.0
V014283,C000354,Tata,Altroz,2016,REG-V-014283,809000.0
V014284,C004136,Tata,Nexon,2020,REG-V-014284,410000.0
V014285,C006020,Honda,Amaze,2025,REG-V-014285,1443000.0
V014286,C006628,Maruti Suzuki,Swift,2024,REG-V-014286,843000.0
V014287,C009003,Tata,Punch,2023,REG-V-014287,1380000.0
V014288,C001668,Hyundai,i10,2013,REG-V-014288,469000.0
V014289,C000909,Kia,Seltos,2023,REG-V-014289,802000.0
V014290,C008987,Tata,Altroz,2014,REG-V-014290,227000.0
V014291,C005103,Toyota,Fortuner,2021,REG-V-014291,1874000.0
V014292,C005428,Honda,City,2012,REG-V-014292,597000.0
V014293,C008955,Honda,City,2017,REG-V-014293,617000.0
V014294,C007558,Kia,Seltos,2018,REG-V-014294,979000.0
V014295,C007365,Mahindra,Bolero,2023,REG-V-014295,1386000.0
V014296,C001865,Toyota,Innova,2018,REG-V-014296,767000.0
V014297,C006258,Honda,City,2015,REG-V-014297,621000.0
V014298,C004522,Mahindra,Bolero,2016,REG-V-014298,1082000.0
V014299,C006156,Toyota,Glanza,2016,REG-V-014299,1686000.0
V014300,C005801,Toyota,Glanza,2015,REG-V-014300,777000.0
V014301,C000279,Maruti Suzuki,Swift,2012,REG-V-014301,347000.0
V014302,C003436,Hyundai,i20,2020,REG-V-014302,584000.0
V014303,C004604,Mahindra,Bolero,2025,REG-V-014303,1581000.0
V014304,C005049,Hyundai,Verna,2025,REG-V-014304,931000.0
V014305,C001008,Hyundai,Verna,2021,REG-V-014305,703000.0
V014306,C009034,Maruti Suzuki,Dzire,2016,REG-V-014306,451000.0
V014307,C003330,Toyota,Innova,2016,REG-V-014307,731000.0
V014308,C004931,Tata,Punch,2018,REG-V-014308,519000.0
V014309,C006686,Toyota,Innova,2020,REG-V-014309,1628000.0
V014310,C007245,Honda,Amaze,2016,REG-V-014310,840000.0
V014311,C003790,Tata,Nexon,2013,REG-V-014311,431000.0
V014312,C001292,Mahindra,XUV700,2017,REG-V-014312,1101000.0
V014313,C002083,Mahindra,XUV700,2024,REG-V-014313,2210000.0
V014314,C001647,Volkswagen,Taigun,2022,REG-V-014314,1599000.0
V014315,C002461,Tata,Tiago,2014,REG-V-014315,582000.0
V014316,C006080,Hyundai,Creta,2023,REG-V-014316,910000.0
V014317,C005395,Kia,Sonet,2019,REG-V-014317,968000.0
V014318,C001685,Toyota,Glanza,2017,REG-V-014318,1423000.0
V014319,C006855,Honda,Civic,2024,REG-V-014319,1394000.0
V014320,C000662,Volkswagen,Virtus,2025,REG-V-014320,1942000.0
V014321,C009147,Volkswagen,Virtus,2025,REG-V-014321,1439000.0
V014322,C005714,Tata,Punch,2024,REG-V-014322,670000.0
V014323,C005947,Toyota,Glanza,2017,REG-V-014323,1548000.0
V014324,C002847,Volkswagen,Polo,2025,REG-V-014324,1670000.0
V014325,C005148,Kia,Carens,2021,REG-V-014325,1244000.0
V014326,C004289,Volkswagen,Virtus,2020,REG-V-014326,1324000.0
V014327,C009518,Maruti Suzuki,Ertiga,2025,REG-V-014327,877000.0
V014328,C000778,Toyota,Glanza,2012,REG-V-014328,1289000.0
V014329,C004614,Maruti Suzuki,Dzire,2021,REG-V-014329,527000.0
V014330,C007975,Maruti Suzuki,Brezza,2019,REG-V-014330,675000.0
V014331,C005485,Toyota,Fortuner,2021,REG-V-014331,1006000.0
V014332,C005700,Maruti Suzuki,Swift,2017,REG-V-014332,514000.0
V014333,C009156,Honda,Amaze,2025,REG-V-014333,864000.0
V014334,C003768,Volkswagen,Virtus,2019,REG-V-014334,1274000.0
V014335,C000021,Mahindra,Scorpio,2019,REG-V-014335,927000.0
V014336,C009292,Toyota,Innova,2023,REG-V-014336,3022000.0
V014337,C000341,Mahindra,Scorpio,2024,REG-V-014337,1037000.0
V014338,C008034,Volkswagen,Taigun,2021,REG-V-014338,920000.0
V014339,C001399,Maruti Suzuki,Swift,2017,REG-V-014339,417000.0
V014340,C000218,Toyota,Fortuner,2019,REG-V-014340,1917000.0
V014341,C003551,Kia,Sonet,2020,REG-V-014341,1249000.0
V014342,C008674,Honda,City,2022,REG-V-014342,1113000.0
V014343,C000376,Kia,Sonet,2012,REG-V-014343,600000.0
V014344,C002641,Toyota,Glanza,2017,REG-V-014344,1675000.0
V014345,C002787,Mahindra,Bolero,2015,REG-V-014345,1092000.0
V014346,C000951,Mahindra,Scorpio,2019,REG-V-014346,1664000.0
V014347,C000928,Hyundai,Creta,2016,REG-V-014347,544000.0
V014348,C009134,Volkswagen,Taigun,2019,REG-V-014348,1199000.0
V014349,C006993,Toyota,Glanza,2012,REG-V-014349,538000.0
V014350,C003098,Hyundai,Creta,2022,REG-V-014350,797000.0
V014351,C002407,Maruti Suzuki,Swift,2024,REG-V-014351,631000.0
V014352,C000446,Hyundai,Creta,2022,REG-V-014352,598000.0
V014353,C003591,Volkswagen,Virtus,2017,REG-V-014353,878000.0
V014354,C002999,Maruti Suzuki,Brezza,2025,REG-V-014354,675000.0
V014355,C009209,Tata,Tiago,2017,REG-V-014355,514000.0
V014356,C002224,Volkswagen,Virtus,2014,REG-V-014356,454000.0
V014357,C004069,Hyundai,i10,2019,REG-V-014357,706000.0
V014358,C006860,Honda,City,2014,REG-V-014358,395000.0
V014359,C003194,Volkswagen,Taigun,2019,REG-V-014359,772000.0
V014360,C007894,Volkswagen,Taigun,2021,REG-V-014360,1250000.0
V014361,C007317,Toyota,Fortuner,2024,REG-V-014361,3140000.0
V014362,C000359,Mahindra,XUV300,2022,REG-V-014362,1518000.0
V014363,C008600,Hyundai,Verna,2017,REG-V-014363,694000.0
V014364,C003647,Kia,Sonet,2025,REG-V-014364,1882000.0
V014365,C000964,Tata,Nexon,2019,REG-V-014365,468000.0
V014366,C007023,Mahindra,XUV300,2023,REG-V-014366,910000.0
V014367,C007535,Toyota,Innova,2021,REG-V-014367,2628000.0
V014368,C000732,Tata,Tiago,2025,REG-V-014368,1178000.0
V014369,C003539,Honda,Amaze,2020,REG-V-014369,1032000.0
V014370,C009007,Toyota,Fortuner,2012,REG-V-014370,690000.0
V014371,C006744,Toyota,Fortuner,2014,REG-V-014371,974000.0
V014372,C005379,Hyundai,i10,2024,REG-V-014372,1239000.0
V014373,C005083,Kia,Sonet,2017,REG-V-014373,725000.0
V014374,C006130,Tata,Tiago,2013,REG-V-014374,271000.0
V014375,C006565,Honda,Civic,2015,REG-V-014375,599000.0
V014376,C000714,Volkswagen,Taigun,2020,REG-V-014376,829000.0
V014377,C003326,Tata,Punch,2024,REG-V-014377,1549000.0
V014378,C005308,Hyundai,Venue,2023,REG-V-014378,805000.0
V014379,C007360,Tata,Punch,2013,REG-V-014379,323000.0
V014380,C007493,Maruti Suzuki,Brezza,2015,REG-V-014380,234000.0
V014381,C006099,Volkswagen,Taigun,2012,REG-V-014381,550000.0
V014382,C005909,Maruti Suzuki,Ertiga,2017,REG-V-014382,374000.0
V014383,C003685,Kia,Seltos,2016,REG-V-014383,595000.0
V014384,C008384,Kia,Sonet,2021,REG-V-014384,950000.0
V014385,C009203,Volkswagen,Taigun,2020,REG-V-014385,1272000.0
V014386,C008507,Hyundai,i10,2022,REG-V-014386,1157000.0
V014387,C008769,Tata,Tiago,2025,REG-V-014387,1395000.0
V014388,C009138,Toyota,Innova,2019,REG-V-014388,2168000.0
V014389,C002030,Volkswagen,Virtus,2012,REG-V-014389,426000.0
V014390,C005171,Kia,Seltos,2012,REG-V-014390,360000.0
V014391,C005386,Toyota,Fortuner,2020,REG-V-014391,1226000.0
V014392,C004891,Kia,Carens,2020,REG-V-014392,1061000.0
V014393,C008532,Mahindra,Bolero,2020,REG-V-014393,886000.0
V014394,C003234,Hyundai,Venue,2022,REG-V-014394,580000.0
V014395,C001609,Kia,Carens,2014,REG-V-014395,362000.0
V014396,C002740,Maruti Suzuki,Baleno,2015,REG-V-014396,278000.0
V014397,C001424,Kia,Carens,2024,REG-V-014397,1297000.0
V014398,C004063,Honda,Amaze,2022,REG-V-014398,912000.0
V014399,C001163,Kia,Sonet,2019,REG-V-014399,1238000.0
V014400,C000888,Mahindra,XUV300,2013,REG-V-014400,750000.0
V014401,C004532,Kia,Seltos,2014,REG-V-014401,479000.0
V014402,C006051,Honda,Amaze,2023,REG-V-014402,1359000.0
V014403,C006120,Tata,Altroz,2014,REG-V-014403,340000.0
V014404,C000925,Hyundai,i10,2016,REG-V-014404,394000.0
V014405,C009711,Tata,Harrier,2014,REG-V-014405,357000.0
V014406,C001214,Honda,City,2023,REG-V-014406,1328000.0
V014407,C006651,Hyundai,Verna,2019,REG-V-014407,553000.0
V014408,C008946,Kia,Seltos,2025,REG-V-014408,1650000.0
V014409,C008904,Kia,Carens,2012,REG-V-014409,686000.0
V014410,C005152,Volkswagen,Virtus,2019,REG-V-014410,908000.0
V014411,C002771,Hyundai,Venue,2016,REG-V-014411,342000.0
V014412,C008329,Kia,Carens,2017,REG-V-014412,641000.0
V014413,C006171,Hyundai,Venue,2013,REG-V-014413,488000.0
V014414,C007972,Toyota,Fortuner,2012,REG-V-014414,813000.0
V014415,C004016,Maruti Suzuki,Baleno,2016,REG-V-014415,299000.0
V014416,C009174,Mahindra,XUV300,2015,REG-V-014416,485000.0
V014417,C009329,Hyundai,Venue,2015,REG-V-014417,525000.0
V014418,C007435,Maruti Suzuki,Ertiga,2024,REG-V-014418,550000.0
V014419,C009445,Volkswagen,Virtus,2023,REG-V-014419,1606000.0
V014420,C004555,Volkswagen,Polo,2022,REG-V-014420,877000.0
V014421,C001954,Volkswagen,Virtus,2017,REG-V-014421,601000.0
V014422,C006596,Volkswagen,Taigun,2013,REG-V-014422,489000.0
V014423,C006570,Kia,Seltos,2020,REG-V-014423,1142000.0
V014424,C004953,Honda,Amaze,2017,REG-V-014424,582000.0
V014425,C002616,Volkswagen,Virtus,2016,REG-V-014425,847000.0
V014426,C006287,Kia,Seltos,2012,REG-V-014426,335000.0
V014427,C001806,Honda,Civic,2014,REG-V-014427,457000.0
V014428,C007601,Hyundai,Venue,2013,REG-V-014428,350000.0
V014429,C009120,Hyundai,Verna,2021,REG-V-014429,800000.0
V014430,C001665,Maruti Suzuki,Brezza,2020,REG-V-014430,450000.0
V014431,C008253,Hyundai,i10,2023,REG-V-014431,905000.0
V014432,C001995,Maruti Suzuki,Baleno,2023,REG-V-014432,476000.0
V014433,C005051,Honda,City,2021,REG-V-014433,881000.0
V014434,C009324,Mahindra,Bolero,2015,REG-V-014434,747000.0
V014435,C000842,Hyundai,Verna,2024,REG-V-014435,929000.0
V014436,C000906,Mahindra,Bolero,2020,REG-V-014436,1772000.0
V014437,C009588,Mahindra,XUV300,2016,REG-V-014437,865000.0
V014438,C001584,Mahindra,Bolero,2022,REG-V-014438,2048000.0
V014439,C003412,Mahindra,XUV700,2019,REG-V-014439,579000.0
V014440,C004617,Tata,Tiago,2025,REG-V-014440,1494000.0
V014441,C000064,Kia,Seltos,2013,REG-V-014441,637000.0
V014442,C001889,Kia,Carens,2024,REG-V-014442,1786000.0
V014443,C008334,Maruti Suzuki,Baleno,2025,REG-V-014443,664000.0
V014444,C005227,Tata,Nexon,2021,REG-V-014444,1009000.0
V014445,C003953,Mahindra,Scorpio,2021,REG-V-014445,1274000.0
V014446,C006859,Toyota,Innova,2016,REG-V-014446,1492000.0
V014447,C003231,Hyundai,Venue,2020,REG-V-014447,565000.0
V014448,C004416,Kia,Carens,2015,REG-V-014448,564000.0
V014449,C009944,Tata,Punch,2012,REG-V-014449,510000.0
V014450,C007814,Toyota,Innova,2015,REG-V-014450,487000.0
V014451,C005578,Maruti Suzuki,Ertiga,2012,REG-V-014451,244000.0
V014452,C005311,Volkswagen,Polo,2020,REG-V-014452,642000.0
V014453,C008485,Maruti Suzuki,Dzire,2013,REG-V-014453,294000.0
V014454,C006047,Toyota,Glanza,2018,REG-V-014454,1328000.0
V014455,C003385,Mahindra,XUV300,2017,REG-V-014455,814000.0
V014456,C004197,Maruti Suzuki,Brezza,2017,REG-V-014456,504000.0
V014457,C001836,Toyota,Fortuner,2017,REG-V-014457,767000.0
V014458,C009594,Maruti Suzuki,Baleno,2013,REG-V-014458,302000.0
V014459,C006559,Kia,Sonet,2016,REG-V-014459,516000.0
V014460,C004006,Hyundai,Venue,2024,REG-V-014460,1092000.0
V014461,C003604,Tata,Tiago,2013,REG-V-014461,409000.0
V014462,C009121,Tata,Altroz,2015,REG-V-014462,313000.0
V014463,C003610,Honda,Amaze,2024,REG-V-014463,1593000.0
V014464,C007631,Maruti Suzuki,Baleno,2018,REG-V-014464,322000.0
V014465,C008391,Tata,Harrier,2023,REG-V-014465,1460000.0
V014466,C009148,Kia,Carens,2012,REG-V-014466,758000.0
V014467,C003743,Tata,Punch,2016,REG-V-014467,676000.0
V014468,C007717,Mahindra,Scorpio,2024,REG-V-014468,1494000.0
V014469,C003253,Kia,Carens,2017,REG-V-014469,668000.0
V014470,C009457,Mahindra,Scorpio,2023,REG-V-014470,2166000.0
V014471,C000112,Honda,Amaze,2013,REG-V-014471,534000.0
V014472,C005751,Kia,Carens,2023,REG-V-014472,1423000.0
V014473,C005132,Volkswagen,Taigun,2021,REG-V-014473,736000.0
V014474,C008828,Maruti Suzuki,Baleno,2017,REG-V-014474,492000.0
V014475,C002183,Mahindra,XUV700,2017,REG-V-014475,664000.0
V014476,C000886,Maruti Suzuki,Dzire,2024,REG-V-014476,919000.0
V014477,C008508,Tata,Punch,2018,REG-V-014477,809000.0
V014478,C003504,Mahindra,XUV300,2012,REG-V-014478,564000.0
V014479,C003233,Hyundai,i20,2017,REG-V-014479,474000.0
V014480,C001058,Tata,Harrier,2013,REG-V-014480,624000.0
V014481,C009237,Volkswagen,Virtus,2018,REG-V-014481,662000.0
V014482,C006373,Hyundai,i20,2012,REG-V-014482,340000.0
V014483,C006956,Honda,City,2016,REG-V-014483,601000.0
V014484,C009030,Hyundai,Creta,2021,REG-V-014484,1051000.0
V014485,C008477,Volkswagen,Polo,2018,REG-V-014485,595000.0
V014486,C004541,Hyundai,Venue,2016,REG-V-014486,386000.0
V014487,C001591,Maruti Suzuki,Baleno,2021,REG-V-014487,642000.0
V014488,C006766,Volkswagen,Polo,2024,REG-V-014488,1381000.0
V014489,C006544,Toyota,Glanza,2016,REG-V-014489,826000.0
V014490,C000487,Tata,Tiago,2019,REG-V-014490,1064000.0
V014491,C009045,Hyundai,i10,2019,REG-V-014491,959000.0
V014492,C003338,Hyundai,i20,2019,REG-V-014492,663000.0
V014493,C004315,Hyundai,Creta,2017,REG-V-014493,617000.0
V014494,C005170,Mahindra,Scorpio,2023,REG-V-014494,2203000.0
V014495,C009163,Tata,Altroz,2019,REG-V-014495,467000.0
V014496,C001705,Hyundai,Venue,2019,REG-V-014496,516000.0
V014497,C003694,Hyundai,Verna,2020,REG-V-014497,609000.0
V014498,C005061,Hyundai,Creta,2013,REG-V-014498,509000.0
V014499,C009924,Volkswagen,Virtus,2013,REG-V-014499,482000.0
V014500,C004427,Tata,Nexon,2013,REG-V-014500,566000.0
V014501,C004006,Maruti Suzuki,Baleno,2013,REG-V-014501,250000.0
V014502,C009383,Maruti Suzuki,Dzire,2015,REG-V-014502,294000.0
V014503,C006663,Maruti Suzuki,Brezza,2016,REG-V-014503,291000.0
V014504,C001630,Mahindra,Scorpio,2016,REG-V-014504,775000.0
V014505,C001751,Mahindra,XUV700,2013,REG-V-014505,520000.0
V014506,C006490,Tata,Punch,2014,REG-V-014506,325000.0
V014507,C004708,Maruti Suzuki,Dzire,2022,REG-V-014507,708000.0
V014508,C000092,Kia,Seltos,2012,REG-V-014508,546000.0
V014509,C004500,Maruti Suzuki,Baleno,2017,REG-V-014509,424000.0
V014510,C009419,Maruti Suzuki,Swift,2014,REG-V-014510,311000.0
V014511,C007538,Mahindra,Scorpio,2013,REG-V-014511,708000.0
V014512,C005623,Hyundai,i10,2020,REG-V-014512,981000.0
V014513,C001963,Honda,City,2014,REG-V-014513,444000.0
V014514,C003342,Volkswagen,Virtus,2025,REG-V-014514,1027000.0
V014515,C009971,Mahindra,XUV300,2020,REG-V-014515,973000.0
V014516,C006633,Volkswagen,Polo,2014,REG-V-014516,568000.0
V014517,C002761,Kia,Seltos,2015,REG-V-014517,860000.0
V014518,C007443,Tata,Altroz,2022,REG-V-014518,1213000.0
V014519,C000919,Tata,Tiago,2024,REG-V-014519,1299000.0
V014520,C003713,Mahindra,Bolero,2022,REG-V-014520,1282000.0
V014521,C002311,Toyota,Innova,2019,REG-V-014521,2017000.0
V014522,C009011,Toyota,Fortuner,2015,REG-V-014522,661000.0
V014523,C007407,Tata,Tiago,2022,REG-V-014523,982000.0
V014524,C005021,Hyundai,Creta,2022,REG-V-014524,613000.0
V014525,C004093,Mahindra,Bolero,2020,REG-V-014525,659000.0
V014526,C008626,Mahindra,XUV300,2017,REG-V-014526,910000.0
V014527,C001965,Toyota,Fortuner,2015,REG-V-014527,1392000.0
V014528,C000770,Maruti Suzuki,Brezza,2024,REG-V-014528,901000.0
V014529,C008563,Mahindra,Bolero,2016,REG-V-014529,1090000.0
V014530,C008608,Kia,Carens,2025,REG-V-014530,1853000.0
V014531,C002449,Kia,Seltos,2016,REG-V-014531,703000.0
V014532,C001964,Hyundai,i10,2021,REG-V-014532,1053000.0
V014533,C007266,Kia,Seltos,2025,REG-V-014533,1371000.0
V014534,C001425,Honda,Amaze,2021,REG-V-014534,1054000.0
V014535,C006265,Honda,Civic,2013,REG-V-014535,483000.0
V014536,C007053,Mahindra,Scorpio,2015,REG-V-014536,839000.0
V014537,C006265,Hyundai,Creta,2018,REG-V-014537,468000.0
V014538,C004296,Mahindra,XUV300,2014,REG-V-014538,601000.0
V014539,C008210,Kia,Sonet,2015,REG-V-014539,667000.0
V014540,C009335,Volkswagen,Taigun,2017,REG-V-014540,956000.0
V014541,C007107,Tata,Nexon,2012,REG-V-014541,317000.0
V014542,C004208,Maruti Suzuki,Dzire,2019,REG-V-014542,542000.0
V014543,C009960,Honda,Civic,2014,REG-V-014543,356000.0
V014544,C004514,Toyota,Innova,2023,REG-V-014544,1029000.0
V014545,C001157,Hyundai,Verna,2022,REG-V-014545,894000.0
V014546,C001828,Toyota,Fortuner,2022,REG-V-014546,1025000.0
V014547,C003478,Volkswagen,Virtus,2020,REG-V-014547,614000.0
V014548,C001712,Volkswagen,Polo,2024,REG-V-014548,1494000.0
V014549,C007857,Honda,Civic,2025,REG-V-014549,1613000.0
V014550,C000143,Maruti Suzuki,Brezza,2019,REG-V-014550,399000.0
V014551,C004077,Maruti Suzuki,Dzire,2015,REG-V-014551,302000.0
V014552,C008834,Volkswagen,Polo,2013,REG-V-014552,343000.0
V014553,C001175,Mahindra,XUV700,2017,REG-V-014553,982000.0
V014554,C005806,Hyundai,Creta,2016,REG-V-014554,669000.0
V014555,C009373,Hyundai,Verna,2025,REG-V-014555,857000.0
V014556,C000740,Honda,City,2017,REG-V-014556,777000.0
V014557,C003499,Hyundai,i20,2023,REG-V-014557,1077000.0
V014558,C000388,Volkswagen,Virtus,2025,REG-V-014558,1604000.0
V014559,C006861,Tata,Punch,2018,REG-V-014559,341000.0
V014560,C004194,Honda,Civic,2012,REG-V-014560,351000.0
V014561,C009488,Honda,Amaze,2013,REG-V-014561,455000.0
V014562,C006947,Tata,Nexon,2017,REG-V-014562,516000.0
V014563,C006057,Tata,Harrier,2017,REG-V-014563,620000.0
V014564,C009152,Volkswagen,Polo,2023,REG-V-014564,1533000.0
V014565,C001297,Volkswagen,Virtus,2018,REG-V-014565,525000.0
V014566,C007914,Hyundai,Verna,2012,REG-V-014566,314000.0
V014567,C007353,Toyota,Glanza,2014,REG-V-014567,1171000.0
V014568,C006776,Maruti Suzuki,Baleno,2018,REG-V-014568,497000.0
V014569,C006432,Kia,Seltos,2025,REG-V-014569,961000.0
V014570,C001243,Kia,Carens,2019,REG-V-014570,636000.0
V014571,C008186,Honda,Civic,2023,REG-V-014571,1207000.0
V014572,C006400,Toyota,Glanza,2015,REG-V-014572,999000.0
V014573,C007784,Volkswagen,Polo,2019,REG-V-014573,712000.0
V014574,C008809,Honda,Amaze,2024,REG-V-014574,1043000.0
V014575,C005461,Toyota,Fortuner,2025,REG-V-014575,2959000.0
V014576,C009574,Maruti Suzuki,Swift,2014,REG-V-014576,385000.0
V014577,C001093,Honda,City,2023,REG-V-014577,1553000.0
V014578,C000040,Mahindra,XUV300,2022,REG-V-014578,1220000.0
V014579,C003283,Tata,Tiago,2013,REG-V-014579,476000.0
V014580,C002184,Hyundai,i20,2022,REG-V-014580,797000.0
V014581,C005574,Hyundai,i10,2020,REG-V-014581,988000.0
V014582,C002799,Honda,Amaze,2015,REG-V-014582,709000.0
V014583,C006913,Mahindra,Bolero,2013,REG-V-014583,472000.0
V014584,C009468,Honda,City,2013,REG-V-014584,417000.0
V014585,C007763,Kia,Sonet,2021,REG-V-014585,1334000.0
V014586,C004217,Toyota,Glanza,2012,REG-V-014586,1286000.0
V014587,C009858,Toyota,Innova,2013,REG-V-014587,1154000.0
V014588,C007780,Mahindra,XUV300,2017,REG-V-014588,874000.0
V014589,C008157,Kia,Seltos,2019,REG-V-014589,1303000.0
V014590,C002056,Honda,Amaze,2017,REG-V-014590,908000.0
V014591,C006905,Kia,Carens,2024,REG-V-014591,1028000.0
V014592,C000730,Volkswagen,Virtus,2021,REG-V-014592,739000.0
V014593,C002375,Volkswagen,Virtus,2021,REG-V-014593,793000.0
V014594,C000173,Mahindra,Scorpio,2025,REG-V-014594,1694000.0
V014595,C007101,Kia,Sonet,2013,REG-V-014595,706000.0
V014596,C000221,Volkswagen,Virtus,2024,REG-V-014596,1516000.0
V014597,C004510,Kia,Sonet,2017,REG-V-014597,942000.0
V014598,C006528,Hyundai,Verna,2020,REG-V-014598,676000.0
V014599,C003038,Maruti Suzuki,Brezza,2014,REG-V-014599,327000.0
V014600,C003681,Honda,Civic,2021,REG-V-014600,660000.0
V014601,C008727,Kia,Sonet,2019,REG-V-014601,1353000.0
V014602,C009065,Toyota,Innova,2014,REG-V-014602,1041000.0
V014603,C008627,Toyota,Fortuner,2024,REG-V-014603,1434000.0
V014604,C007558,Honda,Amaze,2019,REG-V-014604,582000.0
V014605,C002772,Honda,Amaze,2022,REG-V-014605,837000.0
V014606,C000770,Honda,Civic,2025,REG-V-014606,1524000.0
V014607,C004924,Toyota,Glanza,2015,REG-V-014607,981000.0
V014608,C009277,Mahindra,XUV700,2020,REG-V-014608,817000.0
V014609,C002255,Kia,Seltos,2022,REG-V-014609,908000.0
V014610,C002102,Honda,Amaze,2022,REG-V-014610,934000.0
V014611,C007870,Tata,Nexon,2024,REG-V-014611,1127000.0
V014612,C005963,Toyota,Innova,2015,REG-V-014612,606000.0
V014613,C004058,Volkswagen,Virtus,2012,REG-V-014613,394000.0
V014614,C008655,Mahindra,Scorpio,2022,REG-V-014614,1674000.0
V014615,C005874,Honda,Civic,2019,REG-V-014615,1148000.0
V014616,C009240,Maruti Suzuki,Ertiga,2021,REG-V-014616,475000.0
V014617,C003690,Volkswagen,Taigun,2012,REG-V-014617,382000.0
V014618,C004458,Toyota,Glanza,2023,REG-V-014618,2570000.0
V014619,C000767,Maruti Suzuki,Baleno,2013,REG-V-014619,259000.0
V014620,C003684,Toyota,Fortuner,2012,REG-V-014620,855000.0
V014621,C001791,Honda,City,2014,REG-V-014621,347000.0
V014622,C000339,Hyundai,Creta,2015,REG-V-014622,547000.0
V014623,C002573,Kia,Sonet,2023,REG-V-014623,936000.0
V014624,C004946,Hyundai,Creta,2021,REG-V-014624,771000.0
V014625,C002494,Maruti Suzuki,Ertiga,2018,REG-V-014625,525000.0
V014626,C001092,Maruti Suzuki,Baleno,2025,REG-V-014626,918000.0
V014627,C004540,Volkswagen,Taigun,2018,REG-V-014627,777000.0
V014628,C001467,Hyundai,i10,2014,REG-V-014628,485000.0
V014629,C000875,Toyota,Glanza,2012,REG-V-014629,1098000.0
V014630,C009601,Maruti Suzuki,Ertiga,2019,REG-V-014630,669000.0
V014631,C004796,Honda,Civic,2013,REG-V-014631,608000.0
V014632,C008083,Maruti Suzuki,Ertiga,2014,REG-V-014632,290000.0
V014633,C001709,Kia,Sonet,2020,REG-V-014633,1232000.0
V014634,C004645,Tata,Nexon,2019,REG-V-014634,828000.0
V014635,C000908,Toyota,Glanza,2013,REG-V-014635,458000.0
V014636,C004133,Honda,Civic,2015,REG-V-014636,425000.0
V014637,C008314,Mahindra,XUV300,2014,REG-V-014637,558000.0
V014638,C008982,Hyundai,Venue,2018,REG-V-014638,813000.0
V014639,C005228,Mahindra,XUV300,2015,REG-V-014639,662000.0
V014640,C002852,Hyundai,i10,2015,REG-V-014640,623000.0
V014641,C007393,Tata,Harrier,2018,REG-V-014641,397000.0
V014642,C006439,Maruti Suzuki,Brezza,2023,REG-V-014642,617000.0
V014643,C004744,Kia,Carens,2019,REG-V-014643,980000.0
V014644,C004791,Mahindra,Scorpio,2023,REG-V-014644,1910000.0
V014645,C004972,Kia,Sonet,2020,REG-V-014645,1302000.0
V014646,C003385,Maruti Suzuki,Brezza,2023,REG-V-014646,865000.0
V014647,C005227,Toyota,Innova,2015,REG-V-014647,923000.0
V014648,C000595,Volkswagen,Polo,2015,REG-V-014648,692000.0
V014649,C005750,Kia,Carens,2022,REG-V-014649,1032000.0
V014650,C005007,Maruti Suzuki,Ertiga,2018,REG-V-014650,565000.0
V014651,C004223,Tata,Nexon,2023,REG-V-014651,1434000.0
V014652,C003220,Kia,Sonet,2025,REG-V-014652,1127000.0
V014653,C006263,Mahindra,Bolero,2015,REG-V-014653,818000.0
V014654,C004887,Honda,Amaze,2019,REG-V-014654,1110000.0
V014655,C001018,Honda,Civic,2018,REG-V-014655,1063000.0
V014656,C003753,Toyota,Fortuner,2025,REG-V-014656,1502000.0
V014657,C000780,Mahindra,Bolero,2023,REG-V-014657,2092000.0
V014658,C003801,Volkswagen,Virtus,2024,REG-V-014658,1460000.0
V014659,C005371,Hyundai,i20,2012,REG-V-014659,340000.0
V014660,C003923,Maruti Suzuki,Baleno,2020,REG-V-014660,707000.0
V014661,C003408,Toyota,Fortuner,2017,REG-V-014661,1307000.0
V014662,C002803,Mahindra,Scorpio,2015,REG-V-014662,591000.0
V014663,C003824,Kia,Sonet,2023,REG-V-014663,1477000.0
V014664,C000717,Kia,Seltos,2018,REG-V-014664,1226000.0
V014665,C009945,Kia,Seltos,2020,REG-V-014665,699000.0
V014666,C005589,Mahindra,XUV300,2018,REG-V-014666,1332000.0
V014667,C006412,Toyota,Fortuner,2015,REG-V-014667,965000.0
V014668,C001832,Toyota,Innova,2015,REG-V-014668,1369000.0
V014669,C009269,Toyota,Fortuner,2012,REG-V-014669,1284000.0
V014670,C005755,Mahindra,XUV700,2021,REG-V-014670,742000.0
V014671,C004163,Kia,Sonet,2015,REG-V-014671,469000.0
V014672,C007181,Toyota,Fortuner,2020,REG-V-014672,1976000.0
V014673,C003032,Honda,Amaze,2014,REG-V-014673,537000.0
V014674,C009380,Hyundai,Verna,2012,REG-V-014674,295000.0
V014675,C001694,Toyota,Glanza,2025,REG-V-014675,2585000.0
V014676,C008368,Honda,City,2016,REG-V-014676,660000.0
V014677,C009663,Hyundai,i20,2016,REG-V-014677,681000.0
V014678,C004957,Maruti Suzuki,Ertiga,2016,REG-V-014678,442000.0
V014679,C008816,Volkswagen,Virtus,2017,REG-V-014679,493000.0
V014680,C000740,Maruti Suzuki,Baleno,2012,REG-V-014680,281000.0
V014681,C006252,Tata,Punch,2022,REG-V-014681,569000.0
V014682,C003565,Volkswagen,Polo,2017,REG-V-014682,463000.0
V014683,C003651,Honda,Amaze,2018,REG-V-014683,885000.0
V014684,C004525,Maruti Suzuki,Dzire,2022,REG-V-014684,851000.0
V014685,C006004,Hyundai,Creta,2014,REG-V-014685,341000.0
V014686,C006209,Mahindra,XUV700,2016,REG-V-014686,1137000.0
V014687,C002780,Honda,Civic,2024,REG-V-014687,1333000.0
V014688,C003844,Tata,Nexon,2022,REG-V-014688,786000.0
V014689,C002515,Toyota,Innova,2015,REG-V-014689,1011000.0
V014690,C006367,Kia,Carens,2015,REG-V-014690,370000.0
V014691,C001034,Maruti Suzuki,Brezza,2023,REG-V-014691,695000.0
V014692,C004254,Honda,Amaze,2013,REG-V-014692,344000.0
V014693,C009786,Toyota,Fortuner,2020,REG-V-014693,864000.0
V014694,C009891,Hyundai,Venue,2014,REG-V-014694,451000.0
V014695,C005213,Toyota,Innova,2016,REG-V-014695,1594000.0
V014696,C002496,Volkswagen,Taigun,2016,REG-V-014696,832000.0
V014697,C005883,Volkswagen,Polo,2024,REG-V-014697,1259000.0
V014698,C004922,Honda,Civic,2024,REG-V-014698,1162000.0
V014699,C000444,Toyota,Innova,2013,REG-V-014699,1003000.0
V014700,C009893,Mahindra,Bolero,2016,REG-V-014700,1039000.0
V014701,C003256,Honda,Amaze,2023,REG-V-014701,920000.0
V014702,C004011,Hyundai,Creta,2021,REG-V-014702,899000.0
V014703,C005169,Volkswagen,Polo,2014,REG-V-014703,354000.0
V014704,C008861,Tata,Punch,2025,REG-V-014704,1115000.0
V014705,C008055,Volkswagen,Virtus,2015,REG-V-014705,578000.0
V014706,C002065,Hyundai,Verna,2025,REG-V-014706,1397000.0
V014707,C007216,Maruti Suzuki,Dzire,2017,REG-V-014707,380000.0
V014708,C008794,Volkswagen,Taigun,2020,REG-V-014708,910000.0
V014709,C007189,Maruti Suzuki,Ertiga,2017,REG-V-014709,284000.0
V014710,C001395,Mahindra,XUV300,2024,REG-V-014710,1225000.0
V014711,C005425,Toyota,Glanza,2018,REG-V-014711,1099000.0
V014712,C008423,Volkswagen,Taigun,2025,REG-V-014712,1729000.0
V014713,C001967,Volkswagen,Taigun,2024,REG-V-014713,1296000.0
V014714,C005422,Maruti Suzuki,Ertiga,2018,REG-V-014714,581000.0
V014715,C006744,Tata,Harrier,2022,REG-V-014715,865000.0
V014716,C006402,Honda,Civic,2025,REG-V-014716,1431000.0
V014717,C001072,Toyota,Fortuner,2024,REG-V-014717,1718000.0
V014718,C002771,Kia,Seltos,2023,REG-V-014718,1428000.0
V014719,C005560,Hyundai,Creta,2015,REG-V-014719,455000.0
V014720,C002095,Maruti Suzuki,Ertiga,2022,REG-V-014720,543000.0
V014721,C003320,Maruti Suzuki,Brezza,2014,REG-V-014721,354000.0
V014722,C004171,Toyota,Innova,2013,REG-V-014722,916000.0
V014723,C000138,Hyundai,i10,2021,REG-V-014723,1015000.0
V014724,C005136,Honda,Civic,2021,REG-V-014724,900000.0
V014725,C009951,Kia,Carens,2013,REG-V-014725,490000.0
V014726,C004098,Honda,Amaze,2021,REG-V-014726,807000.0
V014727,C002740,Hyundai,i10,2015,REG-V-014727,596000.0
V014728,C002549,Maruti Suzuki,Swift,2019,REG-V-014728,554000.0
V014729,C005184,Toyota,Glanza,2012,REG-V-014729,1196000.0
V014730,C004584,Volkswagen,Taigun,2022,REG-V-014730,1235000.0
V014731,C008649,Toyota,Innova,2025,REG-V-014731,2556000.0
V014732,C006442,Honda,City,2015,REG-V-014732,594000.0
V014733,C004006,Tata,Harrier,2019,REG-V-014733,835000.0
V014734,C003865,Mahindra,XUV700,2024,REG-V-014734,1511000.0
V014735,C005511,Hyundai,Venue,2025,REG-V-014735,957000.0
V014736,C002551,Toyota,Innova,2021,REG-V-014736,1493000.0
V014737,C004244,Volkswagen,Taigun,2019,REG-V-014737,740000.0
V014738,C002841,Volkswagen,Virtus,2020,REG-V-014738,1295000.0
V014739,C005188,Honda,Amaze,2012,REG-V-014739,558000.0
V014740,C005509,Honda,Civic,2017,REG-V-014740,696000.0
V014741,C008511,Honda,Civic,2014,REG-V-014741,633000.0
V014742,C002529,Honda,Civic,2022,REG-V-014742,1030000.0
V014743,C009095,Kia,Carens,2014,REG-V-014743,749000.0
V014744,C005390,Hyundai,Verna,2021,REG-V-014744,864000.0
V014745,C007324,Hyundai,Venue,2024,REG-V-014745,1272000.0
V014746,C006161,Volkswagen,Virtus,2019,REG-V-014746,1155000.0
V014747,C008339,Maruti Suzuki,Dzire,2016,REG-V-014747,397000.0
V014748,C006680,Mahindra,Bolero,2014,REG-V-014748,460000.0
V014749,C000111,Mahindra,Bolero,2013,REG-V-014749,909000.0
V014750,C003915,Tata,Punch,2019,REG-V-014750,471000.0
V014751,C009409,Hyundai,Verna,2017,REG-V-014751,649000.0
V014752,C004537,Mahindra,XUV700,2024,REG-V-014752,2063000.0
V014753,C008334,Volkswagen,Taigun,2018,REG-V-014753,1018000.0
V014754,C008735,Toyota,Innova,2017,REG-V-014754,1196000.0
V014755,C003305,Volkswagen,Virtus,2023,REG-V-014755,843000.0
V014756,C008621,Kia,Seltos,2018,REG-V-014756,514000.0
V014757,C003783,Kia,Sonet,2019,REG-V-014757,603000.0
V014758,C000271,Honda,Amaze,2016,REG-V-014758,532000.0
V014759,C006984,Toyota,Glanza,2013,REG-V-014759,500000.0
V014760,C008253,Honda,Civic,2017,REG-V-014760,779000.0
V014761,C004540,Hyundai,i10,2024,REG-V-014761,975000.0
V014762,C001730,Kia,Seltos,2020,REG-V-014762,1446000.0
V014763,C006204,Hyundai,i20,2018,REG-V-014763,819000.0
V014764,C007445,Volkswagen,Taigun,2024,REG-V-014764,1834000.0
V014765,C006584,Honda,City,2012,REG-V-014765,373000.0
V014766,C003562,Toyota,Glanza,2015,REG-V-014766,1290000.0
V014767,C003693,Tata,Tiago,2015,REG-V-014767,591000.0
V014768,C005531,Honda,Civic,2014,REG-V-014768,473000.0
V014769,C001938,Kia,Seltos,2025,REG-V-014769,1178000.0
V014770,C008505,Kia,Seltos,2012,REG-V-014770,475000.0
V014771,C001038,Mahindra,Scorpio,2013,REG-V-014771,559000.0
V014772,C004902,Mahindra,XUV300,2016,REG-V-014772,412000.0
V014773,C008632,Maruti Suzuki,Ertiga,2015,REG-V-014773,279000.0
V014774,C005341,Maruti Suzuki,Swift,2015,REG-V-014774,424000.0
V014775,C007680,Kia,Sonet,2022,REG-V-014775,1387000.0
V014776,C002418,Maruti Suzuki,Ertiga,2024,REG-V-014776,802000.0
V014777,C004472,Hyundai,Venue,2019,REG-V-014777,773000.0
V014778,C007179,Tata,Altroz,2012,REG-V-014778,304000.0
V014779,C008942,Hyundai,i10,2016,REG-V-014779,353000.0
V014780,C006475,Mahindra,XUV300,2021,REG-V-014780,1892000.0
V014781,C002446,Tata,Altroz,2014,REG-V-014781,418000.0
V014782,C001452,Toyota,Glanza,2020,REG-V-014782,2321000.0
V014783,C008455,Maruti Suzuki,Baleno,2013,REG-V-014783,310000.0
V014784,C005579,Kia,Seltos,2013,REG-V-014784,424000.0
V014785,C001840,Toyota,Glanza,2016,REG-V-014785,1019000.0
V014786,C004895,Tata,Altroz,2016,REG-V-014786,570000.0
V014787,C001266,Maruti Suzuki,Swift,2021,REG-V-014787,580000.0
V014788,C001056,Honda,City,2023,REG-V-014788,929000.0
V014789,C009237,Kia,Sonet,2018,REG-V-014789,1093000.0
V014790,C005486,Toyota,Fortuner,2021,REG-V-014790,955000.0
V014791,C002510,Toyota,Fortuner,2017,REG-V-014791,767000.0
V014792,C008871,Hyundai,i20,2015,REG-V-014792,480000.0
V014793,C009990,Honda,Civic,2012,REG-V-014793,432000.0
V014794,C008898,Volkswagen,Taigun,2015,REG-V-014794,627000.0
V014795,C007540,Hyundai,Verna,2020,REG-V-014795,969000.0
V014796,C009623,Toyota,Glanza,2017,REG-V-014796,1042000.0
V014797,C001984,Hyundai,Venue,2024,REG-V-014797,891000.0
V014798,C008828,Mahindra,XUV300,2015,REG-V-014798,1081000.0
V014799,C003591,Maruti Suzuki,Ertiga,2018,REG-V-014799,376000.0
V014800,C000334,Toyota,Glanza,2024,REG-V-014800,2291000.0
V014801,C000334,Mahindra,Scorpio,2016,REG-V-014801,723000.0
V014802,C001887,Tata,Tiago,2012,REG-V-014802,382000.0
V014803,C007868,Tata,Punch,2014,REG-V-014803,445000.0
V014804,C009016,Honda,Civic,2016,REG-V-014804,419000.0
V014805,C001279,Hyundai,i10,2023,REG-V-014805,848000.0
V014806,C008498,Maruti Suzuki,Swift,2022,REG-V-014806,802000.0
V014807,C007622,Tata,Altroz,2024,REG-V-014807,1243000.0
V014808,C000538,Hyundai,Verna,2017,REG-V-014808,692000.0
V014809,C007374,Mahindra,Scorpio,2023,REG-V-014809,1587000.0
V014810,C000395,Maruti Suzuki,Swift,2012,REG-V-014810,306000.0
V014811,C002640,Kia,Seltos,2019,REG-V-014811,954000.0
V014812,C005354,Volkswagen,Taigun,2012,REG-V-014812,583000.0
V014813,C009143,Kia,Carens,2014,REG-V-014813,654000.0
V014814,C001058,Maruti Suzuki,Baleno,2022,REG-V-014814,709000.0
V014815,C003480,Maruti Suzuki,Dzire,2015,REG-V-014815,314000.0
V014816,C005815,Mahindra,Bolero,2017,REG-V-014816,502000.0
V014817,C007463,Mahindra,Scorpio,2021,REG-V-014817,723000.0
V014818,C009192,Kia,Sonet,2012,REG-V-014818,392000.0
V014819,C004729,Mahindra,Scorpio,2018,REG-V-014819,1386000.0
V014820,C008447,Toyota,Fortuner,2012,REG-V-014820,1132000.0
V014821,C006218,Volkswagen,Taigun,2016,REG-V-014821,509000.0
V014822,C002049,Honda,Civic,2013,REG-V-014822,370000.0
V014823,C005839,Honda,City,2017,REG-V-014823,631000.0
V014824,C003120,Toyota,Innova,2019,REG-V-014824,2147000.0
V014825,C007086,Volkswagen,Polo,2021,REG-V-014825,822000.0
V014826,C002836,Volkswagen,Polo,2018,REG-V-014826,997000.0
V014827,C002641,Mahindra,Bolero,2023,REG-V-014827,1884000.0
V014828,C009469,Kia,Seltos,2012,REG-V-014828,541000.0
V014829,C009137,Kia,Sonet,2015,REG-V-014829,846000.0
V014830,C004541,Volkswagen,Virtus,2015,REG-V-014830,693000.0
V014831,C007719,Hyundai,Creta,2022,REG-V-014831,756000.0
V014832,C009817,Mahindra,XUV700,2022,REG-V-014832,742000.0
V014833,C000898,Toyota,Glanza,2017,REG-V-014833,1576000.0
V014834,C006104,Honda,Civic,2013,REG-V-014834,619000.0
V014835,C002552,Tata,Altroz,2012,REG-V-014835,353000.0
V014836,C008064,Tata,Punch,2016,REG-V-014836,588000.0
V014837,C001025,Tata,Nexon,2015,REG-V-014837,610000.0
V014838,C007955,Mahindra,XUV300,2015,REG-V-014838,461000.0
V014839,C002014,Volkswagen,Taigun,2018,REG-V-014839,970000.0
V014840,C004584,Mahindra,XUV700,2020,REG-V-014840,920000.0
V014841,C008185,Kia,Carens,2012,REG-V-014841,435000.0
V014842,C000699,Honda,City,2020,REG-V-014842,1195000.0
V014843,C009311,Mahindra,XUV300,2024,REG-V-014843,1253000.0
V014844,C002194,Mahindra,Scorpio,2015,REG-V-014844,979000.0
V014845,C005056,Volkswagen,Taigun,2016,REG-V-014845,917000.0
V014846,C007403,Kia,Carens,2017,REG-V-014846,848000.0
V014847,C001234,Honda,Amaze,2022,REG-V-014847,1128000.0
V014848,C006133,Tata,Altroz,2025,REG-V-014848,1628000.0
V014849,C005188,Tata,Harrier,2016,REG-V-014849,721000.0
V014850,C005900,Hyundai,Creta,2023,REG-V-014850,1008000.0
V014851,C006672,Honda,Amaze,2021,REG-V-014851,892000.0
V014852,C004224,Hyundai,i10,2012,REG-V-014852,383000.0
V014853,C002977,Volkswagen,Polo,2016,REG-V-014853,539000.0
V014854,C001840,Toyota,Innova,2024,REG-V-014854,1353000.0
V014855,C009415,Kia,Sonet,2025,REG-V-014855,1550000.0
V014856,C004031,Hyundai,Verna,2016,REG-V-014856,357000.0
V014857,C002811,Kia,Sonet,2024,REG-V-014857,1044000.0
V014858,C000542,Toyota,Innova,2025,REG-V-014858,3071000.0
V014859,C007575,Kia,Sonet,2021,REG-V-014859,1356000.0
V014860,C005321,Volkswagen,Taigun,2018,REG-V-014860,1151000.0
V014861,C001920,Mahindra,Bolero,2022,REG-V-014861,848000.0
V014862,C008987,Hyundai,i20,2013,REG-V-014862,357000.0
V014863,C009373,Volkswagen,Polo,2015,REG-V-014863,562000.0
V014864,C008865,Toyota,Innova,2017,REG-V-014864,1170000.0
V014865,C005648,Hyundai,Venue,2021,REG-V-014865,781000.0
V014866,C003745,Volkswagen,Polo,2024,REG-V-014866,1713000.0
V014867,C001615,Mahindra,Scorpio,2012,REG-V-014867,879000.0
V014868,C003781,Maruti Suzuki,Ertiga,2014,REG-V-014868,187000.0
V014869,C006166,Kia,Carens,2020,REG-V-014869,758000.0
V014870,C002290,Mahindra,XUV300,2016,REG-V-014870,1043000.0
V014871,C004675,Volkswagen,Polo,2016,REG-V-014871,653000.0
V014872,C005773,Mahindra,Bolero,2023,REG-V-014872,1772000.0
V014873,C007375,Tata,Tiago,2012,REG-V-014873,354000.0
V014874,C000919,Kia,Seltos,2018,REG-V-014874,1188000.0
V014875,C008712,Tata,Nexon,2013,REG-V-014875,452000.0
V014876,C004585,Honda,City,2016,REG-V-014876,447000.0
V014877,C005868,Volkswagen,Polo,2013,REG-V-014877,681000.0
V014878,C009423,Honda,City,2020,REG-V-014878,803000.0
V014879,C001678,Hyundai,i20,2017,REG-V-014879,436000.0
V014880,C008900,Toyota,Innova,2012,REG-V-014880,450000.0
V014881,C008105,Kia,Carens,2020,REG-V-014881,1065000.0
V014882,C009945,Volkswagen,Virtus,2015,REG-V-014882,452000.0
V014883,C003947,Honda,City,2015,REG-V-014883,594000.0
V014884,C001269,Tata,Nexon,2024,REG-V-014884,773000.0
V014885,C000143,Volkswagen,Virtus,2019,REG-V-014885,881000.0
V014886,C007989,Toyota,Glanza,2013,REG-V-014886,562000.0
V014887,C001370,Volkswagen,Virtus,2018,REG-V-014887,900000.0
V014888,C003045,Toyota,Fortuner,2023,REG-V-014888,1420000.0
V014889,C009876,Tata,Harrier,2025,REG-V-014889,811000.0
V014890,C004443,Honda,City,2021,REG-V-014890,879000.0
V014891,C002334,Hyundai,Verna,2025,REG-V-014891,866000.0
V014892,C007600,Honda,Civic,2014,REG-V-014892,487000.0
V014893,C002717,Hyundai,Creta,2018,REG-V-014893,703000.0
V014894,C005355,Mahindra,Scorpio,2023,REG-V-014894,963000.0
V014895,C001570,Hyundai,i10,2014,REG-V-014895,450000.0
V014896,C004637,Toyota,Innova,2025,REG-V-014896,2410000.0
V014897,C001089,Mahindra,XUV300,2012,REG-V-014897,867000.0
V014898,C007801,Tata,Nexon,2025,REG-V-014898,780000.0
V014899,C003660,Hyundai,Venue,2021,REG-V-014899,740000.0
V014900,C003172,Volkswagen,Taigun,2021,REG-V-014900,741000.0
V014901,C009944,Honda,City,2025,REG-V-014901,1268000.0
V014902,C008343,Mahindra,XUV300,2021,REG-V-014902,1414000.0
V014903,C005578,Tata,Tiago,2018,REG-V-014903,755000.0
V014904,C009459,Maruti Suzuki,Ertiga,2018,REG-V-014904,591000.0
V014905,C002124,Hyundai,i10,2019,REG-V-014905,892000.0
V014906,C005777,Tata,Harrier,2020,REG-V-014906,636000.0
V014907,C009323,Maruti Suzuki,Swift,2021,REG-V-014907,636000.0
V014908,C005746,Hyundai,Venue,2018,REG-V-014908,459000.0
V014909,C003061,Mahindra,XUV300,2015,REG-V-014909,1080000.0
V014910,C008162,Toyota,Fortuner,2015,REG-V-014910,663000.0
V014911,C001391,Kia,Carens,2020,REG-V-014911,788000.0
V014912,C001510,Kia,Seltos,2016,REG-V-014912,591000.0
V014913,C007370,Maruti Suzuki,Ertiga,2013,REG-V-014913,191000.0
V014914,C000717,Hyundai,i20,2023,REG-V-014914,593000.0
V014915,C000520,Kia,Sonet,2025,REG-V-014915,1370000.0
V014916,C003801,Tata,Harrier,2012,REG-V-014916,280000.0
V014917,C003997,Mahindra,Bolero,2022,REG-V-014917,1370000.0
V014918,C004736,Honda,Amaze,2012,REG-V-014918,640000.0
V014919,C007469,Kia,Sonet,2017,REG-V-014919,1024000.0
V014920,C005740,Honda,Amaze,2012,REG-V-014920,471000.0
V014921,C007183,Kia,Sonet,2012,REG-V-014921,433000.0
V014922,C000517,Tata,Harrier,2014,REG-V-014922,507000.0
V014923,C003143,Tata,Altroz,2024,REG-V-014923,641000.0
V014924,C009661,Honda,Amaze,2014,REG-V-014924,456000.0
V014925,C004301,Mahindra,XUV700,2014,REG-V-014925,368000.0
V014926,C002248,Mahindra,XUV700,2017,REG-V-014926,1306000.0
V014927,C009927,Mahindra,Scorpio,2016,REG-V-014927,662000.0
V014928,C004128,Kia,Carens,2021,REG-V-014928,1178000.0
V014929,C004828,Tata,Harrier,2016,REG-V-014929,298000.0
V014930,C002261,Hyundai,Creta,2013,REG-V-014930,483000.0
V014931,C006601,Volkswagen,Taigun,2024,REG-V-014931,1084000.0
V014932,C002082,Tata,Tiago,2017,REG-V-014932,521000.0
V014933,C006144,Toyota,Fortuner,2024,REG-V-014933,2514000.0
V014934,C007639,Honda,Amaze,2013,REG-V-014934,575000.0
V014935,C006561,Volkswagen,Taigun,2016,REG-V-014935,759000.0
V014936,C000913,Volkswagen,Virtus,2020,REG-V-014936,1070000.0
V014937,C000806,Honda,City,2016,REG-V-014937,806000.0
V014938,C008462,Tata,Altroz,2024,REG-V-014938,1553000.0
V014939,C009093,Toyota,Glanza,2025,REG-V-014939,3175000.0
V014940,C001362,Hyundai,Creta,2020,REG-V-014940,527000.0
V014941,C003765,Maruti Suzuki,Swift,2022,REG-V-014941,698000.0
V014942,C006577,Toyota,Fortuner,2016,REG-V-014942,1635000.0
V014943,C008392,Volkswagen,Polo,2015,REG-V-014943,531000.0
V014944,C009140,Hyundai,Venue,2018,REG-V-014944,627000.0
V014945,C007029,Maruti Suzuki,Ertiga,2016,REG-V-014945,365000.0
V014946,C001464,Hyundai,i20,2019,REG-V-014946,931000.0
V014947,C007751,Hyundai,i10,2025,REG-V-014947,1406000.0
V014948,C008628,Volkswagen,Virtus,2013,REG-V-014948,527000.0
V014949,C003517,Hyundai,i10,2017,REG-V-014949,770000.0
V014950,C004984,Kia,Carens,2012,REG-V-014950,506000.0
V014951,C001663,Maruti Suzuki,Swift,2016,REG-V-014951,376000.0
V014952,C003033,Maruti Suzuki,Baleno,2025,REG-V-014952,901000.0
V014953,C008743,Tata,Harrier,2019,REG-V-014953,835000.0
V014954,C000899,Kia,Seltos,2013,REG-V-014954,600000.0
V014955,C007696,Kia,Seltos,2020,REG-V-014955,923000.0
V014956,C000986,Tata,Altroz,2025,REG-V-014956,712000.0
V014957,C002911,Volkswagen,Taigun,2015,REG-V-014957,583000.0
V014958,C005872,Tata,Harrier,2024,REG-V-014958,983000.0
V014959,C000032,Mahindra,Bolero,2018,REG-V-014959,716000.0
V014960,C006800,Volkswagen,Virtus,2016,REG-V-014960,733000.0
V014961,C003146,Maruti Suzuki,Baleno,2021,REG-V-014961,673000.0
V014962,C007549,Honda,City,2024,REG-V-014962,1136000.0
V014963,C009754,Honda,City,2020,REG-V-014963,1003000.0
V014964,C004186,Mahindra,XUV300,2022,REG-V-014964,2095000.0
V014965,C000314,Mahindra,XUV700,2015,REG-V-014965,560000.0
V014966,C008534,Kia,Carens,2015,REG-V-014966,725000.0
V014967,C002744,Honda,City,2016,REG-V-014967,595000.0
V014968,C001478,Maruti Suzuki,Swift,2017,REG-V-014968,260000.0
V014969,C008848,Mahindra,Scorpio,2014,REG-V-014969,669000.0
V014970,C002349,Tata,Altroz,2018,REG-V-014970,446000.0
V014971,C006096,Volkswagen,Taigun,2016,REG-V-014971,834000.0
V014972,C002556,Volkswagen,Virtus,2014,REG-V-014972,547000.0
V014973,C007172,Maruti Suzuki,Swift,2015,REG-V-014973,405000.0
V014974,C006527,Honda,Civic,2013,REG-V-014974,644000.0
V014975,C005127,Kia,Sonet,2015,REG-V-014975,609000.0
V014976,C005586,Toyota,Fortuner,2019,REG-V-014976,1741000.0
V014977,C002294,Tata,Nexon,2020,REG-V-014977,1008000.0
V014978,C000233,Hyundai,Verna,2022,REG-V-014978,936000.0
V014979,C008069,Kia,Carens,2025,REG-V-014979,1959000.0
V014980,C008951,Maruti Suzuki,Ertiga,2018,REG-V-014980,587000.0
V014981,C007851,Kia,Sonet,2022,REG-V-014981,1700000.0
V014982,C007126,Kia,Sonet,2024,REG-V-014982,904000.0
V014983,C004760,Hyundai,Verna,2014,REG-V-014983,336000.0
V014984,C005888,Honda,City,2021,REG-V-014984,967000.0
V014985,C006951,Mahindra,Bolero,2013,REG-V-014985,862000.0
V014986,C000277,Kia,Seltos,2018,REG-V-014986,825000.0
V014987,C004255,Kia,Sonet,2021,REG-V-014987,1546000.0
V014988,C002272,Mahindra,Scorpio,2015,REG-V-014988,570000.0
V014989,C003651,Volkswagen,Virtus,2020,REG-V-014989,641000.0
V014990,C007555,Honda,Civic,2013,REG-V-014990,527000.0
V014991,C003642,Honda,Amaze,2021,REG-V-014991,1198000.0
V014992,C007454,Toyota,Glanza,2016,REG-V-014992,1221000.0
V014993,C009714,Toyota,Fortuner,2020,REG-V-014993,2485000.0
V014994,C009268,Volkswagen,Polo,2021,REG-V-014994,984000.0
V014995,C008329,Mahindra,XUV300,2023,REG-V-014995,1592000.0
V014996,C008571,Tata,Punch,2025,REG-V-014996,1257000.0
V014997,C003953,Tata,Harrier,2014,REG-V-014997,542000.0
V014998,C007376,Maruti Suzuki,Swift,2013,REG-V-014998,194000.0
V014999,C006715,Honda,City,2018,REG-V-014999,1004000.0
V015000,C009824,Mahindra,Bolero,2012,REG-V-015000,766000.0
